Some weights of SegformerForSemanticSegmentation were not initialized from the model checkpoint at nvidia/segformer-b2-finetuned-ade-512-512 and are newly initialized because the shapes did not match:
- decode_head.classifier.weight: found shape torch.Size([150, 768, 1, 1]) in the checkpoint and torch.Size([3, 768, 1, 1]) in the model instantiated
- decode_head.classifier.bias: found shape torch.Size([150]) in the checkpoint and torch.Size([3]) in the model instantiated
You should probably TRAIN this model on a down-stream task to be able to use it for predictions and inference.
[train] cuDNN warmup OK
[train] full_method (difficulty_sampling_D0v2)
[train] device=cuda  torch=2.6.0+cu124  transformers=4.57.6
[train] cfg: pretrained=nvidia/segformer-b2-finetuned-ade-512-512 img=512 bs=4 grad_accum=1 epochs=100 lr=6e-05 warmup=5
[train] difficulty: alpha=1.0 beta=0.5 gamma=0.3 delta=0.3 ema=0.9 tau=0.5
[train] bonuses: spalling=0.3 late_hard_crack=0.4
[train] ablation switches: dynamic_difficulty=True class_sampling_bonus=False class_loss_schedule=False boundary_loss=False tversky_loss=False
[train] new switches: soft_curriculum=False softmax_sampling=True dynamic_loss_reweight=False (lambda=0.5) soft_boundary=False (start=0.6 max=0.1)
[train] cldice: use=False weight=0.15 start_epoch=40 iters=7
[train] no_curriculum=True
[train] competence: hard=False soft=False c0=0.333 duration=70 floors=[0.05,0.02,0.0]
[train] sizes: train=1200 val=150 test=150
[train] building records (scanning masks for has_spalling) ...
[train] records: {0: 400, 1: 400, 2: 400}  has_spalling=292/1200
[train] raw pixel frequency: {'background': 0.952165391031901, 'crack': 0.03423014119466146, 'spalling': 0.0136044677734375}
[train] clipped weights    : {'background': 0.25, 'crack': 1.080772481700143, 'spalling': 1.7143055384148256}
[train] running OOM probe ...
[train] OOM probe OK
[train] mixed precision (AMP) enabled
[train] viz samples (6):
    Hard/H (99).jpg
    Hard/H (365).jpg
    Medium/M (127).jpg
    Medium/M (422).jpg
    Hard/H (431).jpg
    Hard/H (476).jpg
[difficulty_sampling_D0v2] [curriculum] epoch 1: stage=0 tiers=[0] pool={0: 400, 1: 0, 2: 0}
  [difficulty_sampling_D0v2] [epoch 1/100] batch 30/300 (10%) loss=0.9867 elapsed=18s eta=164s
  [difficulty_sampling_D0v2] [epoch 1/100] batch 60/300 (20%) loss=0.9877 elapsed=36s eta=143s
  [difficulty_sampling_D0v2] [epoch 1/100] batch 90/300 (30%) loss=0.9870 elapsed=52s eta=122s
  [difficulty_sampling_D0v2] [epoch 1/100] batch 120/300 (40%) loss=0.9855 elapsed=68s eta=102s
  [difficulty_sampling_D0v2] [epoch 1/100] batch 150/300 (50%) loss=0.9851 elapsed=84s eta=84s
  [difficulty_sampling_D0v2] [epoch 1/100] batch 180/300 (60%) loss=0.9845 elapsed=101s eta=68s
  [difficulty_sampling_D0v2] [epoch 1/100] batch 210/300 (70%) loss=0.9832 elapsed=118s eta=51s
  [difficulty_sampling_D0v2] [epoch 1/100] batch 240/300 (80%) loss=0.9827 elapsed=135s eta=34s
  [difficulty_sampling_D0v2] [epoch 1/100] batch 270/300 (90%) loss=0.9817 elapsed=151s eta=17s
  [difficulty_sampling_D0v2] [epoch 1/100] batch 300/300 (100%) loss=0.9809 elapsed=167s eta=0s
[difficulty_sampling_D0v2] [sampler] sampled: {0: 400, 1: 400, 2: 400} total=1200 spalling_ratio=24.33%
[difficulty_sampling_D0v2] [sampler] unique: {0: 400, 1: 400, 2: 400} unique_total=1200 dup_ratio=1.00x
  difficulty: mean=-0.000 std=1.007
[difficulty_sampling_D0v2] [epoch 001/100] remain=99 epochs ep_eta=294.2min (avg 178s/ep)
[difficulty_sampling_D0v2] [epoch 001/100] lr=0.000012  dt=178.3s
  train loss=0.9809  ce=1.0164 dice=0.9454  tversky=0.0000 bd=0.0000  cldice=0.0000
  val   loss=0.9584
  IoU   bg=0.7493  crack=0.0519  spalling=0.0191  | mIoU_fg=0.0355  pix_acc=0.7468
  Dice  bg=0.8567  crack=0.0988  spalling=0.0375
  BF1   crack=0.0830  spalling=0.0348  | BF1_fg_mean=0.0589
  [difficulty_sampling_D0v2] [best] mIoU_fg=0.0355  saved -> best.pt
[difficulty_sampling_D0v2] [curriculum] epoch 2: stage=0 tiers=[0] pool={0: 400, 1: 0, 2: 0}
  [difficulty_sampling_D0v2] [epoch 2/100] batch 30/300 (10%) loss=0.9520 elapsed=19s eta=167s
  [difficulty_sampling_D0v2] [epoch 2/100] batch 60/300 (20%) loss=0.9350 elapsed=36s eta=146s
  [difficulty_sampling_D0v2] [epoch 2/100] batch 90/300 (30%) loss=0.9188 elapsed=55s eta=128s
  [difficulty_sampling_D0v2] [epoch 2/100] batch 120/300 (40%) loss=0.9025 elapsed=72s eta=108s
  [difficulty_sampling_D0v2] [epoch 2/100] batch 150/300 (50%) loss=0.8855 elapsed=89s eta=89s
  [difficulty_sampling_D0v2] [epoch 2/100] batch 180/300 (60%) loss=0.8684 elapsed=106s eta=71s
  [difficulty_sampling_D0v2] [epoch 2/100] batch 210/300 (70%) loss=0.8523 elapsed=124s eta=53s
  [difficulty_sampling_D0v2] [epoch 2/100] batch 240/300 (80%) loss=0.8370 elapsed=142s eta=35s
  [difficulty_sampling_D0v2] [epoch 2/100] batch 270/300 (90%) loss=0.8229 elapsed=160s eta=18s
  [difficulty_sampling_D0v2] [epoch 2/100] batch 300/300 (100%) loss=0.8092 elapsed=177s eta=0s
[difficulty_sampling_D0v2] [sampler] sampled: {0: 400, 1: 400, 2: 400} total=1200 spalling_ratio=24.33%
[difficulty_sampling_D0v2] [sampler] unique: {0: 400, 1: 400, 2: 400} unique_total=1200 dup_ratio=1.00x
  difficulty: mean=0.000 std=1.118
[difficulty_sampling_D0v2] [epoch 002/100] remain=98 epochs ep_eta=293.2min (avg 180s/ep)
[difficulty_sampling_D0v2] [epoch 002/100] lr=0.000024  dt=176.9s
  train loss=0.8092  ce=0.7234 dice=0.8950  tversky=0.0000 bd=0.0000  cldice=0.0000
  val   skipped (next val at epoch 5)
[difficulty_sampling_D0v2] [curriculum] epoch 3: stage=0 tiers=[0] pool={0: 400, 1: 0, 2: 0}
  [difficulty_sampling_D0v2] [epoch 3/100] batch 30/300 (10%) loss=0.6673 elapsed=19s eta=172s
  [difficulty_sampling_D0v2] [epoch 3/100] batch 60/300 (20%) loss=0.6503 elapsed=37s eta=146s
  [difficulty_sampling_D0v2] [epoch 3/100] batch 90/300 (30%) loss=0.6304 elapsed=53s eta=124s
  [difficulty_sampling_D0v2] [epoch 3/100] batch 120/300 (40%) loss=0.6169 elapsed=69s eta=104s
  [difficulty_sampling_D0v2] [epoch 3/100] batch 150/300 (50%) loss=0.6026 elapsed=92s eta=92s
  [difficulty_sampling_D0v2] [epoch 3/100] batch 180/300 (60%) loss=0.5904 elapsed=116s eta=77s
  [difficulty_sampling_D0v2] [epoch 3/100] batch 210/300 (70%) loss=0.5783 elapsed=134s eta=57s
  [difficulty_sampling_D0v2] [epoch 3/100] batch 240/300 (80%) loss=0.5666 elapsed=149s eta=37s
  [difficulty_sampling_D0v2] [epoch 3/100] batch 270/300 (90%) loss=0.5574 elapsed=171s eta=19s
  [difficulty_sampling_D0v2] [epoch 3/100] batch 300/300 (100%) loss=0.5487 elapsed=194s eta=0s
[difficulty_sampling_D0v2] [sampler] sampled: {0: 400, 1: 400, 2: 400} total=1200 spalling_ratio=24.33%
[difficulty_sampling_D0v2] [sampler] unique: {0: 400, 1: 400, 2: 400} unique_total=1200 dup_ratio=1.00x
  difficulty: mean=0.000 std=1.127
[difficulty_sampling_D0v2] [epoch 003/100] remain=97 epochs ep_eta=298.7min (avg 185s/ep)
[difficulty_sampling_D0v2] [epoch 003/100] lr=0.000036  dt=194.1s
  train loss=0.5487  ce=0.3437 dice=0.7538  tversky=0.0000 bd=0.0000  cldice=0.0000
  val   skipped (next val at epoch 5)
[difficulty_sampling_D0v2] [curriculum] epoch 4: stage=0 tiers=[0] pool={0: 400, 1: 0, 2: 0}
  [difficulty_sampling_D0v2] [epoch 4/100] batch 30/300 (10%) loss=0.4511 elapsed=16s eta=145s
  [difficulty_sampling_D0v2] [epoch 4/100] batch 60/300 (20%) loss=0.4486 elapsed=32s eta=127s
  [difficulty_sampling_D0v2] [epoch 4/100] batch 90/300 (30%) loss=0.4440 elapsed=48s eta=112s
  [difficulty_sampling_D0v2] [epoch 4/100] batch 120/300 (40%) loss=0.4360 elapsed=64s eta=96s
  [difficulty_sampling_D0v2] [epoch 4/100] batch 150/300 (50%) loss=0.4310 elapsed=79s eta=79s
  [difficulty_sampling_D0v2] [epoch 4/100] batch 180/300 (60%) loss=0.4211 elapsed=94s eta=63s
  [difficulty_sampling_D0v2] [epoch 4/100] batch 210/300 (70%) loss=0.4119 elapsed=109s eta=47s
  [difficulty_sampling_D0v2] [epoch 4/100] batch 240/300 (80%) loss=0.4050 elapsed=124s eta=31s
  [difficulty_sampling_D0v2] [epoch 4/100] batch 270/300 (90%) loss=0.4007 elapsed=139s eta=15s
  [difficulty_sampling_D0v2] [epoch 4/100] batch 300/300 (100%) loss=0.3968 elapsed=154s eta=0s
[difficulty_sampling_D0v2] [sampler] sampled: {0: 400, 1: 400, 2: 400} total=1200 spalling_ratio=24.33%
[difficulty_sampling_D0v2] [sampler] unique: {0: 400, 1: 400, 2: 400} unique_total=1200 dup_ratio=1.00x
  difficulty: mean=0.000 std=1.132
[difficulty_sampling_D0v2] [epoch 004/100] remain=96 epochs ep_eta=284.1min (avg 178s/ep)
[difficulty_sampling_D0v2] [epoch 004/100] lr=0.000048  dt=154.7s
  train loss=0.3968  ce=0.2001 dice=0.5934  tversky=0.0000 bd=0.0000  cldice=0.0000
  val   skipped (next val at epoch 5)
[difficulty_sampling_D0v2] [curriculum] epoch 5: stage=0 tiers=[0] pool={0: 400, 1: 0, 2: 0}
  [difficulty_sampling_D0v2] [epoch 5/100] batch 30/300 (10%) loss=0.3418 elapsed=15s eta=138s
  [difficulty_sampling_D0v2] [epoch 5/100] batch 60/300 (20%) loss=0.3387 elapsed=31s eta=123s
  [difficulty_sampling_D0v2] [epoch 5/100] batch 90/300 (30%) loss=0.3357 elapsed=46s eta=108s
  [difficulty_sampling_D0v2] [epoch 5/100] batch 120/300 (40%) loss=0.3282 elapsed=62s eta=93s
  [difficulty_sampling_D0v2] [epoch 5/100] batch 150/300 (50%) loss=0.3248 elapsed=78s eta=78s
  [difficulty_sampling_D0v2] [epoch 5/100] batch 180/300 (60%) loss=0.3210 elapsed=93s eta=62s
  [difficulty_sampling_D0v2] [epoch 5/100] batch 210/300 (70%) loss=0.3197 elapsed=109s eta=47s
  [difficulty_sampling_D0v2] [epoch 5/100] batch 240/300 (80%) loss=0.3155 elapsed=124s eta=31s
  [difficulty_sampling_D0v2] [epoch 5/100] batch 270/300 (90%) loss=0.3142 elapsed=140s eta=16s
  [difficulty_sampling_D0v2] [epoch 5/100] batch 300/300 (100%) loss=0.3125 elapsed=155s eta=0s
[difficulty_sampling_D0v2] [sampler] sampled: {0: 400, 1: 400, 2: 400} total=1200 spalling_ratio=24.33%
[difficulty_sampling_D0v2] [sampler] unique: {0: 400, 1: 400, 2: 400} unique_total=1200 dup_ratio=1.00x
  difficulty: mean=0.000 std=1.166
/usr/local/lib/python3.11/dist-packages/torch/optim/lr_scheduler.py:243: UserWarning: The epoch parameter in `scheduler.step()` was not necessary and is being deprecated where possible. Please use `scheduler.step()` to step the scheduler. During the deprecation, if epoch is different from None, the closed form is used instead of the new chainable form, where available. Please open an issue if you are unable to replicate your use case: https://github.com/pytorch/pytorch/issues/new/choose.
  warnings.warn(EPOCH_DEPRECATION_WARNING, UserWarning)
[difficulty_sampling_D0v2] [epoch 005/100] remain=95 epochs ep_eta=277.8min (avg 175s/ep)
[difficulty_sampling_D0v2] [epoch 005/100] lr=0.000060  dt=165.5s
  train loss=0.3125  ce=0.1578 dice=0.4671  tversky=0.0000 bd=0.0000  cldice=0.0000
  val   loss=0.3091
  IoU   bg=0.9651  crack=0.4916  spalling=0.6373  | mIoU_fg=0.5644  pix_acc=0.9659
  Dice  bg=0.9822  crack=0.6592  spalling=0.7785
  BF1   crack=0.6068  spalling=0.4063  | BF1_fg_mean=0.5066
  [difficulty_sampling_D0v2] [best] mIoU_fg=0.5644  saved -> best.pt
[difficulty_sampling_D0v2] [curriculum] epoch 6: stage=0 tiers=[0] pool={0: 400, 1: 0, 2: 0}
  [difficulty_sampling_D0v2] [epoch 6/100] batch 30/300 (10%) loss=0.3987 elapsed=17s eta=155s
  [difficulty_sampling_D0v2] [epoch 6/100] batch 60/300 (20%) loss=0.3576 elapsed=34s eta=135s
  [difficulty_sampling_D0v2] [epoch 6/100] batch 90/300 (30%) loss=0.3431 elapsed=51s eta=118s
  [difficulty_sampling_D0v2] [epoch 6/100] batch 120/300 (40%) loss=0.3334 elapsed=66s eta=99s
  [difficulty_sampling_D0v2] [epoch 6/100] batch 150/300 (50%) loss=0.3211 elapsed=83s eta=83s
  [difficulty_sampling_D0v2] [epoch 6/100] batch 180/300 (60%) loss=0.3122 elapsed=100s eta=66s
  [difficulty_sampling_D0v2] [epoch 6/100] batch 210/300 (70%) loss=0.3048 elapsed=116s eta=50s
  [difficulty_sampling_D0v2] [epoch 6/100] batch 240/300 (80%) loss=0.2968 elapsed=132s eta=33s
  [difficulty_sampling_D0v2] [epoch 6/100] batch 270/300 (90%) loss=0.2879 elapsed=148s eta=16s
  [difficulty_sampling_D0v2] [epoch 6/100] batch 300/300 (100%) loss=0.2772 elapsed=163s eta=0s
[difficulty_sampling_D0v2] [sampler] sampled: {0: 400, 1: 400, 2: 400} total=1200 spalling_ratio=24.33%
[difficulty_sampling_D0v2] [sampler] unique: {0: 400, 1: 400, 2: 400} unique_total=1200 dup_ratio=1.00x
  difficulty: mean=0.000 std=1.185
[difficulty_sampling_D0v2] [epoch 006/100] remain=94 epochs ep_eta=272.6min (avg 174s/ep)
[difficulty_sampling_D0v2] [epoch 006/100] lr=0.000060  dt=163.2s
  train loss=0.2772  ce=0.1524 dice=0.4021  tversky=0.0000 bd=0.0000  cldice=0.0000
  val   skipped (next val at epoch 10)
[difficulty_sampling_D0v2] [curriculum] epoch 7: stage=0 tiers=[0] pool={0: 400, 1: 0, 2: 0}
  [difficulty_sampling_D0v2] [epoch 7/100] batch 30/300 (10%) loss=0.4222 elapsed=18s eta=161s
  [difficulty_sampling_D0v2] [epoch 7/100] batch 60/300 (20%) loss=0.3769 elapsed=35s eta=140s
  [difficulty_sampling_D0v2] [epoch 7/100] batch 90/300 (30%) loss=0.3546 elapsed=52s eta=121s
  [difficulty_sampling_D0v2] [epoch 7/100] batch 120/300 (40%) loss=0.3275 elapsed=69s eta=104s
  [difficulty_sampling_D0v2] [epoch 7/100] batch 150/300 (50%) loss=0.3158 elapsed=86s eta=86s
  [difficulty_sampling_D0v2] [epoch 7/100] batch 180/300 (60%) loss=0.3042 elapsed=102s eta=68s
  [difficulty_sampling_D0v2] [epoch 7/100] batch 210/300 (70%) loss=0.2923 elapsed=119s eta=51s
  [difficulty_sampling_D0v2] [epoch 7/100] batch 240/300 (80%) loss=0.2818 elapsed=136s eta=34s
  [difficulty_sampling_D0v2] [epoch 7/100] batch 270/300 (90%) loss=0.2716 elapsed=150s eta=17s
  [difficulty_sampling_D0v2] [epoch 7/100] batch 300/300 (100%) loss=0.2599 elapsed=166s eta=0s
[difficulty_sampling_D0v2] [sampler] sampled: {0: 400, 1: 400, 2: 400} total=1200 spalling_ratio=24.33%
[difficulty_sampling_D0v2] [sampler] unique: {0: 400, 1: 400, 2: 400} unique_total=1200 dup_ratio=1.00x
  difficulty: mean=0.000 std=1.199
[difficulty_sampling_D0v2] [epoch 007/100] remain=93 epochs ep_eta=268.3min (avg 173s/ep)
[difficulty_sampling_D0v2] [epoch 007/100] lr=0.000060  dt=166.1s
  train loss=0.2599  ce=0.1496 dice=0.3702  tversky=0.0000 bd=0.0000  cldice=0.0000
  val   skipped (next val at epoch 10)
[difficulty_sampling_D0v2] [curriculum] epoch 8: stage=0 tiers=[0] pool={0: 400, 1: 0, 2: 0}
  [difficulty_sampling_D0v2] [epoch 8/100] batch 30/300 (10%) loss=0.3672 elapsed=17s eta=153s
  [difficulty_sampling_D0v2] [epoch 8/100] batch 60/300 (20%) loss=0.3324 elapsed=33s eta=133s
  [difficulty_sampling_D0v2] [epoch 8/100] batch 90/300 (30%) loss=0.3114 elapsed=50s eta=116s
  [difficulty_sampling_D0v2] [epoch 8/100] batch 120/300 (40%) loss=0.2981 elapsed=65s eta=98s
  [difficulty_sampling_D0v2] [epoch 8/100] batch 150/300 (50%) loss=0.2824 elapsed=80s eta=80s
  [difficulty_sampling_D0v2] [epoch 8/100] batch 180/300 (60%) loss=0.2721 elapsed=95s eta=63s
  [difficulty_sampling_D0v2] [epoch 8/100] batch 210/300 (70%) loss=0.2617 elapsed=111s eta=48s
  [difficulty_sampling_D0v2] [epoch 8/100] batch 240/300 (80%) loss=0.2542 elapsed=127s eta=32s
  [difficulty_sampling_D0v2] [epoch 8/100] batch 270/300 (90%) loss=0.2447 elapsed=143s eta=16s
  [difficulty_sampling_D0v2] [epoch 8/100] batch 300/300 (100%) loss=0.2338 elapsed=158s eta=0s
[difficulty_sampling_D0v2] [sampler] sampled: {0: 400, 1: 400, 2: 400} total=1200 spalling_ratio=24.33%
[difficulty_sampling_D0v2] [sampler] unique: {0: 400, 1: 400, 2: 400} unique_total=1200 dup_ratio=1.00x
  difficulty: mean=0.000 std=1.229
[difficulty_sampling_D0v2] [epoch 008/100] remain=92 epochs ep_eta=262.8min (avg 171s/ep)
[difficulty_sampling_D0v2] [epoch 008/100] lr=0.000060  dt=158.2s
  train loss=0.2338  ce=0.1389 dice=0.3287  tversky=0.0000 bd=0.0000  cldice=0.0000
  val   skipped (next val at epoch 10)
[difficulty_sampling_D0v2] [curriculum] epoch 9: stage=0 tiers=[0] pool={0: 400, 1: 0, 2: 0}
  [difficulty_sampling_D0v2] [epoch 9/100] batch 30/300 (10%) loss=0.3692 elapsed=16s eta=148s
  [difficulty_sampling_D0v2] [epoch 9/100] batch 60/300 (20%) loss=0.3140 elapsed=32s eta=126s
  [difficulty_sampling_D0v2] [epoch 9/100] batch 90/300 (30%) loss=0.2951 elapsed=47s eta=109s
  [difficulty_sampling_D0v2] [epoch 9/100] batch 120/300 (40%) loss=0.2794 elapsed=63s eta=94s
  [difficulty_sampling_D0v2] [epoch 9/100] batch 150/300 (50%) loss=0.2657 elapsed=78s eta=78s
  [difficulty_sampling_D0v2] [epoch 9/100] batch 180/300 (60%) loss=0.2581 elapsed=94s eta=63s
  [difficulty_sampling_D0v2] [epoch 9/100] batch 210/300 (70%) loss=0.2500 elapsed=109s eta=47s
  [difficulty_sampling_D0v2] [epoch 9/100] batch 240/300 (80%) loss=0.2417 elapsed=125s eta=31s
  [difficulty_sampling_D0v2] [epoch 9/100] batch 270/300 (90%) loss=0.2311 elapsed=140s eta=16s
  [difficulty_sampling_D0v2] [epoch 9/100] batch 300/300 (100%) loss=0.2215 elapsed=154s eta=0s
[difficulty_sampling_D0v2] [sampler] sampled: {0: 400, 1: 400, 2: 400} total=1200 spalling_ratio=24.33%
[difficulty_sampling_D0v2] [sampler] unique: {0: 400, 1: 400, 2: 400} unique_total=1200 dup_ratio=1.00x
  difficulty: mean=0.000 std=1.252
[difficulty_sampling_D0v2] [epoch 009/100] remain=91 epochs ep_eta=257.3min (avg 170s/ep)
[difficulty_sampling_D0v2] [epoch 009/100] lr=0.000060  dt=154.6s
  train loss=0.2215  ce=0.1346 dice=0.3084  tversky=0.0000 bd=0.0000  cldice=0.0000
  val   skipped (next val at epoch 10)
[difficulty_sampling_D0v2] [curriculum] epoch 10: stage=0 tiers=[0] pool={0: 400, 1: 0, 2: 0}
  [difficulty_sampling_D0v2] [epoch 10/100] batch 30/300 (10%) loss=0.3270 elapsed=17s eta=149s
  [difficulty_sampling_D0v2] [epoch 10/100] batch 60/300 (20%) loss=0.3026 elapsed=32s eta=129s
  [difficulty_sampling_D0v2] [epoch 10/100] batch 90/300 (30%) loss=0.2808 elapsed=48s eta=111s
  [difficulty_sampling_D0v2] [epoch 10/100] batch 120/300 (40%) loss=0.2663 elapsed=63s eta=94s
  [difficulty_sampling_D0v2] [epoch 10/100] batch 150/300 (50%) loss=0.2527 elapsed=78s eta=78s
  [difficulty_sampling_D0v2] [epoch 10/100] batch 180/300 (60%) loss=0.2432 elapsed=93s eta=62s
  [difficulty_sampling_D0v2] [epoch 10/100] batch 210/300 (70%) loss=0.2366 elapsed=109s eta=47s
  [difficulty_sampling_D0v2] [epoch 10/100] batch 240/300 (80%) loss=0.2278 elapsed=124s eta=31s
  [difficulty_sampling_D0v2] [epoch 10/100] batch 270/300 (90%) loss=0.2192 elapsed=140s eta=16s
  [difficulty_sampling_D0v2] [epoch 10/100] batch 300/300 (100%) loss=0.2104 elapsed=154s eta=0s
[difficulty_sampling_D0v2] [sampler] sampled: {0: 400, 1: 400, 2: 400} total=1200 spalling_ratio=24.33%
[difficulty_sampling_D0v2] [sampler] unique: {0: 400, 1: 400, 2: 400} unique_total=1200 dup_ratio=1.00x
  difficulty: mean=-0.000 std=1.276
[difficulty_sampling_D0v2] [epoch 010/100] remain=90 epochs ep_eta=253.8min (avg 169s/ep)
[difficulty_sampling_D0v2] [epoch 010/100] lr=0.000060  dt=164.1s
  train loss=0.2104  ce=0.1285 dice=0.2924  tversky=0.0000 bd=0.0000  cldice=0.0000
  val   loss=0.2554
  IoU   bg=0.9720  crack=0.5310  spalling=0.7400  | mIoU_fg=0.6355  pix_acc=0.9725
  Dice  bg=0.9858  crack=0.6937  spalling=0.8506
  BF1   crack=0.6781  spalling=0.5303  | BF1_fg_mean=0.6042
  [difficulty_sampling_D0v2] [best] mIoU_fg=0.6355  saved -> best.pt
[difficulty_sampling_D0v2] [curriculum] epoch 11: stage=0 tiers=[0] pool={0: 400, 1: 0, 2: 0}
  [difficulty_sampling_D0v2] [epoch 11/100] batch 30/300 (10%) loss=0.3429 elapsed=17s eta=157s
  [difficulty_sampling_D0v2] [epoch 11/100] batch 60/300 (20%) loss=0.3037 elapsed=34s eta=135s
  [difficulty_sampling_D0v2] [epoch 11/100] batch 90/300 (30%) loss=0.2842 elapsed=49s eta=115s
  [difficulty_sampling_D0v2] [epoch 11/100] batch 120/300 (40%) loss=0.2702 elapsed=65s eta=98s
  [difficulty_sampling_D0v2] [epoch 11/100] batch 150/300 (50%) loss=0.2552 elapsed=82s eta=82s
  [difficulty_sampling_D0v2] [epoch 11/100] batch 180/300 (60%) loss=0.2455 elapsed=98s eta=66s
  [difficulty_sampling_D0v2] [epoch 11/100] batch 210/300 (70%) loss=0.2417 elapsed=115s eta=49s
  [difficulty_sampling_D0v2] [epoch 11/100] batch 240/300 (80%) loss=0.2330 elapsed=130s eta=33s
  [difficulty_sampling_D0v2] [epoch 11/100] batch 270/300 (90%) loss=0.2249 elapsed=145s eta=16s
  [difficulty_sampling_D0v2] [epoch 11/100] batch 300/300 (100%) loss=0.2151 elapsed=158s eta=0s
[difficulty_sampling_D0v2] [sampler] sampled: {0: 400, 1: 400, 2: 400} total=1200 spalling_ratio=24.33%
[difficulty_sampling_D0v2] [sampler] unique: {0: 400, 1: 400, 2: 400} unique_total=1200 dup_ratio=1.00x
  difficulty: mean=0.000 std=1.293
[difficulty_sampling_D0v2] [epoch 011/100] remain=89 epochs ep_eta=250.1min (avg 169s/ep)
[difficulty_sampling_D0v2] [epoch 011/100] lr=0.000059  dt=158.7s
  train loss=0.2151  ce=0.1363 dice=0.2939  tversky=0.0000 bd=0.0000  cldice=0.0000
  val   skipped (next val at epoch 15)
[difficulty_sampling_D0v2] [curriculum] epoch 12: stage=0 tiers=[0] pool={0: 400, 1: 0, 2: 0}
  [difficulty_sampling_D0v2] [epoch 12/100] batch 30/300 (10%) loss=0.3202 elapsed=17s eta=150s
  [difficulty_sampling_D0v2] [epoch 12/100] batch 60/300 (20%) loss=0.3015 elapsed=33s eta=133s
  [difficulty_sampling_D0v2] [epoch 12/100] batch 90/300 (30%) loss=0.2824 elapsed=50s eta=117s
  [difficulty_sampling_D0v2] [epoch 12/100] batch 120/300 (40%) loss=0.2659 elapsed=66s eta=99s
  [difficulty_sampling_D0v2] [epoch 12/100] batch 150/300 (50%) loss=0.2565 elapsed=82s eta=82s
  [difficulty_sampling_D0v2] [epoch 12/100] batch 180/300 (60%) loss=0.2490 elapsed=96s eta=64s
  [difficulty_sampling_D0v2] [epoch 12/100] batch 210/300 (70%) loss=0.2394 elapsed=112s eta=48s
  [difficulty_sampling_D0v2] [epoch 12/100] batch 240/300 (80%) loss=0.2345 elapsed=128s eta=32s
  [difficulty_sampling_D0v2] [epoch 12/100] batch 270/300 (90%) loss=0.2260 elapsed=144s eta=16s
  [difficulty_sampling_D0v2] [epoch 12/100] batch 300/300 (100%) loss=0.2174 elapsed=157s eta=0s
[difficulty_sampling_D0v2] [sampler] sampled: {0: 400, 1: 400, 2: 400} total=1200 spalling_ratio=24.33%
[difficulty_sampling_D0v2] [sampler] unique: {0: 400, 1: 400, 2: 400} unique_total=1200 dup_ratio=1.00x
  difficulty: mean=0.000 std=1.307
[difficulty_sampling_D0v2] [epoch 012/100] remain=88 epochs ep_eta=246.1min (avg 168s/ep)
[difficulty_sampling_D0v2] [epoch 012/100] lr=0.000059  dt=157.7s
  train loss=0.2174  ce=0.1373 dice=0.2975  tversky=0.0000 bd=0.0000  cldice=0.0000
  val   skipped (next val at epoch 15)
[difficulty_sampling_D0v2] [curriculum] epoch 13: stage=0 tiers=[0] pool={0: 400, 1: 0, 2: 0}
  [difficulty_sampling_D0v2] [epoch 13/100] batch 30/300 (10%) loss=0.3382 elapsed=15s eta=139s
  [difficulty_sampling_D0v2] [epoch 13/100] batch 60/300 (20%) loss=0.3021 elapsed=31s eta=125s
  [difficulty_sampling_D0v2] [epoch 13/100] batch 90/300 (30%) loss=0.2813 elapsed=46s eta=108s
  [difficulty_sampling_D0v2] [epoch 13/100] batch 120/300 (40%) loss=0.2630 elapsed=62s eta=93s
  [difficulty_sampling_D0v2] [epoch 13/100] batch 150/300 (50%) loss=0.2494 elapsed=78s eta=78s
  [difficulty_sampling_D0v2] [epoch 13/100] batch 180/300 (60%) loss=0.2380 elapsed=94s eta=63s
  [difficulty_sampling_D0v2] [epoch 13/100] batch 210/300 (70%) loss=0.2279 elapsed=110s eta=47s
  [difficulty_sampling_D0v2] [epoch 13/100] batch 240/300 (80%) loss=0.2182 elapsed=125s eta=31s
  [difficulty_sampling_D0v2] [epoch 13/100] batch 270/300 (90%) loss=0.2082 elapsed=141s eta=16s
  [difficulty_sampling_D0v2] [epoch 13/100] batch 300/300 (100%) loss=0.1972 elapsed=155s eta=0s
[difficulty_sampling_D0v2] [sampler] sampled: {0: 400, 1: 400, 2: 400} total=1200 spalling_ratio=24.33%
[difficulty_sampling_D0v2] [sampler] unique: {0: 400, 1: 400, 2: 400} unique_total=1200 dup_ratio=1.00x
  difficulty: mean=0.000 std=1.322
[difficulty_sampling_D0v2] [epoch 013/100] remain=87 epochs ep_eta=242.1min (avg 167s/ep)
[difficulty_sampling_D0v2] [epoch 013/100] lr=0.000059  dt=155.2s
  train loss=0.1972  ce=0.1248 dice=0.2697  tversky=0.0000 bd=0.0000  cldice=0.0000
  val   skipped (next val at epoch 15)
[difficulty_sampling_D0v2] [curriculum] epoch 14: stage=0 tiers=[0] pool={0: 400, 1: 0, 2: 0}
  [difficulty_sampling_D0v2] [epoch 14/100] batch 30/300 (10%) loss=0.3163 elapsed=17s eta=154s
  [difficulty_sampling_D0v2] [epoch 14/100] batch 60/300 (20%) loss=0.2779 elapsed=33s eta=132s
  [difficulty_sampling_D0v2] [epoch 14/100] batch 90/300 (30%) loss=0.2621 elapsed=49s eta=114s
  [difficulty_sampling_D0v2] [epoch 14/100] batch 120/300 (40%) loss=0.2460 elapsed=64s eta=96s
  [difficulty_sampling_D0v2] [epoch 14/100] batch 150/300 (50%) loss=0.2357 elapsed=80s eta=80s
  [difficulty_sampling_D0v2] [epoch 14/100] batch 180/300 (60%) loss=0.2261 elapsed=95s eta=63s
  [difficulty_sampling_D0v2] [epoch 14/100] batch 210/300 (70%) loss=0.2173 elapsed=110s eta=47s
  [difficulty_sampling_D0v2] [epoch 14/100] batch 240/300 (80%) loss=0.2102 elapsed=126s eta=31s
  [difficulty_sampling_D0v2] [epoch 14/100] batch 270/300 (90%) loss=0.2004 elapsed=140s eta=16s
  [difficulty_sampling_D0v2] [epoch 14/100] batch 300/300 (100%) loss=0.1895 elapsed=155s eta=0s
[difficulty_sampling_D0v2] [sampler] sampled: {0: 400, 1: 400, 2: 400} total=1200 spalling_ratio=24.33%
[difficulty_sampling_D0v2] [sampler] unique: {0: 400, 1: 400, 2: 400} unique_total=1200 dup_ratio=1.00x
  difficulty: mean=0.000 std=1.339
[difficulty_sampling_D0v2] [epoch 014/100] remain=86 epochs ep_eta=238.2min (avg 166s/ep)
[difficulty_sampling_D0v2] [epoch 014/100] lr=0.000059  dt=155.0s
  train loss=0.1895  ce=0.1211 dice=0.2580  tversky=0.0000 bd=0.0000  cldice=0.0000
  val   skipped (next val at epoch 15)
[difficulty_sampling_D0v2] [curriculum] epoch 15: stage=0 tiers=[0] pool={0: 400, 1: 0, 2: 0}
  [difficulty_sampling_D0v2] [epoch 15/100] batch 30/300 (10%) loss=0.3358 elapsed=16s eta=145s
  [difficulty_sampling_D0v2] [epoch 15/100] batch 60/300 (20%) loss=0.2898 elapsed=32s eta=130s
  [difficulty_sampling_D0v2] [epoch 15/100] batch 90/300 (30%) loss=0.2689 elapsed=48s eta=113s
  [difficulty_sampling_D0v2] [epoch 15/100] batch 120/300 (40%) loss=0.2519 elapsed=64s eta=96s
  [difficulty_sampling_D0v2] [epoch 15/100] batch 150/300 (50%) loss=0.2382 elapsed=80s eta=80s
  [difficulty_sampling_D0v2] [epoch 15/100] batch 180/300 (60%) loss=0.2284 elapsed=96s eta=64s
  [difficulty_sampling_D0v2] [epoch 15/100] batch 210/300 (70%) loss=0.2181 elapsed=112s eta=48s
  [difficulty_sampling_D0v2] [epoch 15/100] batch 240/300 (80%) loss=0.2097 elapsed=128s eta=32s
  [difficulty_sampling_D0v2] [epoch 15/100] batch 270/300 (90%) loss=0.1999 elapsed=142s eta=16s
  [difficulty_sampling_D0v2] [epoch 15/100] batch 300/300 (100%) loss=0.1897 elapsed=156s eta=0s
[difficulty_sampling_D0v2] [sampler] sampled: {0: 400, 1: 400, 2: 400} total=1200 spalling_ratio=24.33%
[difficulty_sampling_D0v2] [sampler] unique: {0: 400, 1: 400, 2: 400} unique_total=1200 dup_ratio=1.00x
  difficulty: mean=0.000 std=1.351
[difficulty_sampling_D0v2] [epoch 015/100] remain=85 epochs ep_eta=235.5min (avg 166s/ep)
[difficulty_sampling_D0v2] [epoch 015/100] lr=0.000058  dt=165.4s
  train loss=0.1897  ce=0.1204 dice=0.2589  tversky=0.0000 bd=0.0000  cldice=0.0000
  val   loss=0.2519
  IoU   bg=0.9754  crack=0.5319  spalling=0.8064  | mIoU_fg=0.6692  pix_acc=0.9758
  Dice  bg=0.9876  crack=0.6944  spalling=0.8928
  BF1   crack=0.6913  spalling=0.6127  | BF1_fg_mean=0.6520
  [difficulty_sampling_D0v2] [best] mIoU_fg=0.6692  saved -> best.pt
[difficulty_sampling_D0v2] [curriculum] epoch 16: stage=0 tiers=[0] pool={0: 400, 1: 0, 2: 0}
  [difficulty_sampling_D0v2] [epoch 16/100] batch 30/300 (10%) loss=0.3181 elapsed=16s eta=146s
  [difficulty_sampling_D0v2] [epoch 16/100] batch 60/300 (20%) loss=0.2850 elapsed=32s eta=127s
  [difficulty_sampling_D0v2] [epoch 16/100] batch 90/300 (30%) loss=0.2609 elapsed=48s eta=111s
  [difficulty_sampling_D0v2] [epoch 16/100] batch 120/300 (40%) loss=0.2478 elapsed=64s eta=96s
  [difficulty_sampling_D0v2] [epoch 16/100] batch 150/300 (50%) loss=0.2367 elapsed=80s eta=80s
  [difficulty_sampling_D0v2] [epoch 16/100] batch 180/300 (60%) loss=0.2245 elapsed=97s eta=65s
  [difficulty_sampling_D0v2] [epoch 16/100] batch 210/300 (70%) loss=0.2143 elapsed=113s eta=48s
  [difficulty_sampling_D0v2] [epoch 16/100] batch 240/300 (80%) loss=0.2045 elapsed=130s eta=32s
  [difficulty_sampling_D0v2] [epoch 16/100] batch 270/300 (90%) loss=0.1960 elapsed=145s eta=16s
  [difficulty_sampling_D0v2] [epoch 16/100] batch 300/300 (100%) loss=0.1855 elapsed=159s eta=0s
[difficulty_sampling_D0v2] [sampler] sampled: {0: 400, 1: 400, 2: 400} total=1200 spalling_ratio=24.33%
[difficulty_sampling_D0v2] [sampler] unique: {0: 400, 1: 400, 2: 400} unique_total=1200 dup_ratio=1.00x
  difficulty: mean=0.000 std=1.365
[difficulty_sampling_D0v2] [epoch 016/100] remain=84 epochs ep_eta=232.4min (avg 166s/ep)
[difficulty_sampling_D0v2] [epoch 016/100] lr=0.000058  dt=159.2s
  train loss=0.1855  ce=0.1181 dice=0.2528  tversky=0.0000 bd=0.0000  cldice=0.0000
  val   skipped (next val at epoch 20)
[difficulty_sampling_D0v2] [curriculum] epoch 17: stage=0 tiers=[0] pool={0: 400, 1: 0, 2: 0}
  [difficulty_sampling_D0v2] [epoch 17/100] batch 30/300 (10%) loss=0.3122 elapsed=16s eta=146s
  [difficulty_sampling_D0v2] [epoch 17/100] batch 60/300 (20%) loss=0.2819 elapsed=32s eta=126s
  [difficulty_sampling_D0v2] [epoch 17/100] batch 90/300 (30%) loss=0.2569 elapsed=47s eta=111s
  [difficulty_sampling_D0v2] [epoch 17/100] batch 120/300 (40%) loss=0.2400 elapsed=62s eta=93s
  [difficulty_sampling_D0v2] [epoch 17/100] batch 150/300 (50%) loss=0.2254 elapsed=77s eta=77s
  [difficulty_sampling_D0v2] [epoch 17/100] batch 180/300 (60%) loss=0.2177 elapsed=92s eta=61s
  [difficulty_sampling_D0v2] [epoch 17/100] batch 210/300 (70%) loss=0.2108 elapsed=108s eta=46s
  [difficulty_sampling_D0v2] [epoch 17/100] batch 240/300 (80%) loss=0.2005 elapsed=123s eta=31s
  [difficulty_sampling_D0v2] [epoch 17/100] batch 270/300 (90%) loss=0.1925 elapsed=139s eta=15s
  [difficulty_sampling_D0v2] [epoch 17/100] batch 300/300 (100%) loss=0.1830 elapsed=153s eta=0s
[difficulty_sampling_D0v2] [sampler] sampled: {0: 400, 1: 400, 2: 400} total=1200 spalling_ratio=24.33%
[difficulty_sampling_D0v2] [sampler] unique: {0: 400, 1: 400, 2: 400} unique_total=1200 dup_ratio=1.00x
  difficulty: mean=0.000 std=1.376
[difficulty_sampling_D0v2] [epoch 017/100] remain=83 epochs ep_eta=228.7min (avg 165s/ep)
[difficulty_sampling_D0v2] [epoch 017/100] lr=0.000058  dt=152.7s
  train loss=0.1830  ce=0.1159 dice=0.2500  tversky=0.0000 bd=0.0000  cldice=0.0000
  val   skipped (next val at epoch 20)
[difficulty_sampling_D0v2] [curriculum] epoch 18: stage=0 tiers=[0] pool={0: 400, 1: 0, 2: 0}
  [difficulty_sampling_D0v2] [epoch 18/100] batch 30/300 (10%) loss=0.3122 elapsed=17s eta=152s
  [difficulty_sampling_D0v2] [epoch 18/100] batch 60/300 (20%) loss=0.2827 elapsed=33s eta=131s
  [difficulty_sampling_D0v2] [epoch 18/100] batch 90/300 (30%) loss=0.2594 elapsed=49s eta=113s
  [difficulty_sampling_D0v2] [epoch 18/100] batch 120/300 (40%) loss=0.2398 elapsed=64s eta=96s
  [difficulty_sampling_D0v2] [epoch 18/100] batch 150/300 (50%) loss=0.2296 elapsed=80s eta=80s
  [difficulty_sampling_D0v2] [epoch 18/100] batch 180/300 (60%) loss=0.2190 elapsed=96s eta=64s
  [difficulty_sampling_D0v2] [epoch 18/100] batch 210/300 (70%) loss=0.2101 elapsed=112s eta=48s
  [difficulty_sampling_D0v2] [epoch 18/100] batch 240/300 (80%) loss=0.2010 elapsed=128s eta=32s
  [difficulty_sampling_D0v2] [epoch 18/100] batch 270/300 (90%) loss=0.1924 elapsed=143s eta=16s
  [difficulty_sampling_D0v2] [epoch 18/100] batch 300/300 (100%) loss=0.1818 elapsed=156s eta=0s
[difficulty_sampling_D0v2] [sampler] sampled: {0: 400, 1: 400, 2: 400} total=1200 spalling_ratio=24.33%
[difficulty_sampling_D0v2] [sampler] unique: {0: 400, 1: 400, 2: 400} unique_total=1200 dup_ratio=1.00x
  difficulty: mean=0.000 std=1.385
[difficulty_sampling_D0v2] [epoch 018/100] remain=82 epochs ep_eta=225.4min (avg 165s/ep)
[difficulty_sampling_D0v2] [epoch 018/100] lr=0.000057  dt=156.7s
  train loss=0.1818  ce=0.1163 dice=0.2473  tversky=0.0000 bd=0.0000  cldice=0.0000
  val   skipped (next val at epoch 20)
[difficulty_sampling_D0v2] [curriculum] epoch 19: stage=0 tiers=[0] pool={0: 400, 1: 0, 2: 0}
  [difficulty_sampling_D0v2] [epoch 19/100] batch 30/300 (10%) loss=0.3046 elapsed=16s eta=144s
  [difficulty_sampling_D0v2] [epoch 19/100] batch 60/300 (20%) loss=0.2971 elapsed=31s eta=125s
  [difficulty_sampling_D0v2] [epoch 19/100] batch 90/300 (30%) loss=0.2782 elapsed=48s eta=111s
  [difficulty_sampling_D0v2] [epoch 19/100] batch 120/300 (40%) loss=0.2576 elapsed=64s eta=95s
  [difficulty_sampling_D0v2] [epoch 19/100] batch 150/300 (50%) loss=0.2431 elapsed=79s eta=79s
  [difficulty_sampling_D0v2] [epoch 19/100] batch 180/300 (60%) loss=0.2287 elapsed=95s eta=63s
  [difficulty_sampling_D0v2] [epoch 19/100] batch 210/300 (70%) loss=0.2172 elapsed=111s eta=47s
  [difficulty_sampling_D0v2] [epoch 19/100] batch 240/300 (80%) loss=0.2067 elapsed=126s eta=31s
  [difficulty_sampling_D0v2] [epoch 19/100] batch 270/300 (90%) loss=0.1972 elapsed=140s eta=16s
  [difficulty_sampling_D0v2] [epoch 19/100] batch 300/300 (100%) loss=0.1869 elapsed=154s eta=0s
[difficulty_sampling_D0v2] [sampler] sampled: {0: 400, 1: 400, 2: 400} total=1200 spalling_ratio=24.33%
[difficulty_sampling_D0v2] [sampler] unique: {0: 400, 1: 400, 2: 400} unique_total=1200 dup_ratio=1.00x
  difficulty: mean=0.000 std=1.394
[difficulty_sampling_D0v2] [epoch 019/100] remain=81 epochs ep_eta=221.9min (avg 164s/ep)
[difficulty_sampling_D0v2] [epoch 019/100] lr=0.000057  dt=154.3s
  train loss=0.1869  ce=0.1205 dice=0.2533  tversky=0.0000 bd=0.0000  cldice=0.0000
  val   skipped (next val at epoch 20)
[difficulty_sampling_D0v2] [curriculum] epoch 20: stage=0 tiers=[0] pool={0: 400, 1: 0, 2: 0}
  [difficulty_sampling_D0v2] [epoch 20/100] batch 30/300 (10%) loss=0.3290 elapsed=17s eta=154s
  [difficulty_sampling_D0v2] [epoch 20/100] batch 60/300 (20%) loss=0.2973 elapsed=34s eta=135s
  [difficulty_sampling_D0v2] [epoch 20/100] batch 90/300 (30%) loss=0.2682 elapsed=50s eta=116s
  [difficulty_sampling_D0v2] [epoch 20/100] batch 120/300 (40%) loss=0.2484 elapsed=66s eta=100s
  [difficulty_sampling_D0v2] [epoch 20/100] batch 150/300 (50%) loss=0.2330 elapsed=82s eta=82s
  [difficulty_sampling_D0v2] [epoch 20/100] batch 180/300 (60%) loss=0.2215 elapsed=98s eta=66s
  [difficulty_sampling_D0v2] [epoch 20/100] batch 210/300 (70%) loss=0.2104 elapsed=114s eta=49s
  [difficulty_sampling_D0v2] [epoch 20/100] batch 240/300 (80%) loss=0.2008 elapsed=130s eta=33s
  [difficulty_sampling_D0v2] [epoch 20/100] batch 270/300 (90%) loss=0.1908 elapsed=145s eta=16s
  [difficulty_sampling_D0v2] [epoch 20/100] batch 300/300 (100%) loss=0.1804 elapsed=159s eta=0s
[difficulty_sampling_D0v2] [sampler] sampled: {0: 400, 1: 400, 2: 400} total=1200 spalling_ratio=24.33%
[difficulty_sampling_D0v2] [sampler] unique: {0: 400, 1: 400, 2: 400} unique_total=1200 dup_ratio=1.00x
  difficulty: mean=0.000 std=1.401
[difficulty_sampling_D0v2] [epoch 020/100] remain=80 epochs ep_eta=219.5min (avg 165s/ep)
[difficulty_sampling_D0v2] [epoch 020/100] lr=0.000056  dt=168.1s
  train loss=0.1804  ce=0.1158 dice=0.2450  tversky=0.0000 bd=0.0000  cldice=0.0000
  val   loss=0.2725
  IoU   bg=0.9763  crack=0.5204  spalling=0.8014  | mIoU_fg=0.6609  pix_acc=0.9766
  Dice  bg=0.9880  crack=0.6846  spalling=0.8897
  BF1   crack=0.6819  spalling=0.6337  | BF1_fg_mean=0.6578
[difficulty_sampling_D0v2] [curriculum] epoch 21: stage=0 tiers=[0] pool={0: 400, 1: 0, 2: 0}
  [difficulty_sampling_D0v2] [epoch 21/100] batch 30/300 (10%) loss=0.3194 elapsed=16s eta=146s
  [difficulty_sampling_D0v2] [epoch 21/100] batch 60/300 (20%) loss=0.2833 elapsed=32s eta=128s
  [difficulty_sampling_D0v2] [epoch 21/100] batch 90/300 (30%) loss=0.2580 elapsed=49s eta=113s
  [difficulty_sampling_D0v2] [epoch 21/100] batch 120/300 (40%) loss=0.2410 elapsed=65s eta=98s
  [difficulty_sampling_D0v2] [epoch 21/100] batch 150/300 (50%) loss=0.2274 elapsed=82s eta=82s
  [difficulty_sampling_D0v2] [epoch 21/100] batch 180/300 (60%) loss=0.2137 elapsed=97s eta=65s
  [difficulty_sampling_D0v2] [epoch 21/100] batch 210/300 (70%) loss=0.2034 elapsed=112s eta=48s
  [difficulty_sampling_D0v2] [epoch 21/100] batch 240/300 (80%) loss=0.1941 elapsed=127s eta=32s
  [difficulty_sampling_D0v2] [epoch 21/100] batch 270/300 (90%) loss=0.1885 elapsed=143s eta=16s
  [difficulty_sampling_D0v2] [epoch 21/100] batch 300/300 (100%) loss=0.1811 elapsed=157s eta=0s
[difficulty_sampling_D0v2] [sampler] sampled: {0: 400, 1: 400, 2: 400} total=1200 spalling_ratio=24.33%
[difficulty_sampling_D0v2] [sampler] unique: {0: 400, 1: 400, 2: 400} unique_total=1200 dup_ratio=1.00x
  difficulty: mean=0.000 std=1.406
[difficulty_sampling_D0v2] [epoch 021/100] remain=79 epochs ep_eta=216.5min (avg 164s/ep)
[difficulty_sampling_D0v2] [epoch 021/100] lr=0.000056  dt=157.6s
  train loss=0.1811  ce=0.1175 dice=0.2447  tversky=0.0000 bd=0.0000  cldice=0.0000
  val   skipped (next val at epoch 25)
[difficulty_sampling_D0v2] [curriculum] epoch 22: stage=0 tiers=[0] pool={0: 400, 1: 0, 2: 0}
  [difficulty_sampling_D0v2] [epoch 22/100] batch 30/300 (10%) loss=0.3035 elapsed=17s eta=154s
  [difficulty_sampling_D0v2] [epoch 22/100] batch 60/300 (20%) loss=0.2788 elapsed=33s eta=130s
  [difficulty_sampling_D0v2] [epoch 22/100] batch 90/300 (30%) loss=0.2586 elapsed=49s eta=115s
  [difficulty_sampling_D0v2] [epoch 22/100] batch 120/300 (40%) loss=0.2420 elapsed=64s eta=97s
  [difficulty_sampling_D0v2] [epoch 22/100] batch 150/300 (50%) loss=0.2294 elapsed=80s eta=80s
  [difficulty_sampling_D0v2] [epoch 22/100] batch 180/300 (60%) loss=0.2180 elapsed=96s eta=64s
  [difficulty_sampling_D0v2] [epoch 22/100] batch 210/300 (70%) loss=0.2070 elapsed=112s eta=48s
  [difficulty_sampling_D0v2] [epoch 22/100] batch 240/300 (80%) loss=0.1972 elapsed=128s eta=32s
  [difficulty_sampling_D0v2] [epoch 22/100] batch 270/300 (90%) loss=0.1877 elapsed=143s eta=16s
  [difficulty_sampling_D0v2] [epoch 22/100] batch 300/300 (100%) loss=0.1773 elapsed=157s eta=0s
[difficulty_sampling_D0v2] [sampler] sampled: {0: 400, 1: 400, 2: 400} total=1200 spalling_ratio=24.33%
[difficulty_sampling_D0v2] [sampler] unique: {0: 400, 1: 400, 2: 400} unique_total=1200 dup_ratio=1.00x
  difficulty: mean=0.000 std=1.414
[difficulty_sampling_D0v2] [epoch 022/100] remain=78 epochs ep_eta=213.4min (avg 164s/ep)
[difficulty_sampling_D0v2] [epoch 022/100] lr=0.000055  dt=157.4s
  train loss=0.1773  ce=0.1159 dice=0.2387  tversky=0.0000 bd=0.0000  cldice=0.0000
  val   skipped (next val at epoch 25)
[difficulty_sampling_D0v2] [curriculum] epoch 23: stage=0 tiers=[0] pool={0: 400, 1: 0, 2: 0}
  [difficulty_sampling_D0v2] [epoch 23/100] batch 30/300 (10%) loss=0.2785 elapsed=16s eta=145s
  [difficulty_sampling_D0v2] [epoch 23/100] batch 60/300 (20%) loss=0.2506 elapsed=31s eta=126s
  [difficulty_sampling_D0v2] [epoch 23/100] batch 90/300 (30%) loss=0.2386 elapsed=46s eta=108s
  [difficulty_sampling_D0v2] [epoch 23/100] batch 120/300 (40%) loss=0.2222 elapsed=62s eta=92s
  [difficulty_sampling_D0v2] [epoch 23/100] batch 150/300 (50%) loss=0.2126 elapsed=77s eta=77s
  [difficulty_sampling_D0v2] [epoch 23/100] batch 180/300 (60%) loss=0.2034 elapsed=93s eta=62s
  [difficulty_sampling_D0v2] [epoch 23/100] batch 210/300 (70%) loss=0.1935 elapsed=108s eta=46s
  [difficulty_sampling_D0v2] [epoch 23/100] batch 240/300 (80%) loss=0.1848 elapsed=124s eta=31s
  [difficulty_sampling_D0v2] [epoch 23/100] batch 270/300 (90%) loss=0.1761 elapsed=139s eta=15s
  [difficulty_sampling_D0v2] [epoch 23/100] batch 300/300 (100%) loss=0.1666 elapsed=153s eta=0s
[difficulty_sampling_D0v2] [sampler] sampled: {0: 400, 1: 400, 2: 400} total=1200 spalling_ratio=24.33%
[difficulty_sampling_D0v2] [sampler] unique: {0: 400, 1: 400, 2: 400} unique_total=1200 dup_ratio=1.00x
  difficulty: mean=0.000 std=1.423
[difficulty_sampling_D0v2] [epoch 023/100] remain=77 epochs ep_eta=210.2min (avg 164s/ep)
[difficulty_sampling_D0v2] [epoch 023/100] lr=0.000055  dt=153.1s
  train loss=0.1666  ce=0.1076 dice=0.2255  tversky=0.0000 bd=0.0000  cldice=0.0000
  val   skipped (next val at epoch 25)
[difficulty_sampling_D0v2] [curriculum] epoch 24: stage=0 tiers=[0] pool={0: 400, 1: 0, 2: 0}
  [difficulty_sampling_D0v2] [epoch 24/100] batch 30/300 (10%) loss=0.2808 elapsed=17s eta=149s
  [difficulty_sampling_D0v2] [epoch 24/100] batch 60/300 (20%) loss=0.2530 elapsed=32s eta=129s
  [difficulty_sampling_D0v2] [epoch 24/100] batch 90/300 (30%) loss=0.2399 elapsed=48s eta=112s
  [difficulty_sampling_D0v2] [epoch 24/100] batch 120/300 (40%) loss=0.2256 elapsed=64s eta=96s
  [difficulty_sampling_D0v2] [epoch 24/100] batch 150/300 (50%) loss=0.2170 elapsed=79s eta=79s
  [difficulty_sampling_D0v2] [epoch 24/100] batch 180/300 (60%) loss=0.2076 elapsed=95s eta=63s
  [difficulty_sampling_D0v2] [epoch 24/100] batch 210/300 (70%) loss=0.1989 elapsed=110s eta=47s
  [difficulty_sampling_D0v2] [epoch 24/100] batch 240/300 (80%) loss=0.1898 elapsed=126s eta=31s
  [difficulty_sampling_D0v2] [epoch 24/100] batch 270/300 (90%) loss=0.1806 elapsed=141s eta=16s
  [difficulty_sampling_D0v2] [epoch 24/100] batch 300/300 (100%) loss=0.1705 elapsed=154s eta=0s
[difficulty_sampling_D0v2] [sampler] sampled: {0: 400, 1: 400, 2: 400} total=1200 spalling_ratio=24.33%
[difficulty_sampling_D0v2] [sampler] unique: {0: 400, 1: 400, 2: 400} unique_total=1200 dup_ratio=1.00x
  difficulty: mean=0.000 std=1.430
[difficulty_sampling_D0v2] [epoch 024/100] remain=76 epochs ep_eta=207.0min (avg 163s/ep)
[difficulty_sampling_D0v2] [epoch 024/100] lr=0.000054  dt=153.9s
  train loss=0.1705  ce=0.1126 dice=0.2284  tversky=0.0000 bd=0.0000  cldice=0.0000
  val   skipped (next val at epoch 25)
[difficulty_sampling_D0v2] [curriculum] epoch 25: stage=0 tiers=[0] pool={0: 400, 1: 0, 2: 0}
  [difficulty_sampling_D0v2] [epoch 25/100] batch 30/300 (10%) loss=0.2851 elapsed=17s eta=150s
  [difficulty_sampling_D0v2] [epoch 25/100] batch 60/300 (20%) loss=0.2583 elapsed=34s eta=136s
  [difficulty_sampling_D0v2] [epoch 25/100] batch 90/300 (30%) loss=0.2361 elapsed=50s eta=117s
  [difficulty_sampling_D0v2] [epoch 25/100] batch 120/300 (40%) loss=0.2203 elapsed=66s eta=100s
  [difficulty_sampling_D0v2] [epoch 25/100] batch 150/300 (50%) loss=0.2070 elapsed=81s eta=81s
  [difficulty_sampling_D0v2] [epoch 25/100] batch 180/300 (60%) loss=0.1965 elapsed=96s eta=64s
  [difficulty_sampling_D0v2] [epoch 25/100] batch 210/300 (70%) loss=0.1877 elapsed=112s eta=48s
  [difficulty_sampling_D0v2] [epoch 25/100] batch 240/300 (80%) loss=0.1794 elapsed=127s eta=32s
  [difficulty_sampling_D0v2] [epoch 25/100] batch 270/300 (90%) loss=0.1715 elapsed=142s eta=16s
  [difficulty_sampling_D0v2] [epoch 25/100] batch 300/300 (100%) loss=0.1615 elapsed=155s eta=0s
[difficulty_sampling_D0v2] [sampler] sampled: {0: 400, 1: 400, 2: 400} total=1200 spalling_ratio=24.33%
[difficulty_sampling_D0v2] [sampler] unique: {0: 400, 1: 400, 2: 400} unique_total=1200 dup_ratio=1.00x
  difficulty: mean=0.000 std=1.437
[difficulty_sampling_D0v2] [epoch 025/100] remain=75 epochs ep_eta=204.4min (avg 164s/ep)
[difficulty_sampling_D0v2] [epoch 025/100] lr=0.000054  dt=165.2s
  train loss=0.1615  ce=0.1054 dice=0.2176  tversky=0.0000 bd=0.0000  cldice=0.0000
  val   loss=0.2636
  IoU   bg=0.9760  crack=0.5510  spalling=0.7705  | mIoU_fg=0.6607  pix_acc=0.9763
  Dice  bg=0.9879  crack=0.7105  spalling=0.8704
  BF1   crack=0.7178  spalling=0.5885  | BF1_fg_mean=0.6531
[difficulty_sampling_D0v2] [curriculum] epoch 26: stage=0 tiers=[0] pool={0: 400, 1: 0, 2: 0}
  [difficulty_sampling_D0v2] [epoch 26/100] batch 30/300 (10%) loss=0.2833 elapsed=16s eta=144s
  [difficulty_sampling_D0v2] [epoch 26/100] batch 60/300 (20%) loss=0.2618 elapsed=31s eta=126s
  [difficulty_sampling_D0v2] [epoch 26/100] batch 90/300 (30%) loss=0.2471 elapsed=47s eta=110s
  [difficulty_sampling_D0v2] [epoch 26/100] batch 120/300 (40%) loss=0.2289 elapsed=63s eta=95s
  [difficulty_sampling_D0v2] [epoch 26/100] batch 150/300 (50%) loss=0.2149 elapsed=79s eta=79s
  [difficulty_sampling_D0v2] [epoch 26/100] batch 180/300 (60%) loss=0.2023 elapsed=95s eta=63s
  [difficulty_sampling_D0v2] [epoch 26/100] batch 210/300 (70%) loss=0.1924 elapsed=112s eta=48s
  [difficulty_sampling_D0v2] [epoch 26/100] batch 240/300 (80%) loss=0.1841 elapsed=131s eta=33s
  [difficulty_sampling_D0v2] [epoch 26/100] batch 270/300 (90%) loss=0.1751 elapsed=147s eta=16s
  [difficulty_sampling_D0v2] [epoch 26/100] batch 300/300 (100%) loss=0.1656 elapsed=161s eta=0s
[difficulty_sampling_D0v2] [sampler] sampled: {0: 400, 1: 400, 2: 400} total=1200 spalling_ratio=24.33%
[difficulty_sampling_D0v2] [sampler] unique: {0: 400, 1: 400, 2: 400} unique_total=1200 dup_ratio=1.00x
  difficulty: mean=0.000 std=1.443
[difficulty_sampling_D0v2] [epoch 026/100] remain=74 epochs ep_eta=201.7min (avg 164s/ep)
[difficulty_sampling_D0v2] [epoch 026/100] lr=0.000053  dt=161.2s
  train loss=0.1656  ce=0.1056 dice=0.2256  tversky=0.0000 bd=0.0000  cldice=0.0000
  val   skipped (next val at epoch 30)
[difficulty_sampling_D0v2] [curriculum] epoch 27: stage=0 tiers=[0] pool={0: 400, 1: 0, 2: 0}
  [difficulty_sampling_D0v2] [epoch 27/100] batch 30/300 (10%) loss=0.2807 elapsed=16s eta=148s
  [difficulty_sampling_D0v2] [epoch 27/100] batch 60/300 (20%) loss=0.2548 elapsed=33s eta=130s
  [difficulty_sampling_D0v2] [epoch 27/100] batch 90/300 (30%) loss=0.2388 elapsed=48s eta=113s
  [difficulty_sampling_D0v2] [epoch 27/100] batch 120/300 (40%) loss=0.2197 elapsed=64s eta=96s
  [difficulty_sampling_D0v2] [epoch 27/100] batch 150/300 (50%) loss=0.2055 elapsed=80s eta=80s
  [difficulty_sampling_D0v2] [epoch 27/100] batch 180/300 (60%) loss=0.1958 elapsed=96s eta=64s
  [difficulty_sampling_D0v2] [epoch 27/100] batch 210/300 (70%) loss=0.1868 elapsed=112s eta=48s
  [difficulty_sampling_D0v2] [epoch 27/100] batch 240/300 (80%) loss=0.1781 elapsed=126s eta=32s
  [difficulty_sampling_D0v2] [epoch 27/100] batch 270/300 (90%) loss=0.1701 elapsed=142s eta=16s
  [difficulty_sampling_D0v2] [epoch 27/100] batch 300/300 (100%) loss=0.1605 elapsed=155s eta=0s
[difficulty_sampling_D0v2] [sampler] sampled: {0: 400, 1: 400, 2: 400} total=1200 spalling_ratio=24.33%
[difficulty_sampling_D0v2] [sampler] unique: {0: 400, 1: 400, 2: 400} unique_total=1200 dup_ratio=1.00x
  difficulty: mean=0.000 std=1.449
[difficulty_sampling_D0v2] [epoch 027/100] remain=73 epochs ep_eta=198.6min (avg 163s/ep)
[difficulty_sampling_D0v2] [epoch 027/100] lr=0.000052  dt=155.0s
  train loss=0.1605  ce=0.1029 dice=0.2181  tversky=0.0000 bd=0.0000  cldice=0.0000
  val   skipped (next val at epoch 30)
[difficulty_sampling_D0v2] [curriculum] epoch 28: stage=0 tiers=[0] pool={0: 400, 1: 0, 2: 0}
  [difficulty_sampling_D0v2] [epoch 28/100] batch 30/300 (10%) loss=0.2853 elapsed=18s eta=159s
  [difficulty_sampling_D0v2] [epoch 28/100] batch 60/300 (20%) loss=0.2545 elapsed=34s eta=136s
  [difficulty_sampling_D0v2] [epoch 28/100] batch 90/300 (30%) loss=0.2371 elapsed=50s eta=118s
  [difficulty_sampling_D0v2] [epoch 28/100] batch 120/300 (40%) loss=0.2234 elapsed=66s eta=100s
  [difficulty_sampling_D0v2] [epoch 28/100] batch 150/300 (50%) loss=0.2100 elapsed=82s eta=82s
  [difficulty_sampling_D0v2] [epoch 28/100] batch 180/300 (60%) loss=0.1993 elapsed=98s eta=66s
  [difficulty_sampling_D0v2] [epoch 28/100] batch 210/300 (70%) loss=0.1900 elapsed=114s eta=49s
  [difficulty_sampling_D0v2] [epoch 28/100] batch 240/300 (80%) loss=0.1803 elapsed=130s eta=32s
  [difficulty_sampling_D0v2] [epoch 28/100] batch 270/300 (90%) loss=0.1716 elapsed=146s eta=16s
  [difficulty_sampling_D0v2] [epoch 28/100] batch 300/300 (100%) loss=0.1615 elapsed=160s eta=0s
[difficulty_sampling_D0v2] [sampler] sampled: {0: 400, 1: 400, 2: 400} total=1200 spalling_ratio=24.33%
[difficulty_sampling_D0v2] [sampler] unique: {0: 400, 1: 400, 2: 400} unique_total=1200 dup_ratio=1.00x
  difficulty: mean=0.000 std=1.456
[difficulty_sampling_D0v2] [epoch 028/100] remain=72 epochs ep_eta=195.8min (avg 163s/ep)
[difficulty_sampling_D0v2] [epoch 028/100] lr=0.000052  dt=160.2s
  train loss=0.1615  ce=0.1050 dice=0.2180  tversky=0.0000 bd=0.0000  cldice=0.0000
  val   skipped (next val at epoch 30)
[difficulty_sampling_D0v2] [curriculum] epoch 29: stage=0 tiers=[0] pool={0: 400, 1: 0, 2: 0}
  [difficulty_sampling_D0v2] [epoch 29/100] batch 30/300 (10%) loss=0.2732 elapsed=17s eta=155s
  [difficulty_sampling_D0v2] [epoch 29/100] batch 60/300 (20%) loss=0.2499 elapsed=34s eta=135s
  [difficulty_sampling_D0v2] [epoch 29/100] batch 90/300 (30%) loss=0.2312 elapsed=50s eta=117s
  [difficulty_sampling_D0v2] [epoch 29/100] batch 120/300 (40%) loss=0.2180 elapsed=67s eta=100s
  [difficulty_sampling_D0v2] [epoch 29/100] batch 150/300 (50%) loss=0.2048 elapsed=82s eta=82s
  [difficulty_sampling_D0v2] [epoch 29/100] batch 180/300 (60%) loss=0.1933 elapsed=98s eta=65s
  [difficulty_sampling_D0v2] [epoch 29/100] batch 210/300 (70%) loss=0.1834 elapsed=114s eta=49s
  [difficulty_sampling_D0v2] [epoch 29/100] batch 240/300 (80%) loss=0.1744 elapsed=130s eta=33s
  [difficulty_sampling_D0v2] [epoch 29/100] batch 270/300 (90%) loss=0.1659 elapsed=146s eta=16s
  [difficulty_sampling_D0v2] [epoch 29/100] batch 300/300 (100%) loss=0.1565 elapsed=159s eta=0s
[difficulty_sampling_D0v2] [sampler] sampled: {0: 400, 1: 400, 2: 400} total=1200 spalling_ratio=24.33%
[difficulty_sampling_D0v2] [sampler] unique: {0: 400, 1: 400, 2: 400} unique_total=1200 dup_ratio=1.00x
  difficulty: mean=0.000 std=1.464
[difficulty_sampling_D0v2] [epoch 029/100] remain=71 epochs ep_eta=193.0min (avg 163s/ep)
[difficulty_sampling_D0v2] [epoch 029/100] lr=0.000051  dt=159.6s
  train loss=0.1565  ce=0.1010 dice=0.2119  tversky=0.0000 bd=0.0000  cldice=0.0000
  val   skipped (next val at epoch 30)
[difficulty_sampling_D0v2] [curriculum] epoch 30: stage=1 tiers=[0, 1] pool={0: 400, 1: 400, 2: 0}
  [difficulty_sampling_D0v2] [epoch 30/100] batch 30/300 (10%) loss=0.2877 elapsed=17s eta=149s
  [difficulty_sampling_D0v2] [epoch 30/100] batch 60/300 (20%) loss=0.2506 elapsed=34s eta=135s
  [difficulty_sampling_D0v2] [epoch 30/100] batch 90/300 (30%) loss=0.2299 elapsed=50s eta=117s
  [difficulty_sampling_D0v2] [epoch 30/100] batch 120/300 (40%) loss=0.2161 elapsed=66s eta=100s
  [difficulty_sampling_D0v2] [epoch 30/100] batch 150/300 (50%) loss=0.2029 elapsed=83s eta=83s
  [difficulty_sampling_D0v2] [epoch 30/100] batch 180/300 (60%) loss=0.1905 elapsed=99s eta=66s
  [difficulty_sampling_D0v2] [epoch 30/100] batch 210/300 (70%) loss=0.1804 elapsed=115s eta=49s
  [difficulty_sampling_D0v2] [epoch 30/100] batch 240/300 (80%) loss=0.1711 elapsed=130s eta=33s
  [difficulty_sampling_D0v2] [epoch 30/100] batch 270/300 (90%) loss=0.1645 elapsed=145s eta=16s
  [difficulty_sampling_D0v2] [epoch 30/100] batch 300/300 (100%) loss=0.1557 elapsed=158s eta=0s
[difficulty_sampling_D0v2] [sampler] sampled: {0: 400, 1: 400, 2: 400} total=1200 spalling_ratio=24.33%
[difficulty_sampling_D0v2] [sampler] unique: {0: 400, 1: 400, 2: 400} unique_total=1200 dup_ratio=1.00x
  difficulty: mean=0.000 std=1.470
[difficulty_sampling_D0v2] [epoch 030/100] remain=70 epochs ep_eta=190.5min (avg 163s/ep)
[difficulty_sampling_D0v2] [epoch 030/100] lr=0.000050  dt=168.0s
  train loss=0.1557  ce=0.1017 dice=0.2097  tversky=0.0000 bd=0.0000  cldice=0.0000
  val   loss=0.2652
  IoU   bg=0.9779  crack=0.5371  spalling=0.8112  | mIoU_fg=0.6742  pix_acc=0.9782
  Dice  bg=0.9888  crack=0.6988  spalling=0.8958
  BF1   crack=0.7246  spalling=0.6784  | BF1_fg_mean=0.7015
  [difficulty_sampling_D0v2] [best] mIoU_fg=0.6742  saved -> best.pt
[difficulty_sampling_D0v2] [curriculum] epoch 31: stage=1 tiers=[0, 1] pool={0: 400, 1: 400, 2: 0}
  [difficulty_sampling_D0v2] [epoch 31/100] batch 30/300 (10%) loss=0.3007 elapsed=18s eta=162s
  [difficulty_sampling_D0v2] [epoch 31/100] batch 60/300 (20%) loss=0.2673 elapsed=35s eta=138s
  [difficulty_sampling_D0v2] [epoch 31/100] batch 90/300 (30%) loss=0.2410 elapsed=50s eta=118s
  [difficulty_sampling_D0v2] [epoch 31/100] batch 120/300 (40%) loss=0.2238 elapsed=66s eta=99s
  [difficulty_sampling_D0v2] [epoch 31/100] batch 150/300 (50%) loss=0.2088 elapsed=81s eta=81s
  [difficulty_sampling_D0v2] [epoch 31/100] batch 180/300 (60%) loss=0.1965 elapsed=97s eta=64s
  [difficulty_sampling_D0v2] [epoch 31/100] batch 210/300 (70%) loss=0.1860 elapsed=112s eta=48s
  [difficulty_sampling_D0v2] [epoch 31/100] batch 240/300 (80%) loss=0.1776 elapsed=128s eta=32s
  [difficulty_sampling_D0v2] [epoch 31/100] batch 270/300 (90%) loss=0.1682 elapsed=143s eta=16s
  [difficulty_sampling_D0v2] [epoch 31/100] batch 300/300 (100%) loss=0.1587 elapsed=157s eta=0s
[difficulty_sampling_D0v2] [sampler] sampled: {0: 400, 1: 400, 2: 400} total=1200 spalling_ratio=24.33%
[difficulty_sampling_D0v2] [sampler] unique: {0: 400, 1: 400, 2: 400} unique_total=1200 dup_ratio=1.00x
  difficulty: mean=0.000 std=1.477
[difficulty_sampling_D0v2] [epoch 031/100] remain=69 epochs ep_eta=187.7min (avg 163s/ep)
[difficulty_sampling_D0v2] [epoch 031/100] lr=0.000050  dt=157.3s
  train loss=0.1587  ce=0.1023 dice=0.2151  tversky=0.0000 bd=0.0000  cldice=0.0000
  val   skipped (next val at epoch 35)
[difficulty_sampling_D0v2] [curriculum] epoch 32: stage=1 tiers=[0, 1] pool={0: 400, 1: 400, 2: 0}
  [difficulty_sampling_D0v2] [epoch 32/100] batch 30/300 (10%) loss=0.2937 elapsed=17s eta=155s
  [difficulty_sampling_D0v2] [epoch 32/100] batch 60/300 (20%) loss=0.2923 elapsed=34s eta=135s
  [difficulty_sampling_D0v2] [epoch 32/100] batch 90/300 (30%) loss=0.2659 elapsed=51s eta=118s
  [difficulty_sampling_D0v2] [epoch 32/100] batch 120/300 (40%) loss=0.2415 elapsed=66s eta=100s
  [difficulty_sampling_D0v2] [epoch 32/100] batch 150/300 (50%) loss=0.2229 elapsed=82s eta=82s
  [difficulty_sampling_D0v2] [epoch 32/100] batch 180/300 (60%) loss=0.2077 elapsed=99s eta=66s
  [difficulty_sampling_D0v2] [epoch 32/100] batch 210/300 (70%) loss=0.1961 elapsed=114s eta=49s
  [difficulty_sampling_D0v2] [epoch 32/100] batch 240/300 (80%) loss=0.1855 elapsed=130s eta=33s
  [difficulty_sampling_D0v2] [epoch 32/100] batch 270/300 (90%) loss=0.1761 elapsed=147s eta=16s
  [difficulty_sampling_D0v2] [epoch 32/100] batch 300/300 (100%) loss=0.1665 elapsed=161s eta=0s
[difficulty_sampling_D0v2] [sampler] sampled: {0: 400, 1: 400, 2: 400} total=1200 spalling_ratio=24.33%
[difficulty_sampling_D0v2] [sampler] unique: {0: 400, 1: 400, 2: 400} unique_total=1200 dup_ratio=1.00x
  difficulty: mean=0.000 std=1.479
[difficulty_sampling_D0v2] [epoch 032/100] remain=68 epochs ep_eta=185.0min (avg 163s/ep)
[difficulty_sampling_D0v2] [epoch 032/100] lr=0.000049  dt=161.1s
  train loss=0.1665  ce=0.1102 dice=0.2227  tversky=0.0000 bd=0.0000  cldice=0.0000
  val   skipped (next val at epoch 35)
[difficulty_sampling_D0v2] [curriculum] epoch 33: stage=1 tiers=[0, 1] pool={0: 400, 1: 400, 2: 0}
  [difficulty_sampling_D0v2] [epoch 33/100] batch 30/300 (10%) loss=0.2749 elapsed=17s eta=157s
  [difficulty_sampling_D0v2] [epoch 33/100] batch 60/300 (20%) loss=0.2484 elapsed=36s eta=144s
  [difficulty_sampling_D0v2] [epoch 33/100] batch 90/300 (30%) loss=0.2312 elapsed=53s eta=124s
  [difficulty_sampling_D0v2] [epoch 33/100] batch 120/300 (40%) loss=0.2115 elapsed=70s eta=106s
  [difficulty_sampling_D0v2] [epoch 33/100] batch 150/300 (50%) loss=0.2025 elapsed=86s eta=86s
  [difficulty_sampling_D0v2] [epoch 33/100] batch 180/300 (60%) loss=0.1916 elapsed=103s eta=69s
  [difficulty_sampling_D0v2] [epoch 33/100] batch 210/300 (70%) loss=0.1811 elapsed=121s eta=52s
  [difficulty_sampling_D0v2] [epoch 33/100] batch 240/300 (80%) loss=0.1712 elapsed=138s eta=35s
  [difficulty_sampling_D0v2] [epoch 33/100] batch 270/300 (90%) loss=0.1624 elapsed=154s eta=17s
  [difficulty_sampling_D0v2] [epoch 33/100] batch 300/300 (100%) loss=0.1531 elapsed=169s eta=0s
[difficulty_sampling_D0v2] [sampler] sampled: {0: 400, 1: 400, 2: 400} total=1200 spalling_ratio=24.33%
[difficulty_sampling_D0v2] [sampler] unique: {0: 400, 1: 400, 2: 400} unique_total=1200 dup_ratio=1.00x
  difficulty: mean=0.000 std=1.482
[difficulty_sampling_D0v2] [epoch 033/100] remain=67 epochs ep_eta=182.5min (avg 163s/ep)
[difficulty_sampling_D0v2] [epoch 033/100] lr=0.000048  dt=168.7s
  train loss=0.1531  ce=0.1002 dice=0.2060  tversky=0.0000 bd=0.0000  cldice=0.0000
  val   skipped (next val at epoch 35)
[difficulty_sampling_D0v2] [curriculum] epoch 34: stage=1 tiers=[0, 1] pool={0: 400, 1: 400, 2: 0}
  [difficulty_sampling_D0v2] [epoch 34/100] batch 30/300 (10%) loss=0.2668 elapsed=18s eta=166s
  [difficulty_sampling_D0v2] [epoch 34/100] batch 60/300 (20%) loss=0.2484 elapsed=36s eta=146s
  [difficulty_sampling_D0v2] [epoch 34/100] batch 90/300 (30%) loss=0.2312 elapsed=54s eta=126s
  [difficulty_sampling_D0v2] [epoch 34/100] batch 120/300 (40%) loss=0.2171 elapsed=71s eta=107s
  [difficulty_sampling_D0v2] [epoch 34/100] batch 150/300 (50%) loss=0.2030 elapsed=88s eta=88s
  [difficulty_sampling_D0v2] [epoch 34/100] batch 180/300 (60%) loss=0.1904 elapsed=106s eta=70s
  [difficulty_sampling_D0v2] [epoch 34/100] batch 210/300 (70%) loss=0.1799 elapsed=123s eta=53s
  [difficulty_sampling_D0v2] [epoch 34/100] batch 240/300 (80%) loss=0.1713 elapsed=140s eta=35s
  [difficulty_sampling_D0v2] [epoch 34/100] batch 270/300 (90%) loss=0.1618 elapsed=157s eta=17s
  [difficulty_sampling_D0v2] [epoch 34/100] batch 300/300 (100%) loss=0.1533 elapsed=171s eta=0s
[difficulty_sampling_D0v2] [sampler] sampled: {0: 400, 1: 400, 2: 400} total=1200 spalling_ratio=24.33%
[difficulty_sampling_D0v2] [sampler] unique: {0: 400, 1: 400, 2: 400} unique_total=1200 dup_ratio=1.00x
  difficulty: mean=0.000 std=1.485
[difficulty_sampling_D0v2] [epoch 034/100] remain=66 epochs ep_eta=180.1min (avg 164s/ep)
[difficulty_sampling_D0v2] [epoch 034/100] lr=0.000047  dt=171.2s
  train loss=0.1533  ce=0.0996 dice=0.2070  tversky=0.0000 bd=0.0000  cldice=0.0000
  val   skipped (next val at epoch 35)
[difficulty_sampling_D0v2] [curriculum] epoch 35: stage=1 tiers=[0, 1] pool={0: 400, 1: 400, 2: 0}
  [difficulty_sampling_D0v2] [epoch 35/100] batch 30/300 (10%) loss=0.2775 elapsed=17s eta=152s
  [difficulty_sampling_D0v2] [epoch 35/100] batch 60/300 (20%) loss=0.2483 elapsed=32s eta=129s
  [difficulty_sampling_D0v2] [epoch 35/100] batch 90/300 (30%) loss=0.2239 elapsed=49s eta=113s
  [difficulty_sampling_D0v2] [epoch 35/100] batch 120/300 (40%) loss=0.2107 elapsed=65s eta=98s
  [difficulty_sampling_D0v2] [epoch 35/100] batch 150/300 (50%) loss=0.1980 elapsed=81s eta=81s
  [difficulty_sampling_D0v2] [epoch 35/100] batch 180/300 (60%) loss=0.1878 elapsed=97s eta=65s
  [difficulty_sampling_D0v2] [epoch 35/100] batch 210/300 (70%) loss=0.1775 elapsed=114s eta=49s
  [difficulty_sampling_D0v2] [epoch 35/100] batch 240/300 (80%) loss=0.1689 elapsed=129s eta=32s
  [difficulty_sampling_D0v2] [epoch 35/100] batch 270/300 (90%) loss=0.1594 elapsed=145s eta=16s
  [difficulty_sampling_D0v2] [epoch 35/100] batch 300/300 (100%) loss=0.1508 elapsed=159s eta=0s
[difficulty_sampling_D0v2] [sampler] sampled: {0: 400, 1: 400, 2: 400} total=1200 spalling_ratio=24.33%
[difficulty_sampling_D0v2] [sampler] unique: {0: 400, 1: 400, 2: 400} unique_total=1200 dup_ratio=1.00x
  difficulty: mean=0.000 std=1.489
[difficulty_sampling_D0v2] [epoch 035/100] remain=65 epochs ep_eta=177.5min (avg 164s/ep)
[difficulty_sampling_D0v2] [epoch 035/100] lr=0.000046  dt=168.5s
  train loss=0.1508  ce=0.0968 dice=0.2047  tversky=0.0000 bd=0.0000  cldice=0.0000
  val   loss=0.2941
  IoU   bg=0.9767  crack=0.5546  spalling=0.7947  | mIoU_fg=0.6747  pix_acc=0.9774
  Dice  bg=0.9882  crack=0.7135  spalling=0.8856
  BF1   crack=0.7255  spalling=0.6992  | BF1_fg_mean=0.7123
  [difficulty_sampling_D0v2] [best] mIoU_fg=0.6747  saved -> best.pt
[difficulty_sampling_D0v2] [curriculum] epoch 36: stage=1 tiers=[0, 1] pool={0: 400, 1: 400, 2: 0}
  [difficulty_sampling_D0v2] [epoch 36/100] batch 30/300 (10%) loss=0.2773 elapsed=17s eta=152s
  [difficulty_sampling_D0v2] [epoch 36/100] batch 60/300 (20%) loss=0.2427 elapsed=33s eta=131s
  [difficulty_sampling_D0v2] [epoch 36/100] batch 90/300 (30%) loss=0.2227 elapsed=49s eta=115s
  [difficulty_sampling_D0v2] [epoch 36/100] batch 120/300 (40%) loss=0.2118 elapsed=66s eta=100s
  [difficulty_sampling_D0v2] [epoch 36/100] batch 150/300 (50%) loss=0.1996 elapsed=85s eta=85s
  [difficulty_sampling_D0v2] [epoch 36/100] batch 180/300 (60%) loss=0.1887 elapsed=102s eta=68s
  [difficulty_sampling_D0v2] [epoch 36/100] batch 210/300 (70%) loss=0.1786 elapsed=118s eta=51s
  [difficulty_sampling_D0v2] [epoch 36/100] batch 240/300 (80%) loss=0.1714 elapsed=135s eta=34s
  [difficulty_sampling_D0v2] [epoch 36/100] batch 270/300 (90%) loss=0.1632 elapsed=152s eta=17s
  [difficulty_sampling_D0v2] [epoch 36/100] batch 300/300 (100%) loss=0.1544 elapsed=167s eta=0s
[difficulty_sampling_D0v2] [sampler] sampled: {0: 400, 1: 400, 2: 400} total=1200 spalling_ratio=24.33%
[difficulty_sampling_D0v2] [sampler] unique: {0: 400, 1: 400, 2: 400} unique_total=1200 dup_ratio=1.00x
  difficulty: mean=0.000 std=1.490
[difficulty_sampling_D0v2] [epoch 036/100] remain=64 epochs ep_eta=175.0min (avg 164s/ep)
[difficulty_sampling_D0v2] [epoch 036/100] lr=0.000046  dt=167.4s
  train loss=0.1544  ce=0.1001 dice=0.2087  tversky=0.0000 bd=0.0000  cldice=0.0000
  val   skipped (next val at epoch 40)
[difficulty_sampling_D0v2] [curriculum] epoch 37: stage=1 tiers=[0, 1] pool={0: 400, 1: 400, 2: 0}
  [difficulty_sampling_D0v2] [epoch 37/100] batch 30/300 (10%) loss=0.2672 elapsed=18s eta=158s
  [difficulty_sampling_D0v2] [epoch 37/100] batch 60/300 (20%) loss=0.2424 elapsed=35s eta=141s
  [difficulty_sampling_D0v2] [epoch 37/100] batch 90/300 (30%) loss=0.2205 elapsed=53s eta=123s
  [difficulty_sampling_D0v2] [epoch 37/100] batch 120/300 (40%) loss=0.2038 elapsed=70s eta=104s
  [difficulty_sampling_D0v2] [epoch 37/100] batch 150/300 (50%) loss=0.1923 elapsed=86s eta=86s
  [difficulty_sampling_D0v2] [epoch 37/100] batch 180/300 (60%) loss=0.1823 elapsed=103s eta=68s
  [difficulty_sampling_D0v2] [epoch 37/100] batch 210/300 (70%) loss=0.1735 elapsed=120s eta=51s
  [difficulty_sampling_D0v2] [epoch 37/100] batch 240/300 (80%) loss=0.1645 elapsed=135s eta=34s
  [difficulty_sampling_D0v2] [epoch 37/100] batch 270/300 (90%) loss=0.1562 elapsed=152s eta=17s
  [difficulty_sampling_D0v2] [epoch 37/100] batch 300/300 (100%) loss=0.1488 elapsed=167s eta=0s
[difficulty_sampling_D0v2] [sampler] sampled: {0: 400, 1: 400, 2: 400} total=1200 spalling_ratio=24.33%
[difficulty_sampling_D0v2] [sampler] unique: {0: 400, 1: 400, 2: 400} unique_total=1200 dup_ratio=1.00x
  difficulty: mean=0.000 std=1.493
[difficulty_sampling_D0v2] [epoch 037/100] remain=63 epochs ep_eta=172.4min (avg 164s/ep)
[difficulty_sampling_D0v2] [epoch 037/100] lr=0.000045  dt=167.1s
  train loss=0.1488  ce=0.0970 dice=0.2005  tversky=0.0000 bd=0.0000  cldice=0.0000
  val   skipped (next val at epoch 40)
[difficulty_sampling_D0v2] [curriculum] epoch 38: stage=1 tiers=[0, 1] pool={0: 400, 1: 400, 2: 0}
  [difficulty_sampling_D0v2] [epoch 38/100] batch 30/300 (10%) loss=0.2759 elapsed=17s eta=155s
  [difficulty_sampling_D0v2] [epoch 38/100] batch 60/300 (20%) loss=0.2440 elapsed=33s eta=132s
  [difficulty_sampling_D0v2] [epoch 38/100] batch 90/300 (30%) loss=0.2204 elapsed=49s eta=115s
  [difficulty_sampling_D0v2] [epoch 38/100] batch 120/300 (40%) loss=0.2011 elapsed=65s eta=98s
  [difficulty_sampling_D0v2] [epoch 38/100] batch 150/300 (50%) loss=0.1878 elapsed=83s eta=83s
  [difficulty_sampling_D0v2] [epoch 38/100] batch 180/300 (60%) loss=0.1784 elapsed=99s eta=66s
  [difficulty_sampling_D0v2] [epoch 38/100] batch 210/300 (70%) loss=0.1713 elapsed=115s eta=49s
  [difficulty_sampling_D0v2] [epoch 38/100] batch 240/300 (80%) loss=0.1638 elapsed=130s eta=33s
  [difficulty_sampling_D0v2] [epoch 38/100] batch 270/300 (90%) loss=0.1558 elapsed=147s eta=16s
  [difficulty_sampling_D0v2] [epoch 38/100] batch 300/300 (100%) loss=0.1476 elapsed=160s eta=0s
[difficulty_sampling_D0v2] [sampler] sampled: {0: 400, 1: 400, 2: 400} total=1200 spalling_ratio=24.33%
[difficulty_sampling_D0v2] [sampler] unique: {0: 400, 1: 400, 2: 400} unique_total=1200 dup_ratio=1.00x
  difficulty: mean=0.000 std=1.495
[difficulty_sampling_D0v2] [epoch 038/100] remain=62 epochs ep_eta=169.6min (avg 164s/ep)
[difficulty_sampling_D0v2] [epoch 038/100] lr=0.000044  dt=160.4s
  train loss=0.1476  ce=0.0963 dice=0.1988  tversky=0.0000 bd=0.0000  cldice=0.0000
  val   skipped (next val at epoch 40)
[difficulty_sampling_D0v2] [curriculum] epoch 39: stage=1 tiers=[0, 1] pool={0: 400, 1: 400, 2: 0}
  [difficulty_sampling_D0v2] [epoch 39/100] batch 30/300 (10%) loss=0.2631 elapsed=17s eta=154s
  [difficulty_sampling_D0v2] [epoch 39/100] batch 60/300 (20%) loss=0.2463 elapsed=34s eta=135s
  [difficulty_sampling_D0v2] [epoch 39/100] batch 90/300 (30%) loss=0.2267 elapsed=50s eta=117s
  [difficulty_sampling_D0v2] [epoch 39/100] batch 120/300 (40%) loss=0.2101 elapsed=66s eta=99s
  [difficulty_sampling_D0v2] [epoch 39/100] batch 150/300 (50%) loss=0.1958 elapsed=82s eta=82s
  [difficulty_sampling_D0v2] [epoch 39/100] batch 180/300 (60%) loss=0.1838 elapsed=97s eta=65s
  [difficulty_sampling_D0v2] [epoch 39/100] batch 210/300 (70%) loss=0.1742 elapsed=112s eta=48s
  [difficulty_sampling_D0v2] [epoch 39/100] batch 240/300 (80%) loss=0.1649 elapsed=127s eta=32s
  [difficulty_sampling_D0v2] [epoch 39/100] batch 270/300 (90%) loss=0.1559 elapsed=142s eta=16s
  [difficulty_sampling_D0v2] [epoch 39/100] batch 300/300 (100%) loss=0.1465 elapsed=157s eta=0s
[difficulty_sampling_D0v2] [sampler] sampled: {0: 400, 1: 400, 2: 400} total=1200 spalling_ratio=24.33%
[difficulty_sampling_D0v2] [sampler] unique: {0: 400, 1: 400, 2: 400} unique_total=1200 dup_ratio=1.00x
  difficulty: mean=-0.000 std=1.500
[difficulty_sampling_D0v2] [epoch 039/100] remain=61 epochs ep_eta=166.7min (avg 164s/ep)
[difficulty_sampling_D0v2] [epoch 039/100] lr=0.000043  dt=157.1s
  train loss=0.1465  ce=0.0943 dice=0.1986  tversky=0.0000 bd=0.0000  cldice=0.0000
  val   skipped (next val at epoch 40)
[difficulty_sampling_D0v2] [curriculum] epoch 40: stage=1 tiers=[0, 1] pool={0: 400, 1: 400, 2: 0}
  [difficulty_sampling_D0v2] [epoch 40/100] batch 30/300 (10%) loss=0.2742 elapsed=16s eta=145s
  [difficulty_sampling_D0v2] [epoch 40/100] batch 60/300 (20%) loss=0.2373 elapsed=32s eta=130s
  [difficulty_sampling_D0v2] [epoch 40/100] batch 90/300 (30%) loss=0.2152 elapsed=49s eta=114s
  [difficulty_sampling_D0v2] [epoch 40/100] batch 120/300 (40%) loss=0.2011 elapsed=65s eta=97s
  [difficulty_sampling_D0v2] [epoch 40/100] batch 150/300 (50%) loss=0.1878 elapsed=81s eta=81s
  [difficulty_sampling_D0v2] [epoch 40/100] batch 180/300 (60%) loss=0.1771 elapsed=97s eta=65s
  [difficulty_sampling_D0v2] [epoch 40/100] batch 210/300 (70%) loss=0.1673 elapsed=113s eta=48s
  [difficulty_sampling_D0v2] [epoch 40/100] batch 240/300 (80%) loss=0.1587 elapsed=129s eta=32s
  [difficulty_sampling_D0v2] [epoch 40/100] batch 270/300 (90%) loss=0.1514 elapsed=144s eta=16s
  [difficulty_sampling_D0v2] [epoch 40/100] batch 300/300 (100%) loss=0.1428 elapsed=158s eta=0s
[difficulty_sampling_D0v2] [sampler] sampled: {0: 400, 1: 400, 2: 400} total=1200 spalling_ratio=24.33%
[difficulty_sampling_D0v2] [sampler] unique: {0: 400, 1: 400, 2: 400} unique_total=1200 dup_ratio=1.00x
  difficulty: mean=0.000 std=1.504
[difficulty_sampling_D0v2] [epoch 040/100] remain=60 epochs ep_eta=164.1min (avg 164s/ep)
[difficulty_sampling_D0v2] [epoch 040/100] lr=0.000042  dt=168.1s
  train loss=0.1428  ce=0.0925 dice=0.1931  tversky=0.0000 bd=0.0000  cldice=0.0000
  val   loss=0.2513
  IoU   bg=0.9774  crack=0.5560  spalling=0.8098  | mIoU_fg=0.6829  pix_acc=0.9777
  Dice  bg=0.9886  crack=0.7146  spalling=0.8949
  BF1   crack=0.7366  spalling=0.6683  | BF1_fg_mean=0.7024
  [difficulty_sampling_D0v2] [best] mIoU_fg=0.6829  saved -> best.pt
[difficulty_sampling_D0v2] [curriculum] epoch 41: stage=1 tiers=[0, 1] pool={0: 400, 1: 400, 2: 0}
  [difficulty_sampling_D0v2] [epoch 41/100] batch 30/300 (10%) loss=0.2520 elapsed=17s eta=151s
  [difficulty_sampling_D0v2] [epoch 41/100] batch 60/300 (20%) loss=0.2292 elapsed=32s eta=129s
  [difficulty_sampling_D0v2] [epoch 41/100] batch 90/300 (30%) loss=0.2117 elapsed=48s eta=112s
  [difficulty_sampling_D0v2] [epoch 41/100] batch 120/300 (40%) loss=0.1997 elapsed=63s eta=95s
  [difficulty_sampling_D0v2] [epoch 41/100] batch 150/300 (50%) loss=0.1864 elapsed=79s eta=79s
  [difficulty_sampling_D0v2] [epoch 41/100] batch 180/300 (60%) loss=0.1751 elapsed=95s eta=63s
  [difficulty_sampling_D0v2] [epoch 41/100] batch 210/300 (70%) loss=0.1649 elapsed=110s eta=47s
  [difficulty_sampling_D0v2] [epoch 41/100] batch 240/300 (80%) loss=0.1569 elapsed=126s eta=31s
  [difficulty_sampling_D0v2] [epoch 41/100] batch 270/300 (90%) loss=0.1480 elapsed=141s eta=16s
  [difficulty_sampling_D0v2] [epoch 41/100] batch 300/300 (100%) loss=0.1393 elapsed=154s eta=0s
[difficulty_sampling_D0v2] [sampler] sampled: {0: 400, 1: 400, 2: 400} total=1200 spalling_ratio=24.33%
[difficulty_sampling_D0v2] [sampler] unique: {0: 400, 1: 400, 2: 400} unique_total=1200 dup_ratio=1.00x
  difficulty: mean=0.000 std=1.511
[difficulty_sampling_D0v2] [epoch 041/100] remain=59 epochs ep_eta=161.2min (avg 164s/ep)
[difficulty_sampling_D0v2] [epoch 041/100] lr=0.000041  dt=154.2s
  train loss=0.1393  ce=0.0902 dice=0.1884  tversky=0.0000 bd=0.0000  cldice=0.0000
  val   skipped (next val at epoch 45)
[difficulty_sampling_D0v2] [curriculum] epoch 42: stage=1 tiers=[0, 1] pool={0: 400, 1: 400, 2: 0}
  [difficulty_sampling_D0v2] [epoch 42/100] batch 30/300 (10%) loss=0.2615 elapsed=17s eta=151s
  [difficulty_sampling_D0v2] [epoch 42/100] batch 60/300 (20%) loss=0.2315 elapsed=32s eta=130s
  [difficulty_sampling_D0v2] [epoch 42/100] batch 90/300 (30%) loss=0.2123 elapsed=49s eta=114s
  [difficulty_sampling_D0v2] [epoch 42/100] batch 120/300 (40%) loss=0.1940 elapsed=66s eta=99s
  [difficulty_sampling_D0v2] [epoch 42/100] batch 150/300 (50%) loss=0.1841 elapsed=83s eta=83s
  [difficulty_sampling_D0v2] [epoch 42/100] batch 180/300 (60%) loss=0.1737 elapsed=99s eta=66s
  [difficulty_sampling_D0v2] [epoch 42/100] batch 210/300 (70%) loss=0.1670 elapsed=115s eta=49s
  [difficulty_sampling_D0v2] [epoch 42/100] batch 240/300 (80%) loss=0.1588 elapsed=131s eta=33s
  [difficulty_sampling_D0v2] [epoch 42/100] batch 270/300 (90%) loss=0.1514 elapsed=147s eta=16s
  [difficulty_sampling_D0v2] [epoch 42/100] batch 300/300 (100%) loss=0.1424 elapsed=161s eta=0s
[difficulty_sampling_D0v2] [sampler] sampled: {0: 400, 1: 400, 2: 400} total=1200 spalling_ratio=24.33%
[difficulty_sampling_D0v2] [sampler] unique: {0: 400, 1: 400, 2: 400} unique_total=1200 dup_ratio=1.00x
  difficulty: mean=0.000 std=1.516
[difficulty_sampling_D0v2] [epoch 042/100] remain=58 epochs ep_eta=158.4min (avg 164s/ep)
[difficulty_sampling_D0v2] [epoch 042/100] lr=0.000040  dt=161.0s
  train loss=0.1424  ce=0.0916 dice=0.1931  tversky=0.0000 bd=0.0000  cldice=0.0000
  val   skipped (next val at epoch 45)
[difficulty_sampling_D0v2] [curriculum] epoch 43: stage=1 tiers=[0, 1] pool={0: 400, 1: 400, 2: 0}
  [difficulty_sampling_D0v2] [epoch 43/100] batch 30/300 (10%) loss=0.2583 elapsed=16s eta=143s
  [difficulty_sampling_D0v2] [epoch 43/100] batch 60/300 (20%) loss=0.2385 elapsed=33s eta=130s
  [difficulty_sampling_D0v2] [epoch 43/100] batch 90/300 (30%) loss=0.2169 elapsed=49s eta=115s
  [difficulty_sampling_D0v2] [epoch 43/100] batch 120/300 (40%) loss=0.2002 elapsed=65s eta=97s
  [difficulty_sampling_D0v2] [epoch 43/100] batch 150/300 (50%) loss=0.1859 elapsed=81s eta=81s
  [difficulty_sampling_D0v2] [epoch 43/100] batch 180/300 (60%) loss=0.1754 elapsed=97s eta=65s
  [difficulty_sampling_D0v2] [epoch 43/100] batch 210/300 (70%) loss=0.1659 elapsed=113s eta=48s
  [difficulty_sampling_D0v2] [epoch 43/100] batch 240/300 (80%) loss=0.1565 elapsed=128s eta=32s
  [difficulty_sampling_D0v2] [epoch 43/100] batch 270/300 (90%) loss=0.1484 elapsed=143s eta=16s
  [difficulty_sampling_D0v2] [epoch 43/100] batch 300/300 (100%) loss=0.1401 elapsed=157s eta=0s
[difficulty_sampling_D0v2] [sampler] sampled: {0: 400, 1: 400, 2: 400} total=1200 spalling_ratio=24.33%
[difficulty_sampling_D0v2] [sampler] unique: {0: 400, 1: 400, 2: 400} unique_total=1200 dup_ratio=1.00x
  difficulty: mean=0.000 std=1.520
[difficulty_sampling_D0v2] [epoch 043/100] remain=57 epochs ep_eta=155.6min (avg 164s/ep)
[difficulty_sampling_D0v2] [epoch 043/100] lr=0.000039  dt=157.2s
  train loss=0.1401  ce=0.0907 dice=0.1896  tversky=0.0000 bd=0.0000  cldice=0.0000
  val   skipped (next val at epoch 45)
[difficulty_sampling_D0v2] [curriculum] epoch 44: stage=1 tiers=[0, 1] pool={0: 400, 1: 400, 2: 0}
  [difficulty_sampling_D0v2] [epoch 44/100] batch 30/300 (10%) loss=0.2438 elapsed=17s eta=156s
  [difficulty_sampling_D0v2] [epoch 44/100] batch 60/300 (20%) loss=0.2216 elapsed=34s eta=136s
  [difficulty_sampling_D0v2] [epoch 44/100] batch 90/300 (30%) loss=0.2063 elapsed=50s eta=118s
  [difficulty_sampling_D0v2] [epoch 44/100] batch 120/300 (40%) loss=0.1939 elapsed=67s eta=100s
  [difficulty_sampling_D0v2] [epoch 44/100] batch 150/300 (50%) loss=0.1848 elapsed=82s eta=82s
  [difficulty_sampling_D0v2] [epoch 44/100] batch 180/300 (60%) loss=0.1748 elapsed=99s eta=66s
  [difficulty_sampling_D0v2] [epoch 44/100] batch 210/300 (70%) loss=0.1649 elapsed=115s eta=49s
  [difficulty_sampling_D0v2] [epoch 44/100] batch 240/300 (80%) loss=0.1563 elapsed=131s eta=33s
  [difficulty_sampling_D0v2] [epoch 44/100] batch 270/300 (90%) loss=0.1479 elapsed=146s eta=16s
  [difficulty_sampling_D0v2] [epoch 44/100] batch 300/300 (100%) loss=0.1395 elapsed=160s eta=0s
[difficulty_sampling_D0v2] [sampler] sampled: {0: 400, 1: 400, 2: 400} total=1200 spalling_ratio=24.33%
[difficulty_sampling_D0v2] [sampler] unique: {0: 400, 1: 400, 2: 400} unique_total=1200 dup_ratio=1.00x
  difficulty: mean=0.000 std=1.526
[difficulty_sampling_D0v2] [epoch 044/100] remain=56 epochs ep_eta=152.8min (avg 164s/ep)
[difficulty_sampling_D0v2] [epoch 044/100] lr=0.000038  dt=159.8s
  train loss=0.1395  ce=0.0904 dice=0.1886  tversky=0.0000 bd=0.0000  cldice=0.0000
  val   skipped (next val at epoch 45)
[difficulty_sampling_D0v2] [curriculum] epoch 45: stage=1 tiers=[0, 1] pool={0: 400, 1: 400, 2: 0}
  [difficulty_sampling_D0v2] [epoch 45/100] batch 30/300 (10%) loss=0.2461 elapsed=16s eta=148s
  [difficulty_sampling_D0v2] [epoch 45/100] batch 60/300 (20%) loss=0.2261 elapsed=32s eta=129s
  [difficulty_sampling_D0v2] [epoch 45/100] batch 90/300 (30%) loss=0.2080 elapsed=48s eta=112s
  [difficulty_sampling_D0v2] [epoch 45/100] batch 120/300 (40%) loss=0.1935 elapsed=63s eta=95s
  [difficulty_sampling_D0v2] [epoch 45/100] batch 150/300 (50%) loss=0.1806 elapsed=78s eta=78s
  [difficulty_sampling_D0v2] [epoch 45/100] batch 180/300 (60%) loss=0.1698 elapsed=94s eta=63s
  [difficulty_sampling_D0v2] [epoch 45/100] batch 210/300 (70%) loss=0.1602 elapsed=110s eta=47s
  [difficulty_sampling_D0v2] [epoch 45/100] batch 240/300 (80%) loss=0.1517 elapsed=126s eta=31s
  [difficulty_sampling_D0v2] [epoch 45/100] batch 270/300 (90%) loss=0.1434 elapsed=140s eta=16s
  [difficulty_sampling_D0v2] [epoch 45/100] batch 300/300 (100%) loss=0.1350 elapsed=153s eta=0s
[difficulty_sampling_D0v2] [sampler] sampled: {0: 400, 1: 400, 2: 400} total=1200 spalling_ratio=24.33%
[difficulty_sampling_D0v2] [sampler] unique: {0: 400, 1: 400, 2: 400} unique_total=1200 dup_ratio=1.00x
  difficulty: mean=0.000 std=1.529
[difficulty_sampling_D0v2] [epoch 045/100] remain=55 epochs ep_eta=150.1min (avg 164s/ep)
[difficulty_sampling_D0v2] [epoch 045/100] lr=0.000037  dt=163.0s
  train loss=0.1350  ce=0.0886 dice=0.1814  tversky=0.0000 bd=0.0000  cldice=0.0000
  val   loss=0.2803
  IoU   bg=0.9774  crack=0.5609  spalling=0.7964  | mIoU_fg=0.6787  pix_acc=0.9778
  Dice  bg=0.9886  crack=0.7187  spalling=0.8867
  BF1   crack=0.7447  spalling=0.6572  | BF1_fg_mean=0.7010
[difficulty_sampling_D0v2] [curriculum] epoch 46: stage=1 tiers=[0, 1] pool={0: 400, 1: 400, 2: 0}
  [difficulty_sampling_D0v2] [epoch 46/100] batch 30/300 (10%) loss=0.2401 elapsed=17s eta=153s
  [difficulty_sampling_D0v2] [epoch 46/100] batch 60/300 (20%) loss=0.2216 elapsed=33s eta=133s
  [difficulty_sampling_D0v2] [epoch 46/100] batch 90/300 (30%) loss=0.2047 elapsed=49s eta=114s
  [difficulty_sampling_D0v2] [epoch 46/100] batch 120/300 (40%) loss=0.1912 elapsed=65s eta=97s
  [difficulty_sampling_D0v2] [epoch 46/100] batch 150/300 (50%) loss=0.1773 elapsed=81s eta=81s
  [difficulty_sampling_D0v2] [epoch 46/100] batch 180/300 (60%) loss=0.1668 elapsed=97s eta=65s
  [difficulty_sampling_D0v2] [epoch 46/100] batch 210/300 (70%) loss=0.1580 elapsed=113s eta=49s
  [difficulty_sampling_D0v2] [epoch 46/100] batch 240/300 (80%) loss=0.1490 elapsed=129s eta=32s
  [difficulty_sampling_D0v2] [epoch 46/100] batch 270/300 (90%) loss=0.1410 elapsed=145s eta=16s
  [difficulty_sampling_D0v2] [epoch 46/100] batch 300/300 (100%) loss=0.1328 elapsed=158s eta=0s
[difficulty_sampling_D0v2] [sampler] sampled: {0: 400, 1: 400, 2: 400} total=1200 spalling_ratio=24.33%
[difficulty_sampling_D0v2] [sampler] unique: {0: 400, 1: 400, 2: 400} unique_total=1200 dup_ratio=1.00x
  difficulty: mean=0.000 std=1.534
[difficulty_sampling_D0v2] [epoch 046/100] remain=54 epochs ep_eta=147.3min (avg 164s/ep)
[difficulty_sampling_D0v2] [epoch 046/100] lr=0.000036  dt=158.7s
  train loss=0.1328  ce=0.0859 dice=0.1797  tversky=0.0000 bd=0.0000  cldice=0.0000
  val   skipped (next val at epoch 50)
[difficulty_sampling_D0v2] [curriculum] epoch 47: stage=1 tiers=[0, 1] pool={0: 400, 1: 400, 2: 0}
  [difficulty_sampling_D0v2] [epoch 47/100] batch 30/300 (10%) loss=0.2611 elapsed=18s eta=164s
  [difficulty_sampling_D0v2] [epoch 47/100] batch 60/300 (20%) loss=0.2303 elapsed=35s eta=140s
  [difficulty_sampling_D0v2] [epoch 47/100] batch 90/300 (30%) loss=0.2096 elapsed=50s eta=118s
  [difficulty_sampling_D0v2] [epoch 47/100] batch 120/300 (40%) loss=0.1937 elapsed=67s eta=100s
  [difficulty_sampling_D0v2] [epoch 47/100] batch 150/300 (50%) loss=0.1812 elapsed=83s eta=83s
  [difficulty_sampling_D0v2] [epoch 47/100] batch 180/300 (60%) loss=0.1700 elapsed=98s eta=66s
  [difficulty_sampling_D0v2] [epoch 47/100] batch 210/300 (70%) loss=0.1611 elapsed=115s eta=49s
  [difficulty_sampling_D0v2] [epoch 47/100] batch 240/300 (80%) loss=0.1532 elapsed=131s eta=33s
  [difficulty_sampling_D0v2] [epoch 47/100] batch 270/300 (90%) loss=0.1446 elapsed=146s eta=16s
  [difficulty_sampling_D0v2] [epoch 47/100] batch 300/300 (100%) loss=0.1360 elapsed=160s eta=0s
[difficulty_sampling_D0v2] [sampler] sampled: {0: 400, 1: 400, 2: 400} total=1200 spalling_ratio=24.33%
[difficulty_sampling_D0v2] [sampler] unique: {0: 400, 1: 400, 2: 400} unique_total=1200 dup_ratio=1.00x
  difficulty: mean=0.000 std=1.539
[difficulty_sampling_D0v2] [epoch 047/100] remain=53 epochs ep_eta=144.6min (avg 164s/ep)
[difficulty_sampling_D0v2] [epoch 047/100] lr=0.000035  dt=160.6s
  train loss=0.1360  ce=0.0866 dice=0.1853  tversky=0.0000 bd=0.0000  cldice=0.0000
  val   skipped (next val at epoch 50)
[difficulty_sampling_D0v2] [curriculum] epoch 48: stage=1 tiers=[0, 1] pool={0: 400, 1: 400, 2: 0}
  [difficulty_sampling_D0v2] [epoch 48/100] batch 30/300 (10%) loss=0.2456 elapsed=17s eta=150s
  [difficulty_sampling_D0v2] [epoch 48/100] batch 60/300 (20%) loss=0.2209 elapsed=33s eta=133s
  [difficulty_sampling_D0v2] [epoch 48/100] batch 90/300 (30%) loss=0.2007 elapsed=50s eta=116s
  [difficulty_sampling_D0v2] [epoch 48/100] batch 120/300 (40%) loss=0.1855 elapsed=66s eta=99s
  [difficulty_sampling_D0v2] [epoch 48/100] batch 150/300 (50%) loss=0.1727 elapsed=83s eta=83s
  [difficulty_sampling_D0v2] [epoch 48/100] batch 180/300 (60%) loss=0.1616 elapsed=99s eta=66s
  [difficulty_sampling_D0v2] [epoch 48/100] batch 210/300 (70%) loss=0.1534 elapsed=114s eta=49s
  [difficulty_sampling_D0v2] [epoch 48/100] batch 240/300 (80%) loss=0.1464 elapsed=130s eta=32s
  [difficulty_sampling_D0v2] [epoch 48/100] batch 270/300 (90%) loss=0.1387 elapsed=144s eta=16s
  [difficulty_sampling_D0v2] [epoch 48/100] batch 300/300 (100%) loss=0.1305 elapsed=158s eta=0s
[difficulty_sampling_D0v2] [sampler] sampled: {0: 400, 1: 400, 2: 400} total=1200 spalling_ratio=24.33%
[difficulty_sampling_D0v2] [sampler] unique: {0: 400, 1: 400, 2: 400} unique_total=1200 dup_ratio=1.00x
  difficulty: mean=0.000 std=1.544
[difficulty_sampling_D0v2] [epoch 048/100] remain=52 epochs ep_eta=141.7min (avg 164s/ep)
[difficulty_sampling_D0v2] [epoch 048/100] lr=0.000034  dt=158.0s
  train loss=0.1305  ce=0.0844 dice=0.1765  tversky=0.0000 bd=0.0000  cldice=0.0000
  val   skipped (next val at epoch 50)
[difficulty_sampling_D0v2] [curriculum] epoch 49: stage=1 tiers=[0, 1] pool={0: 400, 1: 400, 2: 0}
  [difficulty_sampling_D0v2] [epoch 49/100] batch 30/300 (10%) loss=0.2380 elapsed=16s eta=147s
  [difficulty_sampling_D0v2] [epoch 49/100] batch 60/300 (20%) loss=0.2102 elapsed=33s eta=131s
  [difficulty_sampling_D0v2] [epoch 49/100] batch 90/300 (30%) loss=0.1981 elapsed=49s eta=114s
  [difficulty_sampling_D0v2] [epoch 49/100] batch 120/300 (40%) loss=0.1840 elapsed=65s eta=97s
  [difficulty_sampling_D0v2] [epoch 49/100] batch 150/300 (50%) loss=0.1730 elapsed=81s eta=81s
  [difficulty_sampling_D0v2] [epoch 49/100] batch 180/300 (60%) loss=0.1621 elapsed=97s eta=65s
  [difficulty_sampling_D0v2] [epoch 49/100] batch 210/300 (70%) loss=0.1548 elapsed=112s eta=48s
  [difficulty_sampling_D0v2] [epoch 49/100] batch 240/300 (80%) loss=0.1464 elapsed=128s eta=32s
  [difficulty_sampling_D0v2] [epoch 49/100] batch 270/300 (90%) loss=0.1386 elapsed=143s eta=16s
  [difficulty_sampling_D0v2] [epoch 49/100] batch 300/300 (100%) loss=0.1307 elapsed=157s eta=0s
[difficulty_sampling_D0v2] [sampler] sampled: {0: 400, 1: 400, 2: 400} total=1200 spalling_ratio=24.33%
[difficulty_sampling_D0v2] [sampler] unique: {0: 400, 1: 400, 2: 400} unique_total=1200 dup_ratio=1.00x
  difficulty: mean=0.000 std=1.546
[difficulty_sampling_D0v2] [epoch 049/100] remain=51 epochs ep_eta=138.9min (avg 163s/ep)
[difficulty_sampling_D0v2] [epoch 049/100] lr=0.000033  dt=157.6s
  train loss=0.1307  ce=0.0847 dice=0.1766  tversky=0.0000 bd=0.0000  cldice=0.0000
  val   skipped (next val at epoch 50)
[difficulty_sampling_D0v2] [curriculum] epoch 50: stage=1 tiers=[0, 1] pool={0: 400, 1: 400, 2: 0}
  [difficulty_sampling_D0v2] [epoch 50/100] batch 30/300 (10%) loss=0.2488 elapsed=17s eta=150s
  [difficulty_sampling_D0v2] [epoch 50/100] batch 60/300 (20%) loss=0.2177 elapsed=33s eta=131s
  [difficulty_sampling_D0v2] [epoch 50/100] batch 90/300 (30%) loss=0.2022 elapsed=49s eta=113s
  [difficulty_sampling_D0v2] [epoch 50/100] batch 120/300 (40%) loss=0.1858 elapsed=65s eta=97s
  [difficulty_sampling_D0v2] [epoch 50/100] batch 150/300 (50%) loss=0.1730 elapsed=81s eta=81s
  [difficulty_sampling_D0v2] [epoch 50/100] batch 180/300 (60%) loss=0.1625 elapsed=97s eta=65s
  [difficulty_sampling_D0v2] [epoch 50/100] batch 210/300 (70%) loss=0.1542 elapsed=112s eta=48s
  [difficulty_sampling_D0v2] [epoch 50/100] batch 240/300 (80%) loss=0.1455 elapsed=128s eta=32s
  [difficulty_sampling_D0v2] [epoch 50/100] batch 270/300 (90%) loss=0.1374 elapsed=143s eta=16s
  [difficulty_sampling_D0v2] [epoch 50/100] batch 300/300 (100%) loss=0.1294 elapsed=157s eta=0s
[difficulty_sampling_D0v2] [sampler] sampled: {0: 400, 1: 400, 2: 400} total=1200 spalling_ratio=24.33%
[difficulty_sampling_D0v2] [sampler] unique: {0: 400, 1: 400, 2: 400} unique_total=1200 dup_ratio=1.00x
  difficulty: mean=0.000 std=1.552
[difficulty_sampling_D0v2] [epoch 050/100] remain=50 epochs ep_eta=136.3min (avg 164s/ep)
[difficulty_sampling_D0v2] [epoch 050/100] lr=0.000032  dt=166.8s
  train loss=0.1294  ce=0.0839 dice=0.1748  tversky=0.0000 bd=0.0000  cldice=0.0000
  val   loss=0.3002
  IoU   bg=0.9776  crack=0.5585  spalling=0.8166  | mIoU_fg=0.6875  pix_acc=0.9782
  Dice  bg=0.9887  crack=0.7167  spalling=0.8990
  BF1   crack=0.7354  spalling=0.6624  | BF1_fg_mean=0.6989
  [difficulty_sampling_D0v2] [best] mIoU_fg=0.6875  saved -> best.pt
[difficulty_sampling_D0v2] [curriculum] epoch 51: stage=1 tiers=[0, 1] pool={0: 400, 1: 400, 2: 0}
  [difficulty_sampling_D0v2] [epoch 51/100] batch 30/300 (10%) loss=0.2541 elapsed=17s eta=153s
  [difficulty_sampling_D0v2] [epoch 51/100] batch 60/300 (20%) loss=0.2185 elapsed=33s eta=132s
  [difficulty_sampling_D0v2] [epoch 51/100] batch 90/300 (30%) loss=0.2001 elapsed=49s eta=114s
  [difficulty_sampling_D0v2] [epoch 51/100] batch 120/300 (40%) loss=0.1841 elapsed=64s eta=96s
  [difficulty_sampling_D0v2] [epoch 51/100] batch 150/300 (50%) loss=0.1726 elapsed=79s eta=79s
  [difficulty_sampling_D0v2] [epoch 51/100] batch 180/300 (60%) loss=0.1629 elapsed=94s eta=63s
  [difficulty_sampling_D0v2] [epoch 51/100] batch 210/300 (70%) loss=0.1542 elapsed=110s eta=47s
  [difficulty_sampling_D0v2] [epoch 51/100] batch 240/300 (80%) loss=0.1454 elapsed=124s eta=31s
  [difficulty_sampling_D0v2] [epoch 51/100] batch 270/300 (90%) loss=0.1376 elapsed=139s eta=15s
  [difficulty_sampling_D0v2] [epoch 51/100] batch 300/300 (100%) loss=0.1298 elapsed=151s eta=0s
[difficulty_sampling_D0v2] [sampler] sampled: {0: 400, 1: 400, 2: 400} total=1200 spalling_ratio=24.33%
[difficulty_sampling_D0v2] [sampler] unique: {0: 400, 1: 400, 2: 400} unique_total=1200 dup_ratio=1.00x
  difficulty: mean=0.000 std=1.556
[difficulty_sampling_D0v2] [epoch 051/100] remain=49 epochs ep_eta=133.4min (avg 163s/ep)
[difficulty_sampling_D0v2] [epoch 051/100] lr=0.000031  dt=151.6s
  train loss=0.1298  ce=0.0832 dice=0.1763  tversky=0.0000 bd=0.0000  cldice=0.0000
  val   skipped (next val at epoch 55)
[difficulty_sampling_D0v2] [curriculum] epoch 52: stage=1 tiers=[0, 1] pool={0: 400, 1: 400, 2: 0}
  [difficulty_sampling_D0v2] [epoch 52/100] batch 30/300 (10%) loss=0.2331 elapsed=16s eta=147s
  [difficulty_sampling_D0v2] [epoch 52/100] batch 60/300 (20%) loss=0.2098 elapsed=32s eta=127s
  [difficulty_sampling_D0v2] [epoch 52/100] batch 90/300 (30%) loss=0.1927 elapsed=48s eta=111s
  [difficulty_sampling_D0v2] [epoch 52/100] batch 120/300 (40%) loss=0.1789 elapsed=63s eta=95s
  [difficulty_sampling_D0v2] [epoch 52/100] batch 150/300 (50%) loss=0.1685 elapsed=79s eta=79s
  [difficulty_sampling_D0v2] [epoch 52/100] batch 180/300 (60%) loss=0.1585 elapsed=94s eta=63s
  [difficulty_sampling_D0v2] [epoch 52/100] batch 210/300 (70%) loss=0.1489 elapsed=110s eta=47s
  [difficulty_sampling_D0v2] [epoch 52/100] batch 240/300 (80%) loss=0.1418 elapsed=125s eta=31s
  [difficulty_sampling_D0v2] [epoch 52/100] batch 270/300 (90%) loss=0.1346 elapsed=140s eta=16s
  [difficulty_sampling_D0v2] [epoch 52/100] batch 300/300 (100%) loss=0.1271 elapsed=153s eta=0s
[difficulty_sampling_D0v2] [sampler] sampled: {0: 400, 1: 400, 2: 400} total=1200 spalling_ratio=24.33%
[difficulty_sampling_D0v2] [sampler] unique: {0: 400, 1: 400, 2: 400} unique_total=1200 dup_ratio=1.00x
  difficulty: mean=0.000 std=1.558
[difficulty_sampling_D0v2] [epoch 052/100] remain=48 epochs ep_eta=130.6min (avg 163s/ep)
[difficulty_sampling_D0v2] [epoch 052/100] lr=0.000030  dt=153.4s
  train loss=0.1271  ce=0.0825 dice=0.1716  tversky=0.0000 bd=0.0000  cldice=0.0000
  val   skipped (next val at epoch 55)
[difficulty_sampling_D0v2] [curriculum] epoch 53: stage=1 tiers=[0, 1] pool={0: 400, 1: 400, 2: 0}
  [difficulty_sampling_D0v2] [epoch 53/100] batch 30/300 (10%) loss=0.2364 elapsed=16s eta=145s
  [difficulty_sampling_D0v2] [epoch 53/100] batch 60/300 (20%) loss=0.2142 elapsed=32s eta=127s
  [difficulty_sampling_D0v2] [epoch 53/100] batch 90/300 (30%) loss=0.1955 elapsed=48s eta=112s
  [difficulty_sampling_D0v2] [epoch 53/100] batch 120/300 (40%) loss=0.1830 elapsed=63s eta=95s
  [difficulty_sampling_D0v2] [epoch 53/100] batch 150/300 (50%) loss=0.1682 elapsed=79s eta=79s
  [difficulty_sampling_D0v2] [epoch 53/100] batch 180/300 (60%) loss=0.1564 elapsed=95s eta=63s
  [difficulty_sampling_D0v2] [epoch 53/100] batch 210/300 (70%) loss=0.1490 elapsed=110s eta=47s
  [difficulty_sampling_D0v2] [epoch 53/100] batch 240/300 (80%) loss=0.1408 elapsed=126s eta=31s
  [difficulty_sampling_D0v2] [epoch 53/100] batch 270/300 (90%) loss=0.1328 elapsed=141s eta=16s
  [difficulty_sampling_D0v2] [epoch 53/100] batch 300/300 (100%) loss=0.1247 elapsed=155s eta=0s
[difficulty_sampling_D0v2] [sampler] sampled: {0: 400, 1: 400, 2: 400} total=1200 spalling_ratio=24.33%
[difficulty_sampling_D0v2] [sampler] unique: {0: 400, 1: 400, 2: 400} unique_total=1200 dup_ratio=1.00x
  difficulty: mean=0.000 std=1.563
[difficulty_sampling_D0v2] [epoch 053/100] remain=47 epochs ep_eta=127.8min (avg 163s/ep)
[difficulty_sampling_D0v2] [epoch 053/100] lr=0.000030  dt=154.9s
  train loss=0.1247  ce=0.0807 dice=0.1687  tversky=0.0000 bd=0.0000  cldice=0.0000
  val   skipped (next val at epoch 55)
[difficulty_sampling_D0v2] [curriculum] epoch 54: stage=1 tiers=[0, 1] pool={0: 400, 1: 400, 2: 0}
  [difficulty_sampling_D0v2] [epoch 54/100] batch 30/300 (10%) loss=0.2488 elapsed=17s eta=152s
  [difficulty_sampling_D0v2] [epoch 54/100] batch 60/300 (20%) loss=0.2176 elapsed=33s eta=132s
  [difficulty_sampling_D0v2] [epoch 54/100] batch 90/300 (30%) loss=0.1978 elapsed=49s eta=114s
  [difficulty_sampling_D0v2] [epoch 54/100] batch 120/300 (40%) loss=0.1817 elapsed=64s eta=96s
  [difficulty_sampling_D0v2] [epoch 54/100] batch 150/300 (50%) loss=0.1706 elapsed=80s eta=80s
  [difficulty_sampling_D0v2] [epoch 54/100] batch 180/300 (60%) loss=0.1598 elapsed=96s eta=64s
  [difficulty_sampling_D0v2] [epoch 54/100] batch 210/300 (70%) loss=0.1507 elapsed=112s eta=48s
  [difficulty_sampling_D0v2] [epoch 54/100] batch 240/300 (80%) loss=0.1422 elapsed=128s eta=32s
  [difficulty_sampling_D0v2] [epoch 54/100] batch 270/300 (90%) loss=0.1354 elapsed=143s eta=16s
  [difficulty_sampling_D0v2] [epoch 54/100] batch 300/300 (100%) loss=0.1275 elapsed=157s eta=0s
[difficulty_sampling_D0v2] [sampler] sampled: {0: 400, 1: 400, 2: 400} total=1200 spalling_ratio=24.33%
[difficulty_sampling_D0v2] [sampler] unique: {0: 400, 1: 400, 2: 400} unique_total=1200 dup_ratio=1.00x
  difficulty: mean=0.000 std=1.565
[difficulty_sampling_D0v2] [epoch 054/100] remain=46 epochs ep_eta=125.0min (avg 163s/ep)
[difficulty_sampling_D0v2] [epoch 054/100] lr=0.000029  dt=157.0s
  train loss=0.1275  ce=0.0815 dice=0.1735  tversky=0.0000 bd=0.0000  cldice=0.0000
  val   skipped (next val at epoch 55)
[difficulty_sampling_D0v2] [curriculum] epoch 55: stage=1 tiers=[0, 1] pool={0: 400, 1: 400, 2: 0}
  [difficulty_sampling_D0v2] [epoch 55/100] batch 30/300 (10%) loss=0.2428 elapsed=17s eta=156s
  [difficulty_sampling_D0v2] [epoch 55/100] batch 60/300 (20%) loss=0.2166 elapsed=34s eta=138s
  [difficulty_sampling_D0v2] [epoch 55/100] batch 90/300 (30%) loss=0.1956 elapsed=51s eta=118s
  [difficulty_sampling_D0v2] [epoch 55/100] batch 120/300 (40%) loss=0.1804 elapsed=67s eta=100s
  [difficulty_sampling_D0v2] [epoch 55/100] batch 150/300 (50%) loss=0.1679 elapsed=82s eta=82s
  [difficulty_sampling_D0v2] [epoch 55/100] batch 180/300 (60%) loss=0.1578 elapsed=98s eta=65s
  [difficulty_sampling_D0v2] [epoch 55/100] batch 210/300 (70%) loss=0.1485 elapsed=114s eta=49s
  [difficulty_sampling_D0v2] [epoch 55/100] batch 240/300 (80%) loss=0.1407 elapsed=129s eta=32s
  [difficulty_sampling_D0v2] [epoch 55/100] batch 270/300 (90%) loss=0.1331 elapsed=145s eta=16s
  [difficulty_sampling_D0v2] [epoch 55/100] batch 300/300 (100%) loss=0.1252 elapsed=159s eta=0s
[difficulty_sampling_D0v2] [sampler] sampled: {0: 400, 1: 400, 2: 400} total=1200 spalling_ratio=24.33%
[difficulty_sampling_D0v2] [sampler] unique: {0: 400, 1: 400, 2: 400} unique_total=1200 dup_ratio=1.00x
  difficulty: mean=0.000 std=1.568
[difficulty_sampling_D0v2] [epoch 055/100] remain=45 epochs ep_eta=122.4min (avg 163s/ep)
[difficulty_sampling_D0v2] [epoch 055/100] lr=0.000028  dt=168.5s
  train loss=0.1252  ce=0.0807 dice=0.1696  tversky=0.0000 bd=0.0000  cldice=0.0000
  val   loss=0.3117
  IoU   bg=0.9777  crack=0.5581  spalling=0.8071  | mIoU_fg=0.6826  pix_acc=0.9784
  Dice  bg=0.9887  crack=0.7164  spalling=0.8933
  BF1   crack=0.7384  spalling=0.6686  | BF1_fg_mean=0.7035
[difficulty_sampling_D0v2] [curriculum] epoch 56: stage=1 tiers=[0, 1] pool={0: 400, 1: 400, 2: 0}
  [difficulty_sampling_D0v2] [epoch 56/100] batch 30/300 (10%) loss=0.2376 elapsed=17s eta=151s
  [difficulty_sampling_D0v2] [epoch 56/100] batch 60/300 (20%) loss=0.2149 elapsed=33s eta=130s
  [difficulty_sampling_D0v2] [epoch 56/100] batch 90/300 (30%) loss=0.1951 elapsed=49s eta=113s
  [difficulty_sampling_D0v2] [epoch 56/100] batch 120/300 (40%) loss=0.1808 elapsed=64s eta=96s
  [difficulty_sampling_D0v2] [epoch 56/100] batch 150/300 (50%) loss=0.1683 elapsed=79s eta=79s
  [difficulty_sampling_D0v2] [epoch 56/100] batch 180/300 (60%) loss=0.1571 elapsed=95s eta=63s
  [difficulty_sampling_D0v2] [epoch 56/100] batch 210/300 (70%) loss=0.1490 elapsed=110s eta=47s
  [difficulty_sampling_D0v2] [epoch 56/100] batch 240/300 (80%) loss=0.1405 elapsed=125s eta=31s
  [difficulty_sampling_D0v2] [epoch 56/100] batch 270/300 (90%) loss=0.1325 elapsed=140s eta=16s
  [difficulty_sampling_D0v2] [epoch 56/100] batch 300/300 (100%) loss=0.1248 elapsed=154s eta=0s
[difficulty_sampling_D0v2] [sampler] sampled: {0: 400, 1: 400, 2: 400} total=1200 spalling_ratio=24.33%
[difficulty_sampling_D0v2] [sampler] unique: {0: 400, 1: 400, 2: 400} unique_total=1200 dup_ratio=1.00x
  difficulty: mean=0.000 std=1.571
[difficulty_sampling_D0v2] [epoch 056/100] remain=44 epochs ep_eta=119.5min (avg 163s/ep)
[difficulty_sampling_D0v2] [epoch 056/100] lr=0.000027  dt=154.1s
  train loss=0.1248  ce=0.0802 dice=0.1694  tversky=0.0000 bd=0.0000  cldice=0.0000
  val   skipped (next val at epoch 60)
[difficulty_sampling_D0v2] [curriculum] epoch 57: stage=1 tiers=[0, 1] pool={0: 400, 1: 400, 2: 0}
  [difficulty_sampling_D0v2] [epoch 57/100] batch 30/300 (10%) loss=0.2320 elapsed=17s eta=149s
  [difficulty_sampling_D0v2] [epoch 57/100] batch 60/300 (20%) loss=0.2073 elapsed=33s eta=134s
  [difficulty_sampling_D0v2] [epoch 57/100] batch 90/300 (30%) loss=0.1934 elapsed=49s eta=115s
  [difficulty_sampling_D0v2] [epoch 57/100] batch 120/300 (40%) loss=0.1784 elapsed=66s eta=99s
  [difficulty_sampling_D0v2] [epoch 57/100] batch 150/300 (50%) loss=0.1661 elapsed=82s eta=82s
  [difficulty_sampling_D0v2] [epoch 57/100] batch 180/300 (60%) loss=0.1564 elapsed=98s eta=66s
  [difficulty_sampling_D0v2] [epoch 57/100] batch 210/300 (70%) loss=0.1477 elapsed=114s eta=49s
  [difficulty_sampling_D0v2] [epoch 57/100] batch 240/300 (80%) loss=0.1396 elapsed=130s eta=32s
  [difficulty_sampling_D0v2] [epoch 57/100] batch 270/300 (90%) loss=0.1324 elapsed=145s eta=16s
  [difficulty_sampling_D0v2] [epoch 57/100] batch 300/300 (100%) loss=0.1242 elapsed=159s eta=0s
[difficulty_sampling_D0v2] [sampler] sampled: {0: 400, 1: 400, 2: 400} total=1200 spalling_ratio=24.33%
[difficulty_sampling_D0v2] [sampler] unique: {0: 400, 1: 400, 2: 400} unique_total=1200 dup_ratio=1.00x
  difficulty: mean=0.000 std=1.574
[difficulty_sampling_D0v2] [epoch 057/100] remain=43 epochs ep_eta=116.8min (avg 163s/ep)
[difficulty_sampling_D0v2] [epoch 057/100] lr=0.000026  dt=159.3s
  train loss=0.1242  ce=0.0796 dice=0.1689  tversky=0.0000 bd=0.0000  cldice=0.0000
  val   skipped (next val at epoch 60)
[difficulty_sampling_D0v2] [curriculum] epoch 58: stage=1 tiers=[0, 1] pool={0: 400, 1: 400, 2: 0}
  [difficulty_sampling_D0v2] [epoch 58/100] batch 30/300 (10%) loss=0.2303 elapsed=17s eta=154s
  [difficulty_sampling_D0v2] [epoch 58/100] batch 60/300 (20%) loss=0.2056 elapsed=33s eta=134s
  [difficulty_sampling_D0v2] [epoch 58/100] batch 90/300 (30%) loss=0.1911 elapsed=49s eta=115s
  [difficulty_sampling_D0v2] [epoch 58/100] batch 120/300 (40%) loss=0.1768 elapsed=65s eta=98s
  [difficulty_sampling_D0v2] [epoch 58/100] batch 150/300 (50%) loss=0.1641 elapsed=81s eta=81s
  [difficulty_sampling_D0v2] [epoch 58/100] batch 180/300 (60%) loss=0.1535 elapsed=97s eta=65s
  [difficulty_sampling_D0v2] [epoch 58/100] batch 210/300 (70%) loss=0.1447 elapsed=113s eta=49s
  [difficulty_sampling_D0v2] [epoch 58/100] batch 240/300 (80%) loss=0.1368 elapsed=129s eta=32s
  [difficulty_sampling_D0v2] [epoch 58/100] batch 270/300 (90%) loss=0.1298 elapsed=144s eta=16s
  [difficulty_sampling_D0v2] [epoch 58/100] batch 300/300 (100%) loss=0.1227 elapsed=156s eta=0s
[difficulty_sampling_D0v2] [sampler] sampled: {0: 400, 1: 400, 2: 400} total=1200 spalling_ratio=24.33%
[difficulty_sampling_D0v2] [sampler] unique: {0: 400, 1: 400, 2: 400} unique_total=1200 dup_ratio=1.00x
  difficulty: mean=0.000 std=1.577
[difficulty_sampling_D0v2] [epoch 058/100] remain=42 epochs ep_eta=114.0min (avg 163s/ep)
[difficulty_sampling_D0v2] [epoch 058/100] lr=0.000025  dt=156.6s
  train loss=0.1227  ce=0.0789 dice=0.1665  tversky=0.0000 bd=0.0000  cldice=0.0000
  val   skipped (next val at epoch 60)
[difficulty_sampling_D0v2] [curriculum] epoch 59: stage=1 tiers=[0, 1] pool={0: 400, 1: 400, 2: 0}
  [difficulty_sampling_D0v2] [epoch 59/100] batch 30/300 (10%) loss=0.2361 elapsed=16s eta=143s
  [difficulty_sampling_D0v2] [epoch 59/100] batch 60/300 (20%) loss=0.2069 elapsed=32s eta=126s
  [difficulty_sampling_D0v2] [epoch 59/100] batch 90/300 (30%) loss=0.1897 elapsed=47s eta=110s
  [difficulty_sampling_D0v2] [epoch 59/100] batch 120/300 (40%) loss=0.1746 elapsed=63s eta=94s
  [difficulty_sampling_D0v2] [epoch 59/100] batch 150/300 (50%) loss=0.1664 elapsed=78s eta=78s
  [difficulty_sampling_D0v2] [epoch 59/100] batch 180/300 (60%) loss=0.1550 elapsed=93s eta=62s
  [difficulty_sampling_D0v2] [epoch 59/100] batch 210/300 (70%) loss=0.1464 elapsed=108s eta=46s
  [difficulty_sampling_D0v2] [epoch 59/100] batch 240/300 (80%) loss=0.1382 elapsed=124s eta=31s
  [difficulty_sampling_D0v2] [epoch 59/100] batch 270/300 (90%) loss=0.1305 elapsed=140s eta=16s
  [difficulty_sampling_D0v2] [epoch 59/100] batch 300/300 (100%) loss=0.1239 elapsed=153s eta=0s
[difficulty_sampling_D0v2] [sampler] sampled: {0: 400, 1: 400, 2: 400} total=1200 spalling_ratio=24.33%
[difficulty_sampling_D0v2] [sampler] unique: {0: 400, 1: 400, 2: 400} unique_total=1200 dup_ratio=1.00x
  difficulty: mean=0.000 std=1.578
[difficulty_sampling_D0v2] [epoch 059/100] remain=41 epochs ep_eta=111.2min (avg 163s/ep)
[difficulty_sampling_D0v2] [epoch 059/100] lr=0.000024  dt=153.5s
  train loss=0.1239  ce=0.0790 dice=0.1688  tversky=0.0000 bd=0.0000  cldice=0.0000
  val   skipped (next val at epoch 60)
[difficulty_sampling_D0v2] [curriculum] epoch 60: stage=1 tiers=[0, 1] pool={0: 400, 1: 400, 2: 0}
  [difficulty_sampling_D0v2] [epoch 60/100] batch 30/300 (10%) loss=0.2261 elapsed=17s eta=149s
  [difficulty_sampling_D0v2] [epoch 60/100] batch 60/300 (20%) loss=0.2066 elapsed=33s eta=131s
  [difficulty_sampling_D0v2] [epoch 60/100] batch 90/300 (30%) loss=0.1880 elapsed=49s eta=114s
  [difficulty_sampling_D0v2] [epoch 60/100] batch 120/300 (40%) loss=0.1707 elapsed=65s eta=97s
  [difficulty_sampling_D0v2] [epoch 60/100] batch 150/300 (50%) loss=0.1604 elapsed=80s eta=80s
  [difficulty_sampling_D0v2] [epoch 60/100] batch 180/300 (60%) loss=0.1510 elapsed=96s eta=64s
  [difficulty_sampling_D0v2] [epoch 60/100] batch 210/300 (70%) loss=0.1424 elapsed=113s eta=48s
  [difficulty_sampling_D0v2] [epoch 60/100] batch 240/300 (80%) loss=0.1347 elapsed=128s eta=32s
  [difficulty_sampling_D0v2] [epoch 60/100] batch 270/300 (90%) loss=0.1279 elapsed=144s eta=16s
  [difficulty_sampling_D0v2] [epoch 60/100] batch 300/300 (100%) loss=0.1203 elapsed=157s eta=0s
[difficulty_sampling_D0v2] [sampler] sampled: {0: 400, 1: 400, 2: 400} total=1200 spalling_ratio=24.33%
[difficulty_sampling_D0v2] [sampler] unique: {0: 400, 1: 400, 2: 400} unique_total=1200 dup_ratio=1.00x
  difficulty: mean=0.000 std=1.580
[difficulty_sampling_D0v2] [epoch 060/100] remain=40 epochs ep_eta=108.6min (avg 163s/ep)
[difficulty_sampling_D0v2] [epoch 060/100] lr=0.000023  dt=167.1s
  train loss=0.1203  ce=0.0770 dice=0.1636  tversky=0.0000 bd=0.0000  cldice=0.0000
  val   loss=0.2811
  IoU   bg=0.9778  crack=0.5717  spalling=0.8083  | mIoU_fg=0.6900  pix_acc=0.9784
  Dice  bg=0.9888  crack=0.7275  spalling=0.8940
  BF1   crack=0.7474  spalling=0.6753  | BF1_fg_mean=0.7113
  [difficulty_sampling_D0v2] [best] mIoU_fg=0.6900  saved -> best.pt
[difficulty_sampling_D0v2] [curriculum] epoch 61: stage=1 tiers=[0, 1] pool={0: 400, 1: 400, 2: 0}
  [difficulty_sampling_D0v2] [epoch 61/100] batch 30/300 (10%) loss=0.2365 elapsed=17s eta=155s
  [difficulty_sampling_D0v2] [epoch 61/100] batch 60/300 (20%) loss=0.2101 elapsed=34s eta=135s
  [difficulty_sampling_D0v2] [epoch 61/100] batch 90/300 (30%) loss=0.1901 elapsed=50s eta=116s
  [difficulty_sampling_D0v2] [epoch 61/100] batch 120/300 (40%) loss=0.1749 elapsed=65s eta=97s
  [difficulty_sampling_D0v2] [epoch 61/100] batch 150/300 (50%) loss=0.1627 elapsed=81s eta=81s
  [difficulty_sampling_D0v2] [epoch 61/100] batch 180/300 (60%) loss=0.1536 elapsed=96s eta=64s
  [difficulty_sampling_D0v2] [epoch 61/100] batch 210/300 (70%) loss=0.1441 elapsed=112s eta=48s
  [difficulty_sampling_D0v2] [epoch 61/100] batch 240/300 (80%) loss=0.1361 elapsed=128s eta=32s
  [difficulty_sampling_D0v2] [epoch 61/100] batch 270/300 (90%) loss=0.1280 elapsed=143s eta=16s
  [difficulty_sampling_D0v2] [epoch 61/100] batch 300/300 (100%) loss=0.1202 elapsed=157s eta=0s
[difficulty_sampling_D0v2] [sampler] sampled: {0: 400, 1: 400, 2: 400} total=1200 spalling_ratio=24.33%
[difficulty_sampling_D0v2] [sampler] unique: {0: 400, 1: 400, 2: 400} unique_total=1200 dup_ratio=1.00x
  difficulty: mean=0.000 std=1.583
[difficulty_sampling_D0v2] [epoch 061/100] remain=39 epochs ep_eta=105.8min (avg 163s/ep)
[difficulty_sampling_D0v2] [epoch 061/100] lr=0.000022  dt=156.7s
  train loss=0.1202  ce=0.0764 dice=0.1639  tversky=0.0000 bd=0.0000  cldice=0.0000
  val   skipped (next val at epoch 65)
[difficulty_sampling_D0v2] [curriculum] epoch 62: stage=1 tiers=[0, 1] pool={0: 400, 1: 400, 2: 0}
  [difficulty_sampling_D0v2] [epoch 62/100] batch 30/300 (10%) loss=0.2363 elapsed=16s eta=147s
  [difficulty_sampling_D0v2] [epoch 62/100] batch 60/300 (20%) loss=0.2073 elapsed=32s eta=129s
  [difficulty_sampling_D0v2] [epoch 62/100] batch 90/300 (30%) loss=0.1918 elapsed=48s eta=112s
  [difficulty_sampling_D0v2] [epoch 62/100] batch 120/300 (40%) loss=0.1744 elapsed=64s eta=96s
  [difficulty_sampling_D0v2] [epoch 62/100] batch 150/300 (50%) loss=0.1627 elapsed=80s eta=80s
  [difficulty_sampling_D0v2] [epoch 62/100] batch 180/300 (60%) loss=0.1519 elapsed=96s eta=64s
  [difficulty_sampling_D0v2] [epoch 62/100] batch 210/300 (70%) loss=0.1436 elapsed=112s eta=48s
  [difficulty_sampling_D0v2] [epoch 62/100] batch 240/300 (80%) loss=0.1354 elapsed=127s eta=32s
  [difficulty_sampling_D0v2] [epoch 62/100] batch 270/300 (90%) loss=0.1280 elapsed=143s eta=16s
  [difficulty_sampling_D0v2] [epoch 62/100] batch 300/300 (100%) loss=0.1203 elapsed=156s eta=0s
[difficulty_sampling_D0v2] [sampler] sampled: {0: 400, 1: 400, 2: 400} total=1200 spalling_ratio=24.33%
[difficulty_sampling_D0v2] [sampler] unique: {0: 400, 1: 400, 2: 400} unique_total=1200 dup_ratio=1.00x
  difficulty: mean=0.000 std=1.586
[difficulty_sampling_D0v2] [epoch 062/100] remain=38 epochs ep_eta=103.1min (avg 163s/ep)
[difficulty_sampling_D0v2] [epoch 062/100] lr=0.000021  dt=156.7s
  train loss=0.1203  ce=0.0769 dice=0.1637  tversky=0.0000 bd=0.0000  cldice=0.0000
  val   skipped (next val at epoch 65)
[difficulty_sampling_D0v2] [curriculum] epoch 63: stage=1 tiers=[0, 1] pool={0: 400, 1: 400, 2: 0}
  [difficulty_sampling_D0v2] [epoch 63/100] batch 30/300 (10%) loss=0.2336 elapsed=17s eta=153s
  [difficulty_sampling_D0v2] [epoch 63/100] batch 60/300 (20%) loss=0.2059 elapsed=33s eta=133s
  [difficulty_sampling_D0v2] [epoch 63/100] batch 90/300 (30%) loss=0.1880 elapsed=50s eta=116s
  [difficulty_sampling_D0v2] [epoch 63/100] batch 120/300 (40%) loss=0.1727 elapsed=66s eta=98s
  [difficulty_sampling_D0v2] [epoch 63/100] batch 150/300 (50%) loss=0.1592 elapsed=82s eta=82s
  [difficulty_sampling_D0v2] [epoch 63/100] batch 180/300 (60%) loss=0.1502 elapsed=97s eta=65s
  [difficulty_sampling_D0v2] [epoch 63/100] batch 210/300 (70%) loss=0.1424 elapsed=114s eta=49s
  [difficulty_sampling_D0v2] [epoch 63/100] batch 240/300 (80%) loss=0.1346 elapsed=129s eta=32s
  [difficulty_sampling_D0v2] [epoch 63/100] batch 270/300 (90%) loss=0.1275 elapsed=145s eta=16s
  [difficulty_sampling_D0v2] [epoch 63/100] batch 300/300 (100%) loss=0.1197 elapsed=158s eta=0s
[difficulty_sampling_D0v2] [sampler] sampled: {0: 400, 1: 400, 2: 400} total=1200 spalling_ratio=24.33%
[difficulty_sampling_D0v2] [sampler] unique: {0: 400, 1: 400, 2: 400} unique_total=1200 dup_ratio=1.00x
  difficulty: mean=0.000 std=1.588
[difficulty_sampling_D0v2] [epoch 063/100] remain=37 epochs ep_eta=100.3min (avg 163s/ep)
[difficulty_sampling_D0v2] [epoch 063/100] lr=0.000020  dt=158.2s
  train loss=0.1197  ce=0.0755 dice=0.1638  tversky=0.0000 bd=0.0000  cldice=0.0000
  val   skipped (next val at epoch 65)
[difficulty_sampling_D0v2] [curriculum] epoch 64: stage=1 tiers=[0, 1] pool={0: 400, 1: 400, 2: 0}
  [difficulty_sampling_D0v2] [epoch 64/100] batch 30/300 (10%) loss=0.2393 elapsed=17s eta=152s
  [difficulty_sampling_D0v2] [epoch 64/100] batch 60/300 (20%) loss=0.2060 elapsed=33s eta=134s
  [difficulty_sampling_D0v2] [epoch 64/100] batch 90/300 (30%) loss=0.1871 elapsed=49s eta=115s
  [difficulty_sampling_D0v2] [epoch 64/100] batch 120/300 (40%) loss=0.1725 elapsed=65s eta=97s
  [difficulty_sampling_D0v2] [epoch 64/100] batch 150/300 (50%) loss=0.1607 elapsed=80s eta=80s
  [difficulty_sampling_D0v2] [epoch 64/100] batch 180/300 (60%) loss=0.1497 elapsed=96s eta=64s
  [difficulty_sampling_D0v2] [epoch 64/100] batch 210/300 (70%) loss=0.1406 elapsed=111s eta=48s
  [difficulty_sampling_D0v2] [epoch 64/100] batch 240/300 (80%) loss=0.1332 elapsed=126s eta=32s
  [difficulty_sampling_D0v2] [epoch 64/100] batch 270/300 (90%) loss=0.1258 elapsed=142s eta=16s
  [difficulty_sampling_D0v2] [epoch 64/100] batch 300/300 (100%) loss=0.1182 elapsed=155s eta=0s
[difficulty_sampling_D0v2] [sampler] sampled: {0: 400, 1: 400, 2: 400} total=1200 spalling_ratio=24.33%
[difficulty_sampling_D0v2] [sampler] unique: {0: 400, 1: 400, 2: 400} unique_total=1200 dup_ratio=1.00x
  difficulty: mean=0.000 std=1.589
[difficulty_sampling_D0v2] [epoch 064/100] remain=36 epochs ep_eta=97.5min (avg 163s/ep)
[difficulty_sampling_D0v2] [epoch 064/100] lr=0.000019  dt=155.2s
  train loss=0.1182  ce=0.0750 dice=0.1614  tversky=0.0000 bd=0.0000  cldice=0.0000
  val   skipped (next val at epoch 65)
[difficulty_sampling_D0v2] [curriculum] epoch 65: stage=1 tiers=[0, 1] pool={0: 400, 1: 400, 2: 0}
  [difficulty_sampling_D0v2] [epoch 65/100] batch 30/300 (10%) loss=0.2246 elapsed=16s eta=148s
  [difficulty_sampling_D0v2] [epoch 65/100] batch 60/300 (20%) loss=0.1973 elapsed=32s eta=129s
  [difficulty_sampling_D0v2] [epoch 65/100] batch 90/300 (30%) loss=0.1836 elapsed=48s eta=112s
  [difficulty_sampling_D0v2] [epoch 65/100] batch 120/300 (40%) loss=0.1677 elapsed=64s eta=95s
  [difficulty_sampling_D0v2] [epoch 65/100] batch 150/300 (50%) loss=0.1554 elapsed=79s eta=79s
  [difficulty_sampling_D0v2] [epoch 65/100] batch 180/300 (60%) loss=0.1456 elapsed=95s eta=63s
  [difficulty_sampling_D0v2] [epoch 65/100] batch 210/300 (70%) loss=0.1371 elapsed=110s eta=47s
  [difficulty_sampling_D0v2] [epoch 65/100] batch 240/300 (80%) loss=0.1298 elapsed=126s eta=31s
  [difficulty_sampling_D0v2] [epoch 65/100] batch 270/300 (90%) loss=0.1225 elapsed=141s eta=16s
  [difficulty_sampling_D0v2] [epoch 65/100] batch 300/300 (100%) loss=0.1151 elapsed=154s eta=0s
[difficulty_sampling_D0v2] [sampler] sampled: {0: 400, 1: 400, 2: 400} total=1200 spalling_ratio=24.33%
[difficulty_sampling_D0v2] [sampler] unique: {0: 400, 1: 400, 2: 400} unique_total=1200 dup_ratio=1.00x
  difficulty: mean=0.000 std=1.591
[difficulty_sampling_D0v2] [epoch 065/100] remain=35 epochs ep_eta=94.9min (avg 163s/ep)
[difficulty_sampling_D0v2] [epoch 065/100] lr=0.000018  dt=164.0s
  train loss=0.1151  ce=0.0742 dice=0.1559  tversky=0.0000 bd=0.0000  cldice=0.0000
  val   loss=0.3010
  IoU   bg=0.9779  crack=0.5655  spalling=0.8071  | mIoU_fg=0.6863  pix_acc=0.9785
  Dice  bg=0.9888  crack=0.7224  spalling=0.8932
  BF1   crack=0.7414  spalling=0.6489  | BF1_fg_mean=0.6952
[difficulty_sampling_D0v2] [curriculum] epoch 66: stage=1 tiers=[0, 1] pool={0: 400, 1: 400, 2: 0}
  [difficulty_sampling_D0v2] [epoch 66/100] batch 30/300 (10%) loss=0.2305 elapsed=16s eta=147s
  [difficulty_sampling_D0v2] [epoch 66/100] batch 60/300 (20%) loss=0.1986 elapsed=32s eta=130s
  [difficulty_sampling_D0v2] [epoch 66/100] batch 90/300 (30%) loss=0.1784 elapsed=49s eta=114s
  [difficulty_sampling_D0v2] [epoch 66/100] batch 120/300 (40%) loss=0.1666 elapsed=64s eta=96s
  [difficulty_sampling_D0v2] [epoch 66/100] batch 150/300 (50%) loss=0.1551 elapsed=80s eta=80s
  [difficulty_sampling_D0v2] [epoch 66/100] batch 180/300 (60%) loss=0.1462 elapsed=95s eta=64s
  [difficulty_sampling_D0v2] [epoch 66/100] batch 210/300 (70%) loss=0.1379 elapsed=111s eta=48s
  [difficulty_sampling_D0v2] [epoch 66/100] batch 240/300 (80%) loss=0.1306 elapsed=127s eta=32s
  [difficulty_sampling_D0v2] [epoch 66/100] batch 270/300 (90%) loss=0.1232 elapsed=142s eta=16s
  [difficulty_sampling_D0v2] [epoch 66/100] batch 300/300 (100%) loss=0.1157 elapsed=156s eta=0s
[difficulty_sampling_D0v2] [sampler] sampled: {0: 400, 1: 400, 2: 400} total=1200 spalling_ratio=24.33%
[difficulty_sampling_D0v2] [sampler] unique: {0: 400, 1: 400, 2: 400} unique_total=1200 dup_ratio=1.00x
  difficulty: mean=0.000 std=1.593
[difficulty_sampling_D0v2] [epoch 066/100] remain=34 epochs ep_eta=92.1min (avg 163s/ep)
[difficulty_sampling_D0v2] [epoch 066/100] lr=0.000017  dt=156.3s
  train loss=0.1157  ce=0.0743 dice=0.1572  tversky=0.0000 bd=0.0000  cldice=0.0000
  val   skipped (next val at epoch 70)
[difficulty_sampling_D0v2] [curriculum] epoch 67: stage=1 tiers=[0, 1] pool={0: 400, 1: 400, 2: 0}
  [difficulty_sampling_D0v2] [epoch 67/100] batch 30/300 (10%) loss=0.2229 elapsed=17s eta=149s
  [difficulty_sampling_D0v2] [epoch 67/100] batch 60/300 (20%) loss=0.1979 elapsed=33s eta=132s
  [difficulty_sampling_D0v2] [epoch 67/100] batch 90/300 (30%) loss=0.1799 elapsed=49s eta=113s
  [difficulty_sampling_D0v2] [epoch 67/100] batch 120/300 (40%) loss=0.1639 elapsed=64s eta=96s
  [difficulty_sampling_D0v2] [epoch 67/100] batch 150/300 (50%) loss=0.1541 elapsed=79s eta=79s
  [difficulty_sampling_D0v2] [epoch 67/100] batch 180/300 (60%) loss=0.1446 elapsed=94s eta=63s
  [difficulty_sampling_D0v2] [epoch 67/100] batch 210/300 (70%) loss=0.1361 elapsed=110s eta=47s
  [difficulty_sampling_D0v2] [epoch 67/100] batch 240/300 (80%) loss=0.1288 elapsed=126s eta=31s
  [difficulty_sampling_D0v2] [epoch 67/100] batch 270/300 (90%) loss=0.1223 elapsed=141s eta=16s
  [difficulty_sampling_D0v2] [epoch 67/100] batch 300/300 (100%) loss=0.1144 elapsed=154s eta=0s
[difficulty_sampling_D0v2] [sampler] sampled: {0: 400, 1: 400, 2: 400} total=1200 spalling_ratio=24.33%
[difficulty_sampling_D0v2] [sampler] unique: {0: 400, 1: 400, 2: 400} unique_total=1200 dup_ratio=1.00x
  difficulty: mean=0.000 std=1.596
[difficulty_sampling_D0v2] [epoch 067/100] remain=33 epochs ep_eta=89.4min (avg 162s/ep)
[difficulty_sampling_D0v2] [epoch 067/100] lr=0.000016  dt=154.7s
  train loss=0.1144  ce=0.0738 dice=0.1550  tversky=0.0000 bd=0.0000  cldice=0.0000
  val   skipped (next val at epoch 70)
[difficulty_sampling_D0v2] [curriculum] epoch 68: stage=1 tiers=[0, 1] pool={0: 400, 1: 400, 2: 0}
  [difficulty_sampling_D0v2] [epoch 68/100] batch 30/300 (10%) loss=0.2314 elapsed=17s eta=151s
  [difficulty_sampling_D0v2] [epoch 68/100] batch 60/300 (20%) loss=0.1996 elapsed=33s eta=133s
  [difficulty_sampling_D0v2] [epoch 68/100] batch 90/300 (30%) loss=0.1808 elapsed=49s eta=115s
  [difficulty_sampling_D0v2] [epoch 68/100] batch 120/300 (40%) loss=0.1649 elapsed=65s eta=98s
  [difficulty_sampling_D0v2] [epoch 68/100] batch 150/300 (50%) loss=0.1535 elapsed=81s eta=81s
  [difficulty_sampling_D0v2] [epoch 68/100] batch 180/300 (60%) loss=0.1448 elapsed=97s eta=65s
  [difficulty_sampling_D0v2] [epoch 68/100] batch 210/300 (70%) loss=0.1370 elapsed=113s eta=48s
  [difficulty_sampling_D0v2] [epoch 68/100] batch 240/300 (80%) loss=0.1302 elapsed=128s eta=32s
  [difficulty_sampling_D0v2] [epoch 68/100] batch 270/300 (90%) loss=0.1231 elapsed=143s eta=16s
  [difficulty_sampling_D0v2] [epoch 68/100] batch 300/300 (100%) loss=0.1156 elapsed=157s eta=0s
[difficulty_sampling_D0v2] [sampler] sampled: {0: 400, 1: 400, 2: 400} total=1200 spalling_ratio=24.33%
[difficulty_sampling_D0v2] [sampler] unique: {0: 400, 1: 400, 2: 400} unique_total=1200 dup_ratio=1.00x
  difficulty: mean=0.000 std=1.597
[difficulty_sampling_D0v2] [epoch 068/100] remain=32 epochs ep_eta=86.6min (avg 162s/ep)
[difficulty_sampling_D0v2] [epoch 068/100] lr=0.000015  dt=157.4s
  train loss=0.1156  ce=0.0739 dice=0.1574  tversky=0.0000 bd=0.0000  cldice=0.0000
  val   skipped (next val at epoch 70)
[difficulty_sampling_D0v2] [curriculum] epoch 69: stage=1 tiers=[0, 1] pool={0: 400, 1: 400, 2: 0}
  [difficulty_sampling_D0v2] [epoch 69/100] batch 30/300 (10%) loss=0.2255 elapsed=17s eta=149s
  [difficulty_sampling_D0v2] [epoch 69/100] batch 60/300 (20%) loss=0.1920 elapsed=32s eta=129s
  [difficulty_sampling_D0v2] [epoch 69/100] batch 90/300 (30%) loss=0.1765 elapsed=48s eta=112s
  [difficulty_sampling_D0v2] [epoch 69/100] batch 120/300 (40%) loss=0.1647 elapsed=63s eta=95s
  [difficulty_sampling_D0v2] [epoch 69/100] batch 150/300 (50%) loss=0.1541 elapsed=79s eta=79s
  [difficulty_sampling_D0v2] [epoch 69/100] batch 180/300 (60%) loss=0.1445 elapsed=95s eta=63s
  [difficulty_sampling_D0v2] [epoch 69/100] batch 210/300 (70%) loss=0.1361 elapsed=111s eta=47s
  [difficulty_sampling_D0v2] [epoch 69/100] batch 240/300 (80%) loss=0.1279 elapsed=126s eta=32s
  [difficulty_sampling_D0v2] [epoch 69/100] batch 270/300 (90%) loss=0.1206 elapsed=142s eta=16s
  [difficulty_sampling_D0v2] [epoch 69/100] batch 300/300 (100%) loss=0.1132 elapsed=155s eta=0s
[difficulty_sampling_D0v2] [sampler] sampled: {0: 400, 1: 400, 2: 400} total=1200 spalling_ratio=24.33%
[difficulty_sampling_D0v2] [sampler] unique: {0: 400, 1: 400, 2: 400} unique_total=1200 dup_ratio=1.00x
  difficulty: mean=0.000 std=1.597
[difficulty_sampling_D0v2] [epoch 069/100] remain=31 epochs ep_eta=83.9min (avg 162s/ep)
[difficulty_sampling_D0v2] [epoch 069/100] lr=0.000014  dt=155.7s
  train loss=0.1132  ce=0.0723 dice=0.1541  tversky=0.0000 bd=0.0000  cldice=0.0000
  val   skipped (next val at epoch 70)
[difficulty_sampling_D0v2] [curriculum] epoch 70: stage=2 tiers=[0, 1, 2] pool={0: 400, 1: 400, 2: 400}
  [difficulty_sampling_D0v2] [epoch 70/100] batch 30/300 (10%) loss=0.2181 elapsed=17s eta=151s
  [difficulty_sampling_D0v2] [epoch 70/100] batch 60/300 (20%) loss=0.1916 elapsed=33s eta=132s
  [difficulty_sampling_D0v2] [epoch 70/100] batch 90/300 (30%) loss=0.1755 elapsed=49s eta=114s
  [difficulty_sampling_D0v2] [epoch 70/100] batch 120/300 (40%) loss=0.1630 elapsed=64s eta=96s
  [difficulty_sampling_D0v2] [epoch 70/100] batch 150/300 (50%) loss=0.1504 elapsed=79s eta=79s
  [difficulty_sampling_D0v2] [epoch 70/100] batch 180/300 (60%) loss=0.1415 elapsed=95s eta=63s
  [difficulty_sampling_D0v2] [epoch 70/100] batch 210/300 (70%) loss=0.1334 elapsed=111s eta=47s
  [difficulty_sampling_D0v2] [epoch 70/100] batch 240/300 (80%) loss=0.1260 elapsed=126s eta=31s
  [difficulty_sampling_D0v2] [epoch 70/100] batch 270/300 (90%) loss=0.1195 elapsed=142s eta=16s
  [difficulty_sampling_D0v2] [epoch 70/100] batch 300/300 (100%) loss=0.1124 elapsed=155s eta=0s
[difficulty_sampling_D0v2] [sampler] sampled: {0: 400, 1: 400, 2: 400} total=1200 spalling_ratio=24.33%
[difficulty_sampling_D0v2] [sampler] unique: {0: 400, 1: 400, 2: 400} unique_total=1200 dup_ratio=1.00x
  difficulty: mean=0.000 std=1.599
[difficulty_sampling_D0v2] [epoch 070/100] remain=30 epochs ep_eta=81.2min (avg 162s/ep)
[difficulty_sampling_D0v2] [epoch 070/100] lr=0.000014  dt=165.0s
  train loss=0.1124  ce=0.0718 dice=0.1530  tversky=0.0000 bd=0.0000  cldice=0.0000
  val   loss=0.3001
  IoU   bg=0.9778  crack=0.5731  spalling=0.7999  | mIoU_fg=0.6865  pix_acc=0.9784
  Dice  bg=0.9888  crack=0.7286  spalling=0.8888
  BF1   crack=0.7457  spalling=0.6299  | BF1_fg_mean=0.6878
[difficulty_sampling_D0v2] [curriculum] epoch 71: stage=2 tiers=[0, 1, 2] pool={0: 400, 1: 400, 2: 400}
  [difficulty_sampling_D0v2] [epoch 71/100] batch 30/300 (10%) loss=0.2233 elapsed=17s eta=152s
  [difficulty_sampling_D0v2] [epoch 71/100] batch 60/300 (20%) loss=0.1978 elapsed=33s eta=132s
  [difficulty_sampling_D0v2] [epoch 71/100] batch 90/300 (30%) loss=0.1792 elapsed=49s eta=113s
  [difficulty_sampling_D0v2] [epoch 71/100] batch 120/300 (40%) loss=0.1652 elapsed=64s eta=96s
  [difficulty_sampling_D0v2] [epoch 71/100] batch 150/300 (50%) loss=0.1526 elapsed=80s eta=80s
  [difficulty_sampling_D0v2] [epoch 71/100] batch 180/300 (60%) loss=0.1423 elapsed=95s eta=63s
  [difficulty_sampling_D0v2] [epoch 71/100] batch 210/300 (70%) loss=0.1351 elapsed=110s eta=47s
  [difficulty_sampling_D0v2] [epoch 71/100] batch 240/300 (80%) loss=0.1268 elapsed=125s eta=31s
  [difficulty_sampling_D0v2] [epoch 71/100] batch 270/300 (90%) loss=0.1194 elapsed=140s eta=16s
  [difficulty_sampling_D0v2] [epoch 71/100] batch 300/300 (100%) loss=0.1125 elapsed=154s eta=0s
[difficulty_sampling_D0v2] [sampler] sampled: {0: 400, 1: 400, 2: 400} total=1200 spalling_ratio=24.33%
[difficulty_sampling_D0v2] [sampler] unique: {0: 400, 1: 400, 2: 400} unique_total=1200 dup_ratio=1.00x
  difficulty: mean=0.000 std=1.600
[difficulty_sampling_D0v2] [epoch 071/100] remain=29 epochs ep_eta=78.4min (avg 162s/ep)
[difficulty_sampling_D0v2] [epoch 071/100] lr=0.000013  dt=154.4s
  train loss=0.1125  ce=0.0716 dice=0.1534  tversky=0.0000 bd=0.0000  cldice=0.0000
  val   skipped (next val at epoch 75)
[difficulty_sampling_D0v2] [curriculum] epoch 72: stage=2 tiers=[0, 1, 2] pool={0: 400, 1: 400, 2: 400}
  [difficulty_sampling_D0v2] [epoch 72/100] batch 30/300 (10%) loss=0.2174 elapsed=17s eta=149s
  [difficulty_sampling_D0v2] [epoch 72/100] batch 60/300 (20%) loss=0.1920 elapsed=32s eta=128s
  [difficulty_sampling_D0v2] [epoch 72/100] batch 90/300 (30%) loss=0.1772 elapsed=47s eta=110s
  [difficulty_sampling_D0v2] [epoch 72/100] batch 120/300 (40%) loss=0.1631 elapsed=63s eta=95s
  [difficulty_sampling_D0v2] [epoch 72/100] batch 150/300 (50%) loss=0.1533 elapsed=79s eta=79s
  [difficulty_sampling_D0v2] [epoch 72/100] batch 180/300 (60%) loss=0.1437 elapsed=94s eta=63s
  [difficulty_sampling_D0v2] [epoch 72/100] batch 210/300 (70%) loss=0.1347 elapsed=110s eta=47s
  [difficulty_sampling_D0v2] [epoch 72/100] batch 240/300 (80%) loss=0.1268 elapsed=125s eta=31s
  [difficulty_sampling_D0v2] [epoch 72/100] batch 270/300 (90%) loss=0.1192 elapsed=141s eta=16s
  [difficulty_sampling_D0v2] [epoch 72/100] batch 300/300 (100%) loss=0.1116 elapsed=154s eta=0s
[difficulty_sampling_D0v2] [sampler] sampled: {0: 400, 1: 400, 2: 400} total=1200 spalling_ratio=24.33%
[difficulty_sampling_D0v2] [sampler] unique: {0: 400, 1: 400, 2: 400} unique_total=1200 dup_ratio=1.00x
  difficulty: mean=0.000 std=1.601
[difficulty_sampling_D0v2] [epoch 072/100] remain=28 epochs ep_eta=75.7min (avg 162s/ep)
[difficulty_sampling_D0v2] [epoch 072/100] lr=0.000012  dt=154.0s
  train loss=0.1116  ce=0.0712 dice=0.1519  tversky=0.0000 bd=0.0000  cldice=0.0000
  val   skipped (next val at epoch 75)
[difficulty_sampling_D0v2] [curriculum] epoch 73: stage=2 tiers=[0, 1, 2] pool={0: 400, 1: 400, 2: 400}
  [difficulty_sampling_D0v2] [epoch 73/100] batch 30/300 (10%) loss=0.2185 elapsed=16s eta=145s
  [difficulty_sampling_D0v2] [epoch 73/100] batch 60/300 (20%) loss=0.1984 elapsed=32s eta=126s
  [difficulty_sampling_D0v2] [epoch 73/100] batch 90/300 (30%) loss=0.1795 elapsed=47s eta=110s
  [difficulty_sampling_D0v2] [epoch 73/100] batch 120/300 (40%) loss=0.1630 elapsed=63s eta=94s
  [difficulty_sampling_D0v2] [epoch 73/100] batch 150/300 (50%) loss=0.1514 elapsed=78s eta=78s
  [difficulty_sampling_D0v2] [epoch 73/100] batch 180/300 (60%) loss=0.1415 elapsed=94s eta=62s
  [difficulty_sampling_D0v2] [epoch 73/100] batch 210/300 (70%) loss=0.1328 elapsed=109s eta=47s
  [difficulty_sampling_D0v2] [epoch 73/100] batch 240/300 (80%) loss=0.1256 elapsed=124s eta=31s
  [difficulty_sampling_D0v2] [epoch 73/100] batch 270/300 (90%) loss=0.1185 elapsed=140s eta=16s
  [difficulty_sampling_D0v2] [epoch 73/100] batch 300/300 (100%) loss=0.1110 elapsed=153s eta=0s
[difficulty_sampling_D0v2] [sampler] sampled: {0: 400, 1: 400, 2: 400} total=1200 spalling_ratio=24.33%
[difficulty_sampling_D0v2] [sampler] unique: {0: 400, 1: 400, 2: 400} unique_total=1200 dup_ratio=1.00x
  difficulty: mean=0.000 std=1.603
[difficulty_sampling_D0v2] [epoch 073/100] remain=27 epochs ep_eta=72.9min (avg 162s/ep)
[difficulty_sampling_D0v2] [epoch 073/100] lr=0.000011  dt=153.5s
  train loss=0.1110  ce=0.0704 dice=0.1515  tversky=0.0000 bd=0.0000  cldice=0.0000
  val   skipped (next val at epoch 75)
[difficulty_sampling_D0v2] [curriculum] epoch 74: stage=2 tiers=[0, 1, 2] pool={0: 400, 1: 400, 2: 400}
  [difficulty_sampling_D0v2] [epoch 74/100] batch 30/300 (10%) loss=0.2204 elapsed=17s eta=151s
  [difficulty_sampling_D0v2] [epoch 74/100] batch 60/300 (20%) loss=0.1933 elapsed=33s eta=131s
  [difficulty_sampling_D0v2] [epoch 74/100] batch 90/300 (30%) loss=0.1775 elapsed=49s eta=113s
  [difficulty_sampling_D0v2] [epoch 74/100] batch 120/300 (40%) loss=0.1626 elapsed=64s eta=96s
  [difficulty_sampling_D0v2] [epoch 74/100] batch 150/300 (50%) loss=0.1498 elapsed=80s eta=80s
  [difficulty_sampling_D0v2] [epoch 74/100] batch 180/300 (60%) loss=0.1396 elapsed=96s eta=64s
  [difficulty_sampling_D0v2] [epoch 74/100] batch 210/300 (70%) loss=0.1319 elapsed=111s eta=48s
  [difficulty_sampling_D0v2] [epoch 74/100] batch 240/300 (80%) loss=0.1248 elapsed=126s eta=32s
  [difficulty_sampling_D0v2] [epoch 74/100] batch 270/300 (90%) loss=0.1182 elapsed=142s eta=16s
  [difficulty_sampling_D0v2] [epoch 74/100] batch 300/300 (100%) loss=0.1109 elapsed=156s eta=0s
[difficulty_sampling_D0v2] [sampler] sampled: {0: 400, 1: 400, 2: 400} total=1200 spalling_ratio=24.33%
[difficulty_sampling_D0v2] [sampler] unique: {0: 400, 1: 400, 2: 400} unique_total=1200 dup_ratio=1.00x
  difficulty: mean=0.000 std=1.603
[difficulty_sampling_D0v2] [epoch 074/100] remain=26 epochs ep_eta=70.2min (avg 162s/ep)
[difficulty_sampling_D0v2] [epoch 074/100] lr=0.000010  dt=155.7s
  train loss=0.1109  ce=0.0706 dice=0.1512  tversky=0.0000 bd=0.0000  cldice=0.0000
  val   skipped (next val at epoch 75)
[difficulty_sampling_D0v2] [curriculum] epoch 75: stage=2 tiers=[0, 1, 2] pool={0: 400, 1: 400, 2: 400}
  [difficulty_sampling_D0v2] [epoch 75/100] batch 30/300 (10%) loss=0.2181 elapsed=17s eta=150s
  [difficulty_sampling_D0v2] [epoch 75/100] batch 60/300 (20%) loss=0.1942 elapsed=33s eta=132s
  [difficulty_sampling_D0v2] [epoch 75/100] batch 90/300 (30%) loss=0.1769 elapsed=49s eta=115s
  [difficulty_sampling_D0v2] [epoch 75/100] batch 120/300 (40%) loss=0.1630 elapsed=65s eta=97s
  [difficulty_sampling_D0v2] [epoch 75/100] batch 150/300 (50%) loss=0.1523 elapsed=80s eta=80s
  [difficulty_sampling_D0v2] [epoch 75/100] batch 180/300 (60%) loss=0.1414 elapsed=96s eta=64s
  [difficulty_sampling_D0v2] [epoch 75/100] batch 210/300 (70%) loss=0.1330 elapsed=111s eta=48s
  [difficulty_sampling_D0v2] [epoch 75/100] batch 240/300 (80%) loss=0.1258 elapsed=127s eta=32s
  [difficulty_sampling_D0v2] [epoch 75/100] batch 270/300 (90%) loss=0.1185 elapsed=142s eta=16s
  [difficulty_sampling_D0v2] [epoch 75/100] batch 300/300 (100%) loss=0.1108 elapsed=156s eta=0s
[difficulty_sampling_D0v2] [sampler] sampled: {0: 400, 1: 400, 2: 400} total=1200 spalling_ratio=24.33%
[difficulty_sampling_D0v2] [sampler] unique: {0: 400, 1: 400, 2: 400} unique_total=1200 dup_ratio=1.00x
  difficulty: mean=0.000 std=1.605
[difficulty_sampling_D0v2] [epoch 075/100] remain=25 epochs ep_eta=67.5min (avg 162s/ep)
[difficulty_sampling_D0v2] [epoch 075/100] lr=0.000010  dt=165.8s
  train loss=0.1108  ce=0.0700 dice=0.1516  tversky=0.0000 bd=0.0000  cldice=0.0000
  val   loss=0.2905
  IoU   bg=0.9780  crack=0.5759  spalling=0.8112  | mIoU_fg=0.6936  pix_acc=0.9787
  Dice  bg=0.9889  crack=0.7309  spalling=0.8958
  BF1   crack=0.7525  spalling=0.6311  | BF1_fg_mean=0.6918
  [difficulty_sampling_D0v2] [best] mIoU_fg=0.6936  saved -> best.pt
[difficulty_sampling_D0v2] [curriculum] epoch 76: stage=2 tiers=[0, 1, 2] pool={0: 400, 1: 400, 2: 400}
  [difficulty_sampling_D0v2] [epoch 76/100] batch 30/300 (10%) loss=0.2113 elapsed=16s eta=144s
  [difficulty_sampling_D0v2] [epoch 76/100] batch 60/300 (20%) loss=0.1857 elapsed=32s eta=128s
  [difficulty_sampling_D0v2] [epoch 76/100] batch 90/300 (30%) loss=0.1720 elapsed=48s eta=112s
  [difficulty_sampling_D0v2] [epoch 76/100] batch 120/300 (40%) loss=0.1587 elapsed=65s eta=97s
  [difficulty_sampling_D0v2] [epoch 76/100] batch 150/300 (50%) loss=0.1473 elapsed=81s eta=81s
  [difficulty_sampling_D0v2] [epoch 76/100] batch 180/300 (60%) loss=0.1388 elapsed=96s eta=64s
  [difficulty_sampling_D0v2] [epoch 76/100] batch 210/300 (70%) loss=0.1308 elapsed=112s eta=48s
  [difficulty_sampling_D0v2] [epoch 76/100] batch 240/300 (80%) loss=0.1242 elapsed=128s eta=32s
  [difficulty_sampling_D0v2] [epoch 76/100] batch 270/300 (90%) loss=0.1175 elapsed=144s eta=16s
  [difficulty_sampling_D0v2] [epoch 76/100] batch 300/300 (100%) loss=0.1104 elapsed=157s eta=0s
[difficulty_sampling_D0v2] [sampler] sampled: {0: 400, 1: 400, 2: 400} total=1200 spalling_ratio=24.33%
[difficulty_sampling_D0v2] [sampler] unique: {0: 400, 1: 400, 2: 400} unique_total=1200 dup_ratio=1.00x
  difficulty: mean=0.000 std=1.606
[difficulty_sampling_D0v2] [epoch 076/100] remain=24 epochs ep_eta=64.8min (avg 162s/ep)
[difficulty_sampling_D0v2] [epoch 076/100] lr=0.000009  dt=157.2s
  train loss=0.1104  ce=0.0694 dice=0.1513  tversky=0.0000 bd=0.0000  cldice=0.0000
  val   skipped (next val at epoch 80)
[difficulty_sampling_D0v2] [curriculum] epoch 77: stage=2 tiers=[0, 1, 2] pool={0: 400, 1: 400, 2: 400}
  [difficulty_sampling_D0v2] [epoch 77/100] batch 30/300 (10%) loss=0.2032 elapsed=17s eta=153s
  [difficulty_sampling_D0v2] [epoch 77/100] batch 60/300 (20%) loss=0.1846 elapsed=32s eta=129s
  [difficulty_sampling_D0v2] [epoch 77/100] batch 90/300 (30%) loss=0.1704 elapsed=47s eta=110s
  [difficulty_sampling_D0v2] [epoch 77/100] batch 120/300 (40%) loss=0.1572 elapsed=63s eta=94s
  [difficulty_sampling_D0v2] [epoch 77/100] batch 150/300 (50%) loss=0.1471 elapsed=78s eta=78s
  [difficulty_sampling_D0v2] [epoch 77/100] batch 180/300 (60%) loss=0.1381 elapsed=94s eta=62s
  [difficulty_sampling_D0v2] [epoch 77/100] batch 210/300 (70%) loss=0.1294 elapsed=109s eta=47s
  [difficulty_sampling_D0v2] [epoch 77/100] batch 240/300 (80%) loss=0.1223 elapsed=124s eta=31s
  [difficulty_sampling_D0v2] [epoch 77/100] batch 270/300 (90%) loss=0.1154 elapsed=139s eta=15s
  [difficulty_sampling_D0v2] [epoch 77/100] batch 300/300 (100%) loss=0.1085 elapsed=153s eta=0s
[difficulty_sampling_D0v2] [sampler] sampled: {0: 400, 1: 400, 2: 400} total=1200 spalling_ratio=24.33%
[difficulty_sampling_D0v2] [sampler] unique: {0: 400, 1: 400, 2: 400} unique_total=1200 dup_ratio=1.00x
  difficulty: mean=0.000 std=1.607
[difficulty_sampling_D0v2] [epoch 077/100] remain=23 epochs ep_eta=62.1min (avg 162s/ep)
[difficulty_sampling_D0v2] [epoch 077/100] lr=0.000008  dt=153.0s
  train loss=0.1085  ce=0.0689 dice=0.1482  tversky=0.0000 bd=0.0000  cldice=0.0000
  val   skipped (next val at epoch 80)
[difficulty_sampling_D0v2] [curriculum] epoch 78: stage=2 tiers=[0, 1, 2] pool={0: 400, 1: 400, 2: 400}
  [difficulty_sampling_D0v2] [epoch 78/100] batch 30/300 (10%) loss=0.2176 elapsed=17s eta=154s
  [difficulty_sampling_D0v2] [epoch 78/100] batch 60/300 (20%) loss=0.1894 elapsed=33s eta=133s
  [difficulty_sampling_D0v2] [epoch 78/100] batch 90/300 (30%) loss=0.1734 elapsed=49s eta=115s
  [difficulty_sampling_D0v2] [epoch 78/100] batch 120/300 (40%) loss=0.1611 elapsed=65s eta=98s
  [difficulty_sampling_D0v2] [epoch 78/100] batch 150/300 (50%) loss=0.1488 elapsed=81s eta=81s
  [difficulty_sampling_D0v2] [epoch 78/100] batch 180/300 (60%) loss=0.1387 elapsed=96s eta=64s
  [difficulty_sampling_D0v2] [epoch 78/100] batch 210/300 (70%) loss=0.1305 elapsed=112s eta=48s
  [difficulty_sampling_D0v2] [epoch 78/100] batch 240/300 (80%) loss=0.1231 elapsed=127s eta=32s
  [difficulty_sampling_D0v2] [epoch 78/100] batch 270/300 (90%) loss=0.1164 elapsed=143s eta=16s
  [difficulty_sampling_D0v2] [epoch 78/100] batch 300/300 (100%) loss=0.1095 elapsed=156s eta=0s
[difficulty_sampling_D0v2] [sampler] sampled: {0: 400, 1: 400, 2: 400} total=1200 spalling_ratio=24.33%
[difficulty_sampling_D0v2] [sampler] unique: {0: 400, 1: 400, 2: 400} unique_total=1200 dup_ratio=1.00x
  difficulty: mean=0.000 std=1.608
[difficulty_sampling_D0v2] [epoch 078/100] remain=22 epochs ep_eta=59.4min (avg 162s/ep)
[difficulty_sampling_D0v2] [epoch 078/100] lr=0.000008  dt=155.7s
  train loss=0.1095  ce=0.0691 dice=0.1498  tversky=0.0000 bd=0.0000  cldice=0.0000
  val   skipped (next val at epoch 80)
[difficulty_sampling_D0v2] [curriculum] epoch 79: stage=2 tiers=[0, 1, 2] pool={0: 400, 1: 400, 2: 400}
  [difficulty_sampling_D0v2] [epoch 79/100] batch 30/300 (10%) loss=0.2174 elapsed=17s eta=152s
  [difficulty_sampling_D0v2] [epoch 79/100] batch 60/300 (20%) loss=0.1975 elapsed=33s eta=132s
  [difficulty_sampling_D0v2] [epoch 79/100] batch 90/300 (30%) loss=0.1771 elapsed=49s eta=114s
  [difficulty_sampling_D0v2] [epoch 79/100] batch 120/300 (40%) loss=0.1625 elapsed=65s eta=98s
  [difficulty_sampling_D0v2] [epoch 79/100] batch 150/300 (50%) loss=0.1502 elapsed=81s eta=81s
  [difficulty_sampling_D0v2] [epoch 79/100] batch 180/300 (60%) loss=0.1411 elapsed=97s eta=65s
  [difficulty_sampling_D0v2] [epoch 79/100] batch 210/300 (70%) loss=0.1326 elapsed=112s eta=48s
  [difficulty_sampling_D0v2] [epoch 79/100] batch 240/300 (80%) loss=0.1251 elapsed=128s eta=32s
  [difficulty_sampling_D0v2] [epoch 79/100] batch 270/300 (90%) loss=0.1174 elapsed=144s eta=16s
  [difficulty_sampling_D0v2] [epoch 79/100] batch 300/300 (100%) loss=0.1101 elapsed=157s eta=0s
[difficulty_sampling_D0v2] [sampler] sampled: {0: 400, 1: 400, 2: 400} total=1200 spalling_ratio=24.33%
[difficulty_sampling_D0v2] [sampler] unique: {0: 400, 1: 400, 2: 400} unique_total=1200 dup_ratio=1.00x
  difficulty: mean=0.000 std=1.608
[difficulty_sampling_D0v2] [epoch 079/100] remain=21 epochs ep_eta=56.7min (avg 162s/ep)
[difficulty_sampling_D0v2] [epoch 079/100] lr=0.000007  dt=157.5s
  train loss=0.1101  ce=0.0697 dice=0.1505  tversky=0.0000 bd=0.0000  cldice=0.0000
  val   skipped (next val at epoch 80)
[difficulty_sampling_D0v2] [curriculum] epoch 80: stage=2 tiers=[0, 1, 2] pool={0: 400, 1: 400, 2: 400}
  [difficulty_sampling_D0v2] [epoch 80/100] batch 30/300 (10%) loss=0.2104 elapsed=16s eta=143s
  [difficulty_sampling_D0v2] [epoch 80/100] batch 60/300 (20%) loss=0.1938 elapsed=32s eta=128s
  [difficulty_sampling_D0v2] [epoch 80/100] batch 90/300 (30%) loss=0.1740 elapsed=48s eta=111s
  [difficulty_sampling_D0v2] [epoch 80/100] batch 120/300 (40%) loss=0.1591 elapsed=63s eta=95s
  [difficulty_sampling_D0v2] [epoch 80/100] batch 150/300 (50%) loss=0.1487 elapsed=79s eta=79s
  [difficulty_sampling_D0v2] [epoch 80/100] batch 180/300 (60%) loss=0.1390 elapsed=94s eta=63s
  [difficulty_sampling_D0v2] [epoch 80/100] batch 210/300 (70%) loss=0.1304 elapsed=110s eta=47s
  [difficulty_sampling_D0v2] [epoch 80/100] batch 240/300 (80%) loss=0.1231 elapsed=125s eta=31s
  [difficulty_sampling_D0v2] [epoch 80/100] batch 270/300 (90%) loss=0.1157 elapsed=140s eta=16s
  [difficulty_sampling_D0v2] [epoch 80/100] batch 300/300 (100%) loss=0.1086 elapsed=153s eta=0s
[difficulty_sampling_D0v2] [sampler] sampled: {0: 400, 1: 400, 2: 400} total=1200 spalling_ratio=24.33%
[difficulty_sampling_D0v2] [sampler] unique: {0: 400, 1: 400, 2: 400} unique_total=1200 dup_ratio=1.00x
  difficulty: mean=0.000 std=1.607
[difficulty_sampling_D0v2] [epoch 080/100] remain=20 epochs ep_eta=54.0min (avg 162s/ep)
[difficulty_sampling_D0v2] [epoch 080/100] lr=0.000006  dt=162.6s
  train loss=0.1086  ce=0.0686 dice=0.1486  tversky=0.0000 bd=0.0000  cldice=0.0000
  val   loss=0.2951
  IoU   bg=0.9781  crack=0.5767  spalling=0.8108  | mIoU_fg=0.6937  pix_acc=0.9787
  Dice  bg=0.9889  crack=0.7315  spalling=0.8955
  BF1   crack=0.7499  spalling=0.6418  | BF1_fg_mean=0.6958
  [difficulty_sampling_D0v2] [best] mIoU_fg=0.6937  saved -> best.pt
[difficulty_sampling_D0v2] [curriculum] epoch 81: stage=2 tiers=[0, 1, 2] pool={0: 400, 1: 400, 2: 400}
  [difficulty_sampling_D0v2] [epoch 81/100] batch 30/300 (10%) loss=0.2030 elapsed=16s eta=146s
  [difficulty_sampling_D0v2] [epoch 81/100] batch 60/300 (20%) loss=0.1825 elapsed=32s eta=129s
  [difficulty_sampling_D0v2] [epoch 81/100] batch 90/300 (30%) loss=0.1696 elapsed=48s eta=112s
  [difficulty_sampling_D0v2] [epoch 81/100] batch 120/300 (40%) loss=0.1575 elapsed=64s eta=96s
  [difficulty_sampling_D0v2] [epoch 81/100] batch 150/300 (50%) loss=0.1452 elapsed=79s eta=79s
  [difficulty_sampling_D0v2] [epoch 81/100] batch 180/300 (60%) loss=0.1366 elapsed=95s eta=63s
  [difficulty_sampling_D0v2] [epoch 81/100] batch 210/300 (70%) loss=0.1290 elapsed=111s eta=48s
  [difficulty_sampling_D0v2] [epoch 81/100] batch 240/300 (80%) loss=0.1220 elapsed=127s eta=32s
  [difficulty_sampling_D0v2] [epoch 81/100] batch 270/300 (90%) loss=0.1151 elapsed=142s eta=16s
  [difficulty_sampling_D0v2] [epoch 81/100] batch 300/300 (100%) loss=0.1079 elapsed=155s eta=0s
[difficulty_sampling_D0v2] [sampler] sampled: {0: 400, 1: 400, 2: 400} total=1200 spalling_ratio=24.33%
[difficulty_sampling_D0v2] [sampler] unique: {0: 400, 1: 400, 2: 400} unique_total=1200 dup_ratio=1.00x
  difficulty: mean=0.000 std=1.608
[difficulty_sampling_D0v2] [epoch 081/100] remain=19 epochs ep_eta=51.3min (avg 162s/ep)
[difficulty_sampling_D0v2] [epoch 081/100] lr=0.000006  dt=155.5s
  train loss=0.1079  ce=0.0684 dice=0.1473  tversky=0.0000 bd=0.0000  cldice=0.0000
  val   skipped (next val at epoch 85)
[difficulty_sampling_D0v2] [curriculum] epoch 82: stage=2 tiers=[0, 1, 2] pool={0: 400, 1: 400, 2: 400}
  [difficulty_sampling_D0v2] [epoch 82/100] batch 30/300 (10%) loss=0.2137 elapsed=16s eta=147s
  [difficulty_sampling_D0v2] [epoch 82/100] batch 60/300 (20%) loss=0.1851 elapsed=33s eta=130s
  [difficulty_sampling_D0v2] [epoch 82/100] batch 90/300 (30%) loss=0.1706 elapsed=48s eta=112s
  [difficulty_sampling_D0v2] [epoch 82/100] batch 120/300 (40%) loss=0.1576 elapsed=64s eta=96s
  [difficulty_sampling_D0v2] [epoch 82/100] batch 150/300 (50%) loss=0.1476 elapsed=79s eta=79s
  [difficulty_sampling_D0v2] [epoch 82/100] batch 180/300 (60%) loss=0.1377 elapsed=95s eta=63s
  [difficulty_sampling_D0v2] [epoch 82/100] batch 210/300 (70%) loss=0.1294 elapsed=110s eta=47s
  [difficulty_sampling_D0v2] [epoch 82/100] batch 240/300 (80%) loss=0.1224 elapsed=125s eta=31s
  [difficulty_sampling_D0v2] [epoch 82/100] batch 270/300 (90%) loss=0.1156 elapsed=142s eta=16s
  [difficulty_sampling_D0v2] [epoch 82/100] batch 300/300 (100%) loss=0.1083 elapsed=155s eta=0s
[difficulty_sampling_D0v2] [sampler] sampled: {0: 400, 1: 400, 2: 400} total=1200 spalling_ratio=24.33%
[difficulty_sampling_D0v2] [sampler] unique: {0: 400, 1: 400, 2: 400} unique_total=1200 dup_ratio=1.00x
  difficulty: mean=0.000 std=1.609
[difficulty_sampling_D0v2] [epoch 082/100] remain=18 epochs ep_eta=48.5min (avg 162s/ep)
[difficulty_sampling_D0v2] [epoch 082/100] lr=0.000005  dt=155.6s
  train loss=0.1083  ce=0.0685 dice=0.1481  tversky=0.0000 bd=0.0000  cldice=0.0000
  val   skipped (next val at epoch 85)
[difficulty_sampling_D0v2] [curriculum] epoch 83: stage=2 tiers=[0, 1, 2] pool={0: 400, 1: 400, 2: 400}
  [difficulty_sampling_D0v2] [epoch 83/100] batch 30/300 (10%) loss=0.2090 elapsed=17s eta=153s
  [difficulty_sampling_D0v2] [epoch 83/100] batch 60/300 (20%) loss=0.1850 elapsed=34s eta=134s
  [difficulty_sampling_D0v2] [epoch 83/100] batch 90/300 (30%) loss=0.1698 elapsed=50s eta=116s
  [difficulty_sampling_D0v2] [epoch 83/100] batch 120/300 (40%) loss=0.1562 elapsed=66s eta=99s
  [difficulty_sampling_D0v2] [epoch 83/100] batch 150/300 (50%) loss=0.1454 elapsed=83s eta=83s
  [difficulty_sampling_D0v2] [epoch 83/100] batch 180/300 (60%) loss=0.1361 elapsed=99s eta=66s
  [difficulty_sampling_D0v2] [epoch 83/100] batch 210/300 (70%) loss=0.1283 elapsed=115s eta=49s
  [difficulty_sampling_D0v2] [epoch 83/100] batch 240/300 (80%) loss=0.1207 elapsed=130s eta=33s
  [difficulty_sampling_D0v2] [epoch 83/100] batch 270/300 (90%) loss=0.1142 elapsed=146s eta=16s
  [difficulty_sampling_D0v2] [epoch 83/100] batch 300/300 (100%) loss=0.1073 elapsed=160s eta=0s
[difficulty_sampling_D0v2] [sampler] sampled: {0: 400, 1: 400, 2: 400} total=1200 spalling_ratio=24.33%
[difficulty_sampling_D0v2] [sampler] unique: {0: 400, 1: 400, 2: 400} unique_total=1200 dup_ratio=1.00x
  difficulty: mean=0.000 std=1.608
[difficulty_sampling_D0v2] [epoch 083/100] remain=17 epochs ep_eta=45.8min (avg 162s/ep)
[difficulty_sampling_D0v2] [epoch 083/100] lr=0.000005  dt=159.7s
  train loss=0.1073  ce=0.0683 dice=0.1463  tversky=0.0000 bd=0.0000  cldice=0.0000
  val   skipped (next val at epoch 85)
[difficulty_sampling_D0v2] [curriculum] epoch 84: stage=2 tiers=[0, 1, 2] pool={0: 400, 1: 400, 2: 400}
  [difficulty_sampling_D0v2] [epoch 84/100] batch 30/300 (10%) loss=0.2151 elapsed=17s eta=155s
  [difficulty_sampling_D0v2] [epoch 84/100] batch 60/300 (20%) loss=0.1900 elapsed=34s eta=134s
  [difficulty_sampling_D0v2] [epoch 84/100] batch 90/300 (30%) loss=0.1715 elapsed=50s eta=116s
  [difficulty_sampling_D0v2] [epoch 84/100] batch 120/300 (40%) loss=0.1570 elapsed=65s eta=98s
  [difficulty_sampling_D0v2] [epoch 84/100] batch 150/300 (50%) loss=0.1455 elapsed=81s eta=81s
  [difficulty_sampling_D0v2] [epoch 84/100] batch 180/300 (60%) loss=0.1365 elapsed=97s eta=65s
  [difficulty_sampling_D0v2] [epoch 84/100] batch 210/300 (70%) loss=0.1280 elapsed=112s eta=48s
  [difficulty_sampling_D0v2] [epoch 84/100] batch 240/300 (80%) loss=0.1208 elapsed=128s eta=32s
  [difficulty_sampling_D0v2] [epoch 84/100] batch 270/300 (90%) loss=0.1143 elapsed=144s eta=16s
  [difficulty_sampling_D0v2] [epoch 84/100] batch 300/300 (100%) loss=0.1078 elapsed=157s eta=0s
[difficulty_sampling_D0v2] [sampler] sampled: {0: 400, 1: 400, 2: 400} total=1200 spalling_ratio=24.33%
[difficulty_sampling_D0v2] [sampler] unique: {0: 400, 1: 400, 2: 400} unique_total=1200 dup_ratio=1.00x
  difficulty: mean=0.000 std=1.608
[difficulty_sampling_D0v2] [epoch 084/100] remain=16 epochs ep_eta=43.1min (avg 162s/ep)
[difficulty_sampling_D0v2] [epoch 084/100] lr=0.000004  dt=157.5s
  train loss=0.1078  ce=0.0681 dice=0.1476  tversky=0.0000 bd=0.0000  cldice=0.0000
  val   skipped (next val at epoch 85)
[difficulty_sampling_D0v2] [curriculum] epoch 85: stage=2 tiers=[0, 1, 2] pool={0: 400, 1: 400, 2: 400}
  [difficulty_sampling_D0v2] [epoch 85/100] batch 30/300 (10%) loss=0.2165 elapsed=17s eta=152s
  [difficulty_sampling_D0v2] [epoch 85/100] batch 60/300 (20%) loss=0.1898 elapsed=32s eta=128s
  [difficulty_sampling_D0v2] [epoch 85/100] batch 90/300 (30%) loss=0.1706 elapsed=48s eta=112s
  [difficulty_sampling_D0v2] [epoch 85/100] batch 120/300 (40%) loss=0.1561 elapsed=64s eta=96s
  [difficulty_sampling_D0v2] [epoch 85/100] batch 150/300 (50%) loss=0.1448 elapsed=79s eta=79s
  [difficulty_sampling_D0v2] [epoch 85/100] batch 180/300 (60%) loss=0.1356 elapsed=95s eta=63s
  [difficulty_sampling_D0v2] [epoch 85/100] batch 210/300 (70%) loss=0.1282 elapsed=111s eta=48s
  [difficulty_sampling_D0v2] [epoch 85/100] batch 240/300 (80%) loss=0.1211 elapsed=127s eta=32s
  [difficulty_sampling_D0v2] [epoch 85/100] batch 270/300 (90%) loss=0.1140 elapsed=143s eta=16s
  [difficulty_sampling_D0v2] [epoch 85/100] batch 300/300 (100%) loss=0.1071 elapsed=156s eta=0s
[difficulty_sampling_D0v2] [sampler] sampled: {0: 400, 1: 400, 2: 400} total=1200 spalling_ratio=24.33%
[difficulty_sampling_D0v2] [sampler] unique: {0: 400, 1: 400, 2: 400} unique_total=1200 dup_ratio=1.00x
  difficulty: mean=0.000 std=1.608
[difficulty_sampling_D0v2] [epoch 085/100] remain=15 epochs ep_eta=40.5min (avg 162s/ep)
[difficulty_sampling_D0v2] [epoch 085/100] lr=0.000004  dt=165.4s
  train loss=0.1071  ce=0.0681 dice=0.1461  tversky=0.0000 bd=0.0000  cldice=0.0000
  val   loss=0.2967
  IoU   bg=0.9782  crack=0.5745  spalling=0.8114  | mIoU_fg=0.6930  pix_acc=0.9788
  Dice  bg=0.9890  crack=0.7297  spalling=0.8959
  BF1   crack=0.7504  spalling=0.6519  | BF1_fg_mean=0.7012
[difficulty_sampling_D0v2] [curriculum] epoch 86: stage=2 tiers=[0, 1, 2] pool={0: 400, 1: 400, 2: 400}
  [difficulty_sampling_D0v2] [epoch 86/100] batch 30/300 (10%) loss=0.2032 elapsed=16s eta=147s
  [difficulty_sampling_D0v2] [epoch 86/100] batch 60/300 (20%) loss=0.1851 elapsed=32s eta=128s
  [difficulty_sampling_D0v2] [epoch 86/100] batch 90/300 (30%) loss=0.1676 elapsed=47s eta=111s
  [difficulty_sampling_D0v2] [epoch 86/100] batch 120/300 (40%) loss=0.1543 elapsed=63s eta=95s
  [difficulty_sampling_D0v2] [epoch 86/100] batch 150/300 (50%) loss=0.1437 elapsed=79s eta=79s
  [difficulty_sampling_D0v2] [epoch 86/100] batch 180/300 (60%) loss=0.1337 elapsed=94s eta=63s
  [difficulty_sampling_D0v2] [epoch 86/100] batch 210/300 (70%) loss=0.1270 elapsed=110s eta=47s
  [difficulty_sampling_D0v2] [epoch 86/100] batch 240/300 (80%) loss=0.1198 elapsed=126s eta=31s
  [difficulty_sampling_D0v2] [epoch 86/100] batch 270/300 (90%) loss=0.1130 elapsed=141s eta=16s
  [difficulty_sampling_D0v2] [epoch 86/100] batch 300/300 (100%) loss=0.1063 elapsed=154s eta=0s
[difficulty_sampling_D0v2] [sampler] sampled: {0: 400, 1: 400, 2: 400} total=1200 spalling_ratio=24.33%
[difficulty_sampling_D0v2] [sampler] unique: {0: 400, 1: 400, 2: 400} unique_total=1200 dup_ratio=1.00x
  difficulty: mean=0.000 std=1.609
[difficulty_sampling_D0v2] [epoch 086/100] remain=14 epochs ep_eta=37.7min (avg 162s/ep)
[difficulty_sampling_D0v2] [epoch 086/100] lr=0.000003  dt=153.9s
  train loss=0.1063  ce=0.0667 dice=0.1459  tversky=0.0000 bd=0.0000  cldice=0.0000
  val   skipped (next val at epoch 90)
[difficulty_sampling_D0v2] [curriculum] epoch 87: stage=2 tiers=[0, 1, 2] pool={0: 400, 1: 400, 2: 400}
  [difficulty_sampling_D0v2] [epoch 87/100] batch 30/300 (10%) loss=0.2060 elapsed=16s eta=143s
  [difficulty_sampling_D0v2] [epoch 87/100] batch 60/300 (20%) loss=0.1878 elapsed=31s eta=126s
  [difficulty_sampling_D0v2] [epoch 87/100] batch 90/300 (30%) loss=0.1713 elapsed=48s eta=111s
  [difficulty_sampling_D0v2] [epoch 87/100] batch 120/300 (40%) loss=0.1563 elapsed=63s eta=95s
  [difficulty_sampling_D0v2] [epoch 87/100] batch 150/300 (50%) loss=0.1440 elapsed=79s eta=79s
  [difficulty_sampling_D0v2] [epoch 87/100] batch 180/300 (60%) loss=0.1353 elapsed=95s eta=63s
  [difficulty_sampling_D0v2] [epoch 87/100] batch 210/300 (70%) loss=0.1278 elapsed=111s eta=48s
  [difficulty_sampling_D0v2] [epoch 87/100] batch 240/300 (80%) loss=0.1205 elapsed=126s eta=31s
  [difficulty_sampling_D0v2] [epoch 87/100] batch 270/300 (90%) loss=0.1135 elapsed=140s eta=16s
  [difficulty_sampling_D0v2] [epoch 87/100] batch 300/300 (100%) loss=0.1066 elapsed=154s eta=0s
[difficulty_sampling_D0v2] [sampler] sampled: {0: 400, 1: 400, 2: 400} total=1200 spalling_ratio=24.33%
[difficulty_sampling_D0v2] [sampler] unique: {0: 400, 1: 400, 2: 400} unique_total=1200 dup_ratio=1.00x
  difficulty: mean=0.000 std=1.609
[difficulty_sampling_D0v2] [epoch 087/100] remain=13 epochs ep_eta=35.0min (avg 162s/ep)
[difficulty_sampling_D0v2] [epoch 087/100] lr=0.000003  dt=153.8s
  train loss=0.1066  ce=0.0673 dice=0.1459  tversky=0.0000 bd=0.0000  cldice=0.0000
  val   skipped (next val at epoch 90)
[difficulty_sampling_D0v2] [curriculum] epoch 88: stage=2 tiers=[0, 1, 2] pool={0: 400, 1: 400, 2: 400}
  [difficulty_sampling_D0v2] [epoch 88/100] batch 30/300 (10%) loss=0.2109 elapsed=17s eta=151s
  [difficulty_sampling_D0v2] [epoch 88/100] batch 60/300 (20%) loss=0.1825 elapsed=33s eta=131s
  [difficulty_sampling_D0v2] [epoch 88/100] batch 90/300 (30%) loss=0.1688 elapsed=49s eta=113s
  [difficulty_sampling_D0v2] [epoch 88/100] batch 120/300 (40%) loss=0.1526 elapsed=65s eta=97s
  [difficulty_sampling_D0v2] [epoch 88/100] batch 150/300 (50%) loss=0.1410 elapsed=81s eta=81s
  [difficulty_sampling_D0v2] [epoch 88/100] batch 180/300 (60%) loss=0.1320 elapsed=96s eta=64s
  [difficulty_sampling_D0v2] [epoch 88/100] batch 210/300 (70%) loss=0.1252 elapsed=112s eta=48s
  [difficulty_sampling_D0v2] [epoch 88/100] batch 240/300 (80%) loss=0.1183 elapsed=127s eta=32s
  [difficulty_sampling_D0v2] [epoch 88/100] batch 270/300 (90%) loss=0.1119 elapsed=142s eta=16s
  [difficulty_sampling_D0v2] [epoch 88/100] batch 300/300 (100%) loss=0.1053 elapsed=154s eta=0s
[difficulty_sampling_D0v2] [sampler] sampled: {0: 400, 1: 400, 2: 400} total=1200 spalling_ratio=24.33%
[difficulty_sampling_D0v2] [sampler] unique: {0: 400, 1: 400, 2: 400} unique_total=1200 dup_ratio=1.00x
  difficulty: mean=0.000 std=1.610
[difficulty_sampling_D0v2] [epoch 088/100] remain=12 epochs ep_eta=32.3min (avg 162s/ep)
[difficulty_sampling_D0v2] [epoch 088/100] lr=0.000002  dt=154.4s
  train loss=0.1053  ce=0.0670 dice=0.1436  tversky=0.0000 bd=0.0000  cldice=0.0000
  val   skipped (next val at epoch 90)
[difficulty_sampling_D0v2] [curriculum] epoch 89: stage=2 tiers=[0, 1, 2] pool={0: 400, 1: 400, 2: 400}
  [difficulty_sampling_D0v2] [epoch 89/100] batch 30/300 (10%) loss=0.1998 elapsed=16s eta=146s
  [difficulty_sampling_D0v2] [epoch 89/100] batch 60/300 (20%) loss=0.1837 elapsed=32s eta=129s
  [difficulty_sampling_D0v2] [epoch 89/100] batch 90/300 (30%) loss=0.1686 elapsed=49s eta=113s
  [difficulty_sampling_D0v2] [epoch 89/100] batch 120/300 (40%) loss=0.1562 elapsed=64s eta=95s
  [difficulty_sampling_D0v2] [epoch 89/100] batch 150/300 (50%) loss=0.1423 elapsed=79s eta=79s
  [difficulty_sampling_D0v2] [epoch 89/100] batch 180/300 (60%) loss=0.1327 elapsed=94s eta=63s
  [difficulty_sampling_D0v2] [epoch 89/100] batch 210/300 (70%) loss=0.1254 elapsed=109s eta=47s
  [difficulty_sampling_D0v2] [epoch 89/100] batch 240/300 (80%) loss=0.1185 elapsed=125s eta=31s
  [difficulty_sampling_D0v2] [epoch 89/100] batch 270/300 (90%) loss=0.1120 elapsed=140s eta=16s
  [difficulty_sampling_D0v2] [epoch 89/100] batch 300/300 (100%) loss=0.1052 elapsed=154s eta=0s
[difficulty_sampling_D0v2] [sampler] sampled: {0: 400, 1: 400, 2: 400} total=1200 spalling_ratio=24.33%
[difficulty_sampling_D0v2] [sampler] unique: {0: 400, 1: 400, 2: 400} unique_total=1200 dup_ratio=1.00x
  difficulty: mean=0.000 std=1.610
[difficulty_sampling_D0v2] [epoch 089/100] remain=11 epochs ep_eta=29.6min (avg 162s/ep)
[difficulty_sampling_D0v2] [epoch 089/100] lr=0.000002  dt=154.1s
  train loss=0.1052  ce=0.0670 dice=0.1434  tversky=0.0000 bd=0.0000  cldice=0.0000
  val   skipped (next val at epoch 90)
[difficulty_sampling_D0v2] [curriculum] epoch 90: stage=2 tiers=[0, 1, 2] pool={0: 400, 1: 400, 2: 400}
  [difficulty_sampling_D0v2] [epoch 90/100] batch 30/300 (10%) loss=0.2047 elapsed=17s eta=150s
  [difficulty_sampling_D0v2] [epoch 90/100] batch 60/300 (20%) loss=0.1805 elapsed=33s eta=131s
  [difficulty_sampling_D0v2] [epoch 90/100] batch 90/300 (30%) loss=0.1670 elapsed=49s eta=114s
  [difficulty_sampling_D0v2] [epoch 90/100] batch 120/300 (40%) loss=0.1526 elapsed=65s eta=97s
  [difficulty_sampling_D0v2] [epoch 90/100] batch 150/300 (50%) loss=0.1413 elapsed=81s eta=81s
  [difficulty_sampling_D0v2] [epoch 90/100] batch 180/300 (60%) loss=0.1327 elapsed=96s eta=64s
  [difficulty_sampling_D0v2] [epoch 90/100] batch 210/300 (70%) loss=0.1252 elapsed=112s eta=48s
  [difficulty_sampling_D0v2] [epoch 90/100] batch 240/300 (80%) loss=0.1184 elapsed=127s eta=32s
  [difficulty_sampling_D0v2] [epoch 90/100] batch 270/300 (90%) loss=0.1120 elapsed=142s eta=16s
  [difficulty_sampling_D0v2] [epoch 90/100] batch 300/300 (100%) loss=0.1052 elapsed=156s eta=0s
[difficulty_sampling_D0v2] [sampler] sampled: {0: 400, 1: 400, 2: 400} total=1200 spalling_ratio=24.33%
[difficulty_sampling_D0v2] [sampler] unique: {0: 400, 1: 400, 2: 400} unique_total=1200 dup_ratio=1.00x
  difficulty: mean=0.000 std=1.610
[difficulty_sampling_D0v2] [epoch 090/100] remain=10 epochs ep_eta=26.9min (avg 162s/ep)
[difficulty_sampling_D0v2] [epoch 090/100] lr=0.000002  dt=165.7s
  train loss=0.1052  ce=0.0667 dice=0.1438  tversky=0.0000 bd=0.0000  cldice=0.0000
  val   loss=0.3052
  IoU   bg=0.9782  crack=0.5753  spalling=0.8063  | mIoU_fg=0.6908  pix_acc=0.9788
  Dice  bg=0.9890  crack=0.7304  spalling=0.8928
  BF1   crack=0.7526  spalling=0.6418  | BF1_fg_mean=0.6972
[difficulty_sampling_D0v2] [curriculum] epoch 91: stage=2 tiers=[0, 1, 2] pool={0: 400, 1: 400, 2: 400}
  [difficulty_sampling_D0v2] [epoch 91/100] batch 30/300 (10%) loss=0.2186 elapsed=17s eta=151s
  [difficulty_sampling_D0v2] [epoch 91/100] batch 60/300 (20%) loss=0.1828 elapsed=33s eta=132s
  [difficulty_sampling_D0v2] [epoch 91/100] batch 90/300 (30%) loss=0.1693 elapsed=49s eta=115s
  [difficulty_sampling_D0v2] [epoch 91/100] batch 120/300 (40%) loss=0.1532 elapsed=65s eta=97s
  [difficulty_sampling_D0v2] [epoch 91/100] batch 150/300 (50%) loss=0.1416 elapsed=80s eta=80s
  [difficulty_sampling_D0v2] [epoch 91/100] batch 180/300 (60%) loss=0.1327 elapsed=96s eta=64s
  [difficulty_sampling_D0v2] [epoch 91/100] batch 210/300 (70%) loss=0.1248 elapsed=111s eta=48s
  [difficulty_sampling_D0v2] [epoch 91/100] batch 240/300 (80%) loss=0.1180 elapsed=126s eta=32s
  [difficulty_sampling_D0v2] [epoch 91/100] batch 270/300 (90%) loss=0.1115 elapsed=141s eta=16s
  [difficulty_sampling_D0v2] [epoch 91/100] batch 300/300 (100%) loss=0.1050 elapsed=154s eta=0s
[difficulty_sampling_D0v2] [sampler] sampled: {0: 400, 1: 400, 2: 400} total=1200 spalling_ratio=24.33%
[difficulty_sampling_D0v2] [sampler] unique: {0: 400, 1: 400, 2: 400} unique_total=1200 dup_ratio=1.00x
  difficulty: mean=0.000 std=1.611
[difficulty_sampling_D0v2] [epoch 091/100] remain=9 epochs ep_eta=24.3min (avg 162s/ep)
[difficulty_sampling_D0v2] [epoch 091/100] lr=0.000001  dt=164.0s
  train loss=0.1050  ce=0.0666 dice=0.1434  tversky=0.0000 bd=0.0000  cldice=0.0000
  val   loss=0.2986
  IoU   bg=0.9780  crack=0.5744  spalling=0.8079  | mIoU_fg=0.6911  pix_acc=0.9786
  Dice  bg=0.9889  crack=0.7297  spalling=0.8937
  BF1   crack=0.7521  spalling=0.6268  | BF1_fg_mean=0.6895
[difficulty_sampling_D0v2] [curriculum] epoch 92: stage=2 tiers=[0, 1, 2] pool={0: 400, 1: 400, 2: 400}
  [difficulty_sampling_D0v2] [epoch 92/100] batch 30/300 (10%) loss=0.2061 elapsed=16s eta=144s
  [difficulty_sampling_D0v2] [epoch 92/100] batch 60/300 (20%) loss=0.1796 elapsed=32s eta=128s
  [difficulty_sampling_D0v2] [epoch 92/100] batch 90/300 (30%) loss=0.1651 elapsed=48s eta=112s
  [difficulty_sampling_D0v2] [epoch 92/100] batch 120/300 (40%) loss=0.1524 elapsed=65s eta=97s
  [difficulty_sampling_D0v2] [epoch 92/100] batch 150/300 (50%) loss=0.1423 elapsed=80s eta=80s
  [difficulty_sampling_D0v2] [epoch 92/100] batch 180/300 (60%) loss=0.1327 elapsed=96s eta=64s
  [difficulty_sampling_D0v2] [epoch 92/100] batch 210/300 (70%) loss=0.1259 elapsed=112s eta=48s
  [difficulty_sampling_D0v2] [epoch 92/100] batch 240/300 (80%) loss=0.1179 elapsed=127s eta=32s
  [difficulty_sampling_D0v2] [epoch 92/100] batch 270/300 (90%) loss=0.1113 elapsed=142s eta=16s
  [difficulty_sampling_D0v2] [epoch 92/100] batch 300/300 (100%) loss=0.1045 elapsed=154s eta=0s
[difficulty_sampling_D0v2] [sampler] sampled: {0: 400, 1: 400, 2: 400} total=1200 spalling_ratio=24.33%
[difficulty_sampling_D0v2] [sampler] unique: {0: 400, 1: 400, 2: 400} unique_total=1200 dup_ratio=1.00x
  difficulty: mean=0.000 std=1.611
[difficulty_sampling_D0v2] [epoch 092/100] remain=8 epochs ep_eta=21.6min (avg 162s/ep)
[difficulty_sampling_D0v2] [epoch 092/100] lr=0.000001  dt=164.0s
  train loss=0.1045  ce=0.0660 dice=0.1429  tversky=0.0000 bd=0.0000  cldice=0.0000
  val   loss=0.3007
  IoU   bg=0.9780  crack=0.5749  spalling=0.8075  | mIoU_fg=0.6912  pix_acc=0.9787
  Dice  bg=0.9889  crack=0.7301  spalling=0.8935
  BF1   crack=0.7516  spalling=0.6490  | BF1_fg_mean=0.7003
[difficulty_sampling_D0v2] [curriculum] epoch 93: stage=2 tiers=[0, 1, 2] pool={0: 400, 1: 400, 2: 400}
  [difficulty_sampling_D0v2] [epoch 93/100] batch 30/300 (10%) loss=0.2054 elapsed=17s eta=151s
  [difficulty_sampling_D0v2] [epoch 93/100] batch 60/300 (20%) loss=0.1817 elapsed=34s eta=136s
  [difficulty_sampling_D0v2] [epoch 93/100] batch 90/300 (30%) loss=0.1671 elapsed=50s eta=116s
  [difficulty_sampling_D0v2] [epoch 93/100] batch 120/300 (40%) loss=0.1527 elapsed=65s eta=98s
  [difficulty_sampling_D0v2] [epoch 93/100] batch 150/300 (50%) loss=0.1419 elapsed=82s eta=82s
  [difficulty_sampling_D0v2] [epoch 93/100] batch 180/300 (60%) loss=0.1327 elapsed=98s eta=66s
  [difficulty_sampling_D0v2] [epoch 93/100] batch 210/300 (70%) loss=0.1251 elapsed=114s eta=49s
  [difficulty_sampling_D0v2] [epoch 93/100] batch 240/300 (80%) loss=0.1177 elapsed=130s eta=32s
  [difficulty_sampling_D0v2] [epoch 93/100] batch 270/300 (90%) loss=0.1110 elapsed=146s eta=16s
  [difficulty_sampling_D0v2] [epoch 93/100] batch 300/300 (100%) loss=0.1042 elapsed=159s eta=0s
[difficulty_sampling_D0v2] [sampler] sampled: {0: 400, 1: 400, 2: 400} total=1200 spalling_ratio=24.33%
[difficulty_sampling_D0v2] [sampler] unique: {0: 400, 1: 400, 2: 400} unique_total=1200 dup_ratio=1.00x
  difficulty: mean=0.000 std=1.611
[difficulty_sampling_D0v2] [epoch 093/100] remain=7 epochs ep_eta=18.9min (avg 162s/ep)
[difficulty_sampling_D0v2] [epoch 093/100] lr=0.000001  dt=168.8s
  train loss=0.1042  ce=0.0666 dice=0.1418  tversky=0.0000 bd=0.0000  cldice=0.0000
  val   loss=0.3014
  IoU   bg=0.9782  crack=0.5743  spalling=0.8077  | mIoU_fg=0.6910  pix_acc=0.9789
  Dice  bg=0.9890  crack=0.7296  spalling=0.8936
  BF1   crack=0.7528  spalling=0.6478  | BF1_fg_mean=0.7003
[difficulty_sampling_D0v2] [curriculum] epoch 94: stage=2 tiers=[0, 1, 2] pool={0: 400, 1: 400, 2: 400}
  [difficulty_sampling_D0v2] [epoch 94/100] batch 30/300 (10%) loss=0.2109 elapsed=17s eta=153s
  [difficulty_sampling_D0v2] [epoch 94/100] batch 60/300 (20%) loss=0.1894 elapsed=33s eta=131s
  [difficulty_sampling_D0v2] [epoch 94/100] batch 90/300 (30%) loss=0.1693 elapsed=48s eta=112s
  [difficulty_sampling_D0v2] [epoch 94/100] batch 120/300 (40%) loss=0.1557 elapsed=64s eta=96s
  [difficulty_sampling_D0v2] [epoch 94/100] batch 150/300 (50%) loss=0.1441 elapsed=79s eta=79s
  [difficulty_sampling_D0v2] [epoch 94/100] batch 180/300 (60%) loss=0.1345 elapsed=95s eta=64s
  [difficulty_sampling_D0v2] [epoch 94/100] batch 210/300 (70%) loss=0.1265 elapsed=111s eta=48s
  [difficulty_sampling_D0v2] [epoch 94/100] batch 240/300 (80%) loss=0.1190 elapsed=126s eta=32s
  [difficulty_sampling_D0v2] [epoch 94/100] batch 270/300 (90%) loss=0.1121 elapsed=141s eta=16s
  [difficulty_sampling_D0v2] [epoch 94/100] batch 300/300 (100%) loss=0.1052 elapsed=155s eta=0s
[difficulty_sampling_D0v2] [sampler] sampled: {0: 400, 1: 400, 2: 400} total=1200 spalling_ratio=24.33%
[difficulty_sampling_D0v2] [sampler] unique: {0: 400, 1: 400, 2: 400} unique_total=1200 dup_ratio=1.00x
  difficulty: mean=0.000 std=1.611
[difficulty_sampling_D0v2] [epoch 094/100] remain=6 epochs ep_eta=16.2min (avg 162s/ep)
[difficulty_sampling_D0v2] [epoch 094/100] lr=0.000001  dt=164.8s
  train loss=0.1052  ce=0.0671 dice=0.1433  tversky=0.0000 bd=0.0000  cldice=0.0000
  val   loss=0.2977
  IoU   bg=0.9779  crack=0.5765  spalling=0.8078  | mIoU_fg=0.6922  pix_acc=0.9785
  Dice  bg=0.9888  crack=0.7313  spalling=0.8937
  BF1   crack=0.7512  spalling=0.6454  | BF1_fg_mean=0.6983
[difficulty_sampling_D0v2] [curriculum] epoch 95: stage=2 tiers=[0, 1, 2] pool={0: 400, 1: 400, 2: 400}
  [difficulty_sampling_D0v2] [epoch 95/100] batch 30/300 (10%) loss=0.2061 elapsed=16s eta=147s
  [difficulty_sampling_D0v2] [epoch 95/100] batch 60/300 (20%) loss=0.1863 elapsed=32s eta=127s
  [difficulty_sampling_D0v2] [epoch 95/100] batch 90/300 (30%) loss=0.1680 elapsed=48s eta=112s
  [difficulty_sampling_D0v2] [epoch 95/100] batch 120/300 (40%) loss=0.1521 elapsed=64s eta=96s
  [difficulty_sampling_D0v2] [epoch 95/100] batch 150/300 (50%) loss=0.1404 elapsed=80s eta=80s
  [difficulty_sampling_D0v2] [epoch 95/100] batch 180/300 (60%) loss=0.1312 elapsed=96s eta=64s
  [difficulty_sampling_D0v2] [epoch 95/100] batch 210/300 (70%) loss=0.1246 elapsed=111s eta=48s
  [difficulty_sampling_D0v2] [epoch 95/100] batch 240/300 (80%) loss=0.1175 elapsed=126s eta=32s
  [difficulty_sampling_D0v2] [epoch 95/100] batch 270/300 (90%) loss=0.1108 elapsed=141s eta=16s
  [difficulty_sampling_D0v2] [epoch 95/100] batch 300/300 (100%) loss=0.1044 elapsed=155s eta=0s
[difficulty_sampling_D0v2] [sampler] sampled: {0: 400, 1: 400, 2: 400} total=1200 spalling_ratio=24.33%
[difficulty_sampling_D0v2] [sampler] unique: {0: 400, 1: 400, 2: 400} unique_total=1200 dup_ratio=1.00x
  difficulty: mean=0.000 std=1.611
[difficulty_sampling_D0v2] [epoch 095/100] remain=5 epochs ep_eta=13.5min (avg 162s/ep)
[difficulty_sampling_D0v2] [epoch 095/100] lr=0.000000  dt=164.1s
  train loss=0.1044  ce=0.0666 dice=0.1422  tversky=0.0000 bd=0.0000  cldice=0.0000
  val   loss=0.3011
  IoU   bg=0.9782  crack=0.5754  spalling=0.8072  | mIoU_fg=0.6913  pix_acc=0.9788
  Dice  bg=0.9890  crack=0.7305  spalling=0.8933
  BF1   crack=0.7531  spalling=0.6453  | BF1_fg_mean=0.6992
[difficulty_sampling_D0v2] [curriculum] epoch 96: stage=2 tiers=[0, 1, 2] pool={0: 400, 1: 400, 2: 400}
  [difficulty_sampling_D0v2] [epoch 96/100] batch 30/300 (10%) loss=0.2089 elapsed=18s eta=162s
  [difficulty_sampling_D0v2] [epoch 96/100] batch 60/300 (20%) loss=0.1841 elapsed=35s eta=139s
  [difficulty_sampling_D0v2] [epoch 96/100] batch 90/300 (30%) loss=0.1711 elapsed=51s eta=120s
  [difficulty_sampling_D0v2] [epoch 96/100] batch 120/300 (40%) loss=0.1540 elapsed=68s eta=102s
  [difficulty_sampling_D0v2] [epoch 96/100] batch 150/300 (50%) loss=0.1437 elapsed=84s eta=84s
  [difficulty_sampling_D0v2] [epoch 96/100] batch 180/300 (60%) loss=0.1349 elapsed=101s eta=67s
  [difficulty_sampling_D0v2] [epoch 96/100] batch 210/300 (70%) loss=0.1265 elapsed=116s eta=50s
  [difficulty_sampling_D0v2] [epoch 96/100] batch 240/300 (80%) loss=0.1189 elapsed=132s eta=33s
  [difficulty_sampling_D0v2] [epoch 96/100] batch 270/300 (90%) loss=0.1123 elapsed=148s eta=16s
  [difficulty_sampling_D0v2] [epoch 96/100] batch 300/300 (100%) loss=0.1054 elapsed=163s eta=0s
[difficulty_sampling_D0v2] [sampler] sampled: {0: 400, 1: 400, 2: 400} total=1200 spalling_ratio=24.33%
[difficulty_sampling_D0v2] [sampler] unique: {0: 400, 1: 400, 2: 400} unique_total=1200 dup_ratio=1.00x
  difficulty: mean=0.000 std=1.610
[difficulty_sampling_D0v2] [epoch 096/100] remain=4 epochs ep_eta=10.8min (avg 162s/ep)
[difficulty_sampling_D0v2] [epoch 096/100] lr=0.000000  dt=172.7s
  train loss=0.1054  ce=0.0667 dice=0.1441  tversky=0.0000 bd=0.0000  cldice=0.0000
  val   loss=0.3003
  IoU   bg=0.9781  crack=0.5763  spalling=0.8073  | mIoU_fg=0.6918  pix_acc=0.9788
  Dice  bg=0.9890  crack=0.7312  spalling=0.8934
  BF1   crack=0.7535  spalling=0.6486  | BF1_fg_mean=0.7011
[difficulty_sampling_D0v2] [curriculum] epoch 97: stage=2 tiers=[0, 1, 2] pool={0: 400, 1: 400, 2: 400}
  [difficulty_sampling_D0v2] [epoch 97/100] batch 30/300 (10%) loss=0.2224 elapsed=29s eta=258s
  [difficulty_sampling_D0v2] [epoch 97/100] batch 60/300 (20%) loss=0.1894 elapsed=47s eta=187s
  [difficulty_sampling_D0v2] [epoch 97/100] batch 90/300 (30%) loss=0.1698 elapsed=63s eta=146s
  [difficulty_sampling_D0v2] [epoch 97/100] batch 120/300 (40%) loss=0.1540 elapsed=79s eta=119s
  [difficulty_sampling_D0v2] [epoch 97/100] batch 150/300 (50%) loss=0.1430 elapsed=95s eta=95s
  [difficulty_sampling_D0v2] [epoch 97/100] batch 180/300 (60%) loss=0.1333 elapsed=111s eta=74s
  [difficulty_sampling_D0v2] [epoch 97/100] batch 210/300 (70%) loss=0.1256 elapsed=127s eta=54s
  [difficulty_sampling_D0v2] [epoch 97/100] batch 240/300 (80%) loss=0.1184 elapsed=143s eta=36s
  [difficulty_sampling_D0v2] [epoch 97/100] batch 270/300 (90%) loss=0.1115 elapsed=158s eta=18s
  [difficulty_sampling_D0v2] [epoch 97/100] batch 300/300 (100%) loss=0.1048 elapsed=172s eta=0s
[difficulty_sampling_D0v2] [sampler] sampled: {0: 400, 1: 400, 2: 400} total=1200 spalling_ratio=24.33%
[difficulty_sampling_D0v2] [sampler] unique: {0: 400, 1: 400, 2: 400} unique_total=1200 dup_ratio=1.00x
  difficulty: mean=0.000 std=1.610
[difficulty_sampling_D0v2] [epoch 097/100] remain=3 epochs ep_eta=8.1min (avg 162s/ep)
[difficulty_sampling_D0v2] [epoch 097/100] lr=0.000000  dt=181.3s
  train loss=0.1048  ce=0.0669 dice=0.1428  tversky=0.0000 bd=0.0000  cldice=0.0000
  val   loss=0.3011
  IoU   bg=0.9781  crack=0.5751  spalling=0.8074  | mIoU_fg=0.6913  pix_acc=0.9787
  Dice  bg=0.9889  crack=0.7303  spalling=0.8935
  BF1   crack=0.7528  spalling=0.6285  | BF1_fg_mean=0.6907
[difficulty_sampling_D0v2] [curriculum] epoch 98: stage=2 tiers=[0, 1, 2] pool={0: 400, 1: 400, 2: 400}
  [difficulty_sampling_D0v2] [epoch 98/100] batch 30/300 (10%) loss=0.2047 elapsed=17s eta=153s
  [difficulty_sampling_D0v2] [epoch 98/100] batch 60/300 (20%) loss=0.1875 elapsed=33s eta=133s
  [difficulty_sampling_D0v2] [epoch 98/100] batch 90/300 (30%) loss=0.1683 elapsed=50s eta=116s
  [difficulty_sampling_D0v2] [epoch 98/100] batch 120/300 (40%) loss=0.1518 elapsed=66s eta=98s
  [difficulty_sampling_D0v2] [epoch 98/100] batch 150/300 (50%) loss=0.1428 elapsed=81s eta=81s
  [difficulty_sampling_D0v2] [epoch 98/100] batch 180/300 (60%) loss=0.1334 elapsed=97s eta=65s
  [difficulty_sampling_D0v2] [epoch 98/100] batch 210/300 (70%) loss=0.1253 elapsed=113s eta=48s
  [difficulty_sampling_D0v2] [epoch 98/100] batch 240/300 (80%) loss=0.1187 elapsed=129s eta=32s
  [difficulty_sampling_D0v2] [epoch 98/100] batch 270/300 (90%) loss=0.1120 elapsed=145s eta=16s
  [difficulty_sampling_D0v2] [epoch 98/100] batch 300/300 (100%) loss=0.1051 elapsed=158s eta=0s
[difficulty_sampling_D0v2] [sampler] sampled: {0: 400, 1: 400, 2: 400} total=1200 spalling_ratio=24.33%
[difficulty_sampling_D0v2] [sampler] unique: {0: 400, 1: 400, 2: 400} unique_total=1200 dup_ratio=1.00x
  difficulty: mean=0.000 std=1.610
[difficulty_sampling_D0v2] [epoch 098/100] remain=2 epochs ep_eta=5.4min (avg 162s/ep)
[difficulty_sampling_D0v2] [epoch 098/100] lr=0.000000  dt=167.9s
  train loss=0.1051  ce=0.0664 dice=0.1437  tversky=0.0000 bd=0.0000  cldice=0.0000
  val   loss=0.3004
  IoU   bg=0.9781  crack=0.5763  spalling=0.8076  | mIoU_fg=0.6919  pix_acc=0.9787
  Dice  bg=0.9889  crack=0.7312  spalling=0.8936
  BF1   crack=0.7537  spalling=0.6470  | BF1_fg_mean=0.7004
[difficulty_sampling_D0v2] [curriculum] epoch 99: stage=2 tiers=[0, 1, 2] pool={0: 400, 1: 400, 2: 400}
  [difficulty_sampling_D0v2] [epoch 99/100] batch 30/300 (10%) loss=0.2132 elapsed=17s eta=154s
  [difficulty_sampling_D0v2] [epoch 99/100] batch 60/300 (20%) loss=0.1874 elapsed=33s eta=133s
  [difficulty_sampling_D0v2] [epoch 99/100] batch 90/300 (30%) loss=0.1706 elapsed=49s eta=115s
  [difficulty_sampling_D0v2] [epoch 99/100] batch 120/300 (40%) loss=0.1562 elapsed=65s eta=98s
  [difficulty_sampling_D0v2] [epoch 99/100] batch 150/300 (50%) loss=0.1438 elapsed=81s eta=81s
  [difficulty_sampling_D0v2] [epoch 99/100] batch 180/300 (60%) loss=0.1332 elapsed=97s eta=65s
  [difficulty_sampling_D0v2] [epoch 99/100] batch 210/300 (70%) loss=0.1254 elapsed=112s eta=48s
  [difficulty_sampling_D0v2] [epoch 99/100] batch 240/300 (80%) loss=0.1187 elapsed=128s eta=32s
  [difficulty_sampling_D0v2] [epoch 99/100] batch 270/300 (90%) loss=0.1120 elapsed=144s eta=16s
  [difficulty_sampling_D0v2] [epoch 99/100] batch 300/300 (100%) loss=0.1057 elapsed=157s eta=0s
[difficulty_sampling_D0v2] [sampler] sampled: {0: 400, 1: 400, 2: 400} total=1200 spalling_ratio=24.33%
[difficulty_sampling_D0v2] [sampler] unique: {0: 400, 1: 400, 2: 400} unique_total=1200 dup_ratio=1.00x
  difficulty: mean=0.000 std=1.610
[difficulty_sampling_D0v2] [epoch 099/100] remain=1 epochs ep_eta=2.7min (avg 162s/ep)
[difficulty_sampling_D0v2] [epoch 099/100] lr=0.000000  dt=166.9s
  train loss=0.1057  ce=0.0666 dice=0.1447  tversky=0.0000 bd=0.0000  cldice=0.0000
  val   loss=0.2962
  IoU   bg=0.9780  crack=0.5765  spalling=0.8074  | mIoU_fg=0.6920  pix_acc=0.9787
  Dice  bg=0.9889  crack=0.7314  spalling=0.8934
  BF1   crack=0.7533  spalling=0.6270  | BF1_fg_mean=0.6901
[difficulty_sampling_D0v2] [curriculum] epoch 100: stage=2 tiers=[0, 1, 2] pool={0: 400, 1: 400, 2: 400}
  [difficulty_sampling_D0v2] [epoch 100/100] batch 30/300 (10%) loss=0.2113 elapsed=16s eta=141s
  [difficulty_sampling_D0v2] [epoch 100/100] batch 60/300 (20%) loss=0.1882 elapsed=31s eta=126s
  [difficulty_sampling_D0v2] [epoch 100/100] batch 90/300 (30%) loss=0.1683 elapsed=47s eta=110s
  [difficulty_sampling_D0v2] [epoch 100/100] batch 120/300 (40%) loss=0.1534 elapsed=64s eta=95s
  [difficulty_sampling_D0v2] [epoch 100/100] batch 150/300 (50%) loss=0.1420 elapsed=80s eta=80s
  [difficulty_sampling_D0v2] [epoch 100/100] batch 180/300 (60%) loss=0.1337 elapsed=96s eta=64s
  [difficulty_sampling_D0v2] [epoch 100/100] batch 210/300 (70%) loss=0.1259 elapsed=112s eta=48s
  [difficulty_sampling_D0v2] [epoch 100/100] batch 240/300 (80%) loss=0.1190 elapsed=128s eta=32s
  [difficulty_sampling_D0v2] [epoch 100/100] batch 270/300 (90%) loss=0.1122 elapsed=143s eta=16s
  [difficulty_sampling_D0v2] [epoch 100/100] batch 300/300 (100%) loss=0.1055 elapsed=158s eta=0s
[difficulty_sampling_D0v2] [sampler] sampled: {0: 400, 1: 400, 2: 400} total=1200 spalling_ratio=24.33%
[difficulty_sampling_D0v2] [sampler] unique: {0: 400, 1: 400, 2: 400} unique_total=1200 dup_ratio=1.00x
  difficulty: mean=0.000 std=1.611
[difficulty_sampling_D0v2] [epoch 100/100] remain=0 epochs ep_eta=0.0min (avg 162s/ep)
[difficulty_sampling_D0v2] [epoch 100/100] lr=0.000000  dt=167.2s
  train loss=0.1055  ce=0.0658 dice=0.1451  tversky=0.0000 bd=0.0000  cldice=0.0000
  val   loss=0.2994
  IoU   bg=0.9781  crack=0.5762  spalling=0.8075  | mIoU_fg=0.6919  pix_acc=0.9787
  Dice  bg=0.9889  crack=0.7311  spalling=0.8935
  BF1   crack=0.7535  spalling=0.6474  | BF1_fg_mean=0.7005

[train] final test eval using best checkpoint
IoU   bg=0.9773  crack=0.5643  spalling=0.8433  | mIoU_fg=0.7038  pix_acc=0.9780
Dice  bg=0.9885  crack=0.7215  spalling=0.9150
BF1   crack=0.7397  spalling=0.6375  | BF1_fg_mean=0.6886
clDice crack=0.8179
[train] wrote /workspace/dam-segmentation-baselines/full_method/runs/difficulty_sampling_D0v2/test_report.txt
[train] wrote /workspace/dam-segmentation-baselines/full_method/runs/difficulty_sampling_D0v2/curves.png
