Some weights of SegformerForSemanticSegmentation were not initialized from the model checkpoint at nvidia/segformer-b2-finetuned-ade-512-512 and are newly initialized because the shapes did not match:
- decode_head.classifier.weight: found shape torch.Size([150, 768, 1, 1]) in the checkpoint and torch.Size([3, 768, 1, 1]) in the model instantiated
- decode_head.classifier.bias: found shape torch.Size([150]) in the checkpoint and torch.Size([3]) in the model instantiated
You should probably TRAIN this model on a down-stream task to be able to use it for predictions and inference.
[train] cuDNN warmup OK
[train] full_method (difficulty_sampling_cldice_D1v2)
[train] device=cuda  torch=2.6.0+cu124  transformers=4.57.6
[train] cfg: pretrained=nvidia/segformer-b2-finetuned-ade-512-512 img=512 bs=4 grad_accum=1 epochs=100 lr=6e-05 warmup=5
[train] difficulty: alpha=1.0 beta=0.5 gamma=0.3 delta=0.3 ema=0.9 tau=0.5
[train] bonuses: spalling=0.3 late_hard_crack=0.4
[train] ablation switches: dynamic_difficulty=True class_sampling_bonus=False class_loss_schedule=False boundary_loss=False tversky_loss=False
[train] new switches: soft_curriculum=False softmax_sampling=True dynamic_loss_reweight=False (lambda=0.5) soft_boundary=False (start=0.6 max=0.1)
[train] cldice: use=True weight=0.05 start_epoch=60 iters=7
[train] no_curriculum=True
[train] competence: hard=False soft=False c0=0.333 duration=70 floors=[0.05,0.02,0.0]
[train] sizes: train=1200 val=150 test=150
[train] building records (scanning masks for has_spalling) ...
[train] records: {0: 400, 1: 400, 2: 400}  has_spalling=292/1200
[train] raw pixel frequency: {'background': 0.952165391031901, 'crack': 0.03423014119466146, 'spalling': 0.0136044677734375}
[train] clipped weights    : {'background': 0.25, 'crack': 1.080772481700143, 'spalling': 1.7143055384148256}
[train] running OOM probe ...
[train] OOM probe OK
[train] mixed precision (AMP) enabled
[train] viz samples (6):
    Hard/H (99).jpg
    Hard/H (365).jpg
    Medium/M (127).jpg
    Medium/M (422).jpg
    Hard/H (431).jpg
    Hard/H (476).jpg
[difficulty_sampling_cldice_D1v2] [curriculum] epoch 1: stage=0 tiers=[0] pool={0: 400, 1: 0, 2: 0}
  [difficulty_sampling_cldice_D1v2] [epoch 1/100] batch 30/300 (10%) loss=0.9862 elapsed=18s eta=166s
  [difficulty_sampling_cldice_D1v2] [epoch 1/100] batch 60/300 (20%) loss=0.9876 elapsed=36s eta=144s
  [difficulty_sampling_cldice_D1v2] [epoch 1/100] batch 90/300 (30%) loss=0.9871 elapsed=53s eta=123s
  [difficulty_sampling_cldice_D1v2] [epoch 1/100] batch 120/300 (40%) loss=0.9858 elapsed=70s eta=105s
  [difficulty_sampling_cldice_D1v2] [epoch 1/100] batch 150/300 (50%) loss=0.9855 elapsed=87s eta=87s
  [difficulty_sampling_cldice_D1v2] [epoch 1/100] batch 180/300 (60%) loss=0.9848 elapsed=105s eta=70s
  [difficulty_sampling_cldice_D1v2] [epoch 1/100] batch 210/300 (70%) loss=0.9835 elapsed=121s eta=52s
  [difficulty_sampling_cldice_D1v2] [epoch 1/100] batch 240/300 (80%) loss=0.9829 elapsed=138s eta=35s
  [difficulty_sampling_cldice_D1v2] [epoch 1/100] batch 270/300 (90%) loss=0.9817 elapsed=155s eta=17s
  [difficulty_sampling_cldice_D1v2] [epoch 1/100] batch 300/300 (100%) loss=0.9810 elapsed=172s eta=0s
[difficulty_sampling_cldice_D1v2] [sampler] sampled: {0: 400, 1: 400, 2: 400} total=1200 spalling_ratio=24.33%
[difficulty_sampling_cldice_D1v2] [sampler] unique: {0: 400, 1: 400, 2: 400} unique_total=1200 dup_ratio=1.00x
  difficulty: mean=-0.000 std=1.011
[difficulty_sampling_cldice_D1v2] [epoch 001/100] remain=99 epochs ep_eta=301.9min (avg 183s/ep)
[difficulty_sampling_cldice_D1v2] [epoch 001/100] lr=0.000012  dt=183.0s
  train loss=0.9810  ce=1.0166 dice=0.9454  tversky=0.0000 bd=0.0000  cldice=0.0000
  val   loss=0.9640
  IoU   bg=0.7224  crack=0.0529  spalling=0.0174  | mIoU_fg=0.0352  pix_acc=0.7201
  Dice  bg=0.8388  crack=0.1005  spalling=0.0343
  BF1   crack=0.0872  spalling=0.0343  | BF1_fg_mean=0.0608
  [difficulty_sampling_cldice_D1v2] [best] mIoU_fg=0.0352  saved -> best.pt
[difficulty_sampling_cldice_D1v2] [curriculum] epoch 2: stage=0 tiers=[0] pool={0: 400, 1: 0, 2: 0}
  [difficulty_sampling_cldice_D1v2] [epoch 2/100] batch 30/300 (10%) loss=0.9519 elapsed=18s eta=162s
  [difficulty_sampling_cldice_D1v2] [epoch 2/100] batch 60/300 (20%) loss=0.9347 elapsed=34s eta=138s
  [difficulty_sampling_cldice_D1v2] [epoch 2/100] batch 90/300 (30%) loss=0.9178 elapsed=51s eta=118s
  [difficulty_sampling_cldice_D1v2] [epoch 2/100] batch 120/300 (40%) loss=0.9013 elapsed=67s eta=101s
  [difficulty_sampling_cldice_D1v2] [epoch 2/100] batch 150/300 (50%) loss=0.8842 elapsed=84s eta=84s
  [difficulty_sampling_cldice_D1v2] [epoch 2/100] batch 180/300 (60%) loss=0.8671 elapsed=100s eta=67s
  [difficulty_sampling_cldice_D1v2] [epoch 2/100] batch 210/300 (70%) loss=0.8510 elapsed=116s eta=50s
  [difficulty_sampling_cldice_D1v2] [epoch 2/100] batch 240/300 (80%) loss=0.8359 elapsed=132s eta=33s
  [difficulty_sampling_cldice_D1v2] [epoch 2/100] batch 270/300 (90%) loss=0.8219 elapsed=148s eta=16s
  [difficulty_sampling_cldice_D1v2] [epoch 2/100] batch 300/300 (100%) loss=0.8081 elapsed=164s eta=0s
[difficulty_sampling_cldice_D1v2] [sampler] sampled: {0: 400, 1: 400, 2: 400} total=1200 spalling_ratio=24.33%
[difficulty_sampling_cldice_D1v2] [sampler] unique: {0: 400, 1: 400, 2: 400} unique_total=1200 dup_ratio=1.00x
  difficulty: mean=0.000 std=1.122
[difficulty_sampling_cldice_D1v2] [epoch 002/100] remain=98 epochs ep_eta=286.1min (avg 175s/ep)
[difficulty_sampling_cldice_D1v2] [epoch 002/100] lr=0.000024  dt=163.9s
  train loss=0.8081  ce=0.7220 dice=0.8942  tversky=0.0000 bd=0.0000  cldice=0.0000
  val   skipped (next val at epoch 5)
[difficulty_sampling_cldice_D1v2] [curriculum] epoch 3: stage=0 tiers=[0] pool={0: 400, 1: 0, 2: 0}
  [difficulty_sampling_cldice_D1v2] [epoch 3/100] batch 30/300 (10%) loss=0.6656 elapsed=16s eta=144s
  [difficulty_sampling_cldice_D1v2] [epoch 3/100] batch 60/300 (20%) loss=0.6491 elapsed=33s eta=131s
  [difficulty_sampling_cldice_D1v2] [epoch 3/100] batch 90/300 (30%) loss=0.6290 elapsed=49s eta=115s
  [difficulty_sampling_cldice_D1v2] [epoch 3/100] batch 120/300 (40%) loss=0.6157 elapsed=65s eta=97s
  [difficulty_sampling_cldice_D1v2] [epoch 3/100] batch 150/300 (50%) loss=0.6019 elapsed=81s eta=81s
  [difficulty_sampling_cldice_D1v2] [epoch 3/100] batch 180/300 (60%) loss=0.5899 elapsed=97s eta=65s
  [difficulty_sampling_cldice_D1v2] [epoch 3/100] batch 210/300 (70%) loss=0.5781 elapsed=112s eta=48s
  [difficulty_sampling_cldice_D1v2] [epoch 3/100] batch 240/300 (80%) loss=0.5663 elapsed=128s eta=32s
  [difficulty_sampling_cldice_D1v2] [epoch 3/100] batch 270/300 (90%) loss=0.5569 elapsed=143s eta=16s
  [difficulty_sampling_cldice_D1v2] [epoch 3/100] batch 300/300 (100%) loss=0.5482 elapsed=159s eta=0s
[difficulty_sampling_cldice_D1v2] [sampler] sampled: {0: 400, 1: 400, 2: 400} total=1200 spalling_ratio=24.33%
[difficulty_sampling_cldice_D1v2] [sampler] unique: {0: 400, 1: 400, 2: 400} unique_total=1200 dup_ratio=1.00x
  difficulty: mean=-0.000 std=1.130
[difficulty_sampling_cldice_D1v2] [epoch 003/100] remain=97 epochs ep_eta=275.3min (avg 170s/ep)
[difficulty_sampling_cldice_D1v2] [epoch 003/100] lr=0.000036  dt=159.1s
  train loss=0.5482  ce=0.3433 dice=0.7530  tversky=0.0000 bd=0.0000  cldice=0.0000
  val   skipped (next val at epoch 5)
[difficulty_sampling_cldice_D1v2] [curriculum] epoch 4: stage=0 tiers=[0] pool={0: 400, 1: 0, 2: 0}
  [difficulty_sampling_cldice_D1v2] [epoch 4/100] batch 30/300 (10%) loss=0.4389 elapsed=16s eta=142s
  [difficulty_sampling_cldice_D1v2] [epoch 4/100] batch 60/300 (20%) loss=0.4414 elapsed=31s eta=125s
  [difficulty_sampling_cldice_D1v2] [epoch 4/100] batch 90/300 (30%) loss=0.4379 elapsed=46s eta=108s
  [difficulty_sampling_cldice_D1v2] [epoch 4/100] batch 120/300 (40%) loss=0.4308 elapsed=61s eta=91s
  [difficulty_sampling_cldice_D1v2] [epoch 4/100] batch 150/300 (50%) loss=0.4300 elapsed=77s eta=77s
  [difficulty_sampling_cldice_D1v2] [epoch 4/100] batch 180/300 (60%) loss=0.4209 elapsed=92s eta=61s
  [difficulty_sampling_cldice_D1v2] [epoch 4/100] batch 210/300 (70%) loss=0.4123 elapsed=107s eta=46s
  [difficulty_sampling_cldice_D1v2] [epoch 4/100] batch 240/300 (80%) loss=0.4054 elapsed=123s eta=31s
  [difficulty_sampling_cldice_D1v2] [epoch 4/100] batch 270/300 (90%) loss=0.4007 elapsed=139s eta=15s
  [difficulty_sampling_cldice_D1v2] [epoch 4/100] batch 300/300 (100%) loss=0.3962 elapsed=155s eta=0s
[difficulty_sampling_cldice_D1v2] [sampler] sampled: {0: 400, 1: 400, 2: 400} total=1200 spalling_ratio=24.33%
[difficulty_sampling_cldice_D1v2] [sampler] unique: {0: 400, 1: 400, 2: 400} unique_total=1200 dup_ratio=1.00x
  difficulty: mean=-0.000 std=1.137
[difficulty_sampling_cldice_D1v2] [epoch 004/100] remain=96 epochs ep_eta=266.9min (avg 167s/ep)
[difficulty_sampling_cldice_D1v2] [epoch 004/100] lr=0.000048  dt=155.2s
  train loss=0.3962  ce=0.1990 dice=0.5935  tversky=0.0000 bd=0.0000  cldice=0.0000
  val   skipped (next val at epoch 5)
[difficulty_sampling_cldice_D1v2] [curriculum] epoch 5: stage=0 tiers=[0] pool={0: 400, 1: 0, 2: 0}
  [difficulty_sampling_cldice_D1v2] [epoch 5/100] batch 30/300 (10%) loss=0.3269 elapsed=16s eta=144s
  [difficulty_sampling_cldice_D1v2] [epoch 5/100] batch 60/300 (20%) loss=0.3279 elapsed=32s eta=128s
  [difficulty_sampling_cldice_D1v2] [epoch 5/100] batch 90/300 (30%) loss=0.3292 elapsed=48s eta=112s
  [difficulty_sampling_cldice_D1v2] [epoch 5/100] batch 120/300 (40%) loss=0.3227 elapsed=63s eta=94s
  [difficulty_sampling_cldice_D1v2] [epoch 5/100] batch 150/300 (50%) loss=0.3271 elapsed=78s eta=78s
  [difficulty_sampling_cldice_D1v2] [epoch 5/100] batch 180/300 (60%) loss=0.3241 elapsed=94s eta=62s
  [difficulty_sampling_cldice_D1v2] [epoch 5/100] batch 210/300 (70%) loss=0.3216 elapsed=109s eta=47s
  [difficulty_sampling_cldice_D1v2] [epoch 5/100] batch 240/300 (80%) loss=0.3170 elapsed=125s eta=31s
  [difficulty_sampling_cldice_D1v2] [epoch 5/100] batch 270/300 (90%) loss=0.3177 elapsed=141s eta=16s
  [difficulty_sampling_cldice_D1v2] [epoch 5/100] batch 300/300 (100%) loss=0.3154 elapsed=157s eta=0s
[difficulty_sampling_cldice_D1v2] [sampler] sampled: {0: 400, 1: 400, 2: 400} total=1200 spalling_ratio=24.33%
[difficulty_sampling_cldice_D1v2] [sampler] unique: {0: 400, 1: 400, 2: 400} unique_total=1200 dup_ratio=1.00x
  difficulty: mean=-0.000 std=1.167
/usr/local/lib/python3.11/dist-packages/torch/optim/lr_scheduler.py:243: UserWarning: The epoch parameter in `scheduler.step()` was not necessary and is being deprecated where possible. Please use `scheduler.step()` to step the scheduler. During the deprecation, if epoch is different from None, the closed form is used instead of the new chainable form, where available. Please open an issue if you are unable to replicate your use case: https://github.com/pytorch/pytorch/issues/new/choose.
  warnings.warn(EPOCH_DEPRECATION_WARNING, UserWarning)
[difficulty_sampling_cldice_D1v2] [epoch 005/100] remain=95 epochs ep_eta=264.4min (avg 167s/ep)
[difficulty_sampling_cldice_D1v2] [epoch 005/100] lr=0.000060  dt=166.7s
  train loss=0.3154  ce=0.1621 dice=0.4686  tversky=0.0000 bd=0.0000  cldice=0.0000
  val   loss=0.3012
  IoU   bg=0.9657  crack=0.5013  spalling=0.6529  | mIoU_fg=0.5771  pix_acc=0.9667
  Dice  bg=0.9826  crack=0.6678  spalling=0.7900
  BF1   crack=0.6150  spalling=0.4129  | BF1_fg_mean=0.5140
  [difficulty_sampling_cldice_D1v2] [best] mIoU_fg=0.5771  saved -> best.pt
[difficulty_sampling_cldice_D1v2] [curriculum] epoch 6: stage=0 tiers=[0] pool={0: 400, 1: 0, 2: 0}
  [difficulty_sampling_cldice_D1v2] [epoch 6/100] batch 30/300 (10%) loss=0.4428 elapsed=17s eta=151s
  [difficulty_sampling_cldice_D1v2] [epoch 6/100] batch 60/300 (20%) loss=0.3880 elapsed=33s eta=132s
  [difficulty_sampling_cldice_D1v2] [epoch 6/100] batch 90/300 (30%) loss=0.3614 elapsed=48s eta=112s
  [difficulty_sampling_cldice_D1v2] [epoch 6/100] batch 120/300 (40%) loss=0.3432 elapsed=64s eta=96s
  [difficulty_sampling_cldice_D1v2] [epoch 6/100] batch 150/300 (50%) loss=0.3308 elapsed=79s eta=79s
  [difficulty_sampling_cldice_D1v2] [epoch 6/100] batch 180/300 (60%) loss=0.3223 elapsed=94s eta=63s
  [difficulty_sampling_cldice_D1v2] [epoch 6/100] batch 210/300 (70%) loss=0.3149 elapsed=110s eta=47s
  [difficulty_sampling_cldice_D1v2] [epoch 6/100] batch 240/300 (80%) loss=0.3073 elapsed=126s eta=32s
  [difficulty_sampling_cldice_D1v2] [epoch 6/100] batch 270/300 (90%) loss=0.2973 elapsed=141s eta=16s
  [difficulty_sampling_cldice_D1v2] [epoch 6/100] batch 300/300 (100%) loss=0.2867 elapsed=156s eta=0s
[difficulty_sampling_cldice_D1v2] [sampler] sampled: {0: 400, 1: 400, 2: 400} total=1200 spalling_ratio=24.33%
[difficulty_sampling_cldice_D1v2] [sampler] unique: {0: 400, 1: 400, 2: 400} unique_total=1200 dup_ratio=1.00x
  difficulty: mean=-0.000 std=1.182
[difficulty_sampling_cldice_D1v2] [epoch 006/100] remain=94 epochs ep_eta=259.9min (avg 166s/ep)
[difficulty_sampling_cldice_D1v2] [epoch 006/100] lr=0.000060  dt=156.6s
  train loss=0.2867  ce=0.1595 dice=0.4139  tversky=0.0000 bd=0.0000  cldice=0.0000
  val   skipped (next val at epoch 10)
[difficulty_sampling_cldice_D1v2] [curriculum] epoch 7: stage=0 tiers=[0] pool={0: 400, 1: 0, 2: 0}
  [difficulty_sampling_cldice_D1v2] [epoch 7/100] batch 30/300 (10%) loss=0.4577 elapsed=17s eta=150s
  [difficulty_sampling_cldice_D1v2] [epoch 7/100] batch 60/300 (20%) loss=0.3954 elapsed=33s eta=130s
  [difficulty_sampling_cldice_D1v2] [epoch 7/100] batch 90/300 (30%) loss=0.3644 elapsed=49s eta=113s
  [difficulty_sampling_cldice_D1v2] [epoch 7/100] batch 120/300 (40%) loss=0.3396 elapsed=65s eta=98s
  [difficulty_sampling_cldice_D1v2] [epoch 7/100] batch 150/300 (50%) loss=0.3255 elapsed=81s eta=81s
  [difficulty_sampling_cldice_D1v2] [epoch 7/100] batch 180/300 (60%) loss=0.3091 elapsed=97s eta=65s
  [difficulty_sampling_cldice_D1v2] [epoch 7/100] batch 210/300 (70%) loss=0.2984 elapsed=114s eta=49s
  [difficulty_sampling_cldice_D1v2] [epoch 7/100] batch 240/300 (80%) loss=0.2863 elapsed=129s eta=32s
  [difficulty_sampling_cldice_D1v2] [epoch 7/100] batch 270/300 (90%) loss=0.2757 elapsed=145s eta=16s
  [difficulty_sampling_cldice_D1v2] [epoch 7/100] batch 300/300 (100%) loss=0.2654 elapsed=161s eta=0s
[difficulty_sampling_cldice_D1v2] [sampler] sampled: {0: 400, 1: 400, 2: 400} total=1200 spalling_ratio=24.33%
[difficulty_sampling_cldice_D1v2] [sampler] unique: {0: 400, 1: 400, 2: 400} unique_total=1200 dup_ratio=1.00x
  difficulty: mean=0.000 std=1.206
[difficulty_sampling_cldice_D1v2] [epoch 007/100] remain=93 epochs ep_eta=256.3min (avg 165s/ep)
[difficulty_sampling_cldice_D1v2] [epoch 007/100] lr=0.000060  dt=161.0s
  train loss=0.2654  ce=0.1585 dice=0.3723  tversky=0.0000 bd=0.0000  cldice=0.0000
  val   skipped (next val at epoch 10)
[difficulty_sampling_cldice_D1v2] [curriculum] epoch 8: stage=0 tiers=[0] pool={0: 400, 1: 0, 2: 0}
  [difficulty_sampling_cldice_D1v2] [epoch 8/100] batch 30/300 (10%) loss=0.3646 elapsed=16s eta=147s
  [difficulty_sampling_cldice_D1v2] [epoch 8/100] batch 60/300 (20%) loss=0.3266 elapsed=32s eta=128s
  [difficulty_sampling_cldice_D1v2] [epoch 8/100] batch 90/300 (30%) loss=0.3082 elapsed=48s eta=113s
  [difficulty_sampling_cldice_D1v2] [epoch 8/100] batch 120/300 (40%) loss=0.2960 elapsed=64s eta=96s
  [difficulty_sampling_cldice_D1v2] [epoch 8/100] batch 150/300 (50%) loss=0.2813 elapsed=80s eta=80s
  [difficulty_sampling_cldice_D1v2] [epoch 8/100] batch 180/300 (60%) loss=0.2720 elapsed=96s eta=64s
  [difficulty_sampling_cldice_D1v2] [epoch 8/100] batch 210/300 (70%) loss=0.2676 elapsed=113s eta=48s
  [difficulty_sampling_cldice_D1v2] [epoch 8/100] batch 240/300 (80%) loss=0.2584 elapsed=128s eta=32s
  [difficulty_sampling_cldice_D1v2] [epoch 8/100] batch 270/300 (90%) loss=0.2504 elapsed=144s eta=16s
  [difficulty_sampling_cldice_D1v2] [epoch 8/100] batch 300/300 (100%) loss=0.2399 elapsed=159s eta=0s
[difficulty_sampling_cldice_D1v2] [sampler] sampled: {0: 400, 1: 400, 2: 400} total=1200 spalling_ratio=24.33%
[difficulty_sampling_cldice_D1v2] [sampler] unique: {0: 400, 1: 400, 2: 400} unique_total=1200 dup_ratio=1.00x
  difficulty: mean=-0.000 std=1.234
[difficulty_sampling_cldice_D1v2] [epoch 008/100] remain=92 epochs ep_eta=252.6min (avg 165s/ep)
[difficulty_sampling_cldice_D1v2] [epoch 008/100] lr=0.000060  dt=159.0s
  train loss=0.2399  ce=0.1443 dice=0.3355  tversky=0.0000 bd=0.0000  cldice=0.0000
  val   skipped (next val at epoch 10)
[difficulty_sampling_cldice_D1v2] [curriculum] epoch 9: stage=0 tiers=[0] pool={0: 400, 1: 0, 2: 0}
  [difficulty_sampling_cldice_D1v2] [epoch 9/100] batch 30/300 (10%) loss=0.3302 elapsed=16s eta=148s
  [difficulty_sampling_cldice_D1v2] [epoch 9/100] batch 60/300 (20%) loss=0.3027 elapsed=33s eta=133s
  [difficulty_sampling_cldice_D1v2] [epoch 9/100] batch 90/300 (30%) loss=0.2854 elapsed=49s eta=114s
  [difficulty_sampling_cldice_D1v2] [epoch 9/100] batch 120/300 (40%) loss=0.2735 elapsed=65s eta=97s
  [difficulty_sampling_cldice_D1v2] [epoch 9/100] batch 150/300 (50%) loss=0.2642 elapsed=81s eta=81s
  [difficulty_sampling_cldice_D1v2] [epoch 9/100] batch 180/300 (60%) loss=0.2546 elapsed=96s eta=64s
  [difficulty_sampling_cldice_D1v2] [epoch 9/100] batch 210/300 (70%) loss=0.2447 elapsed=112s eta=48s
  [difficulty_sampling_cldice_D1v2] [epoch 9/100] batch 240/300 (80%) loss=0.2362 elapsed=128s eta=32s
  [difficulty_sampling_cldice_D1v2] [epoch 9/100] batch 270/300 (90%) loss=0.2267 elapsed=144s eta=16s
  [difficulty_sampling_cldice_D1v2] [epoch 9/100] batch 300/300 (100%) loss=0.2166 elapsed=158s eta=0s
[difficulty_sampling_cldice_D1v2] [sampler] sampled: {0: 400, 1: 400, 2: 400} total=1200 spalling_ratio=24.33%
[difficulty_sampling_cldice_D1v2] [sampler] unique: {0: 400, 1: 400, 2: 400} unique_total=1200 dup_ratio=1.00x
  difficulty: mean=0.000 std=1.260
[difficulty_sampling_cldice_D1v2] [epoch 009/100] remain=91 epochs ep_eta=248.9min (avg 164s/ep)
[difficulty_sampling_cldice_D1v2] [epoch 009/100] lr=0.000060  dt=158.2s
  train loss=0.2166  ce=0.1335 dice=0.2996  tversky=0.0000 bd=0.0000  cldice=0.0000
  val   skipped (next val at epoch 10)
[difficulty_sampling_cldice_D1v2] [curriculum] epoch 10: stage=0 tiers=[0] pool={0: 400, 1: 0, 2: 0}
  [difficulty_sampling_cldice_D1v2] [epoch 10/100] batch 30/300 (10%) loss=0.3203 elapsed=17s eta=151s
  [difficulty_sampling_cldice_D1v2] [epoch 10/100] batch 60/300 (20%) loss=0.3015 elapsed=32s eta=128s
  [difficulty_sampling_cldice_D1v2] [epoch 10/100] batch 90/300 (30%) loss=0.2816 elapsed=48s eta=112s
  [difficulty_sampling_cldice_D1v2] [epoch 10/100] batch 120/300 (40%) loss=0.2690 elapsed=64s eta=95s
  [difficulty_sampling_cldice_D1v2] [epoch 10/100] batch 150/300 (50%) loss=0.2588 elapsed=79s eta=79s
  [difficulty_sampling_cldice_D1v2] [epoch 10/100] batch 180/300 (60%) loss=0.2496 elapsed=95s eta=63s
  [difficulty_sampling_cldice_D1v2] [epoch 10/100] batch 210/300 (70%) loss=0.2399 elapsed=110s eta=47s
  [difficulty_sampling_cldice_D1v2] [epoch 10/100] batch 240/300 (80%) loss=0.2314 elapsed=126s eta=31s
  [difficulty_sampling_cldice_D1v2] [epoch 10/100] batch 270/300 (90%) loss=0.2240 elapsed=141s eta=16s
  [difficulty_sampling_cldice_D1v2] [epoch 10/100] batch 300/300 (100%) loss=0.2150 elapsed=155s eta=0s
[difficulty_sampling_cldice_D1v2] [sampler] sampled: {0: 400, 1: 400, 2: 400} total=1200 spalling_ratio=24.33%
[difficulty_sampling_cldice_D1v2] [sampler] unique: {0: 400, 1: 400, 2: 400} unique_total=1200 dup_ratio=1.00x
  difficulty: mean=0.000 std=1.284
[difficulty_sampling_cldice_D1v2] [epoch 010/100] remain=90 epochs ep_eta=246.5min (avg 164s/ep)
[difficulty_sampling_cldice_D1v2] [epoch 010/100] lr=0.000060  dt=165.1s
  train loss=0.2150  ce=0.1319 dice=0.2981  tversky=0.0000 bd=0.0000  cldice=0.0000
  val   loss=0.2607
  IoU   bg=0.9741  crack=0.5343  spalling=0.7809  | mIoU_fg=0.6576  pix_acc=0.9746
  Dice  bg=0.9869  crack=0.6965  spalling=0.8770
  BF1   crack=0.6841  spalling=0.5623  | BF1_fg_mean=0.6232
  [difficulty_sampling_cldice_D1v2] [best] mIoU_fg=0.6576  saved -> best.pt
[difficulty_sampling_cldice_D1v2] [curriculum] epoch 11: stage=0 tiers=[0] pool={0: 400, 1: 0, 2: 0}
  [difficulty_sampling_cldice_D1v2] [epoch 11/100] batch 30/300 (10%) loss=0.3418 elapsed=17s eta=154s
  [difficulty_sampling_cldice_D1v2] [epoch 11/100] batch 60/300 (20%) loss=0.3087 elapsed=34s eta=134s
  [difficulty_sampling_cldice_D1v2] [epoch 11/100] batch 90/300 (30%) loss=0.2861 elapsed=50s eta=116s
  [difficulty_sampling_cldice_D1v2] [epoch 11/100] batch 120/300 (40%) loss=0.2688 elapsed=66s eta=98s
  [difficulty_sampling_cldice_D1v2] [epoch 11/100] batch 150/300 (50%) loss=0.2609 elapsed=82s eta=82s
  [difficulty_sampling_cldice_D1v2] [epoch 11/100] batch 180/300 (60%) loss=0.2479 elapsed=98s eta=65s
  [difficulty_sampling_cldice_D1v2] [epoch 11/100] batch 210/300 (70%) loss=0.2380 elapsed=114s eta=49s
  [difficulty_sampling_cldice_D1v2] [epoch 11/100] batch 240/300 (80%) loss=0.2285 elapsed=129s eta=32s
  [difficulty_sampling_cldice_D1v2] [epoch 11/100] batch 270/300 (90%) loss=0.2196 elapsed=145s eta=16s
  [difficulty_sampling_cldice_D1v2] [epoch 11/100] batch 300/300 (100%) loss=0.2092 elapsed=159s eta=0s
[difficulty_sampling_cldice_D1v2] [sampler] sampled: {0: 400, 1: 400, 2: 400} total=1200 spalling_ratio=24.33%
[difficulty_sampling_cldice_D1v2] [sampler] unique: {0: 400, 1: 400, 2: 400} unique_total=1200 dup_ratio=1.00x
  difficulty: mean=0.000 std=1.302
[difficulty_sampling_cldice_D1v2] [epoch 011/100] remain=89 epochs ep_eta=243.6min (avg 164s/ep)
[difficulty_sampling_cldice_D1v2] [epoch 011/100] lr=0.000059  dt=159.2s
  train loss=0.2092  ce=0.1298 dice=0.2886  tversky=0.0000 bd=0.0000  cldice=0.0000
  val   skipped (next val at epoch 15)
[difficulty_sampling_cldice_D1v2] [curriculum] epoch 12: stage=0 tiers=[0] pool={0: 400, 1: 0, 2: 0}
  [difficulty_sampling_cldice_D1v2] [epoch 12/100] batch 30/300 (10%) loss=0.3796 elapsed=17s eta=149s
  [difficulty_sampling_cldice_D1v2] [epoch 12/100] batch 60/300 (20%) loss=0.3247 elapsed=32s eta=129s
  [difficulty_sampling_cldice_D1v2] [epoch 12/100] batch 90/300 (30%) loss=0.2978 elapsed=48s eta=111s
  [difficulty_sampling_cldice_D1v2] [epoch 12/100] batch 120/300 (40%) loss=0.2848 elapsed=64s eta=96s
  [difficulty_sampling_cldice_D1v2] [epoch 12/100] batch 150/300 (50%) loss=0.2689 elapsed=79s eta=79s
  [difficulty_sampling_cldice_D1v2] [epoch 12/100] batch 180/300 (60%) loss=0.2556 elapsed=95s eta=63s
  [difficulty_sampling_cldice_D1v2] [epoch 12/100] batch 210/300 (70%) loss=0.2422 elapsed=111s eta=48s
  [difficulty_sampling_cldice_D1v2] [epoch 12/100] batch 240/300 (80%) loss=0.2321 elapsed=127s eta=32s
  [difficulty_sampling_cldice_D1v2] [epoch 12/100] batch 270/300 (90%) loss=0.2229 elapsed=142s eta=16s
  [difficulty_sampling_cldice_D1v2] [epoch 12/100] batch 300/300 (100%) loss=0.2126 elapsed=155s eta=0s
[difficulty_sampling_cldice_D1v2] [sampler] sampled: {0: 400, 1: 400, 2: 400} total=1200 spalling_ratio=24.33%
[difficulty_sampling_cldice_D1v2] [sampler] unique: {0: 400, 1: 400, 2: 400} unique_total=1200 dup_ratio=1.00x
  difficulty: mean=0.000 std=1.318
[difficulty_sampling_cldice_D1v2] [epoch 012/100] remain=88 epochs ep_eta=239.9min (avg 164s/ep)
[difficulty_sampling_cldice_D1v2] [epoch 012/100] lr=0.000059  dt=155.7s
  train loss=0.2126  ce=0.1338 dice=0.2915  tversky=0.0000 bd=0.0000  cldice=0.0000
  val   skipped (next val at epoch 15)
[difficulty_sampling_cldice_D1v2] [curriculum] epoch 13: stage=0 tiers=[0] pool={0: 400, 1: 0, 2: 0}
  [difficulty_sampling_cldice_D1v2] [epoch 13/100] batch 30/300 (10%) loss=0.3380 elapsed=16s eta=146s
  [difficulty_sampling_cldice_D1v2] [epoch 13/100] batch 60/300 (20%) loss=0.3039 elapsed=32s eta=130s
  [difficulty_sampling_cldice_D1v2] [epoch 13/100] batch 90/300 (30%) loss=0.2825 elapsed=48s eta=113s
  [difficulty_sampling_cldice_D1v2] [epoch 13/100] batch 120/300 (40%) loss=0.2657 elapsed=63s eta=95s
  [difficulty_sampling_cldice_D1v2] [epoch 13/100] batch 150/300 (50%) loss=0.2504 elapsed=79s eta=79s
  [difficulty_sampling_cldice_D1v2] [epoch 13/100] batch 180/300 (60%) loss=0.2403 elapsed=95s eta=63s
  [difficulty_sampling_cldice_D1v2] [epoch 13/100] batch 210/300 (70%) loss=0.2319 elapsed=111s eta=47s
  [difficulty_sampling_cldice_D1v2] [epoch 13/100] batch 240/300 (80%) loss=0.2238 elapsed=127s eta=32s
  [difficulty_sampling_cldice_D1v2] [epoch 13/100] batch 270/300 (90%) loss=0.2153 elapsed=142s eta=16s
  [difficulty_sampling_cldice_D1v2] [epoch 13/100] batch 300/300 (100%) loss=0.2057 elapsed=156s eta=0s
[difficulty_sampling_cldice_D1v2] [sampler] sampled: {0: 400, 1: 400, 2: 400} total=1200 spalling_ratio=24.33%
[difficulty_sampling_cldice_D1v2] [sampler] unique: {0: 400, 1: 400, 2: 400} unique_total=1200 dup_ratio=1.00x
  difficulty: mean=0.000 std=1.331
[difficulty_sampling_cldice_D1v2] [epoch 013/100] remain=87 epochs ep_eta=236.6min (avg 163s/ep)
[difficulty_sampling_cldice_D1v2] [epoch 013/100] lr=0.000059  dt=156.4s
  train loss=0.2057  ce=0.1283 dice=0.2831  tversky=0.0000 bd=0.0000  cldice=0.0000
  val   skipped (next val at epoch 15)
[difficulty_sampling_cldice_D1v2] [curriculum] epoch 14: stage=0 tiers=[0] pool={0: 400, 1: 0, 2: 0}
  [difficulty_sampling_cldice_D1v2] [epoch 14/100] batch 30/300 (10%) loss=0.3038 elapsed=16s eta=145s
  [difficulty_sampling_cldice_D1v2] [epoch 14/100] batch 60/300 (20%) loss=0.2932 elapsed=32s eta=128s
  [difficulty_sampling_cldice_D1v2] [epoch 14/100] batch 90/300 (30%) loss=0.2737 elapsed=48s eta=113s
  [difficulty_sampling_cldice_D1v2] [epoch 14/100] batch 120/300 (40%) loss=0.2560 elapsed=64s eta=96s
  [difficulty_sampling_cldice_D1v2] [epoch 14/100] batch 150/300 (50%) loss=0.2434 elapsed=79s eta=79s
  [difficulty_sampling_cldice_D1v2] [epoch 14/100] batch 180/300 (60%) loss=0.2320 elapsed=95s eta=63s
  [difficulty_sampling_cldice_D1v2] [epoch 14/100] batch 210/300 (70%) loss=0.2200 elapsed=110s eta=47s
  [difficulty_sampling_cldice_D1v2] [epoch 14/100] batch 240/300 (80%) loss=0.2114 elapsed=126s eta=31s
  [difficulty_sampling_cldice_D1v2] [epoch 14/100] batch 270/300 (90%) loss=0.2020 elapsed=142s eta=16s
  [difficulty_sampling_cldice_D1v2] [epoch 14/100] batch 300/300 (100%) loss=0.1921 elapsed=157s eta=0s
[difficulty_sampling_cldice_D1v2] [sampler] sampled: {0: 400, 1: 400, 2: 400} total=1200 spalling_ratio=24.33%
[difficulty_sampling_cldice_D1v2] [sampler] unique: {0: 400, 1: 400, 2: 400} unique_total=1200 dup_ratio=1.00x
  difficulty: mean=0.000 std=1.342
[difficulty_sampling_cldice_D1v2] [epoch 014/100] remain=86 epochs ep_eta=233.3min (avg 163s/ep)
[difficulty_sampling_cldice_D1v2] [epoch 014/100] lr=0.000059  dt=156.8s
  train loss=0.1921  ce=0.1215 dice=0.2626  tversky=0.0000 bd=0.0000  cldice=0.0000
  val   skipped (next val at epoch 15)
[difficulty_sampling_cldice_D1v2] [curriculum] epoch 15: stage=0 tiers=[0] pool={0: 400, 1: 0, 2: 0}
  [difficulty_sampling_cldice_D1v2] [epoch 15/100] batch 30/300 (10%) loss=0.3138 elapsed=17s eta=153s
  [difficulty_sampling_cldice_D1v2] [epoch 15/100] batch 60/300 (20%) loss=0.2851 elapsed=33s eta=131s
  [difficulty_sampling_cldice_D1v2] [epoch 15/100] batch 90/300 (30%) loss=0.2669 elapsed=49s eta=114s
  [difficulty_sampling_cldice_D1v2] [epoch 15/100] batch 120/300 (40%) loss=0.2516 elapsed=65s eta=98s
  [difficulty_sampling_cldice_D1v2] [epoch 15/100] batch 150/300 (50%) loss=0.2368 elapsed=81s eta=81s
  [difficulty_sampling_cldice_D1v2] [epoch 15/100] batch 180/300 (60%) loss=0.2246 elapsed=97s eta=65s
  [difficulty_sampling_cldice_D1v2] [epoch 15/100] batch 210/300 (70%) loss=0.2146 elapsed=112s eta=48s
  [difficulty_sampling_cldice_D1v2] [epoch 15/100] batch 240/300 (80%) loss=0.2064 elapsed=128s eta=32s
  [difficulty_sampling_cldice_D1v2] [epoch 15/100] batch 270/300 (90%) loss=0.1960 elapsed=143s eta=16s
  [difficulty_sampling_cldice_D1v2] [epoch 15/100] batch 300/300 (100%) loss=0.1871 elapsed=158s eta=0s
[difficulty_sampling_cldice_D1v2] [sampler] sampled: {0: 400, 1: 400, 2: 400} total=1200 spalling_ratio=24.33%
[difficulty_sampling_cldice_D1v2] [sampler] unique: {0: 400, 1: 400, 2: 400} unique_total=1200 dup_ratio=1.00x
  difficulty: mean=0.000 std=1.354
[difficulty_sampling_cldice_D1v2] [epoch 015/100] remain=85 epochs ep_eta=231.1min (avg 163s/ep)
[difficulty_sampling_cldice_D1v2] [epoch 015/100] lr=0.000058  dt=167.1s
  train loss=0.1871  ce=0.1186 dice=0.2555  tversky=0.0000 bd=0.0000  cldice=0.0000
  val   loss=0.2671
  IoU   bg=0.9758  crack=0.5392  spalling=0.7862  | mIoU_fg=0.6627  pix_acc=0.9763
  Dice  bg=0.9877  crack=0.7006  spalling=0.8803
  BF1   crack=0.6916  spalling=0.6156  | BF1_fg_mean=0.6536
  [difficulty_sampling_cldice_D1v2] [best] mIoU_fg=0.6627  saved -> best.pt
[difficulty_sampling_cldice_D1v2] [curriculum] epoch 16: stage=0 tiers=[0] pool={0: 400, 1: 0, 2: 0}
  [difficulty_sampling_cldice_D1v2] [epoch 16/100] batch 30/300 (10%) loss=0.3200 elapsed=17s eta=149s
  [difficulty_sampling_cldice_D1v2] [epoch 16/100] batch 60/300 (20%) loss=0.2916 elapsed=32s eta=129s
  [difficulty_sampling_cldice_D1v2] [epoch 16/100] batch 90/300 (30%) loss=0.2657 elapsed=49s eta=113s
  [difficulty_sampling_cldice_D1v2] [epoch 16/100] batch 120/300 (40%) loss=0.2549 elapsed=64s eta=96s
  [difficulty_sampling_cldice_D1v2] [epoch 16/100] batch 150/300 (50%) loss=0.2395 elapsed=80s eta=80s
  [difficulty_sampling_cldice_D1v2] [epoch 16/100] batch 180/300 (60%) loss=0.2265 elapsed=95s eta=63s
  [difficulty_sampling_cldice_D1v2] [epoch 16/100] batch 210/300 (70%) loss=0.2157 elapsed=111s eta=47s
  [difficulty_sampling_cldice_D1v2] [epoch 16/100] batch 240/300 (80%) loss=0.2079 elapsed=126s eta=32s
  [difficulty_sampling_cldice_D1v2] [epoch 16/100] batch 270/300 (90%) loss=0.1987 elapsed=141s eta=16s
  [difficulty_sampling_cldice_D1v2] [epoch 16/100] batch 300/300 (100%) loss=0.1884 elapsed=155s eta=0s
[difficulty_sampling_cldice_D1v2] [sampler] sampled: {0: 400, 1: 400, 2: 400} total=1200 spalling_ratio=24.33%
[difficulty_sampling_cldice_D1v2] [sampler] unique: {0: 400, 1: 400, 2: 400} unique_total=1200 dup_ratio=1.00x
  difficulty: mean=0.000 std=1.365
[difficulty_sampling_cldice_D1v2] [epoch 016/100] remain=84 epochs ep_eta=228.0min (avg 163s/ep)
[difficulty_sampling_cldice_D1v2] [epoch 016/100] lr=0.000058  dt=155.6s
  train loss=0.1884  ce=0.1196 dice=0.2572  tversky=0.0000 bd=0.0000  cldice=0.0000
  val   skipped (next val at epoch 20)
[difficulty_sampling_cldice_D1v2] [curriculum] epoch 17: stage=0 tiers=[0] pool={0: 400, 1: 0, 2: 0}
  [difficulty_sampling_cldice_D1v2] [epoch 17/100] batch 30/300 (10%) loss=0.3009 elapsed=16s eta=147s
  [difficulty_sampling_cldice_D1v2] [epoch 17/100] batch 60/300 (20%) loss=0.2753 elapsed=32s eta=127s
  [difficulty_sampling_cldice_D1v2] [epoch 17/100] batch 90/300 (30%) loss=0.2515 elapsed=48s eta=112s
  [difficulty_sampling_cldice_D1v2] [epoch 17/100] batch 120/300 (40%) loss=0.2371 elapsed=64s eta=97s
  [difficulty_sampling_cldice_D1v2] [epoch 17/100] batch 150/300 (50%) loss=0.2256 elapsed=81s eta=81s
  [difficulty_sampling_cldice_D1v2] [epoch 17/100] batch 180/300 (60%) loss=0.2170 elapsed=96s eta=64s
  [difficulty_sampling_cldice_D1v2] [epoch 17/100] batch 210/300 (70%) loss=0.2085 elapsed=112s eta=48s
  [difficulty_sampling_cldice_D1v2] [epoch 17/100] batch 240/300 (80%) loss=0.2010 elapsed=127s eta=32s
  [difficulty_sampling_cldice_D1v2] [epoch 17/100] batch 270/300 (90%) loss=0.1950 elapsed=143s eta=16s
  [difficulty_sampling_cldice_D1v2] [epoch 17/100] batch 300/300 (100%) loss=0.1862 elapsed=157s eta=0s
[difficulty_sampling_cldice_D1v2] [sampler] sampled: {0: 400, 1: 400, 2: 400} total=1200 spalling_ratio=24.33%
[difficulty_sampling_cldice_D1v2] [sampler] unique: {0: 400, 1: 400, 2: 400} unique_total=1200 dup_ratio=1.00x
  difficulty: mean=0.000 std=1.373
[difficulty_sampling_cldice_D1v2] [epoch 017/100] remain=83 epochs ep_eta=224.9min (avg 163s/ep)
[difficulty_sampling_cldice_D1v2] [epoch 017/100] lr=0.000058  dt=156.9s
  train loss=0.1862  ce=0.1195 dice=0.2528  tversky=0.0000 bd=0.0000  cldice=0.0000
  val   skipped (next val at epoch 20)
[difficulty_sampling_cldice_D1v2] [curriculum] epoch 18: stage=0 tiers=[0] pool={0: 400, 1: 0, 2: 0}
  [difficulty_sampling_cldice_D1v2] [epoch 18/100] batch 30/300 (10%) loss=0.3158 elapsed=17s eta=152s
  [difficulty_sampling_cldice_D1v2] [epoch 18/100] batch 60/300 (20%) loss=0.2868 elapsed=33s eta=134s
  [difficulty_sampling_cldice_D1v2] [epoch 18/100] batch 90/300 (30%) loss=0.2649 elapsed=49s eta=114s
  [difficulty_sampling_cldice_D1v2] [epoch 18/100] batch 120/300 (40%) loss=0.2473 elapsed=64s eta=97s
  [difficulty_sampling_cldice_D1v2] [epoch 18/100] batch 150/300 (50%) loss=0.2347 elapsed=80s eta=80s
  [difficulty_sampling_cldice_D1v2] [epoch 18/100] batch 180/300 (60%) loss=0.2234 elapsed=96s eta=64s
  [difficulty_sampling_cldice_D1v2] [epoch 18/100] batch 210/300 (70%) loss=0.2127 elapsed=111s eta=48s
  [difficulty_sampling_cldice_D1v2] [epoch 18/100] batch 240/300 (80%) loss=0.2035 elapsed=127s eta=32s
  [difficulty_sampling_cldice_D1v2] [epoch 18/100] batch 270/300 (90%) loss=0.1948 elapsed=142s eta=16s
  [difficulty_sampling_cldice_D1v2] [epoch 18/100] batch 300/300 (100%) loss=0.1848 elapsed=156s eta=0s
[difficulty_sampling_cldice_D1v2] [sampler] sampled: {0: 400, 1: 400, 2: 400} total=1200 spalling_ratio=24.33%
[difficulty_sampling_cldice_D1v2] [sampler] unique: {0: 400, 1: 400, 2: 400} unique_total=1200 dup_ratio=1.00x
  difficulty: mean=0.000 std=1.379
[difficulty_sampling_cldice_D1v2] [epoch 018/100] remain=82 epochs ep_eta=221.8min (avg 162s/ep)
[difficulty_sampling_cldice_D1v2] [epoch 018/100] lr=0.000057  dt=156.1s
  train loss=0.1848  ce=0.1186 dice=0.2510  tversky=0.0000 bd=0.0000  cldice=0.0000
  val   skipped (next val at epoch 20)
[difficulty_sampling_cldice_D1v2] [curriculum] epoch 19: stage=0 tiers=[0] pool={0: 400, 1: 0, 2: 0}
  [difficulty_sampling_cldice_D1v2] [epoch 19/100] batch 30/300 (10%) loss=0.3231 elapsed=17s eta=149s
  [difficulty_sampling_cldice_D1v2] [epoch 19/100] batch 60/300 (20%) loss=0.2888 elapsed=33s eta=130s
  [difficulty_sampling_cldice_D1v2] [epoch 19/100] batch 90/300 (30%) loss=0.2655 elapsed=48s eta=112s
  [difficulty_sampling_cldice_D1v2] [epoch 19/100] batch 120/300 (40%) loss=0.2458 elapsed=64s eta=96s
  [difficulty_sampling_cldice_D1v2] [epoch 19/100] batch 150/300 (50%) loss=0.2312 elapsed=80s eta=80s
  [difficulty_sampling_cldice_D1v2] [epoch 19/100] batch 180/300 (60%) loss=0.2244 elapsed=95s eta=63s
  [difficulty_sampling_cldice_D1v2] [epoch 19/100] batch 210/300 (70%) loss=0.2171 elapsed=110s eta=47s
  [difficulty_sampling_cldice_D1v2] [epoch 19/100] batch 240/300 (80%) loss=0.2079 elapsed=125s eta=31s
  [difficulty_sampling_cldice_D1v2] [epoch 19/100] batch 270/300 (90%) loss=0.1989 elapsed=140s eta=16s
  [difficulty_sampling_cldice_D1v2] [epoch 19/100] batch 300/300 (100%) loss=0.1875 elapsed=154s eta=0s
[difficulty_sampling_cldice_D1v2] [sampler] sampled: {0: 400, 1: 400, 2: 400} total=1200 spalling_ratio=24.33%
[difficulty_sampling_cldice_D1v2] [sampler] unique: {0: 400, 1: 400, 2: 400} unique_total=1200 dup_ratio=1.00x
  difficulty: mean=-0.000 std=1.384
[difficulty_sampling_cldice_D1v2] [epoch 019/100] remain=81 epochs ep_eta=218.6min (avg 162s/ep)
[difficulty_sampling_cldice_D1v2] [epoch 019/100] lr=0.000057  dt=154.3s
  train loss=0.1875  ce=0.1188 dice=0.2562  tversky=0.0000 bd=0.0000  cldice=0.0000
  val   skipped (next val at epoch 20)
[difficulty_sampling_cldice_D1v2] [curriculum] epoch 20: stage=0 tiers=[0] pool={0: 400, 1: 0, 2: 0}
  [difficulty_sampling_cldice_D1v2] [epoch 20/100] batch 30/300 (10%) loss=0.3561 elapsed=16s eta=146s
  [difficulty_sampling_cldice_D1v2] [epoch 20/100] batch 60/300 (20%) loss=0.3007 elapsed=33s eta=131s
  [difficulty_sampling_cldice_D1v2] [epoch 20/100] batch 90/300 (30%) loss=0.2716 elapsed=50s eta=116s
  [difficulty_sampling_cldice_D1v2] [epoch 20/100] batch 120/300 (40%) loss=0.2544 elapsed=66s eta=100s
  [difficulty_sampling_cldice_D1v2] [epoch 20/100] batch 150/300 (50%) loss=0.2493 elapsed=82s eta=82s
  [difficulty_sampling_cldice_D1v2] [epoch 20/100] batch 180/300 (60%) loss=0.2445 elapsed=97s eta=65s
  [difficulty_sampling_cldice_D1v2] [epoch 20/100] batch 210/300 (70%) loss=0.2341 elapsed=113s eta=48s
  [difficulty_sampling_cldice_D1v2] [epoch 20/100] batch 240/300 (80%) loss=0.2247 elapsed=129s eta=32s
  [difficulty_sampling_cldice_D1v2] [epoch 20/100] batch 270/300 (90%) loss=0.2161 elapsed=144s eta=16s
  [difficulty_sampling_cldice_D1v2] [epoch 20/100] batch 300/300 (100%) loss=0.2056 elapsed=158s eta=0s
[difficulty_sampling_cldice_D1v2] [sampler] sampled: {0: 400, 1: 400, 2: 400} total=1200 spalling_ratio=24.33%
[difficulty_sampling_cldice_D1v2] [sampler] unique: {0: 400, 1: 400, 2: 400} unique_total=1200 dup_ratio=1.00x
  difficulty: mean=0.000 std=1.371
[difficulty_sampling_cldice_D1v2] [epoch 020/100] remain=80 epochs ep_eta=216.4min (avg 162s/ep)
[difficulty_sampling_cldice_D1v2] [epoch 020/100] lr=0.000056  dt=167.2s
  train loss=0.2056  ce=0.1378 dice=0.2733  tversky=0.0000 bd=0.0000  cldice=0.0000
  val   loss=0.2746
  IoU   bg=0.9752  crack=0.5311  spalling=0.7900  | mIoU_fg=0.6606  pix_acc=0.9758
  Dice  bg=0.9874  crack=0.6938  spalling=0.8827
  BF1   crack=0.6791  spalling=0.5692  | BF1_fg_mean=0.6241
[difficulty_sampling_cldice_D1v2] [curriculum] epoch 21: stage=0 tiers=[0] pool={0: 400, 1: 0, 2: 0}
  [difficulty_sampling_cldice_D1v2] [epoch 21/100] batch 30/300 (10%) loss=0.3089 elapsed=17s eta=154s
  [difficulty_sampling_cldice_D1v2] [epoch 21/100] batch 60/300 (20%) loss=0.2833 elapsed=32s eta=130s
  [difficulty_sampling_cldice_D1v2] [epoch 21/100] batch 90/300 (30%) loss=0.2716 elapsed=48s eta=111s
  [difficulty_sampling_cldice_D1v2] [epoch 21/100] batch 120/300 (40%) loss=0.2550 elapsed=63s eta=94s
  [difficulty_sampling_cldice_D1v2] [epoch 21/100] batch 150/300 (50%) loss=0.2376 elapsed=78s eta=78s
  [difficulty_sampling_cldice_D1v2] [epoch 21/100] batch 180/300 (60%) loss=0.2246 elapsed=94s eta=62s
  [difficulty_sampling_cldice_D1v2] [epoch 21/100] batch 210/300 (70%) loss=0.2132 elapsed=110s eta=47s
  [difficulty_sampling_cldice_D1v2] [epoch 21/100] batch 240/300 (80%) loss=0.2034 elapsed=126s eta=31s
  [difficulty_sampling_cldice_D1v2] [epoch 21/100] batch 270/300 (90%) loss=0.1940 elapsed=142s eta=16s
  [difficulty_sampling_cldice_D1v2] [epoch 21/100] batch 300/300 (100%) loss=0.1835 elapsed=156s eta=0s
[difficulty_sampling_cldice_D1v2] [sampler] sampled: {0: 400, 1: 400, 2: 400} total=1200 spalling_ratio=24.33%
[difficulty_sampling_cldice_D1v2] [sampler] unique: {0: 400, 1: 400, 2: 400} unique_total=1200 dup_ratio=1.00x
  difficulty: mean=-0.000 std=1.374
[difficulty_sampling_cldice_D1v2] [epoch 021/100] remain=79 epochs ep_eta=213.4min (avg 162s/ep)
[difficulty_sampling_cldice_D1v2] [epoch 021/100] lr=0.000056  dt=156.3s
  train loss=0.1835  ce=0.1204 dice=0.2466  tversky=0.0000 bd=0.0000  cldice=0.0000
  val   skipped (next val at epoch 25)
[difficulty_sampling_cldice_D1v2] [curriculum] epoch 22: stage=0 tiers=[0] pool={0: 400, 1: 0, 2: 0}
  [difficulty_sampling_cldice_D1v2] [epoch 22/100] batch 30/300 (10%) loss=0.2987 elapsed=17s eta=155s
  [difficulty_sampling_cldice_D1v2] [epoch 22/100] batch 60/300 (20%) loss=0.2720 elapsed=34s eta=135s
  [difficulty_sampling_cldice_D1v2] [epoch 22/100] batch 90/300 (30%) loss=0.2497 elapsed=50s eta=116s
  [difficulty_sampling_cldice_D1v2] [epoch 22/100] batch 120/300 (40%) loss=0.2308 elapsed=66s eta=98s
  [difficulty_sampling_cldice_D1v2] [epoch 22/100] batch 150/300 (50%) loss=0.2175 elapsed=81s eta=81s
  [difficulty_sampling_cldice_D1v2] [epoch 22/100] batch 180/300 (60%) loss=0.2079 elapsed=97s eta=65s
  [difficulty_sampling_cldice_D1v2] [epoch 22/100] batch 210/300 (70%) loss=0.1981 elapsed=114s eta=49s
  [difficulty_sampling_cldice_D1v2] [epoch 22/100] batch 240/300 (80%) loss=0.1894 elapsed=130s eta=32s
  [difficulty_sampling_cldice_D1v2] [epoch 22/100] batch 270/300 (90%) loss=0.1810 elapsed=145s eta=16s
  [difficulty_sampling_cldice_D1v2] [epoch 22/100] batch 300/300 (100%) loss=0.1716 elapsed=160s eta=0s
[difficulty_sampling_cldice_D1v2] [sampler] sampled: {0: 400, 1: 400, 2: 400} total=1200 spalling_ratio=24.33%
[difficulty_sampling_cldice_D1v2] [sampler] unique: {0: 400, 1: 400, 2: 400} unique_total=1200 dup_ratio=1.00x
  difficulty: mean=0.000 std=1.385
[difficulty_sampling_cldice_D1v2] [epoch 022/100] remain=78 epochs ep_eta=210.7min (avg 162s/ep)
[difficulty_sampling_cldice_D1v2] [epoch 022/100] lr=0.000055  dt=160.2s
  train loss=0.1716  ce=0.1093 dice=0.2339  tversky=0.0000 bd=0.0000  cldice=0.0000
  val   skipped (next val at epoch 25)
[difficulty_sampling_cldice_D1v2] [curriculum] epoch 23: stage=0 tiers=[0] pool={0: 400, 1: 0, 2: 0}
  [difficulty_sampling_cldice_D1v2] [epoch 23/100] batch 30/300 (10%) loss=0.2796 elapsed=16s eta=146s
  [difficulty_sampling_cldice_D1v2] [epoch 23/100] batch 60/300 (20%) loss=0.2638 elapsed=32s eta=128s
  [difficulty_sampling_cldice_D1v2] [epoch 23/100] batch 90/300 (30%) loss=0.2474 elapsed=48s eta=111s
  [difficulty_sampling_cldice_D1v2] [epoch 23/100] batch 120/300 (40%) loss=0.2290 elapsed=63s eta=95s
  [difficulty_sampling_cldice_D1v2] [epoch 23/100] batch 150/300 (50%) loss=0.2183 elapsed=78s eta=78s
  [difficulty_sampling_cldice_D1v2] [epoch 23/100] batch 180/300 (60%) loss=0.2087 elapsed=94s eta=63s
  [difficulty_sampling_cldice_D1v2] [epoch 23/100] batch 210/300 (70%) loss=0.1986 elapsed=110s eta=47s
  [difficulty_sampling_cldice_D1v2] [epoch 23/100] batch 240/300 (80%) loss=0.1881 elapsed=125s eta=31s
  [difficulty_sampling_cldice_D1v2] [epoch 23/100] batch 270/300 (90%) loss=0.1806 elapsed=141s eta=16s
  [difficulty_sampling_cldice_D1v2] [epoch 23/100] batch 300/300 (100%) loss=0.1710 elapsed=154s eta=0s
[difficulty_sampling_cldice_D1v2] [sampler] sampled: {0: 400, 1: 400, 2: 400} total=1200 spalling_ratio=24.33%
[difficulty_sampling_cldice_D1v2] [sampler] unique: {0: 400, 1: 400, 2: 400} unique_total=1200 dup_ratio=1.00x
  difficulty: mean=0.000 std=1.395
[difficulty_sampling_cldice_D1v2] [epoch 023/100] remain=77 epochs ep_eta=207.6min (avg 162s/ep)
[difficulty_sampling_cldice_D1v2] [epoch 023/100] lr=0.000055  dt=154.6s
  train loss=0.1710  ce=0.1086 dice=0.2333  tversky=0.0000 bd=0.0000  cldice=0.0000
  val   skipped (next val at epoch 25)
[difficulty_sampling_cldice_D1v2] [curriculum] epoch 24: stage=0 tiers=[0] pool={0: 400, 1: 0, 2: 0}
  [difficulty_sampling_cldice_D1v2] [epoch 24/100] batch 30/300 (10%) loss=0.2947 elapsed=17s eta=151s
  [difficulty_sampling_cldice_D1v2] [epoch 24/100] batch 60/300 (20%) loss=0.2713 elapsed=32s eta=130s
  [difficulty_sampling_cldice_D1v2] [epoch 24/100] batch 90/300 (30%) loss=0.2476 elapsed=49s eta=114s
  [difficulty_sampling_cldice_D1v2] [epoch 24/100] batch 120/300 (40%) loss=0.2340 elapsed=64s eta=96s
  [difficulty_sampling_cldice_D1v2] [epoch 24/100] batch 150/300 (50%) loss=0.2210 elapsed=80s eta=80s
  [difficulty_sampling_cldice_D1v2] [epoch 24/100] batch 180/300 (60%) loss=0.2097 elapsed=95s eta=64s
  [difficulty_sampling_cldice_D1v2] [epoch 24/100] batch 210/300 (70%) loss=0.2015 elapsed=111s eta=48s
  [difficulty_sampling_cldice_D1v2] [epoch 24/100] batch 240/300 (80%) loss=0.1921 elapsed=126s eta=32s
  [difficulty_sampling_cldice_D1v2] [epoch 24/100] batch 270/300 (90%) loss=0.1828 elapsed=142s eta=16s
  [difficulty_sampling_cldice_D1v2] [epoch 24/100] batch 300/300 (100%) loss=0.1726 elapsed=156s eta=0s
[difficulty_sampling_cldice_D1v2] [sampler] sampled: {0: 400, 1: 400, 2: 400} total=1200 spalling_ratio=24.33%
[difficulty_sampling_cldice_D1v2] [sampler] unique: {0: 400, 1: 400, 2: 400} unique_total=1200 dup_ratio=1.00x
  difficulty: mean=0.000 std=1.403
[difficulty_sampling_cldice_D1v2] [epoch 024/100] remain=76 epochs ep_eta=204.7min (avg 162s/ep)
[difficulty_sampling_cldice_D1v2] [epoch 024/100] lr=0.000054  dt=156.0s
  train loss=0.1726  ce=0.1086 dice=0.2366  tversky=0.0000 bd=0.0000  cldice=0.0000
  val   skipped (next val at epoch 25)
[difficulty_sampling_cldice_D1v2] [curriculum] epoch 25: stage=0 tiers=[0] pool={0: 400, 1: 0, 2: 0}
  [difficulty_sampling_cldice_D1v2] [epoch 25/100] batch 30/300 (10%) loss=0.2895 elapsed=16s eta=144s
  [difficulty_sampling_cldice_D1v2] [epoch 25/100] batch 60/300 (20%) loss=0.2563 elapsed=32s eta=129s
  [difficulty_sampling_cldice_D1v2] [epoch 25/100] batch 90/300 (30%) loss=0.2389 elapsed=48s eta=112s
  [difficulty_sampling_cldice_D1v2] [epoch 25/100] batch 120/300 (40%) loss=0.2219 elapsed=64s eta=96s
  [difficulty_sampling_cldice_D1v2] [epoch 25/100] batch 150/300 (50%) loss=0.2086 elapsed=79s eta=79s
  [difficulty_sampling_cldice_D1v2] [epoch 25/100] batch 180/300 (60%) loss=0.1993 elapsed=94s eta=63s
  [difficulty_sampling_cldice_D1v2] [epoch 25/100] batch 210/300 (70%) loss=0.1905 elapsed=110s eta=47s
  [difficulty_sampling_cldice_D1v2] [epoch 25/100] batch 240/300 (80%) loss=0.1820 elapsed=126s eta=31s
  [difficulty_sampling_cldice_D1v2] [epoch 25/100] batch 270/300 (90%) loss=0.1743 elapsed=141s eta=16s
  [difficulty_sampling_cldice_D1v2] [epoch 25/100] batch 300/300 (100%) loss=0.1647 elapsed=155s eta=0s
[difficulty_sampling_cldice_D1v2] [sampler] sampled: {0: 400, 1: 400, 2: 400} total=1200 spalling_ratio=24.33%
[difficulty_sampling_cldice_D1v2] [sampler] unique: {0: 400, 1: 400, 2: 400} unique_total=1200 dup_ratio=1.00x
  difficulty: mean=0.000 std=1.412
[difficulty_sampling_cldice_D1v2] [epoch 025/100] remain=75 epochs ep_eta=202.2min (avg 162s/ep)
[difficulty_sampling_cldice_D1v2] [epoch 025/100] lr=0.000054  dt=164.4s
  train loss=0.1647  ce=0.1073 dice=0.2221  tversky=0.0000 bd=0.0000  cldice=0.0000
  val   loss=0.2682
  IoU   bg=0.9733  crack=0.5318  spalling=0.7590  | mIoU_fg=0.6454  pix_acc=0.9737
  Dice  bg=0.9865  crack=0.6943  spalling=0.8630
  BF1   crack=0.6678  spalling=0.6500  | BF1_fg_mean=0.6589
[difficulty_sampling_cldice_D1v2] [curriculum] epoch 26: stage=0 tiers=[0] pool={0: 400, 1: 0, 2: 0}
  [difficulty_sampling_cldice_D1v2] [epoch 26/100] batch 30/300 (10%) loss=0.3380 elapsed=16s eta=148s
  [difficulty_sampling_cldice_D1v2] [epoch 26/100] batch 60/300 (20%) loss=0.2882 elapsed=32s eta=129s
  [difficulty_sampling_cldice_D1v2] [epoch 26/100] batch 90/300 (30%) loss=0.2645 elapsed=48s eta=113s
  [difficulty_sampling_cldice_D1v2] [epoch 26/100] batch 120/300 (40%) loss=0.2477 elapsed=64s eta=96s
  [difficulty_sampling_cldice_D1v2] [epoch 26/100] batch 150/300 (50%) loss=0.2340 elapsed=80s eta=80s
  [difficulty_sampling_cldice_D1v2] [epoch 26/100] batch 180/300 (60%) loss=0.2225 elapsed=96s eta=64s
  [difficulty_sampling_cldice_D1v2] [epoch 26/100] batch 210/300 (70%) loss=0.2125 elapsed=112s eta=48s
  [difficulty_sampling_cldice_D1v2] [epoch 26/100] batch 240/300 (80%) loss=0.2023 elapsed=127s eta=32s
  [difficulty_sampling_cldice_D1v2] [epoch 26/100] batch 270/300 (90%) loss=0.1915 elapsed=142s eta=16s
  [difficulty_sampling_cldice_D1v2] [epoch 26/100] batch 300/300 (100%) loss=0.1803 elapsed=156s eta=0s
[difficulty_sampling_cldice_D1v2] [sampler] sampled: {0: 400, 1: 400, 2: 400} total=1200 spalling_ratio=24.33%
[difficulty_sampling_cldice_D1v2] [sampler] unique: {0: 400, 1: 400, 2: 400} unique_total=1200 dup_ratio=1.00x
  difficulty: mean=0.000 std=1.417
[difficulty_sampling_cldice_D1v2] [epoch 026/100] remain=74 epochs ep_eta=199.4min (avg 162s/ep)
[difficulty_sampling_cldice_D1v2] [epoch 026/100] lr=0.000053  dt=156.4s
  train loss=0.1803  ce=0.1184 dice=0.2422  tversky=0.0000 bd=0.0000  cldice=0.0000
  val   skipped (next val at epoch 30)
[difficulty_sampling_cldice_D1v2] [curriculum] epoch 27: stage=0 tiers=[0] pool={0: 400, 1: 0, 2: 0}
  [difficulty_sampling_cldice_D1v2] [epoch 27/100] batch 30/300 (10%) loss=0.2953 elapsed=17s eta=151s
  [difficulty_sampling_cldice_D1v2] [epoch 27/100] batch 60/300 (20%) loss=0.2648 elapsed=33s eta=132s
  [difficulty_sampling_cldice_D1v2] [epoch 27/100] batch 90/300 (30%) loss=0.2425 elapsed=49s eta=114s
  [difficulty_sampling_cldice_D1v2] [epoch 27/100] batch 120/300 (40%) loss=0.2240 elapsed=65s eta=98s
  [difficulty_sampling_cldice_D1v2] [epoch 27/100] batch 150/300 (50%) loss=0.2099 elapsed=81s eta=81s
  [difficulty_sampling_cldice_D1v2] [epoch 27/100] batch 180/300 (60%) loss=0.2000 elapsed=97s eta=65s
  [difficulty_sampling_cldice_D1v2] [epoch 27/100] batch 210/300 (70%) loss=0.1899 elapsed=113s eta=48s
  [difficulty_sampling_cldice_D1v2] [epoch 27/100] batch 240/300 (80%) loss=0.1810 elapsed=129s eta=32s
  [difficulty_sampling_cldice_D1v2] [epoch 27/100] batch 270/300 (90%) loss=0.1725 elapsed=145s eta=16s
  [difficulty_sampling_cldice_D1v2] [epoch 27/100] batch 300/300 (100%) loss=0.1627 elapsed=158s eta=0s
[difficulty_sampling_cldice_D1v2] [sampler] sampled: {0: 400, 1: 400, 2: 400} total=1200 spalling_ratio=24.33%
[difficulty_sampling_cldice_D1v2] [sampler] unique: {0: 400, 1: 400, 2: 400} unique_total=1200 dup_ratio=1.00x
  difficulty: mean=0.000 std=1.425
[difficulty_sampling_cldice_D1v2] [epoch 027/100] remain=73 epochs ep_eta=196.6min (avg 162s/ep)
[difficulty_sampling_cldice_D1v2] [epoch 027/100] lr=0.000052  dt=158.6s
  train loss=0.1627  ce=0.1040 dice=0.2214  tversky=0.0000 bd=0.0000  cldice=0.0000
  val   skipped (next val at epoch 30)
[difficulty_sampling_cldice_D1v2] [curriculum] epoch 28: stage=0 tiers=[0] pool={0: 400, 1: 0, 2: 0}
  [difficulty_sampling_cldice_D1v2] [epoch 28/100] batch 30/300 (10%) loss=0.2880 elapsed=17s eta=149s
  [difficulty_sampling_cldice_D1v2] [epoch 28/100] batch 60/300 (20%) loss=0.2579 elapsed=32s eta=127s
  [difficulty_sampling_cldice_D1v2] [epoch 28/100] batch 90/300 (30%) loss=0.2366 elapsed=47s eta=109s
  [difficulty_sampling_cldice_D1v2] [epoch 28/100] batch 120/300 (40%) loss=0.2211 elapsed=62s eta=94s
  [difficulty_sampling_cldice_D1v2] [epoch 28/100] batch 150/300 (50%) loss=0.2067 elapsed=77s eta=77s
  [difficulty_sampling_cldice_D1v2] [epoch 28/100] batch 180/300 (60%) loss=0.1948 elapsed=94s eta=63s
  [difficulty_sampling_cldice_D1v2] [epoch 28/100] batch 210/300 (70%) loss=0.1885 elapsed=110s eta=47s
  [difficulty_sampling_cldice_D1v2] [epoch 28/100] batch 240/300 (80%) loss=0.1796 elapsed=125s eta=31s
  [difficulty_sampling_cldice_D1v2] [epoch 28/100] batch 270/300 (90%) loss=0.1714 elapsed=140s eta=16s
  [difficulty_sampling_cldice_D1v2] [epoch 28/100] batch 300/300 (100%) loss=0.1616 elapsed=154s eta=0s
[difficulty_sampling_cldice_D1v2] [sampler] sampled: {0: 400, 1: 400, 2: 400} total=1200 spalling_ratio=24.33%
[difficulty_sampling_cldice_D1v2] [sampler] unique: {0: 400, 1: 400, 2: 400} unique_total=1200 dup_ratio=1.00x
  difficulty: mean=0.000 std=1.431
[difficulty_sampling_cldice_D1v2] [epoch 028/100] remain=72 epochs ep_eta=193.7min (avg 161s/ep)
[difficulty_sampling_cldice_D1v2] [epoch 028/100] lr=0.000052  dt=154.5s
  train loss=0.1616  ce=0.1044 dice=0.2188  tversky=0.0000 bd=0.0000  cldice=0.0000
  val   skipped (next val at epoch 30)
[difficulty_sampling_cldice_D1v2] [curriculum] epoch 29: stage=0 tiers=[0] pool={0: 400, 1: 0, 2: 0}
  [difficulty_sampling_cldice_D1v2] [epoch 29/100] batch 30/300 (10%) loss=0.2841 elapsed=17s eta=154s
  [difficulty_sampling_cldice_D1v2] [epoch 29/100] batch 60/300 (20%) loss=0.2545 elapsed=34s eta=137s
  [difficulty_sampling_cldice_D1v2] [epoch 29/100] batch 90/300 (30%) loss=0.2411 elapsed=51s eta=118s
  [difficulty_sampling_cldice_D1v2] [epoch 29/100] batch 120/300 (40%) loss=0.2243 elapsed=66s eta=99s
  [difficulty_sampling_cldice_D1v2] [epoch 29/100] batch 150/300 (50%) loss=0.2095 elapsed=82s eta=82s
  [difficulty_sampling_cldice_D1v2] [epoch 29/100] batch 180/300 (60%) loss=0.1970 elapsed=98s eta=65s
  [difficulty_sampling_cldice_D1v2] [epoch 29/100] batch 210/300 (70%) loss=0.1871 elapsed=113s eta=49s
  [difficulty_sampling_cldice_D1v2] [epoch 29/100] batch 240/300 (80%) loss=0.1786 elapsed=129s eta=32s
  [difficulty_sampling_cldice_D1v2] [epoch 29/100] batch 270/300 (90%) loss=0.1696 elapsed=145s eta=16s
  [difficulty_sampling_cldice_D1v2] [epoch 29/100] batch 300/300 (100%) loss=0.1603 elapsed=159s eta=0s
[difficulty_sampling_cldice_D1v2] [sampler] sampled: {0: 400, 1: 400, 2: 400} total=1200 spalling_ratio=24.33%
[difficulty_sampling_cldice_D1v2] [sampler] unique: {0: 400, 1: 400, 2: 400} unique_total=1200 dup_ratio=1.00x
  difficulty: mean=0.000 std=1.441
[difficulty_sampling_cldice_D1v2] [epoch 029/100] remain=71 epochs ep_eta=190.9min (avg 161s/ep)
[difficulty_sampling_cldice_D1v2] [epoch 029/100] lr=0.000051  dt=159.0s
  train loss=0.1603  ce=0.1030 dice=0.2177  tversky=0.0000 bd=0.0000  cldice=0.0000
  val   skipped (next val at epoch 30)
[difficulty_sampling_cldice_D1v2] [curriculum] epoch 30: stage=1 tiers=[0, 1] pool={0: 400, 1: 400, 2: 0}
  [difficulty_sampling_cldice_D1v2] [epoch 30/100] batch 30/300 (10%) loss=0.2820 elapsed=16s eta=148s
  [difficulty_sampling_cldice_D1v2] [epoch 30/100] batch 60/300 (20%) loss=0.2521 elapsed=32s eta=128s
  [difficulty_sampling_cldice_D1v2] [epoch 30/100] batch 90/300 (30%) loss=0.2333 elapsed=48s eta=112s
  [difficulty_sampling_cldice_D1v2] [epoch 30/100] batch 120/300 (40%) loss=0.2181 elapsed=64s eta=96s
  [difficulty_sampling_cldice_D1v2] [epoch 30/100] batch 150/300 (50%) loss=0.2046 elapsed=79s eta=79s
  [difficulty_sampling_cldice_D1v2] [epoch 30/100] batch 180/300 (60%) loss=0.1919 elapsed=95s eta=63s
  [difficulty_sampling_cldice_D1v2] [epoch 30/100] batch 210/300 (70%) loss=0.1820 elapsed=111s eta=48s
  [difficulty_sampling_cldice_D1v2] [epoch 30/100] batch 240/300 (80%) loss=0.1738 elapsed=126s eta=32s
  [difficulty_sampling_cldice_D1v2] [epoch 30/100] batch 270/300 (90%) loss=0.1680 elapsed=142s eta=16s
  [difficulty_sampling_cldice_D1v2] [epoch 30/100] batch 300/300 (100%) loss=0.1589 elapsed=155s eta=0s
[difficulty_sampling_cldice_D1v2] [sampler] sampled: {0: 400, 1: 400, 2: 400} total=1200 spalling_ratio=24.33%
[difficulty_sampling_cldice_D1v2] [sampler] unique: {0: 400, 1: 400, 2: 400} unique_total=1200 dup_ratio=1.00x
  difficulty: mean=0.000 std=1.448
[difficulty_sampling_cldice_D1v2] [epoch 030/100] remain=70 epochs ep_eta=188.4min (avg 161s/ep)
[difficulty_sampling_cldice_D1v2] [epoch 030/100] lr=0.000050  dt=164.9s
  train loss=0.1589  ce=0.1015 dice=0.2163  tversky=0.0000 bd=0.0000  cldice=0.0000
  val   loss=0.2607
  IoU   bg=0.9768  crack=0.5472  spalling=0.7937  | mIoU_fg=0.6704  pix_acc=0.9773
  Dice  bg=0.9883  crack=0.7074  spalling=0.8850
  BF1   crack=0.7174  spalling=0.6595  | BF1_fg_mean=0.6884
  [difficulty_sampling_cldice_D1v2] [best] mIoU_fg=0.6704  saved -> best.pt
[difficulty_sampling_cldice_D1v2] [curriculum] epoch 31: stage=1 tiers=[0, 1] pool={0: 400, 1: 400, 2: 0}
  [difficulty_sampling_cldice_D1v2] [epoch 31/100] batch 30/300 (10%) loss=0.2841 elapsed=17s eta=155s
  [difficulty_sampling_cldice_D1v2] [epoch 31/100] batch 60/300 (20%) loss=0.2584 elapsed=33s eta=134s
  [difficulty_sampling_cldice_D1v2] [epoch 31/100] batch 90/300 (30%) loss=0.2365 elapsed=49s eta=115s
  [difficulty_sampling_cldice_D1v2] [epoch 31/100] batch 120/300 (40%) loss=0.2224 elapsed=65s eta=97s
  [difficulty_sampling_cldice_D1v2] [epoch 31/100] batch 150/300 (50%) loss=0.2076 elapsed=81s eta=81s
  [difficulty_sampling_cldice_D1v2] [epoch 31/100] batch 180/300 (60%) loss=0.1966 elapsed=97s eta=65s
  [difficulty_sampling_cldice_D1v2] [epoch 31/100] batch 210/300 (70%) loss=0.1884 elapsed=112s eta=48s
  [difficulty_sampling_cldice_D1v2] [epoch 31/100] batch 240/300 (80%) loss=0.1803 elapsed=128s eta=32s
  [difficulty_sampling_cldice_D1v2] [epoch 31/100] batch 270/300 (90%) loss=0.1717 elapsed=143s eta=16s
  [difficulty_sampling_cldice_D1v2] [epoch 31/100] batch 300/300 (100%) loss=0.1615 elapsed=157s eta=0s
[difficulty_sampling_cldice_D1v2] [sampler] sampled: {0: 400, 1: 400, 2: 400} total=1200 spalling_ratio=24.33%
[difficulty_sampling_cldice_D1v2] [sampler] unique: {0: 400, 1: 400, 2: 400} unique_total=1200 dup_ratio=1.00x
  difficulty: mean=0.000 std=1.456
[difficulty_sampling_cldice_D1v2] [epoch 031/100] remain=69 epochs ep_eta=185.7min (avg 161s/ep)
[difficulty_sampling_cldice_D1v2] [epoch 031/100] lr=0.000050  dt=157.1s
  train loss=0.1615  ce=0.1028 dice=0.2203  tversky=0.0000 bd=0.0000  cldice=0.0000
  val   skipped (next val at epoch 35)
[difficulty_sampling_cldice_D1v2] [curriculum] epoch 32: stage=1 tiers=[0, 1] pool={0: 400, 1: 400, 2: 0}
  [difficulty_sampling_cldice_D1v2] [epoch 32/100] batch 30/300 (10%) loss=0.2942 elapsed=17s eta=152s
  [difficulty_sampling_cldice_D1v2] [epoch 32/100] batch 60/300 (20%) loss=0.2604 elapsed=34s eta=134s
  [difficulty_sampling_cldice_D1v2] [epoch 32/100] batch 90/300 (30%) loss=0.2385 elapsed=49s eta=115s
  [difficulty_sampling_cldice_D1v2] [epoch 32/100] batch 120/300 (40%) loss=0.2217 elapsed=65s eta=97s
  [difficulty_sampling_cldice_D1v2] [epoch 32/100] batch 150/300 (50%) loss=0.2083 elapsed=80s eta=80s
  [difficulty_sampling_cldice_D1v2] [epoch 32/100] batch 180/300 (60%) loss=0.1955 elapsed=96s eta=64s
  [difficulty_sampling_cldice_D1v2] [epoch 32/100] batch 210/300 (70%) loss=0.1844 elapsed=111s eta=48s
  [difficulty_sampling_cldice_D1v2] [epoch 32/100] batch 240/300 (80%) loss=0.1745 elapsed=127s eta=32s
  [difficulty_sampling_cldice_D1v2] [epoch 32/100] batch 270/300 (90%) loss=0.1659 elapsed=143s eta=16s
  [difficulty_sampling_cldice_D1v2] [epoch 32/100] batch 300/300 (100%) loss=0.1567 elapsed=157s eta=0s
[difficulty_sampling_cldice_D1v2] [sampler] sampled: {0: 400, 1: 400, 2: 400} total=1200 spalling_ratio=24.33%
[difficulty_sampling_cldice_D1v2] [sampler] unique: {0: 400, 1: 400, 2: 400} unique_total=1200 dup_ratio=1.00x
  difficulty: mean=0.000 std=1.464
[difficulty_sampling_cldice_D1v2] [epoch 032/100] remain=68 epochs ep_eta=182.9min (avg 161s/ep)
[difficulty_sampling_cldice_D1v2] [epoch 032/100] lr=0.000049  dt=156.7s
  train loss=0.1567  ce=0.1008 dice=0.2126  tversky=0.0000 bd=0.0000  cldice=0.0000
  val   skipped (next val at epoch 35)
[difficulty_sampling_cldice_D1v2] [curriculum] epoch 33: stage=1 tiers=[0, 1] pool={0: 400, 1: 400, 2: 0}
  [difficulty_sampling_cldice_D1v2] [epoch 33/100] batch 30/300 (10%) loss=0.2738 elapsed=17s eta=154s
  [difficulty_sampling_cldice_D1v2] [epoch 33/100] batch 60/300 (20%) loss=0.2479 elapsed=34s eta=134s
  [difficulty_sampling_cldice_D1v2] [epoch 33/100] batch 90/300 (30%) loss=0.2310 elapsed=49s eta=115s
  [difficulty_sampling_cldice_D1v2] [epoch 33/100] batch 120/300 (40%) loss=0.2114 elapsed=65s eta=98s
  [difficulty_sampling_cldice_D1v2] [epoch 33/100] batch 150/300 (50%) loss=0.2006 elapsed=81s eta=81s
  [difficulty_sampling_cldice_D1v2] [epoch 33/100] batch 180/300 (60%) loss=0.1906 elapsed=96s eta=64s
  [difficulty_sampling_cldice_D1v2] [epoch 33/100] batch 210/300 (70%) loss=0.1801 elapsed=112s eta=48s
  [difficulty_sampling_cldice_D1v2] [epoch 33/100] batch 240/300 (80%) loss=0.1706 elapsed=128s eta=32s
  [difficulty_sampling_cldice_D1v2] [epoch 33/100] batch 270/300 (90%) loss=0.1613 elapsed=143s eta=16s
  [difficulty_sampling_cldice_D1v2] [epoch 33/100] batch 300/300 (100%) loss=0.1528 elapsed=157s eta=0s
[difficulty_sampling_cldice_D1v2] [sampler] sampled: {0: 400, 1: 400, 2: 400} total=1200 spalling_ratio=24.33%
[difficulty_sampling_cldice_D1v2] [sampler] unique: {0: 400, 1: 400, 2: 400} unique_total=1200 dup_ratio=1.00x
  difficulty: mean=0.000 std=1.470
[difficulty_sampling_cldice_D1v2] [epoch 033/100] remain=67 epochs ep_eta=180.1min (avg 161s/ep)
[difficulty_sampling_cldice_D1v2] [epoch 033/100] lr=0.000048  dt=156.7s
  train loss=0.1528  ce=0.0990 dice=0.2065  tversky=0.0000 bd=0.0000  cldice=0.0000
  val   skipped (next val at epoch 35)
[difficulty_sampling_cldice_D1v2] [curriculum] epoch 34: stage=1 tiers=[0, 1] pool={0: 400, 1: 400, 2: 0}
  [difficulty_sampling_cldice_D1v2] [epoch 34/100] batch 30/300 (10%) loss=0.2952 elapsed=17s eta=149s
  [difficulty_sampling_cldice_D1v2] [epoch 34/100] batch 60/300 (20%) loss=0.3259 elapsed=32s eta=130s
  [difficulty_sampling_cldice_D1v2] [epoch 34/100] batch 90/300 (30%) loss=0.2958 elapsed=48s eta=112s
  [difficulty_sampling_cldice_D1v2] [epoch 34/100] batch 120/300 (40%) loss=0.2680 elapsed=64s eta=96s
  [difficulty_sampling_cldice_D1v2] [epoch 34/100] batch 150/300 (50%) loss=0.2447 elapsed=79s eta=79s
  [difficulty_sampling_cldice_D1v2] [epoch 34/100] batch 180/300 (60%) loss=0.2283 elapsed=94s eta=63s
  [difficulty_sampling_cldice_D1v2] [epoch 34/100] batch 210/300 (70%) loss=0.2149 elapsed=110s eta=47s
  [difficulty_sampling_cldice_D1v2] [epoch 34/100] batch 240/300 (80%) loss=0.2033 elapsed=126s eta=31s
  [difficulty_sampling_cldice_D1v2] [epoch 34/100] batch 270/300 (90%) loss=0.1929 elapsed=141s eta=16s
  [difficulty_sampling_cldice_D1v2] [epoch 34/100] batch 300/300 (100%) loss=0.1823 elapsed=155s eta=0s
[difficulty_sampling_cldice_D1v2] [sampler] sampled: {0: 400, 1: 400, 2: 400} total=1200 spalling_ratio=24.33%
[difficulty_sampling_cldice_D1v2] [sampler] unique: {0: 400, 1: 400, 2: 400} unique_total=1200 dup_ratio=1.00x
  difficulty: mean=0.000 std=1.473
[difficulty_sampling_cldice_D1v2] [epoch 034/100] remain=66 epochs ep_eta=177.2min (avg 161s/ep)
[difficulty_sampling_cldice_D1v2] [epoch 034/100] lr=0.000047  dt=155.1s
  train loss=0.1823  ce=0.1210 dice=0.2436  tversky=0.0000 bd=0.0000  cldice=0.0000
  val   skipped (next val at epoch 35)
[difficulty_sampling_cldice_D1v2] [curriculum] epoch 35: stage=1 tiers=[0, 1] pool={0: 400, 1: 400, 2: 0}
  [difficulty_sampling_cldice_D1v2] [epoch 35/100] batch 30/300 (10%) loss=0.2994 elapsed=17s eta=157s
  [difficulty_sampling_cldice_D1v2] [epoch 35/100] batch 60/300 (20%) loss=0.2635 elapsed=34s eta=134s
  [difficulty_sampling_cldice_D1v2] [epoch 35/100] batch 90/300 (30%) loss=0.2395 elapsed=50s eta=116s
  [difficulty_sampling_cldice_D1v2] [epoch 35/100] batch 120/300 (40%) loss=0.2205 elapsed=65s eta=98s
  [difficulty_sampling_cldice_D1v2] [epoch 35/100] batch 150/300 (50%) loss=0.2088 elapsed=81s eta=81s
  [difficulty_sampling_cldice_D1v2] [epoch 35/100] batch 180/300 (60%) loss=0.1975 elapsed=96s eta=64s
  [difficulty_sampling_cldice_D1v2] [epoch 35/100] batch 210/300 (70%) loss=0.1866 elapsed=112s eta=48s
  [difficulty_sampling_cldice_D1v2] [epoch 35/100] batch 240/300 (80%) loss=0.1778 elapsed=128s eta=32s
  [difficulty_sampling_cldice_D1v2] [epoch 35/100] batch 270/300 (90%) loss=0.1684 elapsed=143s eta=16s
  [difficulty_sampling_cldice_D1v2] [epoch 35/100] batch 300/300 (100%) loss=0.1592 elapsed=157s eta=0s
[difficulty_sampling_cldice_D1v2] [sampler] sampled: {0: 400, 1: 400, 2: 400} total=1200 spalling_ratio=24.33%
[difficulty_sampling_cldice_D1v2] [sampler] unique: {0: 400, 1: 400, 2: 400} unique_total=1200 dup_ratio=1.00x
  difficulty: mean=0.000 std=1.473
[difficulty_sampling_cldice_D1v2] [epoch 035/100] remain=65 epochs ep_eta=174.8min (avg 161s/ep)
[difficulty_sampling_cldice_D1v2] [epoch 035/100] lr=0.000046  dt=167.1s
  train loss=0.1592  ce=0.1040 dice=0.2143  tversky=0.0000 bd=0.0000  cldice=0.0000
  val   loss=0.2607
  IoU   bg=0.9769  crack=0.5536  spalling=0.7624  | mIoU_fg=0.6580  pix_acc=0.9772
  Dice  bg=0.9883  crack=0.7126  spalling=0.8652
  BF1   crack=0.7300  spalling=0.5931  | BF1_fg_mean=0.6615
[difficulty_sampling_cldice_D1v2] [curriculum] epoch 36: stage=1 tiers=[0, 1] pool={0: 400, 1: 400, 2: 0}
  [difficulty_sampling_cldice_D1v2] [epoch 36/100] batch 30/300 (10%) loss=0.2724 elapsed=16s eta=147s
  [difficulty_sampling_cldice_D1v2] [epoch 36/100] batch 60/300 (20%) loss=0.2442 elapsed=32s eta=129s
  [difficulty_sampling_cldice_D1v2] [epoch 36/100] batch 90/300 (30%) loss=0.2246 elapsed=48s eta=113s
  [difficulty_sampling_cldice_D1v2] [epoch 36/100] batch 120/300 (40%) loss=0.2068 elapsed=64s eta=95s
  [difficulty_sampling_cldice_D1v2] [epoch 36/100] batch 150/300 (50%) loss=0.1946 elapsed=79s eta=79s
  [difficulty_sampling_cldice_D1v2] [epoch 36/100] batch 180/300 (60%) loss=0.1830 elapsed=95s eta=63s
  [difficulty_sampling_cldice_D1v2] [epoch 36/100] batch 210/300 (70%) loss=0.1735 elapsed=111s eta=47s
  [difficulty_sampling_cldice_D1v2] [epoch 36/100] batch 240/300 (80%) loss=0.1649 elapsed=126s eta=32s
  [difficulty_sampling_cldice_D1v2] [epoch 36/100] batch 270/300 (90%) loss=0.1569 elapsed=141s eta=16s
  [difficulty_sampling_cldice_D1v2] [epoch 36/100] batch 300/300 (100%) loss=0.1493 elapsed=155s eta=0s
[difficulty_sampling_cldice_D1v2] [sampler] sampled: {0: 400, 1: 400, 2: 400} total=1200 spalling_ratio=24.33%
[difficulty_sampling_cldice_D1v2] [sampler] unique: {0: 400, 1: 400, 2: 400} unique_total=1200 dup_ratio=1.00x
  difficulty: mean=0.000 std=1.478
[difficulty_sampling_cldice_D1v2] [epoch 036/100] remain=64 epochs ep_eta=172.0min (avg 161s/ep)
[difficulty_sampling_cldice_D1v2] [epoch 036/100] lr=0.000046  dt=155.5s
  train loss=0.1493  ce=0.0980 dice=0.2006  tversky=0.0000 bd=0.0000  cldice=0.0000
  val   skipped (next val at epoch 40)
[difficulty_sampling_cldice_D1v2] [curriculum] epoch 37: stage=1 tiers=[0, 1] pool={0: 400, 1: 400, 2: 0}
  [difficulty_sampling_cldice_D1v2] [epoch 37/100] batch 30/300 (10%) loss=0.2728 elapsed=17s eta=156s
  [difficulty_sampling_cldice_D1v2] [epoch 37/100] batch 60/300 (20%) loss=0.2455 elapsed=34s eta=135s
  [difficulty_sampling_cldice_D1v2] [epoch 37/100] batch 90/300 (30%) loss=0.2270 elapsed=50s eta=117s
  [difficulty_sampling_cldice_D1v2] [epoch 37/100] batch 120/300 (40%) loss=0.2135 elapsed=67s eta=100s
  [difficulty_sampling_cldice_D1v2] [epoch 37/100] batch 150/300 (50%) loss=0.1990 elapsed=82s eta=82s
  [difficulty_sampling_cldice_D1v2] [epoch 37/100] batch 180/300 (60%) loss=0.1905 elapsed=99s eta=66s
  [difficulty_sampling_cldice_D1v2] [epoch 37/100] batch 210/300 (70%) loss=0.1792 elapsed=114s eta=49s
  [difficulty_sampling_cldice_D1v2] [epoch 37/100] batch 240/300 (80%) loss=0.1702 elapsed=130s eta=32s
  [difficulty_sampling_cldice_D1v2] [epoch 37/100] batch 270/300 (90%) loss=0.1616 elapsed=145s eta=16s
  [difficulty_sampling_cldice_D1v2] [epoch 37/100] batch 300/300 (100%) loss=0.1526 elapsed=159s eta=0s
[difficulty_sampling_cldice_D1v2] [sampler] sampled: {0: 400, 1: 400, 2: 400} total=1200 spalling_ratio=24.33%
[difficulty_sampling_cldice_D1v2] [sampler] unique: {0: 400, 1: 400, 2: 400} unique_total=1200 dup_ratio=1.00x
  difficulty: mean=0.000 std=1.481
[difficulty_sampling_cldice_D1v2] [epoch 037/100] remain=63 epochs ep_eta=169.3min (avg 161s/ep)
[difficulty_sampling_cldice_D1v2] [epoch 037/100] lr=0.000045  dt=159.5s
  train loss=0.1526  ce=0.0985 dice=0.2067  tversky=0.0000 bd=0.0000  cldice=0.0000
  val   skipped (next val at epoch 40)
[difficulty_sampling_cldice_D1v2] [curriculum] epoch 38: stage=1 tiers=[0, 1] pool={0: 400, 1: 400, 2: 0}
  [difficulty_sampling_cldice_D1v2] [epoch 38/100] batch 30/300 (10%) loss=0.2619 elapsed=17s eta=152s
  [difficulty_sampling_cldice_D1v2] [epoch 38/100] batch 60/300 (20%) loss=0.2393 elapsed=34s eta=135s
  [difficulty_sampling_cldice_D1v2] [epoch 38/100] batch 90/300 (30%) loss=0.2166 elapsed=50s eta=117s
  [difficulty_sampling_cldice_D1v2] [epoch 38/100] batch 120/300 (40%) loss=0.2027 elapsed=66s eta=99s
  [difficulty_sampling_cldice_D1v2] [epoch 38/100] batch 150/300 (50%) loss=0.1884 elapsed=82s eta=82s
  [difficulty_sampling_cldice_D1v2] [epoch 38/100] batch 180/300 (60%) loss=0.1802 elapsed=98s eta=65s
  [difficulty_sampling_cldice_D1v2] [epoch 38/100] batch 210/300 (70%) loss=0.1710 elapsed=113s eta=49s
  [difficulty_sampling_cldice_D1v2] [epoch 38/100] batch 240/300 (80%) loss=0.1628 elapsed=129s eta=32s
  [difficulty_sampling_cldice_D1v2] [epoch 38/100] batch 270/300 (90%) loss=0.1546 elapsed=144s eta=16s
  [difficulty_sampling_cldice_D1v2] [epoch 38/100] batch 300/300 (100%) loss=0.1459 elapsed=158s eta=0s
[difficulty_sampling_cldice_D1v2] [sampler] sampled: {0: 400, 1: 400, 2: 400} total=1200 spalling_ratio=24.33%
[difficulty_sampling_cldice_D1v2] [sampler] unique: {0: 400, 1: 400, 2: 400} unique_total=1200 dup_ratio=1.00x
  difficulty: mean=0.000 std=1.486
[difficulty_sampling_cldice_D1v2] [epoch 038/100] remain=62 epochs ep_eta=166.5min (avg 161s/ep)
[difficulty_sampling_cldice_D1v2] [epoch 038/100] lr=0.000044  dt=157.9s
  train loss=0.1459  ce=0.0956 dice=0.1961  tversky=0.0000 bd=0.0000  cldice=0.0000
  val   skipped (next val at epoch 40)
[difficulty_sampling_cldice_D1v2] [curriculum] epoch 39: stage=1 tiers=[0, 1] pool={0: 400, 1: 400, 2: 0}
  [difficulty_sampling_cldice_D1v2] [epoch 39/100] batch 30/300 (10%) loss=0.2684 elapsed=17s eta=153s
  [difficulty_sampling_cldice_D1v2] [epoch 39/100] batch 60/300 (20%) loss=0.2624 elapsed=33s eta=132s
  [difficulty_sampling_cldice_D1v2] [epoch 39/100] batch 90/300 (30%) loss=0.2379 elapsed=48s eta=112s
  [difficulty_sampling_cldice_D1v2] [epoch 39/100] batch 120/300 (40%) loss=0.2175 elapsed=63s eta=95s
  [difficulty_sampling_cldice_D1v2] [epoch 39/100] batch 150/300 (50%) loss=0.2039 elapsed=79s eta=79s
  [difficulty_sampling_cldice_D1v2] [epoch 39/100] batch 180/300 (60%) loss=0.1912 elapsed=95s eta=63s
  [difficulty_sampling_cldice_D1v2] [epoch 39/100] batch 210/300 (70%) loss=0.1814 elapsed=111s eta=47s
  [difficulty_sampling_cldice_D1v2] [epoch 39/100] batch 240/300 (80%) loss=0.1720 elapsed=127s eta=32s
  [difficulty_sampling_cldice_D1v2] [epoch 39/100] batch 270/300 (90%) loss=0.1627 elapsed=142s eta=16s
  [difficulty_sampling_cldice_D1v2] [epoch 39/100] batch 300/300 (100%) loss=0.1527 elapsed=157s eta=0s
[difficulty_sampling_cldice_D1v2] [sampler] sampled: {0: 400, 1: 400, 2: 400} total=1200 spalling_ratio=24.33%
[difficulty_sampling_cldice_D1v2] [sampler] unique: {0: 400, 1: 400, 2: 400} unique_total=1200 dup_ratio=1.00x
  difficulty: mean=0.000 std=1.490
[difficulty_sampling_cldice_D1v2] [epoch 039/100] remain=61 epochs ep_eta=163.8min (avg 161s/ep)
[difficulty_sampling_cldice_D1v2] [epoch 039/100] lr=0.000043  dt=157.0s
  train loss=0.1527  ce=0.0985 dice=0.2069  tversky=0.0000 bd=0.0000  cldice=0.0000
  val   skipped (next val at epoch 40)
[difficulty_sampling_cldice_D1v2] [curriculum] epoch 40: stage=1 tiers=[0, 1] pool={0: 400, 1: 400, 2: 0}
  [difficulty_sampling_cldice_D1v2] [epoch 40/100] batch 30/300 (10%) loss=0.2657 elapsed=16s eta=146s
  [difficulty_sampling_cldice_D1v2] [epoch 40/100] batch 60/300 (20%) loss=0.2366 elapsed=32s eta=127s
  [difficulty_sampling_cldice_D1v2] [epoch 40/100] batch 90/300 (30%) loss=0.2260 elapsed=47s eta=109s
  [difficulty_sampling_cldice_D1v2] [epoch 40/100] batch 120/300 (40%) loss=0.2108 elapsed=63s eta=94s
  [difficulty_sampling_cldice_D1v2] [epoch 40/100] batch 150/300 (50%) loss=0.1971 elapsed=78s eta=78s
  [difficulty_sampling_cldice_D1v2] [epoch 40/100] batch 180/300 (60%) loss=0.1864 elapsed=95s eta=63s
  [difficulty_sampling_cldice_D1v2] [epoch 40/100] batch 210/300 (70%) loss=0.1764 elapsed=111s eta=48s
  [difficulty_sampling_cldice_D1v2] [epoch 40/100] batch 240/300 (80%) loss=0.1669 elapsed=126s eta=32s
  [difficulty_sampling_cldice_D1v2] [epoch 40/100] batch 270/300 (90%) loss=0.1581 elapsed=142s eta=16s
  [difficulty_sampling_cldice_D1v2] [epoch 40/100] batch 300/300 (100%) loss=0.1486 elapsed=157s eta=0s
[difficulty_sampling_cldice_D1v2] [sampler] sampled: {0: 400, 1: 400, 2: 400} total=1200 spalling_ratio=24.33%
[difficulty_sampling_cldice_D1v2] [sampler] unique: {0: 400, 1: 400, 2: 400} unique_total=1200 dup_ratio=1.00x
  difficulty: mean=0.000 std=1.494
[difficulty_sampling_cldice_D1v2] [epoch 040/100] remain=60 epochs ep_eta=161.2min (avg 161s/ep)
[difficulty_sampling_cldice_D1v2] [epoch 040/100] lr=0.000042  dt=166.5s
  train loss=0.1486  ce=0.0952 dice=0.2020  tversky=0.0000 bd=0.0000  cldice=0.0000
  val   loss=0.2647
  IoU   bg=0.9771  crack=0.5580  spalling=0.7946  | mIoU_fg=0.6763  pix_acc=0.9774
  Dice  bg=0.9884  crack=0.7163  spalling=0.8856
  BF1   crack=0.7202  spalling=0.6206  | BF1_fg_mean=0.6704
  [difficulty_sampling_cldice_D1v2] [best] mIoU_fg=0.6763  saved -> best.pt
[difficulty_sampling_cldice_D1v2] [curriculum] epoch 41: stage=1 tiers=[0, 1] pool={0: 400, 1: 400, 2: 0}
  [difficulty_sampling_cldice_D1v2] [epoch 41/100] batch 30/300 (10%) loss=0.2531 elapsed=18s eta=158s
  [difficulty_sampling_cldice_D1v2] [epoch 41/100] batch 60/300 (20%) loss=0.2296 elapsed=34s eta=136s
  [difficulty_sampling_cldice_D1v2] [epoch 41/100] batch 90/300 (30%) loss=0.2123 elapsed=50s eta=117s
  [difficulty_sampling_cldice_D1v2] [epoch 41/100] batch 120/300 (40%) loss=0.1988 elapsed=66s eta=99s
  [difficulty_sampling_cldice_D1v2] [epoch 41/100] batch 150/300 (50%) loss=0.1866 elapsed=82s eta=82s
  [difficulty_sampling_cldice_D1v2] [epoch 41/100] batch 180/300 (60%) loss=0.1762 elapsed=99s eta=66s
  [difficulty_sampling_cldice_D1v2] [epoch 41/100] batch 210/300 (70%) loss=0.1669 elapsed=115s eta=49s
  [difficulty_sampling_cldice_D1v2] [epoch 41/100] batch 240/300 (80%) loss=0.1587 elapsed=132s eta=33s
  [difficulty_sampling_cldice_D1v2] [epoch 41/100] batch 270/300 (90%) loss=0.1502 elapsed=147s eta=16s
  [difficulty_sampling_cldice_D1v2] [epoch 41/100] batch 300/300 (100%) loss=0.1413 elapsed=161s eta=0s
[difficulty_sampling_cldice_D1v2] [sampler] sampled: {0: 400, 1: 400, 2: 400} total=1200 spalling_ratio=24.33%
[difficulty_sampling_cldice_D1v2] [sampler] unique: {0: 400, 1: 400, 2: 400} unique_total=1200 dup_ratio=1.00x
  difficulty: mean=0.000 std=1.500
[difficulty_sampling_cldice_D1v2] [epoch 041/100] remain=59 epochs ep_eta=158.6min (avg 161s/ep)
[difficulty_sampling_cldice_D1v2] [epoch 041/100] lr=0.000041  dt=161.1s
  train loss=0.1413  ce=0.0919 dice=0.1907  tversky=0.0000 bd=0.0000  cldice=0.0000
  val   skipped (next val at epoch 45)
[difficulty_sampling_cldice_D1v2] [curriculum] epoch 42: stage=1 tiers=[0, 1] pool={0: 400, 1: 400, 2: 0}
  [difficulty_sampling_cldice_D1v2] [epoch 42/100] batch 30/300 (10%) loss=0.2655 elapsed=16s eta=148s
  [difficulty_sampling_cldice_D1v2] [epoch 42/100] batch 60/300 (20%) loss=0.2426 elapsed=32s eta=129s
  [difficulty_sampling_cldice_D1v2] [epoch 42/100] batch 90/300 (30%) loss=0.2221 elapsed=48s eta=113s
  [difficulty_sampling_cldice_D1v2] [epoch 42/100] batch 120/300 (40%) loss=0.2037 elapsed=63s eta=95s
  [difficulty_sampling_cldice_D1v2] [epoch 42/100] batch 150/300 (50%) loss=0.1904 elapsed=79s eta=79s
  [difficulty_sampling_cldice_D1v2] [epoch 42/100] batch 180/300 (60%) loss=0.1794 elapsed=94s eta=63s
  [difficulty_sampling_cldice_D1v2] [epoch 42/100] batch 210/300 (70%) loss=0.1702 elapsed=110s eta=47s
  [difficulty_sampling_cldice_D1v2] [epoch 42/100] batch 240/300 (80%) loss=0.1611 elapsed=127s eta=32s
  [difficulty_sampling_cldice_D1v2] [epoch 42/100] batch 270/300 (90%) loss=0.1528 elapsed=143s eta=16s
  [difficulty_sampling_cldice_D1v2] [epoch 42/100] batch 300/300 (100%) loss=0.1436 elapsed=156s eta=0s
[difficulty_sampling_cldice_D1v2] [sampler] sampled: {0: 400, 1: 400, 2: 400} total=1200 spalling_ratio=24.33%
[difficulty_sampling_cldice_D1v2] [sampler] unique: {0: 400, 1: 400, 2: 400} unique_total=1200 dup_ratio=1.00x
  difficulty: mean=0.000 std=1.505
[difficulty_sampling_cldice_D1v2] [epoch 042/100] remain=58 epochs ep_eta=155.9min (avg 161s/ep)
[difficulty_sampling_cldice_D1v2] [epoch 042/100] lr=0.000040  dt=156.7s
  train loss=0.1436  ce=0.0931 dice=0.1941  tversky=0.0000 bd=0.0000  cldice=0.0000
  val   skipped (next val at epoch 45)
[difficulty_sampling_cldice_D1v2] [curriculum] epoch 43: stage=1 tiers=[0, 1] pool={0: 400, 1: 400, 2: 0}
  [difficulty_sampling_cldice_D1v2] [epoch 43/100] batch 30/300 (10%) loss=0.2654 elapsed=17s eta=152s
  [difficulty_sampling_cldice_D1v2] [epoch 43/100] batch 60/300 (20%) loss=0.2396 elapsed=33s eta=131s
  [difficulty_sampling_cldice_D1v2] [epoch 43/100] batch 90/300 (30%) loss=0.2189 elapsed=48s eta=113s
  [difficulty_sampling_cldice_D1v2] [epoch 43/100] batch 120/300 (40%) loss=0.2013 elapsed=64s eta=96s
  [difficulty_sampling_cldice_D1v2] [epoch 43/100] batch 150/300 (50%) loss=0.1871 elapsed=80s eta=80s
  [difficulty_sampling_cldice_D1v2] [epoch 43/100] batch 180/300 (60%) loss=0.1760 elapsed=95s eta=64s
  [difficulty_sampling_cldice_D1v2] [epoch 43/100] batch 210/300 (70%) loss=0.1662 elapsed=111s eta=48s
  [difficulty_sampling_cldice_D1v2] [epoch 43/100] batch 240/300 (80%) loss=0.1572 elapsed=127s eta=32s
  [difficulty_sampling_cldice_D1v2] [epoch 43/100] batch 270/300 (90%) loss=0.1501 elapsed=142s eta=16s
  [difficulty_sampling_cldice_D1v2] [epoch 43/100] batch 300/300 (100%) loss=0.1420 elapsed=155s eta=0s
[difficulty_sampling_cldice_D1v2] [sampler] sampled: {0: 400, 1: 400, 2: 400} total=1200 spalling_ratio=24.33%
[difficulty_sampling_cldice_D1v2] [sampler] unique: {0: 400, 1: 400, 2: 400} unique_total=1200 dup_ratio=1.00x
  difficulty: mean=0.000 std=1.507
[difficulty_sampling_cldice_D1v2] [epoch 043/100] remain=57 epochs ep_eta=153.1min (avg 161s/ep)
[difficulty_sampling_cldice_D1v2] [epoch 043/100] lr=0.000039  dt=155.2s
  train loss=0.1420  ce=0.0917 dice=0.1923  tversky=0.0000 bd=0.0000  cldice=0.0000
  val   skipped (next val at epoch 45)
[difficulty_sampling_cldice_D1v2] [curriculum] epoch 44: stage=1 tiers=[0, 1] pool={0: 400, 1: 400, 2: 0}
  [difficulty_sampling_cldice_D1v2] [epoch 44/100] batch 30/300 (10%) loss=0.2513 elapsed=16s eta=146s
  [difficulty_sampling_cldice_D1v2] [epoch 44/100] batch 60/300 (20%) loss=0.2278 elapsed=32s eta=128s
  [difficulty_sampling_cldice_D1v2] [epoch 44/100] batch 90/300 (30%) loss=0.2133 elapsed=48s eta=111s
  [difficulty_sampling_cldice_D1v2] [epoch 44/100] batch 120/300 (40%) loss=0.1993 elapsed=63s eta=94s
  [difficulty_sampling_cldice_D1v2] [epoch 44/100] batch 150/300 (50%) loss=0.1880 elapsed=79s eta=79s
  [difficulty_sampling_cldice_D1v2] [epoch 44/100] batch 180/300 (60%) loss=0.1774 elapsed=94s eta=63s
  [difficulty_sampling_cldice_D1v2] [epoch 44/100] batch 210/300 (70%) loss=0.1668 elapsed=110s eta=47s
  [difficulty_sampling_cldice_D1v2] [epoch 44/100] batch 240/300 (80%) loss=0.1585 elapsed=126s eta=32s
  [difficulty_sampling_cldice_D1v2] [epoch 44/100] batch 270/300 (90%) loss=0.1506 elapsed=141s eta=16s
  [difficulty_sampling_cldice_D1v2] [epoch 44/100] batch 300/300 (100%) loss=0.1416 elapsed=155s eta=0s
[difficulty_sampling_cldice_D1v2] [sampler] sampled: {0: 400, 1: 400, 2: 400} total=1200 spalling_ratio=24.33%
[difficulty_sampling_cldice_D1v2] [sampler] unique: {0: 400, 1: 400, 2: 400} unique_total=1200 dup_ratio=1.00x
  difficulty: mean=0.000 std=1.511
[difficulty_sampling_cldice_D1v2] [epoch 044/100] remain=56 epochs ep_eta=150.3min (avg 161s/ep)
[difficulty_sampling_cldice_D1v2] [epoch 044/100] lr=0.000038  dt=154.9s
  train loss=0.1416  ce=0.0908 dice=0.1923  tversky=0.0000 bd=0.0000  cldice=0.0000
  val   skipped (next val at epoch 45)
[difficulty_sampling_cldice_D1v2] [curriculum] epoch 45: stage=1 tiers=[0, 1] pool={0: 400, 1: 400, 2: 0}
  [difficulty_sampling_cldice_D1v2] [epoch 45/100] batch 30/300 (10%) loss=0.2594 elapsed=17s eta=149s
  [difficulty_sampling_cldice_D1v2] [epoch 45/100] batch 60/300 (20%) loss=0.2294 elapsed=33s eta=132s
  [difficulty_sampling_cldice_D1v2] [epoch 45/100] batch 90/300 (30%) loss=0.2131 elapsed=49s eta=115s
  [difficulty_sampling_cldice_D1v2] [epoch 45/100] batch 120/300 (40%) loss=0.1992 elapsed=65s eta=98s
  [difficulty_sampling_cldice_D1v2] [epoch 45/100] batch 150/300 (50%) loss=0.1850 elapsed=81s eta=81s
  [difficulty_sampling_cldice_D1v2] [epoch 45/100] batch 180/300 (60%) loss=0.1735 elapsed=97s eta=65s
  [difficulty_sampling_cldice_D1v2] [epoch 45/100] batch 210/300 (70%) loss=0.1633 elapsed=113s eta=48s
  [difficulty_sampling_cldice_D1v2] [epoch 45/100] batch 240/300 (80%) loss=0.1539 elapsed=128s eta=32s
  [difficulty_sampling_cldice_D1v2] [epoch 45/100] batch 270/300 (90%) loss=0.1463 elapsed=144s eta=16s
  [difficulty_sampling_cldice_D1v2] [epoch 45/100] batch 300/300 (100%) loss=0.1377 elapsed=157s eta=0s
[difficulty_sampling_cldice_D1v2] [sampler] sampled: {0: 400, 1: 400, 2: 400} total=1200 spalling_ratio=24.33%
[difficulty_sampling_cldice_D1v2] [sampler] unique: {0: 400, 1: 400, 2: 400} unique_total=1200 dup_ratio=1.00x
  difficulty: mean=0.000 std=1.518
[difficulty_sampling_cldice_D1v2] [epoch 045/100] remain=55 epochs ep_eta=147.7min (avg 161s/ep)
[difficulty_sampling_cldice_D1v2] [epoch 045/100] lr=0.000037  dt=166.6s
  train loss=0.1377  ce=0.0894 dice=0.1859  tversky=0.0000 bd=0.0000  cldice=0.0000
  val   loss=0.2826
  IoU   bg=0.9776  crack=0.5678  spalling=0.7782  | mIoU_fg=0.6730  pix_acc=0.9781
  Dice  bg=0.9887  crack=0.7243  spalling=0.8753
  BF1   crack=0.7389  spalling=0.6001  | BF1_fg_mean=0.6695
[difficulty_sampling_cldice_D1v2] [curriculum] epoch 46: stage=1 tiers=[0, 1] pool={0: 400, 1: 400, 2: 0}
  [difficulty_sampling_cldice_D1v2] [epoch 46/100] batch 30/300 (10%) loss=0.2359 elapsed=16s eta=145s
  [difficulty_sampling_cldice_D1v2] [epoch 46/100] batch 60/300 (20%) loss=0.2215 elapsed=31s eta=125s
  [difficulty_sampling_cldice_D1v2] [epoch 46/100] batch 90/300 (30%) loss=0.2054 elapsed=46s eta=108s
  [difficulty_sampling_cldice_D1v2] [epoch 46/100] batch 120/300 (40%) loss=0.1926 elapsed=62s eta=93s
  [difficulty_sampling_cldice_D1v2] [epoch 46/100] batch 150/300 (50%) loss=0.1800 elapsed=77s eta=77s
  [difficulty_sampling_cldice_D1v2] [epoch 46/100] batch 180/300 (60%) loss=0.1686 elapsed=92s eta=62s
  [difficulty_sampling_cldice_D1v2] [epoch 46/100] batch 210/300 (70%) loss=0.1596 elapsed=107s eta=46s
  [difficulty_sampling_cldice_D1v2] [epoch 46/100] batch 240/300 (80%) loss=0.1508 elapsed=122s eta=31s
  [difficulty_sampling_cldice_D1v2] [epoch 46/100] batch 270/300 (90%) loss=0.1429 elapsed=137s eta=15s
  [difficulty_sampling_cldice_D1v2] [epoch 46/100] batch 300/300 (100%) loss=0.1344 elapsed=150s eta=0s
[difficulty_sampling_cldice_D1v2] [sampler] sampled: {0: 400, 1: 400, 2: 400} total=1200 spalling_ratio=24.33%
[difficulty_sampling_cldice_D1v2] [sampler] unique: {0: 400, 1: 400, 2: 400} unique_total=1200 dup_ratio=1.00x
  difficulty: mean=0.000 std=1.521
[difficulty_sampling_cldice_D1v2] [epoch 046/100] remain=54 epochs ep_eta=144.9min (avg 161s/ep)
[difficulty_sampling_cldice_D1v2] [epoch 046/100] lr=0.000036  dt=150.2s
  train loss=0.1344  ce=0.0871 dice=0.1817  tversky=0.0000 bd=0.0000  cldice=0.0000
  val   skipped (next val at epoch 50)
[difficulty_sampling_cldice_D1v2] [curriculum] epoch 47: stage=1 tiers=[0, 1] pool={0: 400, 1: 400, 2: 0}
  [difficulty_sampling_cldice_D1v2] [epoch 47/100] batch 30/300 (10%) loss=0.2447 elapsed=17s eta=153s
  [difficulty_sampling_cldice_D1v2] [epoch 47/100] batch 60/300 (20%) loss=0.2233 elapsed=33s eta=131s
  [difficulty_sampling_cldice_D1v2] [epoch 47/100] batch 90/300 (30%) loss=0.2057 elapsed=49s eta=114s
  [difficulty_sampling_cldice_D1v2] [epoch 47/100] batch 120/300 (40%) loss=0.1899 elapsed=64s eta=96s
  [difficulty_sampling_cldice_D1v2] [epoch 47/100] batch 150/300 (50%) loss=0.1783 elapsed=79s eta=79s
  [difficulty_sampling_cldice_D1v2] [epoch 47/100] batch 180/300 (60%) loss=0.1690 elapsed=95s eta=63s
  [difficulty_sampling_cldice_D1v2] [epoch 47/100] batch 210/300 (70%) loss=0.1602 elapsed=110s eta=47s
  [difficulty_sampling_cldice_D1v2] [epoch 47/100] batch 240/300 (80%) loss=0.1512 elapsed=125s eta=31s
  [difficulty_sampling_cldice_D1v2] [epoch 47/100] batch 270/300 (90%) loss=0.1446 elapsed=139s eta=15s
  [difficulty_sampling_cldice_D1v2] [epoch 47/100] batch 300/300 (100%) loss=0.1362 elapsed=155s eta=0s
[difficulty_sampling_cldice_D1v2] [sampler] sampled: {0: 400, 1: 400, 2: 400} total=1200 spalling_ratio=24.33%
[difficulty_sampling_cldice_D1v2] [sampler] unique: {0: 400, 1: 400, 2: 400} unique_total=1200 dup_ratio=1.00x
  difficulty: mean=0.000 std=1.526
[difficulty_sampling_cldice_D1v2] [epoch 047/100] remain=53 epochs ep_eta=142.1min (avg 161s/ep)
[difficulty_sampling_cldice_D1v2] [epoch 047/100] lr=0.000035  dt=155.7s
  train loss=0.1362  ce=0.0877 dice=0.1846  tversky=0.0000 bd=0.0000  cldice=0.0000
  val   skipped (next val at epoch 50)
[difficulty_sampling_cldice_D1v2] [curriculum] epoch 48: stage=1 tiers=[0, 1] pool={0: 400, 1: 400, 2: 0}
  [difficulty_sampling_cldice_D1v2] [epoch 48/100] batch 30/300 (10%) loss=0.2532 elapsed=20s eta=179s
  [difficulty_sampling_cldice_D1v2] [epoch 48/100] batch 60/300 (20%) loss=0.2302 elapsed=43s eta=171s
  [difficulty_sampling_cldice_D1v2] [epoch 48/100] batch 90/300 (30%) loss=0.2101 elapsed=67s eta=156s
  [difficulty_sampling_cldice_D1v2] [epoch 48/100] batch 120/300 (40%) loss=0.1929 elapsed=91s eta=136s
  [difficulty_sampling_cldice_D1v2] [epoch 48/100] batch 150/300 (50%) loss=0.1786 elapsed=112s eta=112s
  [difficulty_sampling_cldice_D1v2] [epoch 48/100] batch 180/300 (60%) loss=0.1664 elapsed=134s eta=89s
  [difficulty_sampling_cldice_D1v2] [epoch 48/100] batch 210/300 (70%) loss=0.1571 elapsed=157s eta=67s
  [difficulty_sampling_cldice_D1v2] [epoch 48/100] batch 240/300 (80%) loss=0.1499 elapsed=178s eta=45s
  [difficulty_sampling_cldice_D1v2] [epoch 48/100] batch 270/300 (90%) loss=0.1424 elapsed=199s eta=22s
  [difficulty_sampling_cldice_D1v2] [epoch 48/100] batch 300/300 (100%) loss=0.1344 elapsed=215s eta=0s
[difficulty_sampling_cldice_D1v2] [sampler] sampled: {0: 400, 1: 400, 2: 400} total=1200 spalling_ratio=24.33%
[difficulty_sampling_cldice_D1v2] [sampler] unique: {0: 400, 1: 400, 2: 400} unique_total=1200 dup_ratio=1.00x
  difficulty: mean=0.000 std=1.531
[difficulty_sampling_cldice_D1v2] [epoch 048/100] remain=52 epochs ep_eta=140.5min (avg 162s/ep)
[difficulty_sampling_cldice_D1v2] [epoch 048/100] lr=0.000034  dt=215.2s
  train loss=0.1344  ce=0.0859 dice=0.1829  tversky=0.0000 bd=0.0000  cldice=0.0000
  val   skipped (next val at epoch 50)
[difficulty_sampling_cldice_D1v2] [curriculum] epoch 49: stage=1 tiers=[0, 1] pool={0: 400, 1: 400, 2: 0}
  [difficulty_sampling_cldice_D1v2] [epoch 49/100] batch 30/300 (10%) loss=0.2579 elapsed=16s eta=146s
  [difficulty_sampling_cldice_D1v2] [epoch 49/100] batch 60/300 (20%) loss=0.2359 elapsed=33s eta=131s
  [difficulty_sampling_cldice_D1v2] [epoch 49/100] batch 90/300 (30%) loss=0.2177 elapsed=49s eta=114s
  [difficulty_sampling_cldice_D1v2] [epoch 49/100] batch 120/300 (40%) loss=0.1997 elapsed=65s eta=98s
  [difficulty_sampling_cldice_D1v2] [epoch 49/100] batch 150/300 (50%) loss=0.1872 elapsed=81s eta=81s
  [difficulty_sampling_cldice_D1v2] [epoch 49/100] batch 180/300 (60%) loss=0.1747 elapsed=97s eta=65s
  [difficulty_sampling_cldice_D1v2] [epoch 49/100] batch 210/300 (70%) loss=0.1660 elapsed=114s eta=49s
  [difficulty_sampling_cldice_D1v2] [epoch 49/100] batch 240/300 (80%) loss=0.1566 elapsed=129s eta=32s
  [difficulty_sampling_cldice_D1v2] [epoch 49/100] batch 270/300 (90%) loss=0.1480 elapsed=144s eta=16s
  [difficulty_sampling_cldice_D1v2] [epoch 49/100] batch 300/300 (100%) loss=0.1395 elapsed=159s eta=0s
[difficulty_sampling_cldice_D1v2] [sampler] sampled: {0: 400, 1: 400, 2: 400} total=1200 spalling_ratio=24.33%
[difficulty_sampling_cldice_D1v2] [sampler] unique: {0: 400, 1: 400, 2: 400} unique_total=1200 dup_ratio=1.00x
  difficulty: mean=0.000 std=1.534
[difficulty_sampling_cldice_D1v2] [epoch 049/100] remain=51 epochs ep_eta=137.7min (avg 162s/ep)
[difficulty_sampling_cldice_D1v2] [epoch 049/100] lr=0.000033  dt=159.1s
  train loss=0.1395  ce=0.0888 dice=0.1902  tversky=0.0000 bd=0.0000  cldice=0.0000
  val   skipped (next val at epoch 50)
[difficulty_sampling_cldice_D1v2] [curriculum] epoch 50: stage=1 tiers=[0, 1] pool={0: 400, 1: 400, 2: 0}
  [difficulty_sampling_cldice_D1v2] [epoch 50/100] batch 30/300 (10%) loss=0.2515 elapsed=16s eta=148s
  [difficulty_sampling_cldice_D1v2] [epoch 50/100] batch 60/300 (20%) loss=0.2206 elapsed=32s eta=129s
  [difficulty_sampling_cldice_D1v2] [epoch 50/100] batch 90/300 (30%) loss=0.2054 elapsed=48s eta=112s
  [difficulty_sampling_cldice_D1v2] [epoch 50/100] batch 120/300 (40%) loss=0.1893 elapsed=63s eta=95s
  [difficulty_sampling_cldice_D1v2] [epoch 50/100] batch 150/300 (50%) loss=0.1748 elapsed=79s eta=79s
  [difficulty_sampling_cldice_D1v2] [epoch 50/100] batch 180/300 (60%) loss=0.1641 elapsed=96s eta=64s
  [difficulty_sampling_cldice_D1v2] [epoch 50/100] batch 210/300 (70%) loss=0.1559 elapsed=111s eta=48s
  [difficulty_sampling_cldice_D1v2] [epoch 50/100] batch 240/300 (80%) loss=0.1482 elapsed=126s eta=32s
  [difficulty_sampling_cldice_D1v2] [epoch 50/100] batch 270/300 (90%) loss=0.1404 elapsed=142s eta=16s
  [difficulty_sampling_cldice_D1v2] [epoch 50/100] batch 300/300 (100%) loss=0.1322 elapsed=156s eta=0s
[difficulty_sampling_cldice_D1v2] [sampler] sampled: {0: 400, 1: 400, 2: 400} total=1200 spalling_ratio=24.33%
[difficulty_sampling_cldice_D1v2] [sampler] unique: {0: 400, 1: 400, 2: 400} unique_total=1200 dup_ratio=1.00x
  difficulty: mean=0.000 std=1.539
[difficulty_sampling_cldice_D1v2] [epoch 050/100] remain=50 epochs ep_eta=135.1min (avg 162s/ep)
[difficulty_sampling_cldice_D1v2] [epoch 050/100] lr=0.000032  dt=165.6s
  train loss=0.1322  ce=0.0858 dice=0.1787  tversky=0.0000 bd=0.0000  cldice=0.0000
  val   loss=0.3137
  IoU   bg=0.9767  crack=0.5580  spalling=0.7658  | mIoU_fg=0.6619  pix_acc=0.9772
  Dice  bg=0.9882  crack=0.7163  spalling=0.8674
  BF1   crack=0.7293  spalling=0.6791  | BF1_fg_mean=0.7042
[difficulty_sampling_cldice_D1v2] [curriculum] epoch 51: stage=1 tiers=[0, 1] pool={0: 400, 1: 400, 2: 0}
  [difficulty_sampling_cldice_D1v2] [epoch 51/100] batch 30/300 (10%) loss=0.2580 elapsed=16s eta=145s
  [difficulty_sampling_cldice_D1v2] [epoch 51/100] batch 60/300 (20%) loss=0.2270 elapsed=32s eta=127s
  [difficulty_sampling_cldice_D1v2] [epoch 51/100] batch 90/300 (30%) loss=0.2049 elapsed=47s eta=110s
  [difficulty_sampling_cldice_D1v2] [epoch 51/100] batch 120/300 (40%) loss=0.1885 elapsed=63s eta=94s
  [difficulty_sampling_cldice_D1v2] [epoch 51/100] batch 150/300 (50%) loss=0.1764 elapsed=79s eta=79s
  [difficulty_sampling_cldice_D1v2] [epoch 51/100] batch 180/300 (60%) loss=0.1656 elapsed=95s eta=63s
  [difficulty_sampling_cldice_D1v2] [epoch 51/100] batch 210/300 (70%) loss=0.1568 elapsed=110s eta=47s
  [difficulty_sampling_cldice_D1v2] [epoch 51/100] batch 240/300 (80%) loss=0.1478 elapsed=125s eta=31s
  [difficulty_sampling_cldice_D1v2] [epoch 51/100] batch 270/300 (90%) loss=0.1395 elapsed=140s eta=16s
  [difficulty_sampling_cldice_D1v2] [epoch 51/100] batch 300/300 (100%) loss=0.1315 elapsed=154s eta=0s
[difficulty_sampling_cldice_D1v2] [sampler] sampled: {0: 400, 1: 400, 2: 400} total=1200 spalling_ratio=24.33%
[difficulty_sampling_cldice_D1v2] [sampler] unique: {0: 400, 1: 400, 2: 400} unique_total=1200 dup_ratio=1.00x
  difficulty: mean=0.000 std=1.544
[difficulty_sampling_cldice_D1v2] [epoch 051/100] remain=49 epochs ep_eta=132.3min (avg 162s/ep)
[difficulty_sampling_cldice_D1v2] [epoch 051/100] lr=0.000031  dt=154.2s
  train loss=0.1315  ce=0.0846 dice=0.1784  tversky=0.0000 bd=0.0000  cldice=0.0000
  val   skipped (next val at epoch 55)
[difficulty_sampling_cldice_D1v2] [curriculum] epoch 52: stage=1 tiers=[0, 1] pool={0: 400, 1: 400, 2: 0}
  [difficulty_sampling_cldice_D1v2] [epoch 52/100] batch 30/300 (10%) loss=0.2457 elapsed=17s eta=154s
  [difficulty_sampling_cldice_D1v2] [epoch 52/100] batch 60/300 (20%) loss=0.2246 elapsed=33s eta=134s
  [difficulty_sampling_cldice_D1v2] [epoch 52/100] batch 90/300 (30%) loss=0.2056 elapsed=50s eta=117s
  [difficulty_sampling_cldice_D1v2] [epoch 52/100] batch 120/300 (40%) loss=0.1902 elapsed=67s eta=100s
  [difficulty_sampling_cldice_D1v2] [epoch 52/100] batch 150/300 (50%) loss=0.1764 elapsed=83s eta=83s
  [difficulty_sampling_cldice_D1v2] [epoch 52/100] batch 180/300 (60%) loss=0.1649 elapsed=98s eta=66s
  [difficulty_sampling_cldice_D1v2] [epoch 52/100] batch 210/300 (70%) loss=0.1549 elapsed=115s eta=49s
  [difficulty_sampling_cldice_D1v2] [epoch 52/100] batch 240/300 (80%) loss=0.1466 elapsed=131s eta=33s
  [difficulty_sampling_cldice_D1v2] [epoch 52/100] batch 270/300 (90%) loss=0.1388 elapsed=146s eta=16s
  [difficulty_sampling_cldice_D1v2] [epoch 52/100] batch 300/300 (100%) loss=0.1308 elapsed=160s eta=0s
[difficulty_sampling_cldice_D1v2] [sampler] sampled: {0: 400, 1: 400, 2: 400} total=1200 spalling_ratio=24.33%
[difficulty_sampling_cldice_D1v2] [sampler] unique: {0: 400, 1: 400, 2: 400} unique_total=1200 dup_ratio=1.00x
  difficulty: mean=0.000 std=1.548
[difficulty_sampling_cldice_D1v2] [epoch 052/100] remain=48 epochs ep_eta=129.6min (avg 162s/ep)
[difficulty_sampling_cldice_D1v2] [epoch 052/100] lr=0.000030  dt=160.6s
  train loss=0.1308  ce=0.0848 dice=0.1767  tversky=0.0000 bd=0.0000  cldice=0.0000
  val   skipped (next val at epoch 55)
[difficulty_sampling_cldice_D1v2] [curriculum] epoch 53: stage=1 tiers=[0, 1] pool={0: 400, 1: 400, 2: 0}
  [difficulty_sampling_cldice_D1v2] [epoch 53/100] batch 30/300 (10%) loss=0.2482 elapsed=18s eta=158s
  [difficulty_sampling_cldice_D1v2] [epoch 53/100] batch 60/300 (20%) loss=0.2210 elapsed=34s eta=136s
  [difficulty_sampling_cldice_D1v2] [epoch 53/100] batch 90/300 (30%) loss=0.1995 elapsed=51s eta=118s
  [difficulty_sampling_cldice_D1v2] [epoch 53/100] batch 120/300 (40%) loss=0.1848 elapsed=66s eta=99s
  [difficulty_sampling_cldice_D1v2] [epoch 53/100] batch 150/300 (50%) loss=0.1724 elapsed=82s eta=82s
  [difficulty_sampling_cldice_D1v2] [epoch 53/100] batch 180/300 (60%) loss=0.1608 elapsed=99s eta=66s
  [difficulty_sampling_cldice_D1v2] [epoch 53/100] batch 210/300 (70%) loss=0.1532 elapsed=115s eta=49s
  [difficulty_sampling_cldice_D1v2] [epoch 53/100] batch 240/300 (80%) loss=0.1452 elapsed=130s eta=32s
  [difficulty_sampling_cldice_D1v2] [epoch 53/100] batch 270/300 (90%) loss=0.1374 elapsed=145s eta=16s
  [difficulty_sampling_cldice_D1v2] [epoch 53/100] batch 300/300 (100%) loss=0.1291 elapsed=158s eta=0s
[difficulty_sampling_cldice_D1v2] [sampler] sampled: {0: 400, 1: 400, 2: 400} total=1200 spalling_ratio=24.33%
[difficulty_sampling_cldice_D1v2] [sampler] unique: {0: 400, 1: 400, 2: 400} unique_total=1200 dup_ratio=1.00x
  difficulty: mean=0.000 std=1.551
[difficulty_sampling_cldice_D1v2] [epoch 053/100] remain=47 epochs ep_eta=126.9min (avg 162s/ep)
[difficulty_sampling_cldice_D1v2] [epoch 053/100] lr=0.000030  dt=158.4s
  train loss=0.1291  ce=0.0834 dice=0.1749  tversky=0.0000 bd=0.0000  cldice=0.0000
  val   skipped (next val at epoch 55)
[difficulty_sampling_cldice_D1v2] [curriculum] epoch 54: stage=1 tiers=[0, 1] pool={0: 400, 1: 400, 2: 0}
  [difficulty_sampling_cldice_D1v2] [epoch 54/100] batch 30/300 (10%) loss=0.2444 elapsed=16s eta=148s
  [difficulty_sampling_cldice_D1v2] [epoch 54/100] batch 60/300 (20%) loss=0.2190 elapsed=33s eta=132s
  [difficulty_sampling_cldice_D1v2] [epoch 54/100] batch 90/300 (30%) loss=0.2001 elapsed=50s eta=116s
  [difficulty_sampling_cldice_D1v2] [epoch 54/100] batch 120/300 (40%) loss=0.1853 elapsed=65s eta=98s
  [difficulty_sampling_cldice_D1v2] [epoch 54/100] batch 150/300 (50%) loss=0.1740 elapsed=82s eta=82s
  [difficulty_sampling_cldice_D1v2] [epoch 54/100] batch 180/300 (60%) loss=0.1621 elapsed=98s eta=65s
  [difficulty_sampling_cldice_D1v2] [epoch 54/100] batch 210/300 (70%) loss=0.1531 elapsed=114s eta=49s
  [difficulty_sampling_cldice_D1v2] [epoch 54/100] batch 240/300 (80%) loss=0.1447 elapsed=129s eta=32s
  [difficulty_sampling_cldice_D1v2] [epoch 54/100] batch 270/300 (90%) loss=0.1372 elapsed=146s eta=16s
  [difficulty_sampling_cldice_D1v2] [epoch 54/100] batch 300/300 (100%) loss=0.1288 elapsed=160s eta=0s
[difficulty_sampling_cldice_D1v2] [sampler] sampled: {0: 400, 1: 400, 2: 400} total=1200 spalling_ratio=24.33%
[difficulty_sampling_cldice_D1v2] [sampler] unique: {0: 400, 1: 400, 2: 400} unique_total=1200 dup_ratio=1.00x
  difficulty: mean=0.000 std=1.555
[difficulty_sampling_cldice_D1v2] [epoch 054/100] remain=46 epochs ep_eta=124.2min (avg 162s/ep)
[difficulty_sampling_cldice_D1v2] [epoch 054/100] lr=0.000029  dt=160.1s
  train loss=0.1288  ce=0.0829 dice=0.1748  tversky=0.0000 bd=0.0000  cldice=0.0000
  val   skipped (next val at epoch 55)
[difficulty_sampling_cldice_D1v2] [curriculum] epoch 55: stage=1 tiers=[0, 1] pool={0: 400, 1: 400, 2: 0}
  [difficulty_sampling_cldice_D1v2] [epoch 55/100] batch 30/300 (10%) loss=0.2448 elapsed=17s eta=155s
  [difficulty_sampling_cldice_D1v2] [epoch 55/100] batch 60/300 (20%) loss=0.2207 elapsed=34s eta=135s
  [difficulty_sampling_cldice_D1v2] [epoch 55/100] batch 90/300 (30%) loss=0.2021 elapsed=50s eta=117s
  [difficulty_sampling_cldice_D1v2] [epoch 55/100] batch 120/300 (40%) loss=0.1852 elapsed=65s eta=98s
  [difficulty_sampling_cldice_D1v2] [epoch 55/100] batch 150/300 (50%) loss=0.1734 elapsed=81s eta=81s
  [difficulty_sampling_cldice_D1v2] [epoch 55/100] batch 180/300 (60%) loss=0.1637 elapsed=97s eta=65s
  [difficulty_sampling_cldice_D1v2] [epoch 55/100] batch 210/300 (70%) loss=0.1530 elapsed=113s eta=48s
  [difficulty_sampling_cldice_D1v2] [epoch 55/100] batch 240/300 (80%) loss=0.1448 elapsed=129s eta=32s
  [difficulty_sampling_cldice_D1v2] [epoch 55/100] batch 270/300 (90%) loss=0.1369 elapsed=145s eta=16s
  [difficulty_sampling_cldice_D1v2] [epoch 55/100] batch 300/300 (100%) loss=0.1285 elapsed=159s eta=0s
[difficulty_sampling_cldice_D1v2] [sampler] sampled: {0: 400, 1: 400, 2: 400} total=1200 spalling_ratio=24.33%
[difficulty_sampling_cldice_D1v2] [sampler] unique: {0: 400, 1: 400, 2: 400} unique_total=1200 dup_ratio=1.00x
  difficulty: mean=0.000 std=1.558
[difficulty_sampling_cldice_D1v2] [epoch 055/100] remain=45 epochs ep_eta=121.6min (avg 162s/ep)
[difficulty_sampling_cldice_D1v2] [epoch 055/100] lr=0.000028  dt=168.3s
  train loss=0.1285  ce=0.0828 dice=0.1742  tversky=0.0000 bd=0.0000  cldice=0.0000
  val   loss=0.3043
  IoU   bg=0.9774  crack=0.5647  spalling=0.7644  | mIoU_fg=0.6645  pix_acc=0.9778
  Dice  bg=0.9886  crack=0.7218  spalling=0.8664
  BF1   crack=0.7400  spalling=0.6823  | BF1_fg_mean=0.7112
[difficulty_sampling_cldice_D1v2] [curriculum] epoch 56: stage=1 tiers=[0, 1] pool={0: 400, 1: 400, 2: 0}
  [difficulty_sampling_cldice_D1v2] [epoch 56/100] batch 30/300 (10%) loss=0.2424 elapsed=17s eta=152s
  [difficulty_sampling_cldice_D1v2] [epoch 56/100] batch 60/300 (20%) loss=0.2165 elapsed=33s eta=133s
  [difficulty_sampling_cldice_D1v2] [epoch 56/100] batch 90/300 (30%) loss=0.1964 elapsed=49s eta=115s
  [difficulty_sampling_cldice_D1v2] [epoch 56/100] batch 120/300 (40%) loss=0.1847 elapsed=65s eta=98s
  [difficulty_sampling_cldice_D1v2] [epoch 56/100] batch 150/300 (50%) loss=0.1726 elapsed=81s eta=81s
  [difficulty_sampling_cldice_D1v2] [epoch 56/100] batch 180/300 (60%) loss=0.1608 elapsed=96s eta=64s
  [difficulty_sampling_cldice_D1v2] [epoch 56/100] batch 210/300 (70%) loss=0.1525 elapsed=111s eta=48s
  [difficulty_sampling_cldice_D1v2] [epoch 56/100] batch 240/300 (80%) loss=0.1434 elapsed=126s eta=32s
  [difficulty_sampling_cldice_D1v2] [epoch 56/100] batch 270/300 (90%) loss=0.1354 elapsed=142s eta=16s
  [difficulty_sampling_cldice_D1v2] [epoch 56/100] batch 300/300 (100%) loss=0.1275 elapsed=155s eta=0s
[difficulty_sampling_cldice_D1v2] [sampler] sampled: {0: 400, 1: 400, 2: 400} total=1200 spalling_ratio=24.33%
[difficulty_sampling_cldice_D1v2] [sampler] unique: {0: 400, 1: 400, 2: 400} unique_total=1200 dup_ratio=1.00x
  difficulty: mean=0.000 std=1.562
[difficulty_sampling_cldice_D1v2] [epoch 056/100] remain=44 epochs ep_eta=118.8min (avg 162s/ep)
[difficulty_sampling_cldice_D1v2] [epoch 056/100] lr=0.000027  dt=155.7s
  train loss=0.1275  ce=0.0824 dice=0.1726  tversky=0.0000 bd=0.0000  cldice=0.0000
  val   skipped (next val at epoch 60)
[difficulty_sampling_cldice_D1v2] [curriculum] epoch 57: stage=1 tiers=[0, 1] pool={0: 400, 1: 400, 2: 0}
  [difficulty_sampling_cldice_D1v2] [epoch 57/100] batch 30/300 (10%) loss=0.2359 elapsed=17s eta=157s
  [difficulty_sampling_cldice_D1v2] [epoch 57/100] batch 60/300 (20%) loss=0.2101 elapsed=34s eta=135s
  [difficulty_sampling_cldice_D1v2] [epoch 57/100] batch 90/300 (30%) loss=0.1991 elapsed=49s eta=114s
  [difficulty_sampling_cldice_D1v2] [epoch 57/100] batch 120/300 (40%) loss=0.1812 elapsed=65s eta=98s
  [difficulty_sampling_cldice_D1v2] [epoch 57/100] batch 150/300 (50%) loss=0.1686 elapsed=81s eta=81s
  [difficulty_sampling_cldice_D1v2] [epoch 57/100] batch 180/300 (60%) loss=0.1584 elapsed=97s eta=64s
  [difficulty_sampling_cldice_D1v2] [epoch 57/100] batch 210/300 (70%) loss=0.1502 elapsed=112s eta=48s
  [difficulty_sampling_cldice_D1v2] [epoch 57/100] batch 240/300 (80%) loss=0.1422 elapsed=127s eta=32s
  [difficulty_sampling_cldice_D1v2] [epoch 57/100] batch 270/300 (90%) loss=0.1336 elapsed=143s eta=16s
  [difficulty_sampling_cldice_D1v2] [epoch 57/100] batch 300/300 (100%) loss=0.1253 elapsed=156s eta=0s
[difficulty_sampling_cldice_D1v2] [sampler] sampled: {0: 400, 1: 400, 2: 400} total=1200 spalling_ratio=24.33%
[difficulty_sampling_cldice_D1v2] [sampler] unique: {0: 400, 1: 400, 2: 400} unique_total=1200 dup_ratio=1.00x
  difficulty: mean=0.000 std=1.564
[difficulty_sampling_cldice_D1v2] [epoch 057/100] remain=43 epochs ep_eta=116.1min (avg 162s/ep)
[difficulty_sampling_cldice_D1v2] [epoch 057/100] lr=0.000026  dt=156.3s
  train loss=0.1253  ce=0.0809 dice=0.1697  tversky=0.0000 bd=0.0000  cldice=0.0000
  val   skipped (next val at epoch 60)
[difficulty_sampling_cldice_D1v2] [curriculum] epoch 58: stage=1 tiers=[0, 1] pool={0: 400, 1: 400, 2: 0}
  [difficulty_sampling_cldice_D1v2] [epoch 58/100] batch 30/300 (10%) loss=0.2381 elapsed=17s eta=150s
  [difficulty_sampling_cldice_D1v2] [epoch 58/100] batch 60/300 (20%) loss=0.2112 elapsed=33s eta=130s
  [difficulty_sampling_cldice_D1v2] [epoch 58/100] batch 90/300 (30%) loss=0.1957 elapsed=48s eta=111s
  [difficulty_sampling_cldice_D1v2] [epoch 58/100] batch 120/300 (40%) loss=0.1809 elapsed=63s eta=94s
  [difficulty_sampling_cldice_D1v2] [epoch 58/100] batch 150/300 (50%) loss=0.1689 elapsed=78s eta=78s
  [difficulty_sampling_cldice_D1v2] [epoch 58/100] batch 180/300 (60%) loss=0.1574 elapsed=94s eta=62s
  [difficulty_sampling_cldice_D1v2] [epoch 58/100] batch 210/300 (70%) loss=0.1466 elapsed=109s eta=47s
  [difficulty_sampling_cldice_D1v2] [epoch 58/100] batch 240/300 (80%) loss=0.1387 elapsed=124s eta=31s
  [difficulty_sampling_cldice_D1v2] [epoch 58/100] batch 270/300 (90%) loss=0.1313 elapsed=140s eta=16s
  [difficulty_sampling_cldice_D1v2] [epoch 58/100] batch 300/300 (100%) loss=0.1241 elapsed=153s eta=0s
[difficulty_sampling_cldice_D1v2] [sampler] sampled: {0: 400, 1: 400, 2: 400} total=1200 spalling_ratio=24.33%
[difficulty_sampling_cldice_D1v2] [sampler] unique: {0: 400, 1: 400, 2: 400} unique_total=1200 dup_ratio=1.00x
  difficulty: mean=0.000 std=1.568
[difficulty_sampling_cldice_D1v2] [epoch 058/100] remain=42 epochs ep_eta=113.3min (avg 162s/ep)
[difficulty_sampling_cldice_D1v2] [epoch 058/100] lr=0.000025  dt=153.2s
  train loss=0.1241  ce=0.0799 dice=0.1683  tversky=0.0000 bd=0.0000  cldice=0.0000
  val   skipped (next val at epoch 60)
[difficulty_sampling_cldice_D1v2] [curriculum] epoch 59: stage=1 tiers=[0, 1] pool={0: 400, 1: 400, 2: 0}
  [difficulty_sampling_cldice_D1v2] [epoch 59/100] batch 30/300 (10%) loss=0.2401 elapsed=17s eta=151s
  [difficulty_sampling_cldice_D1v2] [epoch 59/100] batch 60/300 (20%) loss=0.2124 elapsed=33s eta=133s
  [difficulty_sampling_cldice_D1v2] [epoch 59/100] batch 90/300 (30%) loss=0.1953 elapsed=49s eta=114s
  [difficulty_sampling_cldice_D1v2] [epoch 59/100] batch 120/300 (40%) loss=0.1797 elapsed=65s eta=97s
  [difficulty_sampling_cldice_D1v2] [epoch 59/100] batch 150/300 (50%) loss=0.1702 elapsed=80s eta=80s
  [difficulty_sampling_cldice_D1v2] [epoch 59/100] batch 180/300 (60%) loss=0.1586 elapsed=96s eta=64s
  [difficulty_sampling_cldice_D1v2] [epoch 59/100] batch 210/300 (70%) loss=0.1499 elapsed=111s eta=47s
  [difficulty_sampling_cldice_D1v2] [epoch 59/100] batch 240/300 (80%) loss=0.1412 elapsed=127s eta=32s
  [difficulty_sampling_cldice_D1v2] [epoch 59/100] batch 270/300 (90%) loss=0.1330 elapsed=142s eta=16s
  [difficulty_sampling_cldice_D1v2] [epoch 59/100] batch 300/300 (100%) loss=0.1255 elapsed=155s eta=0s
[difficulty_sampling_cldice_D1v2] [sampler] sampled: {0: 400, 1: 400, 2: 400} total=1200 spalling_ratio=24.33%
[difficulty_sampling_cldice_D1v2] [sampler] unique: {0: 400, 1: 400, 2: 400} unique_total=1200 dup_ratio=1.00x
  difficulty: mean=0.000 std=1.570
[difficulty_sampling_cldice_D1v2] [epoch 059/100] remain=41 epochs ep_eta=110.5min (avg 162s/ep)
[difficulty_sampling_cldice_D1v2] [epoch 059/100] lr=0.000024  dt=155.6s
  train loss=0.1255  ce=0.0805 dice=0.1706  tversky=0.0000 bd=0.0000  cldice=0.0000
  val   skipped (next val at epoch 60)
[difficulty_sampling_cldice_D1v2] [curriculum] epoch 60: stage=1 tiers=[0, 1] pool={0: 400, 1: 400, 2: 0}
  [difficulty_sampling_cldice_D1v2] [epoch 60/100] batch 30/300 (10%) loss=0.2628 elapsed=17s eta=152s
  [difficulty_sampling_cldice_D1v2] [epoch 60/100] batch 60/300 (20%) loss=0.2266 elapsed=34s eta=135s
  [difficulty_sampling_cldice_D1v2] [epoch 60/100] batch 90/300 (30%) loss=0.2080 elapsed=51s eta=119s
  [difficulty_sampling_cldice_D1v2] [epoch 60/100] batch 120/300 (40%) loss=0.1889 elapsed=69s eta=103s
  [difficulty_sampling_cldice_D1v2] [epoch 60/100] batch 150/300 (50%) loss=0.1764 elapsed=85s eta=85s
  [difficulty_sampling_cldice_D1v2] [epoch 60/100] batch 180/300 (60%) loss=0.1659 elapsed=102s eta=68s
  [difficulty_sampling_cldice_D1v2] [epoch 60/100] batch 210/300 (70%) loss=0.1565 elapsed=118s eta=51s
  [difficulty_sampling_cldice_D1v2] [epoch 60/100] batch 240/300 (80%) loss=0.1485 elapsed=134s eta=34s
  [difficulty_sampling_cldice_D1v2] [epoch 60/100] batch 270/300 (90%) loss=0.1404 elapsed=154s eta=17s
  [difficulty_sampling_cldice_D1v2] [epoch 60/100] batch 300/300 (100%) loss=0.1337 elapsed=168s eta=0s
[difficulty_sampling_cldice_D1v2] [sampler] sampled: {0: 400, 1: 400, 2: 400} total=1200 spalling_ratio=24.33%
[difficulty_sampling_cldice_D1v2] [sampler] unique: {0: 400, 1: 400, 2: 400} unique_total=1200 dup_ratio=1.00x
  difficulty: mean=0.000 std=1.573
[difficulty_sampling_cldice_D1v2] [epoch 060/100] remain=40 epochs ep_eta=108.0min (avg 162s/ep)
[difficulty_sampling_cldice_D1v2] [epoch 060/100] lr=0.000023  dt=177.7s
  train loss=0.1337  ce=0.0808 dice=0.1698  tversky=0.0000 bd=0.0000  cldice=0.1683
  val   loss=0.3090
  IoU   bg=0.9780  crack=0.5593  spalling=0.7857  | mIoU_fg=0.6725  pix_acc=0.9784
  Dice  bg=0.9889  crack=0.7174  spalling=0.8800
  BF1   crack=0.7506  spalling=0.6922  | BF1_fg_mean=0.7214
[difficulty_sampling_cldice_D1v2] [curriculum] epoch 61: stage=1 tiers=[0, 1] pool={0: 400, 1: 400, 2: 0}
  [difficulty_sampling_cldice_D1v2] [epoch 61/100] batch 30/300 (10%) loss=0.2598 elapsed=18s eta=159s
  [difficulty_sampling_cldice_D1v2] [epoch 61/100] batch 60/300 (20%) loss=0.2245 elapsed=35s eta=138s
  [difficulty_sampling_cldice_D1v2] [epoch 61/100] batch 90/300 (30%) loss=0.2032 elapsed=51s eta=120s
  [difficulty_sampling_cldice_D1v2] [epoch 61/100] batch 120/300 (40%) loss=0.1880 elapsed=67s eta=100s
  [difficulty_sampling_cldice_D1v2] [epoch 61/100] batch 150/300 (50%) loss=0.1742 elapsed=83s eta=83s
  [difficulty_sampling_cldice_D1v2] [epoch 61/100] batch 180/300 (60%) loss=0.1640 elapsed=99s eta=66s
  [difficulty_sampling_cldice_D1v2] [epoch 61/100] batch 210/300 (70%) loss=0.1546 elapsed=116s eta=50s
  [difficulty_sampling_cldice_D1v2] [epoch 61/100] batch 240/300 (80%) loss=0.1461 elapsed=132s eta=33s
  [difficulty_sampling_cldice_D1v2] [epoch 61/100] batch 270/300 (90%) loss=0.1379 elapsed=148s eta=16s
  [difficulty_sampling_cldice_D1v2] [epoch 61/100] batch 300/300 (100%) loss=0.1310 elapsed=162s eta=0s
[difficulty_sampling_cldice_D1v2] [sampler] sampled: {0: 400, 1: 400, 2: 400} total=1200 spalling_ratio=24.33%
[difficulty_sampling_cldice_D1v2] [sampler] unique: {0: 400, 1: 400, 2: 400} unique_total=1200 dup_ratio=1.00x
  difficulty: mean=0.000 std=1.576
[difficulty_sampling_cldice_D1v2] [epoch 061/100] remain=39 epochs ep_eta=105.4min (avg 162s/ep)
[difficulty_sampling_cldice_D1v2] [epoch 061/100] lr=0.000022  dt=162.4s
  train loss=0.1310  ce=0.0797 dice=0.1660  tversky=0.0000 bd=0.0000  cldice=0.1632
  val   skipped (next val at epoch 65)
[difficulty_sampling_cldice_D1v2] [curriculum] epoch 62: stage=1 tiers=[0, 1] pool={0: 400, 1: 400, 2: 0}
  [difficulty_sampling_cldice_D1v2] [epoch 62/100] batch 30/300 (10%) loss=0.2483 elapsed=17s eta=157s
  [difficulty_sampling_cldice_D1v2] [epoch 62/100] batch 60/300 (20%) loss=0.2246 elapsed=34s eta=138s
  [difficulty_sampling_cldice_D1v2] [epoch 62/100] batch 90/300 (30%) loss=0.2020 elapsed=51s eta=119s
  [difficulty_sampling_cldice_D1v2] [epoch 62/100] batch 120/300 (40%) loss=0.1854 elapsed=68s eta=101s
  [difficulty_sampling_cldice_D1v2] [epoch 62/100] batch 150/300 (50%) loss=0.1734 elapsed=84s eta=84s
  [difficulty_sampling_cldice_D1v2] [epoch 62/100] batch 180/300 (60%) loss=0.1625 elapsed=101s eta=67s
  [difficulty_sampling_cldice_D1v2] [epoch 62/100] batch 210/300 (70%) loss=0.1539 elapsed=118s eta=50s
  [difficulty_sampling_cldice_D1v2] [epoch 62/100] batch 240/300 (80%) loss=0.1451 elapsed=135s eta=34s
  [difficulty_sampling_cldice_D1v2] [epoch 62/100] batch 270/300 (90%) loss=0.1379 elapsed=152s eta=17s
  [difficulty_sampling_cldice_D1v2] [epoch 62/100] batch 300/300 (100%) loss=0.1315 elapsed=166s eta=0s
[difficulty_sampling_cldice_D1v2] [sampler] sampled: {0: 400, 1: 400, 2: 400} total=1200 spalling_ratio=24.33%
[difficulty_sampling_cldice_D1v2] [sampler] unique: {0: 400, 1: 400, 2: 400} unique_total=1200 dup_ratio=1.00x
  difficulty: mean=0.000 std=1.580
[difficulty_sampling_cldice_D1v2] [epoch 062/100] remain=38 epochs ep_eta=102.7min (avg 162s/ep)
[difficulty_sampling_cldice_D1v2] [epoch 062/100] lr=0.000021  dt=165.9s
  train loss=0.1315  ce=0.0794 dice=0.1673  tversky=0.0000 bd=0.0000  cldice=0.1620
  val   skipped (next val at epoch 65)
[difficulty_sampling_cldice_D1v2] [curriculum] epoch 63: stage=1 tiers=[0, 1] pool={0: 400, 1: 400, 2: 0}
  [difficulty_sampling_cldice_D1v2] [epoch 63/100] batch 30/300 (10%) loss=0.2490 elapsed=18s eta=162s
  [difficulty_sampling_cldice_D1v2] [epoch 63/100] batch 60/300 (20%) loss=0.2197 elapsed=36s eta=144s
  [difficulty_sampling_cldice_D1v2] [epoch 63/100] batch 90/300 (30%) loss=0.2016 elapsed=52s eta=122s
  [difficulty_sampling_cldice_D1v2] [epoch 63/100] batch 120/300 (40%) loss=0.1830 elapsed=69s eta=104s
  [difficulty_sampling_cldice_D1v2] [epoch 63/100] batch 150/300 (50%) loss=0.1695 elapsed=86s eta=86s
  [difficulty_sampling_cldice_D1v2] [epoch 63/100] batch 180/300 (60%) loss=0.1600 elapsed=103s eta=68s
  [difficulty_sampling_cldice_D1v2] [epoch 63/100] batch 210/300 (70%) loss=0.1516 elapsed=121s eta=52s
  [difficulty_sampling_cldice_D1v2] [epoch 63/100] batch 240/300 (80%) loss=0.1434 elapsed=144s eta=36s
  [difficulty_sampling_cldice_D1v2] [epoch 63/100] batch 270/300 (90%) loss=0.1356 elapsed=163s eta=18s
  [difficulty_sampling_cldice_D1v2] [epoch 63/100] batch 300/300 (100%) loss=0.1288 elapsed=177s eta=0s
[difficulty_sampling_cldice_D1v2] [sampler] sampled: {0: 400, 1: 400, 2: 400} total=1200 spalling_ratio=24.33%
[difficulty_sampling_cldice_D1v2] [sampler] unique: {0: 400, 1: 400, 2: 400} unique_total=1200 dup_ratio=1.00x
  difficulty: mean=0.000 std=1.581
[difficulty_sampling_cldice_D1v2] [epoch 063/100] remain=37 epochs ep_eta=100.2min (avg 162s/ep)
[difficulty_sampling_cldice_D1v2] [epoch 063/100] lr=0.000020  dt=177.0s
  train loss=0.1288  ce=0.0778 dice=0.1639  tversky=0.0000 bd=0.0000  cldice=0.1587
  val   skipped (next val at epoch 65)
[difficulty_sampling_cldice_D1v2] [curriculum] epoch 64: stage=1 tiers=[0, 1] pool={0: 400, 1: 400, 2: 0}
  [difficulty_sampling_cldice_D1v2] [epoch 64/100] batch 30/300 (10%) loss=0.2476 elapsed=20s eta=176s
  [difficulty_sampling_cldice_D1v2] [epoch 64/100] batch 60/300 (20%) loss=0.2157 elapsed=43s eta=170s
  [difficulty_sampling_cldice_D1v2] [epoch 64/100] batch 90/300 (30%) loss=0.1973 elapsed=60s eta=141s
  [difficulty_sampling_cldice_D1v2] [epoch 64/100] batch 120/300 (40%) loss=0.1812 elapsed=77s eta=116s
  [difficulty_sampling_cldice_D1v2] [epoch 64/100] batch 150/300 (50%) loss=0.1695 elapsed=94s eta=94s
  [difficulty_sampling_cldice_D1v2] [epoch 64/100] batch 180/300 (60%) loss=0.1587 elapsed=110s eta=73s
  [difficulty_sampling_cldice_D1v2] [epoch 64/100] batch 210/300 (70%) loss=0.1492 elapsed=126s eta=54s
  [difficulty_sampling_cldice_D1v2] [epoch 64/100] batch 240/300 (80%) loss=0.1408 elapsed=143s eta=36s
  [difficulty_sampling_cldice_D1v2] [epoch 64/100] batch 270/300 (90%) loss=0.1334 elapsed=158s eta=18s
  [difficulty_sampling_cldice_D1v2] [epoch 64/100] batch 300/300 (100%) loss=0.1273 elapsed=172s eta=0s
[difficulty_sampling_cldice_D1v2] [sampler] sampled: {0: 400, 1: 400, 2: 400} total=1200 spalling_ratio=24.33%
[difficulty_sampling_cldice_D1v2] [sampler] unique: {0: 400, 1: 400, 2: 400} unique_total=1200 dup_ratio=1.00x
  difficulty: mean=0.000 std=1.583
[difficulty_sampling_cldice_D1v2] [epoch 064/100] remain=36 epochs ep_eta=97.6min (avg 163s/ep)
[difficulty_sampling_cldice_D1v2] [epoch 064/100] lr=0.000019  dt=172.6s
  train loss=0.1273  ce=0.0774 dice=0.1615  tversky=0.0000 bd=0.0000  cldice=0.1571
  val   skipped (next val at epoch 65)
[difficulty_sampling_cldice_D1v2] [curriculum] epoch 65: stage=1 tiers=[0, 1] pool={0: 400, 1: 400, 2: 0}
  [difficulty_sampling_cldice_D1v2] [epoch 65/100] batch 30/300 (10%) loss=0.2539 elapsed=17s eta=152s
  [difficulty_sampling_cldice_D1v2] [epoch 65/100] batch 60/300 (20%) loss=0.2217 elapsed=33s eta=131s
  [difficulty_sampling_cldice_D1v2] [epoch 65/100] batch 90/300 (30%) loss=0.2019 elapsed=49s eta=114s
  [difficulty_sampling_cldice_D1v2] [epoch 65/100] batch 120/300 (40%) loss=0.1856 elapsed=65s eta=98s
  [difficulty_sampling_cldice_D1v2] [epoch 65/100] batch 150/300 (50%) loss=0.1714 elapsed=82s eta=82s
  [difficulty_sampling_cldice_D1v2] [epoch 65/100] batch 180/300 (60%) loss=0.1600 elapsed=99s eta=66s
  [difficulty_sampling_cldice_D1v2] [epoch 65/100] batch 210/300 (70%) loss=0.1512 elapsed=114s eta=49s
  [difficulty_sampling_cldice_D1v2] [epoch 65/100] batch 240/300 (80%) loss=0.1424 elapsed=131s eta=33s
  [difficulty_sampling_cldice_D1v2] [epoch 65/100] batch 270/300 (90%) loss=0.1352 elapsed=147s eta=16s
  [difficulty_sampling_cldice_D1v2] [epoch 65/100] batch 300/300 (100%) loss=0.1283 elapsed=161s eta=0s
[difficulty_sampling_cldice_D1v2] [sampler] sampled: {0: 400, 1: 400, 2: 400} total=1200 spalling_ratio=24.33%
[difficulty_sampling_cldice_D1v2] [sampler] unique: {0: 400, 1: 400, 2: 400} unique_total=1200 dup_ratio=1.00x
  difficulty: mean=0.000 std=1.586
[difficulty_sampling_cldice_D1v2] [epoch 065/100] remain=35 epochs ep_eta=94.9min (avg 163s/ep)
[difficulty_sampling_cldice_D1v2] [epoch 065/100] lr=0.000018  dt=170.4s
  train loss=0.1283  ce=0.0774 dice=0.1634  tversky=0.0000 bd=0.0000  cldice=0.1587
  val   loss=0.3227
  IoU   bg=0.9780  crack=0.5704  spalling=0.7905  | mIoU_fg=0.6805  pix_acc=0.9785
  Dice  bg=0.9889  crack=0.7265  spalling=0.8830
  BF1   crack=0.7547  spalling=0.6838  | BF1_fg_mean=0.7192
  [difficulty_sampling_cldice_D1v2] [best] mIoU_fg=0.6805  saved -> best.pt
[difficulty_sampling_cldice_D1v2] [curriculum] epoch 66: stage=1 tiers=[0, 1] pool={0: 400, 1: 400, 2: 0}
  [difficulty_sampling_cldice_D1v2] [epoch 66/100] batch 30/300 (10%) loss=0.2487 elapsed=16s eta=143s
  [difficulty_sampling_cldice_D1v2] [epoch 66/100] batch 60/300 (20%) loss=0.2171 elapsed=33s eta=132s
  [difficulty_sampling_cldice_D1v2] [epoch 66/100] batch 90/300 (30%) loss=0.1953 elapsed=51s eta=119s
  [difficulty_sampling_cldice_D1v2] [epoch 66/100] batch 120/300 (40%) loss=0.1819 elapsed=67s eta=101s
  [difficulty_sampling_cldice_D1v2] [epoch 66/100] batch 150/300 (50%) loss=0.1690 elapsed=84s eta=84s
  [difficulty_sampling_cldice_D1v2] [epoch 66/100] batch 180/300 (60%) loss=0.1591 elapsed=100s eta=67s
  [difficulty_sampling_cldice_D1v2] [epoch 66/100] batch 210/300 (70%) loss=0.1498 elapsed=117s eta=50s
  [difficulty_sampling_cldice_D1v2] [epoch 66/100] batch 240/300 (80%) loss=0.1414 elapsed=133s eta=33s
  [difficulty_sampling_cldice_D1v2] [epoch 66/100] batch 270/300 (90%) loss=0.1336 elapsed=148s eta=16s
  [difficulty_sampling_cldice_D1v2] [epoch 66/100] batch 300/300 (100%) loss=0.1269 elapsed=162s eta=0s
[difficulty_sampling_cldice_D1v2] [sampler] sampled: {0: 400, 1: 400, 2: 400} total=1200 spalling_ratio=24.33%
[difficulty_sampling_cldice_D1v2] [sampler] unique: {0: 400, 1: 400, 2: 400} unique_total=1200 dup_ratio=1.00x
  difficulty: mean=0.000 std=1.589
[difficulty_sampling_cldice_D1v2] [epoch 066/100] remain=34 epochs ep_eta=92.3min (avg 163s/ep)
[difficulty_sampling_cldice_D1v2] [epoch 066/100] lr=0.000017  dt=162.7s
  train loss=0.1269  ce=0.0766 dice=0.1617  tversky=0.0000 bd=0.0000  cldice=0.1545
  val   skipped (next val at epoch 70)
[difficulty_sampling_cldice_D1v2] [curriculum] epoch 67: stage=1 tiers=[0, 1] pool={0: 400, 1: 400, 2: 0}
  [difficulty_sampling_cldice_D1v2] [epoch 67/100] batch 30/300 (10%) loss=0.2402 elapsed=17s eta=156s
  [difficulty_sampling_cldice_D1v2] [epoch 67/100] batch 60/300 (20%) loss=0.2120 elapsed=34s eta=135s
  [difficulty_sampling_cldice_D1v2] [epoch 67/100] batch 90/300 (30%) loss=0.1914 elapsed=49s eta=115s
  [difficulty_sampling_cldice_D1v2] [epoch 67/100] batch 120/300 (40%) loss=0.1779 elapsed=65s eta=98s
  [difficulty_sampling_cldice_D1v2] [epoch 67/100] batch 150/300 (50%) loss=0.1671 elapsed=81s eta=81s
  [difficulty_sampling_cldice_D1v2] [epoch 67/100] batch 180/300 (60%) loss=0.1573 elapsed=97s eta=65s
  [difficulty_sampling_cldice_D1v2] [epoch 67/100] batch 210/300 (70%) loss=0.1488 elapsed=113s eta=49s
  [difficulty_sampling_cldice_D1v2] [epoch 67/100] batch 240/300 (80%) loss=0.1411 elapsed=129s eta=32s
  [difficulty_sampling_cldice_D1v2] [epoch 67/100] batch 270/300 (90%) loss=0.1342 elapsed=144s eta=16s
  [difficulty_sampling_cldice_D1v2] [epoch 67/100] batch 300/300 (100%) loss=0.1272 elapsed=158s eta=0s
[difficulty_sampling_cldice_D1v2] [sampler] sampled: {0: 400, 1: 400, 2: 400} total=1200 spalling_ratio=24.33%
[difficulty_sampling_cldice_D1v2] [sampler] unique: {0: 400, 1: 400, 2: 400} unique_total=1200 dup_ratio=1.00x
  difficulty: mean=0.000 std=1.591
[difficulty_sampling_cldice_D1v2] [epoch 067/100] remain=33 epochs ep_eta=89.5min (avg 163s/ep)
[difficulty_sampling_cldice_D1v2] [epoch 067/100] lr=0.000016  dt=158.2s
  train loss=0.1272  ce=0.0772 dice=0.1618  tversky=0.0000 bd=0.0000  cldice=0.1547
  val   skipped (next val at epoch 70)
[difficulty_sampling_cldice_D1v2] [curriculum] epoch 68: stage=1 tiers=[0, 1] pool={0: 400, 1: 400, 2: 0}
  [difficulty_sampling_cldice_D1v2] [epoch 68/100] batch 30/300 (10%) loss=0.2519 elapsed=21s eta=185s
  [difficulty_sampling_cldice_D1v2] [epoch 68/100] batch 60/300 (20%) loss=0.2191 elapsed=38s eta=151s
  [difficulty_sampling_cldice_D1v2] [epoch 68/100] batch 90/300 (30%) loss=0.1986 elapsed=54s eta=127s
  [difficulty_sampling_cldice_D1v2] [epoch 68/100] batch 120/300 (40%) loss=0.1815 elapsed=71s eta=106s
  [difficulty_sampling_cldice_D1v2] [epoch 68/100] batch 150/300 (50%) loss=0.1685 elapsed=87s eta=87s
  [difficulty_sampling_cldice_D1v2] [epoch 68/100] batch 180/300 (60%) loss=0.1582 elapsed=105s eta=70s
  [difficulty_sampling_cldice_D1v2] [epoch 68/100] batch 210/300 (70%) loss=0.1489 elapsed=123s eta=53s
  [difficulty_sampling_cldice_D1v2] [epoch 68/100] batch 240/300 (80%) loss=0.1409 elapsed=139s eta=35s
  [difficulty_sampling_cldice_D1v2] [epoch 68/100] batch 270/300 (90%) loss=0.1330 elapsed=155s eta=17s
  [difficulty_sampling_cldice_D1v2] [epoch 68/100] batch 300/300 (100%) loss=0.1264 elapsed=170s eta=0s
[difficulty_sampling_cldice_D1v2] [sampler] sampled: {0: 400, 1: 400, 2: 400} total=1200 spalling_ratio=24.33%
[difficulty_sampling_cldice_D1v2] [sampler] unique: {0: 400, 1: 400, 2: 400} unique_total=1200 dup_ratio=1.00x
  difficulty: mean=0.000 std=1.593
[difficulty_sampling_cldice_D1v2] [epoch 068/100] remain=32 epochs ep_eta=86.9min (avg 163s/ep)
[difficulty_sampling_cldice_D1v2] [epoch 068/100] lr=0.000015  dt=169.8s
  train loss=0.1264  ce=0.0760 dice=0.1614  tversky=0.0000 bd=0.0000  cldice=0.1529
  val   skipped (next val at epoch 70)
[difficulty_sampling_cldice_D1v2] [curriculum] epoch 69: stage=1 tiers=[0, 1] pool={0: 400, 1: 400, 2: 0}
  [difficulty_sampling_cldice_D1v2] [epoch 69/100] batch 30/300 (10%) loss=0.2337 elapsed=17s eta=156s
  [difficulty_sampling_cldice_D1v2] [epoch 69/100] batch 60/300 (20%) loss=0.2060 elapsed=34s eta=136s
  [difficulty_sampling_cldice_D1v2] [epoch 69/100] batch 90/300 (30%) loss=0.1917 elapsed=49s eta=115s
  [difficulty_sampling_cldice_D1v2] [epoch 69/100] batch 120/300 (40%) loss=0.1780 elapsed=66s eta=99s
  [difficulty_sampling_cldice_D1v2] [epoch 69/100] batch 150/300 (50%) loss=0.1669 elapsed=82s eta=82s
  [difficulty_sampling_cldice_D1v2] [epoch 69/100] batch 180/300 (60%) loss=0.1565 elapsed=99s eta=66s
  [difficulty_sampling_cldice_D1v2] [epoch 69/100] batch 210/300 (70%) loss=0.1470 elapsed=115s eta=49s
  [difficulty_sampling_cldice_D1v2] [epoch 69/100] batch 240/300 (80%) loss=0.1382 elapsed=131s eta=33s
  [difficulty_sampling_cldice_D1v2] [epoch 69/100] batch 270/300 (90%) loss=0.1308 elapsed=147s eta=16s
  [difficulty_sampling_cldice_D1v2] [epoch 69/100] batch 300/300 (100%) loss=0.1243 elapsed=161s eta=0s
[difficulty_sampling_cldice_D1v2] [sampler] sampled: {0: 400, 1: 400, 2: 400} total=1200 spalling_ratio=24.33%
[difficulty_sampling_cldice_D1v2] [sampler] unique: {0: 400, 1: 400, 2: 400} unique_total=1200 dup_ratio=1.00x
  difficulty: mean=0.000 std=1.594
[difficulty_sampling_cldice_D1v2] [epoch 069/100] remain=31 epochs ep_eta=84.2min (avg 163s/ep)
[difficulty_sampling_cldice_D1v2] [epoch 069/100] lr=0.000014  dt=161.3s
  train loss=0.1243  ce=0.0751 dice=0.1583  tversky=0.0000 bd=0.0000  cldice=0.1512
  val   skipped (next val at epoch 70)
[difficulty_sampling_cldice_D1v2] [curriculum] epoch 70: stage=2 tiers=[0, 1, 2] pool={0: 400, 1: 400, 2: 400}
  [difficulty_sampling_cldice_D1v2] [epoch 70/100] batch 30/300 (10%) loss=0.2396 elapsed=17s eta=157s
  [difficulty_sampling_cldice_D1v2] [epoch 70/100] batch 60/300 (20%) loss=0.2083 elapsed=34s eta=135s
  [difficulty_sampling_cldice_D1v2] [epoch 70/100] batch 90/300 (30%) loss=0.1923 elapsed=50s eta=118s
  [difficulty_sampling_cldice_D1v2] [epoch 70/100] batch 120/300 (40%) loss=0.1773 elapsed=67s eta=101s
  [difficulty_sampling_cldice_D1v2] [epoch 70/100] batch 150/300 (50%) loss=0.1630 elapsed=83s eta=83s
  [difficulty_sampling_cldice_D1v2] [epoch 70/100] batch 180/300 (60%) loss=0.1534 elapsed=98s eta=66s
  [difficulty_sampling_cldice_D1v2] [epoch 70/100] batch 210/300 (70%) loss=0.1444 elapsed=115s eta=49s
  [difficulty_sampling_cldice_D1v2] [epoch 70/100] batch 240/300 (80%) loss=0.1364 elapsed=130s eta=32s
  [difficulty_sampling_cldice_D1v2] [epoch 70/100] batch 270/300 (90%) loss=0.1291 elapsed=147s eta=16s
  [difficulty_sampling_cldice_D1v2] [epoch 70/100] batch 300/300 (100%) loss=0.1227 elapsed=161s eta=0s
[difficulty_sampling_cldice_D1v2] [sampler] sampled: {0: 400, 1: 400, 2: 400} total=1200 spalling_ratio=24.33%
[difficulty_sampling_cldice_D1v2] [sampler] unique: {0: 400, 1: 400, 2: 400} unique_total=1200 dup_ratio=1.00x
  difficulty: mean=0.000 std=1.597
[difficulty_sampling_cldice_D1v2] [epoch 070/100] remain=30 epochs ep_eta=81.5min (avg 163s/ep)
[difficulty_sampling_cldice_D1v2] [epoch 070/100] lr=0.000014  dt=170.6s
  train loss=0.1227  ce=0.0746 dice=0.1558  tversky=0.0000 bd=0.0000  cldice=0.1508
  val   loss=0.3110
  IoU   bg=0.9776  crack=0.5743  spalling=0.7894  | mIoU_fg=0.6819  pix_acc=0.9782
  Dice  bg=0.9887  crack=0.7296  spalling=0.8823
  BF1   crack=0.7543  spalling=0.6777  | BF1_fg_mean=0.7160
  [difficulty_sampling_cldice_D1v2] [best] mIoU_fg=0.6819  saved -> best.pt
[difficulty_sampling_cldice_D1v2] [curriculum] epoch 71: stage=2 tiers=[0, 1, 2] pool={0: 400, 1: 400, 2: 400}
  [difficulty_sampling_cldice_D1v2] [epoch 71/100] batch 30/300 (10%) loss=0.2440 elapsed=18s eta=163s
  [difficulty_sampling_cldice_D1v2] [epoch 71/100] batch 60/300 (20%) loss=0.2203 elapsed=38s eta=152s
  [difficulty_sampling_cldice_D1v2] [epoch 71/100] batch 90/300 (30%) loss=0.1996 elapsed=59s eta=137s
  [difficulty_sampling_cldice_D1v2] [epoch 71/100] batch 120/300 (40%) loss=0.1833 elapsed=76s eta=114s
  [difficulty_sampling_cldice_D1v2] [epoch 71/100] batch 150/300 (50%) loss=0.1682 elapsed=93s eta=93s
  [difficulty_sampling_cldice_D1v2] [epoch 71/100] batch 180/300 (60%) loss=0.1579 elapsed=109s eta=73s
  [difficulty_sampling_cldice_D1v2] [epoch 71/100] batch 210/300 (70%) loss=0.1490 elapsed=125s eta=54s
  [difficulty_sampling_cldice_D1v2] [epoch 71/100] batch 240/300 (80%) loss=0.1403 elapsed=140s eta=35s
  [difficulty_sampling_cldice_D1v2] [epoch 71/100] batch 270/300 (90%) loss=0.1320 elapsed=156s eta=17s
  [difficulty_sampling_cldice_D1v2] [epoch 71/100] batch 300/300 (100%) loss=0.1260 elapsed=170s eta=0s
[difficulty_sampling_cldice_D1v2] [sampler] sampled: {0: 400, 1: 400, 2: 400} total=1200 spalling_ratio=24.33%
[difficulty_sampling_cldice_D1v2] [sampler] unique: {0: 400, 1: 400, 2: 400} unique_total=1200 dup_ratio=1.00x
  difficulty: mean=0.000 std=1.598
[difficulty_sampling_cldice_D1v2] [epoch 071/100] remain=29 epochs ep_eta=78.9min (avg 163s/ep)
[difficulty_sampling_cldice_D1v2] [epoch 071/100] lr=0.000013  dt=170.6s
  train loss=0.1260  ce=0.0746 dice=0.1623  tversky=0.0000 bd=0.0000  cldice=0.1499
  val   skipped (next val at epoch 75)
[difficulty_sampling_cldice_D1v2] [curriculum] epoch 72: stage=2 tiers=[0, 1, 2] pool={0: 400, 1: 400, 2: 400}
  [difficulty_sampling_cldice_D1v2] [epoch 72/100] batch 30/300 (10%) loss=0.2357 elapsed=18s eta=160s
  [difficulty_sampling_cldice_D1v2] [epoch 72/100] batch 60/300 (20%) loss=0.2104 elapsed=37s eta=147s
  [difficulty_sampling_cldice_D1v2] [epoch 72/100] batch 90/300 (30%) loss=0.1917 elapsed=55s eta=127s
  [difficulty_sampling_cldice_D1v2] [epoch 72/100] batch 120/300 (40%) loss=0.1755 elapsed=71s eta=107s
  [difficulty_sampling_cldice_D1v2] [epoch 72/100] batch 150/300 (50%) loss=0.1645 elapsed=87s eta=87s
  [difficulty_sampling_cldice_D1v2] [epoch 72/100] batch 180/300 (60%) loss=0.1553 elapsed=103s eta=68s
  [difficulty_sampling_cldice_D1v2] [epoch 72/100] batch 210/300 (70%) loss=0.1456 elapsed=119s eta=51s
  [difficulty_sampling_cldice_D1v2] [epoch 72/100] batch 240/300 (80%) loss=0.1375 elapsed=134s eta=33s
  [difficulty_sampling_cldice_D1v2] [epoch 72/100] batch 270/300 (90%) loss=0.1299 elapsed=149s eta=17s
  [difficulty_sampling_cldice_D1v2] [epoch 72/100] batch 300/300 (100%) loss=0.1230 elapsed=163s eta=0s
[difficulty_sampling_cldice_D1v2] [sampler] sampled: {0: 400, 1: 400, 2: 400} total=1200 spalling_ratio=24.33%
[difficulty_sampling_cldice_D1v2] [sampler] unique: {0: 400, 1: 400, 2: 400} unique_total=1200 dup_ratio=1.00x
  difficulty: mean=0.000 std=1.600
[difficulty_sampling_cldice_D1v2] [epoch 072/100] remain=28 epochs ep_eta=76.2min (avg 163s/ep)
[difficulty_sampling_cldice_D1v2] [epoch 072/100] lr=0.000012  dt=163.1s
  train loss=0.1230  ce=0.0740 dice=0.1572  tversky=0.0000 bd=0.0000  cldice=0.1481
  val   skipped (next val at epoch 75)
[difficulty_sampling_cldice_D1v2] [curriculum] epoch 73: stage=2 tiers=[0, 1, 2] pool={0: 400, 1: 400, 2: 400}
  [difficulty_sampling_cldice_D1v2] [epoch 73/100] batch 30/300 (10%) loss=0.2421 elapsed=16s eta=146s
  [difficulty_sampling_cldice_D1v2] [epoch 73/100] batch 60/300 (20%) loss=0.2089 elapsed=33s eta=131s
  [difficulty_sampling_cldice_D1v2] [epoch 73/100] batch 90/300 (30%) loss=0.1908 elapsed=49s eta=115s
  [difficulty_sampling_cldice_D1v2] [epoch 73/100] batch 120/300 (40%) loss=0.1763 elapsed=66s eta=99s
  [difficulty_sampling_cldice_D1v2] [epoch 73/100] batch 150/300 (50%) loss=0.1638 elapsed=85s eta=85s
  [difficulty_sampling_cldice_D1v2] [epoch 73/100] batch 180/300 (60%) loss=0.1533 elapsed=110s eta=73s
  [difficulty_sampling_cldice_D1v2] [epoch 73/100] batch 210/300 (70%) loss=0.1443 elapsed=129s eta=55s
  [difficulty_sampling_cldice_D1v2] [epoch 73/100] batch 240/300 (80%) loss=0.1361 elapsed=146s eta=37s
  [difficulty_sampling_cldice_D1v2] [epoch 73/100] batch 270/300 (90%) loss=0.1285 elapsed=162s eta=18s
  [difficulty_sampling_cldice_D1v2] [epoch 73/100] batch 300/300 (100%) loss=0.1223 elapsed=176s eta=0s
[difficulty_sampling_cldice_D1v2] [sampler] sampled: {0: 400, 1: 400, 2: 400} total=1200 spalling_ratio=24.33%
[difficulty_sampling_cldice_D1v2] [sampler] unique: {0: 400, 1: 400, 2: 400} unique_total=1200 dup_ratio=1.00x
  difficulty: mean=0.000 std=1.601
[difficulty_sampling_cldice_D1v2] [epoch 073/100] remain=27 epochs ep_eta=73.5min (avg 163s/ep)
[difficulty_sampling_cldice_D1v2] [epoch 073/100] lr=0.000011  dt=176.5s
  train loss=0.1223  ce=0.0740 dice=0.1558  tversky=0.0000 bd=0.0000  cldice=0.1477
  val   skipped (next val at epoch 75)
[difficulty_sampling_cldice_D1v2] [curriculum] epoch 74: stage=2 tiers=[0, 1, 2] pool={0: 400, 1: 400, 2: 400}
  [difficulty_sampling_cldice_D1v2] [epoch 74/100] batch 30/300 (10%) loss=0.2356 elapsed=17s eta=149s
  [difficulty_sampling_cldice_D1v2] [epoch 74/100] batch 60/300 (20%) loss=0.2068 elapsed=32s eta=129s
  [difficulty_sampling_cldice_D1v2] [epoch 74/100] batch 90/300 (30%) loss=0.1904 elapsed=48s eta=112s
  [difficulty_sampling_cldice_D1v2] [epoch 74/100] batch 120/300 (40%) loss=0.1749 elapsed=64s eta=96s
  [difficulty_sampling_cldice_D1v2] [epoch 74/100] batch 150/300 (50%) loss=0.1619 elapsed=80s eta=80s
  [difficulty_sampling_cldice_D1v2] [epoch 74/100] batch 180/300 (60%) loss=0.1513 elapsed=96s eta=64s
  [difficulty_sampling_cldice_D1v2] [epoch 74/100] batch 210/300 (70%) loss=0.1426 elapsed=112s eta=48s
  [difficulty_sampling_cldice_D1v2] [epoch 74/100] batch 240/300 (80%) loss=0.1347 elapsed=128s eta=32s
  [difficulty_sampling_cldice_D1v2] [epoch 74/100] batch 270/300 (90%) loss=0.1278 elapsed=144s eta=16s
  [difficulty_sampling_cldice_D1v2] [epoch 74/100] batch 300/300 (100%) loss=0.1214 elapsed=159s eta=0s
[difficulty_sampling_cldice_D1v2] [sampler] sampled: {0: 400, 1: 400, 2: 400} total=1200 spalling_ratio=24.33%
[difficulty_sampling_cldice_D1v2] [sampler] unique: {0: 400, 1: 400, 2: 400} unique_total=1200 dup_ratio=1.00x
  difficulty: mean=0.000 std=1.602
[difficulty_sampling_cldice_D1v2] [epoch 074/100] remain=26 epochs ep_eta=70.8min (avg 163s/ep)
[difficulty_sampling_cldice_D1v2] [epoch 074/100] lr=0.000010  dt=159.3s
  train loss=0.1214  ce=0.0733 dice=0.1549  tversky=0.0000 bd=0.0000  cldice=0.1462
  val   skipped (next val at epoch 75)
[difficulty_sampling_cldice_D1v2] [curriculum] epoch 75: stage=2 tiers=[0, 1, 2] pool={0: 400, 1: 400, 2: 400}
  [difficulty_sampling_cldice_D1v2] [epoch 75/100] batch 30/300 (10%) loss=0.2376 elapsed=17s eta=152s
  [difficulty_sampling_cldice_D1v2] [epoch 75/100] batch 60/300 (20%) loss=0.2081 elapsed=36s eta=146s
  [difficulty_sampling_cldice_D1v2] [epoch 75/100] batch 90/300 (30%) loss=0.1878 elapsed=52s eta=122s
  [difficulty_sampling_cldice_D1v2] [epoch 75/100] batch 120/300 (40%) loss=0.1733 elapsed=70s eta=105s
  [difficulty_sampling_cldice_D1v2] [epoch 75/100] batch 150/300 (50%) loss=0.1629 elapsed=86s eta=86s
  [difficulty_sampling_cldice_D1v2] [epoch 75/100] batch 180/300 (60%) loss=0.1521 elapsed=102s eta=68s
  [difficulty_sampling_cldice_D1v2] [epoch 75/100] batch 210/300 (70%) loss=0.1430 elapsed=118s eta=50s
  [difficulty_sampling_cldice_D1v2] [epoch 75/100] batch 240/300 (80%) loss=0.1352 elapsed=133s eta=33s
  [difficulty_sampling_cldice_D1v2] [epoch 75/100] batch 270/300 (90%) loss=0.1274 elapsed=151s eta=17s
  [difficulty_sampling_cldice_D1v2] [epoch 75/100] batch 300/300 (100%) loss=0.1207 elapsed=165s eta=0s
[difficulty_sampling_cldice_D1v2] [sampler] sampled: {0: 400, 1: 400, 2: 400} total=1200 spalling_ratio=24.33%
[difficulty_sampling_cldice_D1v2] [sampler] unique: {0: 400, 1: 400, 2: 400} unique_total=1200 dup_ratio=1.00x
  difficulty: mean=0.000 std=1.603
[difficulty_sampling_cldice_D1v2] [epoch 075/100] remain=25 epochs ep_eta=68.1min (avg 164s/ep)
[difficulty_sampling_cldice_D1v2] [epoch 075/100] lr=0.000010  dt=175.0s
  train loss=0.1207  ce=0.0728 dice=0.1541  tversky=0.0000 bd=0.0000  cldice=0.1451
  val   loss=0.3053
  IoU   bg=0.9778  crack=0.5743  spalling=0.7862  | mIoU_fg=0.6803  pix_acc=0.9783
  Dice  bg=0.9888  crack=0.7296  spalling=0.8803
  BF1   crack=0.7563  spalling=0.6629  | BF1_fg_mean=0.7096
[difficulty_sampling_cldice_D1v2] [curriculum] epoch 76: stage=2 tiers=[0, 1, 2] pool={0: 400, 1: 400, 2: 400}
  [difficulty_sampling_cldice_D1v2] [epoch 76/100] batch 30/300 (10%) loss=0.2319 elapsed=18s eta=159s
  [difficulty_sampling_cldice_D1v2] [epoch 76/100] batch 60/300 (20%) loss=0.2022 elapsed=39s eta=156s
  [difficulty_sampling_cldice_D1v2] [epoch 76/100] batch 90/300 (30%) loss=0.1868 elapsed=56s eta=131s
  [difficulty_sampling_cldice_D1v2] [epoch 76/100] batch 120/300 (40%) loss=0.1709 elapsed=77s eta=116s
  [difficulty_sampling_cldice_D1v2] [epoch 76/100] batch 150/300 (50%) loss=0.1596 elapsed=101s eta=101s
  [difficulty_sampling_cldice_D1v2] [epoch 76/100] batch 180/300 (60%) loss=0.1501 elapsed=128s eta=86s
  [difficulty_sampling_cldice_D1v2] [epoch 76/100] batch 210/300 (70%) loss=0.1412 elapsed=147s eta=63s
  [difficulty_sampling_cldice_D1v2] [epoch 76/100] batch 240/300 (80%) loss=0.1339 elapsed=163s eta=41s
  [difficulty_sampling_cldice_D1v2] [epoch 76/100] batch 270/300 (90%) loss=0.1269 elapsed=182s eta=20s
  [difficulty_sampling_cldice_D1v2] [epoch 76/100] batch 300/300 (100%) loss=0.1207 elapsed=204s eta=0s
[difficulty_sampling_cldice_D1v2] [sampler] sampled: {0: 400, 1: 400, 2: 400} total=1200 spalling_ratio=24.33%
[difficulty_sampling_cldice_D1v2] [sampler] unique: {0: 400, 1: 400, 2: 400} unique_total=1200 dup_ratio=1.00x
  difficulty: mean=0.000 std=1.604
[difficulty_sampling_cldice_D1v2] [epoch 076/100] remain=24 epochs ep_eta=65.6min (avg 164s/ep)
[difficulty_sampling_cldice_D1v2] [epoch 076/100] lr=0.000009  dt=204.3s
  train loss=0.1207  ce=0.0725 dice=0.1545  tversky=0.0000 bd=0.0000  cldice=0.1437
  val   skipped (next val at epoch 80)
[difficulty_sampling_cldice_D1v2] [curriculum] epoch 77: stage=2 tiers=[0, 1, 2] pool={0: 400, 1: 400, 2: 400}
  [difficulty_sampling_cldice_D1v2] [epoch 77/100] batch 30/300 (10%) loss=0.2221 elapsed=17s eta=149s
  [difficulty_sampling_cldice_D1v2] [epoch 77/100] batch 60/300 (20%) loss=0.2021 elapsed=33s eta=131s
  [difficulty_sampling_cldice_D1v2] [epoch 77/100] batch 90/300 (30%) loss=0.1834 elapsed=48s eta=113s
  [difficulty_sampling_cldice_D1v2] [epoch 77/100] batch 120/300 (40%) loss=0.1702 elapsed=64s eta=96s
  [difficulty_sampling_cldice_D1v2] [epoch 77/100] batch 150/300 (50%) loss=0.1587 elapsed=80s eta=80s
  [difficulty_sampling_cldice_D1v2] [epoch 77/100] batch 180/300 (60%) loss=0.1484 elapsed=95s eta=63s
  [difficulty_sampling_cldice_D1v2] [epoch 77/100] batch 210/300 (70%) loss=0.1391 elapsed=111s eta=48s
  [difficulty_sampling_cldice_D1v2] [epoch 77/100] batch 240/300 (80%) loss=0.1314 elapsed=127s eta=32s
  [difficulty_sampling_cldice_D1v2] [epoch 77/100] batch 270/300 (90%) loss=0.1241 elapsed=143s eta=16s
  [difficulty_sampling_cldice_D1v2] [epoch 77/100] batch 300/300 (100%) loss=0.1181 elapsed=157s eta=0s
[difficulty_sampling_cldice_D1v2] [sampler] sampled: {0: 400, 1: 400, 2: 400} total=1200 spalling_ratio=24.33%
[difficulty_sampling_cldice_D1v2] [sampler] unique: {0: 400, 1: 400, 2: 400} unique_total=1200 dup_ratio=1.00x
  difficulty: mean=0.000 std=1.605
[difficulty_sampling_cldice_D1v2] [epoch 077/100] remain=23 epochs ep_eta=62.9min (avg 164s/ep)
[difficulty_sampling_cldice_D1v2] [epoch 077/100] lr=0.000008  dt=157.1s
  train loss=0.1181  ce=0.0721 dice=0.1498  tversky=0.0000 bd=0.0000  cldice=0.1436
  val   skipped (next val at epoch 80)
[difficulty_sampling_cldice_D1v2] [curriculum] epoch 78: stage=2 tiers=[0, 1, 2] pool={0: 400, 1: 400, 2: 400}
  [difficulty_sampling_cldice_D1v2] [epoch 78/100] batch 30/300 (10%) loss=0.2346 elapsed=18s eta=163s
  [difficulty_sampling_cldice_D1v2] [epoch 78/100] batch 60/300 (20%) loss=0.2050 elapsed=35s eta=140s
  [difficulty_sampling_cldice_D1v2] [epoch 78/100] batch 90/300 (30%) loss=0.1888 elapsed=52s eta=122s
  [difficulty_sampling_cldice_D1v2] [epoch 78/100] batch 120/300 (40%) loss=0.1738 elapsed=68s eta=102s
  [difficulty_sampling_cldice_D1v2] [epoch 78/100] batch 150/300 (50%) loss=0.1608 elapsed=83s eta=83s
  [difficulty_sampling_cldice_D1v2] [epoch 78/100] batch 180/300 (60%) loss=0.1493 elapsed=99s eta=66s
  [difficulty_sampling_cldice_D1v2] [epoch 78/100] batch 210/300 (70%) loss=0.1406 elapsed=115s eta=49s
  [difficulty_sampling_cldice_D1v2] [epoch 78/100] batch 240/300 (80%) loss=0.1326 elapsed=132s eta=33s
  [difficulty_sampling_cldice_D1v2] [epoch 78/100] batch 270/300 (90%) loss=0.1256 elapsed=148s eta=16s
  [difficulty_sampling_cldice_D1v2] [epoch 78/100] batch 300/300 (100%) loss=0.1199 elapsed=162s eta=0s
[difficulty_sampling_cldice_D1v2] [sampler] sampled: {0: 400, 1: 400, 2: 400} total=1200 spalling_ratio=24.33%
[difficulty_sampling_cldice_D1v2] [sampler] unique: {0: 400, 1: 400, 2: 400} unique_total=1200 dup_ratio=1.00x
  difficulty: mean=0.000 std=1.606
[difficulty_sampling_cldice_D1v2] [epoch 078/100] remain=22 epochs ep_eta=60.1min (avg 164s/ep)
[difficulty_sampling_cldice_D1v2] [epoch 078/100] lr=0.000008  dt=161.7s
  train loss=0.1199  ce=0.0717 dice=0.1539  tversky=0.0000 bd=0.0000  cldice=0.1419
  val   skipped (next val at epoch 80)
[difficulty_sampling_cldice_D1v2] [curriculum] epoch 79: stage=2 tiers=[0, 1, 2] pool={0: 400, 1: 400, 2: 400}
  [difficulty_sampling_cldice_D1v2] [epoch 79/100] batch 30/300 (10%) loss=0.2311 elapsed=17s eta=150s
  [difficulty_sampling_cldice_D1v2] [epoch 79/100] batch 60/300 (20%) loss=0.2098 elapsed=33s eta=131s
  [difficulty_sampling_cldice_D1v2] [epoch 79/100] batch 90/300 (30%) loss=0.1895 elapsed=49s eta=115s
  [difficulty_sampling_cldice_D1v2] [epoch 79/100] batch 120/300 (40%) loss=0.1747 elapsed=66s eta=99s
  [difficulty_sampling_cldice_D1v2] [epoch 79/100] batch 150/300 (50%) loss=0.1607 elapsed=82s eta=82s
  [difficulty_sampling_cldice_D1v2] [epoch 79/100] batch 180/300 (60%) loss=0.1504 elapsed=98s eta=65s
  [difficulty_sampling_cldice_D1v2] [epoch 79/100] batch 210/300 (70%) loss=0.1413 elapsed=114s eta=49s
  [difficulty_sampling_cldice_D1v2] [epoch 79/100] batch 240/300 (80%) loss=0.1333 elapsed=129s eta=32s
  [difficulty_sampling_cldice_D1v2] [epoch 79/100] batch 270/300 (90%) loss=0.1257 elapsed=145s eta=16s
  [difficulty_sampling_cldice_D1v2] [epoch 79/100] batch 300/300 (100%) loss=0.1198 elapsed=158s eta=0s
[difficulty_sampling_cldice_D1v2] [sampler] sampled: {0: 400, 1: 400, 2: 400} total=1200 spalling_ratio=24.33%
[difficulty_sampling_cldice_D1v2] [sampler] unique: {0: 400, 1: 400, 2: 400} unique_total=1200 dup_ratio=1.00x
  difficulty: mean=0.000 std=1.606
[difficulty_sampling_cldice_D1v2] [epoch 079/100] remain=21 epochs ep_eta=57.4min (avg 164s/ep)
[difficulty_sampling_cldice_D1v2] [epoch 079/100] lr=0.000007  dt=158.7s
  train loss=0.1198  ce=0.0723 dice=0.1530  tversky=0.0000 bd=0.0000  cldice=0.1432
  val   skipped (next val at epoch 80)
[difficulty_sampling_cldice_D1v2] [curriculum] epoch 80: stage=2 tiers=[0, 1, 2] pool={0: 400, 1: 400, 2: 400}
  [difficulty_sampling_cldice_D1v2] [epoch 80/100] batch 30/300 (10%) loss=0.2240 elapsed=17s eta=152s
  [difficulty_sampling_cldice_D1v2] [epoch 80/100] batch 60/300 (20%) loss=0.2068 elapsed=34s eta=134s
  [difficulty_sampling_cldice_D1v2] [epoch 80/100] batch 90/300 (30%) loss=0.1865 elapsed=49s eta=114s
  [difficulty_sampling_cldice_D1v2] [epoch 80/100] batch 120/300 (40%) loss=0.1708 elapsed=66s eta=99s
  [difficulty_sampling_cldice_D1v2] [epoch 80/100] batch 150/300 (50%) loss=0.1591 elapsed=81s eta=81s
  [difficulty_sampling_cldice_D1v2] [epoch 80/100] batch 180/300 (60%) loss=0.1487 elapsed=98s eta=65s
  [difficulty_sampling_cldice_D1v2] [epoch 80/100] batch 210/300 (70%) loss=0.1398 elapsed=114s eta=49s
  [difficulty_sampling_cldice_D1v2] [epoch 80/100] batch 240/300 (80%) loss=0.1319 elapsed=130s eta=32s
  [difficulty_sampling_cldice_D1v2] [epoch 80/100] batch 270/300 (90%) loss=0.1241 elapsed=145s eta=16s
  [difficulty_sampling_cldice_D1v2] [epoch 80/100] batch 300/300 (100%) loss=0.1184 elapsed=158s eta=0s
[difficulty_sampling_cldice_D1v2] [sampler] sampled: {0: 400, 1: 400, 2: 400} total=1200 spalling_ratio=24.33%
[difficulty_sampling_cldice_D1v2] [sampler] unique: {0: 400, 1: 400, 2: 400} unique_total=1200 dup_ratio=1.00x
  difficulty: mean=0.000 std=1.606
[difficulty_sampling_cldice_D1v2] [epoch 080/100] remain=20 epochs ep_eta=54.7min (avg 164s/ep)
[difficulty_sampling_cldice_D1v2] [epoch 080/100] lr=0.000006  dt=167.8s
  train loss=0.1184  ce=0.0717 dice=0.1509  tversky=0.0000 bd=0.0000  cldice=0.1426
  val   loss=0.3072
  IoU   bg=0.9774  crack=0.5725  spalling=0.7882  | mIoU_fg=0.6804  pix_acc=0.9780
  Dice  bg=0.9886  crack=0.7282  spalling=0.8815
  BF1   crack=0.7449  spalling=0.6887  | BF1_fg_mean=0.7168
[difficulty_sampling_cldice_D1v2] [curriculum] epoch 81: stage=2 tiers=[0, 1, 2] pool={0: 400, 1: 400, 2: 400}
  [difficulty_sampling_cldice_D1v2] [epoch 81/100] batch 30/300 (10%) loss=0.2244 elapsed=17s eta=157s
  [difficulty_sampling_cldice_D1v2] [epoch 81/100] batch 60/300 (20%) loss=0.2026 elapsed=34s eta=136s
  [difficulty_sampling_cldice_D1v2] [epoch 81/100] batch 90/300 (30%) loss=0.1846 elapsed=52s eta=120s
  [difficulty_sampling_cldice_D1v2] [epoch 81/100] batch 120/300 (40%) loss=0.1686 elapsed=69s eta=103s
  [difficulty_sampling_cldice_D1v2] [epoch 81/100] batch 150/300 (50%) loss=0.1573 elapsed=85s eta=85s
  [difficulty_sampling_cldice_D1v2] [epoch 81/100] batch 180/300 (60%) loss=0.1474 elapsed=102s eta=68s
  [difficulty_sampling_cldice_D1v2] [epoch 81/100] batch 210/300 (70%) loss=0.1379 elapsed=118s eta=50s
  [difficulty_sampling_cldice_D1v2] [epoch 81/100] batch 240/300 (80%) loss=0.1305 elapsed=133s eta=33s
  [difficulty_sampling_cldice_D1v2] [epoch 81/100] batch 270/300 (90%) loss=0.1233 elapsed=149s eta=17s
  [difficulty_sampling_cldice_D1v2] [epoch 81/100] batch 300/300 (100%) loss=0.1174 elapsed=163s eta=0s
[difficulty_sampling_cldice_D1v2] [sampler] sampled: {0: 400, 1: 400, 2: 400} total=1200 spalling_ratio=24.33%
[difficulty_sampling_cldice_D1v2] [sampler] unique: {0: 400, 1: 400, 2: 400} unique_total=1200 dup_ratio=1.00x
  difficulty: mean=0.000 std=1.607
[difficulty_sampling_cldice_D1v2] [epoch 081/100] remain=19 epochs ep_eta=51.9min (avg 164s/ep)
[difficulty_sampling_cldice_D1v2] [epoch 081/100] lr=0.000006  dt=163.0s
  train loss=0.1174  ce=0.0711 dice=0.1496  tversky=0.0000 bd=0.0000  cldice=0.1409
  val   skipped (next val at epoch 85)
[difficulty_sampling_cldice_D1v2] [curriculum] epoch 82: stage=2 tiers=[0, 1, 2] pool={0: 400, 1: 400, 2: 400}
  [difficulty_sampling_cldice_D1v2] [epoch 82/100] batch 30/300 (10%) loss=0.2273 elapsed=17s eta=153s
  [difficulty_sampling_cldice_D1v2] [epoch 82/100] batch 60/300 (20%) loss=0.2007 elapsed=33s eta=134s
  [difficulty_sampling_cldice_D1v2] [epoch 82/100] batch 90/300 (30%) loss=0.1827 elapsed=49s eta=115s
  [difficulty_sampling_cldice_D1v2] [epoch 82/100] batch 120/300 (40%) loss=0.1669 elapsed=65s eta=98s
  [difficulty_sampling_cldice_D1v2] [epoch 82/100] batch 150/300 (50%) loss=0.1545 elapsed=81s eta=81s
  [difficulty_sampling_cldice_D1v2] [epoch 82/100] batch 180/300 (60%) loss=0.1450 elapsed=96s eta=64s
  [difficulty_sampling_cldice_D1v2] [epoch 82/100] batch 210/300 (70%) loss=0.1366 elapsed=112s eta=48s
  [difficulty_sampling_cldice_D1v2] [epoch 82/100] batch 240/300 (80%) loss=0.1294 elapsed=128s eta=32s
  [difficulty_sampling_cldice_D1v2] [epoch 82/100] batch 270/300 (90%) loss=0.1221 elapsed=144s eta=16s
  [difficulty_sampling_cldice_D1v2] [epoch 82/100] batch 300/300 (100%) loss=0.1159 elapsed=157s eta=0s
[difficulty_sampling_cldice_D1v2] [sampler] sampled: {0: 400, 1: 400, 2: 400} total=1200 spalling_ratio=24.33%
[difficulty_sampling_cldice_D1v2] [sampler] unique: {0: 400, 1: 400, 2: 400} unique_total=1200 dup_ratio=1.00x
  difficulty: mean=0.000 std=1.608
[difficulty_sampling_cldice_D1v2] [epoch 082/100] remain=18 epochs ep_eta=49.2min (avg 164s/ep)
[difficulty_sampling_cldice_D1v2] [epoch 082/100] lr=0.000005  dt=157.6s
  train loss=0.1159  ce=0.0704 dice=0.1475  tversky=0.0000 bd=0.0000  cldice=0.1397
  val   skipped (next val at epoch 85)
[difficulty_sampling_cldice_D1v2] [curriculum] epoch 83: stage=2 tiers=[0, 1, 2] pool={0: 400, 1: 400, 2: 400}
  [difficulty_sampling_cldice_D1v2] [epoch 83/100] batch 30/300 (10%) loss=0.2331 elapsed=17s eta=153s
  [difficulty_sampling_cldice_D1v2] [epoch 83/100] batch 60/300 (20%) loss=0.2033 elapsed=35s eta=139s
  [difficulty_sampling_cldice_D1v2] [epoch 83/100] batch 90/300 (30%) loss=0.1851 elapsed=51s eta=120s
  [difficulty_sampling_cldice_D1v2] [epoch 83/100] batch 120/300 (40%) loss=0.1691 elapsed=69s eta=103s
  [difficulty_sampling_cldice_D1v2] [epoch 83/100] batch 150/300 (50%) loss=0.1587 elapsed=84s eta=84s
  [difficulty_sampling_cldice_D1v2] [epoch 83/100] batch 180/300 (60%) loss=0.1479 elapsed=100s eta=67s
  [difficulty_sampling_cldice_D1v2] [epoch 83/100] batch 210/300 (70%) loss=0.1391 elapsed=117s eta=50s
  [difficulty_sampling_cldice_D1v2] [epoch 83/100] batch 240/300 (80%) loss=0.1307 elapsed=134s eta=33s
  [difficulty_sampling_cldice_D1v2] [epoch 83/100] batch 270/300 (90%) loss=0.1237 elapsed=150s eta=17s
  [difficulty_sampling_cldice_D1v2] [epoch 83/100] batch 300/300 (100%) loss=0.1178 elapsed=163s eta=0s
[difficulty_sampling_cldice_D1v2] [sampler] sampled: {0: 400, 1: 400, 2: 400} total=1200 spalling_ratio=24.33%
[difficulty_sampling_cldice_D1v2] [sampler] unique: {0: 400, 1: 400, 2: 400} unique_total=1200 dup_ratio=1.00x
  difficulty: mean=0.000 std=1.608
[difficulty_sampling_cldice_D1v2] [epoch 083/100] remain=17 epochs ep_eta=46.5min (avg 164s/ep)
[difficulty_sampling_cldice_D1v2] [epoch 083/100] lr=0.000005  dt=163.0s
  train loss=0.1178  ce=0.0705 dice=0.1510  tversky=0.0000 bd=0.0000  cldice=0.1412
  val   skipped (next val at epoch 85)
[difficulty_sampling_cldice_D1v2] [curriculum] epoch 84: stage=2 tiers=[0, 1, 2] pool={0: 400, 1: 400, 2: 400}
  [difficulty_sampling_cldice_D1v2] [epoch 84/100] batch 30/300 (10%) loss=0.2345 elapsed=17s eta=157s
  [difficulty_sampling_cldice_D1v2] [epoch 84/100] batch 60/300 (20%) loss=0.2074 elapsed=34s eta=136s
  [difficulty_sampling_cldice_D1v2] [epoch 84/100] batch 90/300 (30%) loss=0.1858 elapsed=51s eta=119s
  [difficulty_sampling_cldice_D1v2] [epoch 84/100] batch 120/300 (40%) loss=0.1700 elapsed=68s eta=102s
  [difficulty_sampling_cldice_D1v2] [epoch 84/100] batch 150/300 (50%) loss=0.1576 elapsed=85s eta=85s
  [difficulty_sampling_cldice_D1v2] [epoch 84/100] batch 180/300 (60%) loss=0.1480 elapsed=101s eta=67s
  [difficulty_sampling_cldice_D1v2] [epoch 84/100] batch 210/300 (70%) loss=0.1395 elapsed=117s eta=50s
  [difficulty_sampling_cldice_D1v2] [epoch 84/100] batch 240/300 (80%) loss=0.1317 elapsed=134s eta=34s
  [difficulty_sampling_cldice_D1v2] [epoch 84/100] batch 270/300 (90%) loss=0.1245 elapsed=150s eta=17s
  [difficulty_sampling_cldice_D1v2] [epoch 84/100] batch 300/300 (100%) loss=0.1185 elapsed=164s eta=0s
[difficulty_sampling_cldice_D1v2] [sampler] sampled: {0: 400, 1: 400, 2: 400} total=1200 spalling_ratio=24.33%
[difficulty_sampling_cldice_D1v2] [sampler] unique: {0: 400, 1: 400, 2: 400} unique_total=1200 dup_ratio=1.00x
  difficulty: mean=0.000 std=1.608
[difficulty_sampling_cldice_D1v2] [epoch 084/100] remain=16 epochs ep_eta=43.7min (avg 164s/ep)
[difficulty_sampling_cldice_D1v2] [epoch 084/100] lr=0.000004  dt=164.3s
  train loss=0.1185  ce=0.0707 dice=0.1522  tversky=0.0000 bd=0.0000  cldice=0.1403
  val   skipped (next val at epoch 85)
[difficulty_sampling_cldice_D1v2] [curriculum] epoch 85: stage=2 tiers=[0, 1, 2] pool={0: 400, 1: 400, 2: 400}
  [difficulty_sampling_cldice_D1v2] [epoch 85/100] batch 30/300 (10%) loss=0.2266 elapsed=16s eta=146s
  [difficulty_sampling_cldice_D1v2] [epoch 85/100] batch 60/300 (20%) loss=0.2052 elapsed=32s eta=130s
  [difficulty_sampling_cldice_D1v2] [epoch 85/100] batch 90/300 (30%) loss=0.1854 elapsed=48s eta=113s
  [difficulty_sampling_cldice_D1v2] [epoch 85/100] batch 120/300 (40%) loss=0.1693 elapsed=63s eta=95s
  [difficulty_sampling_cldice_D1v2] [epoch 85/100] batch 150/300 (50%) loss=0.1566 elapsed=78s eta=78s
  [difficulty_sampling_cldice_D1v2] [epoch 85/100] batch 180/300 (60%) loss=0.1461 elapsed=93s eta=62s
  [difficulty_sampling_cldice_D1v2] [epoch 85/100] batch 210/300 (70%) loss=0.1380 elapsed=110s eta=47s
  [difficulty_sampling_cldice_D1v2] [epoch 85/100] batch 240/300 (80%) loss=0.1302 elapsed=125s eta=31s
  [difficulty_sampling_cldice_D1v2] [epoch 85/100] batch 270/300 (90%) loss=0.1229 elapsed=140s eta=16s
  [difficulty_sampling_cldice_D1v2] [epoch 85/100] batch 300/300 (100%) loss=0.1170 elapsed=154s eta=0s
[difficulty_sampling_cldice_D1v2] [sampler] sampled: {0: 400, 1: 400, 2: 400} total=1200 spalling_ratio=24.33%
[difficulty_sampling_cldice_D1v2] [sampler] unique: {0: 400, 1: 400, 2: 400} unique_total=1200 dup_ratio=1.00x
  difficulty: mean=0.000 std=1.609
[difficulty_sampling_cldice_D1v2] [epoch 085/100] remain=15 epochs ep_eta=41.0min (avg 164s/ep)
[difficulty_sampling_cldice_D1v2] [epoch 085/100] lr=0.000004  dt=163.5s
  train loss=0.1170  ce=0.0706 dice=0.1493  tversky=0.0000 bd=0.0000  cldice=0.1406
  val   loss=0.3178
  IoU   bg=0.9776  crack=0.5726  spalling=0.7789  | mIoU_fg=0.6758  pix_acc=0.9782
  Dice  bg=0.9887  crack=0.7282  spalling=0.8757
  BF1   crack=0.7509  spalling=0.6693  | BF1_fg_mean=0.7101
[difficulty_sampling_cldice_D1v2] [curriculum] epoch 86: stage=2 tiers=[0, 1, 2] pool={0: 400, 1: 400, 2: 400}
  [difficulty_sampling_cldice_D1v2] [epoch 86/100] batch 30/300 (10%) loss=0.2267 elapsed=16s eta=148s
  [difficulty_sampling_cldice_D1v2] [epoch 86/100] batch 60/300 (20%) loss=0.2002 elapsed=33s eta=131s
  [difficulty_sampling_cldice_D1v2] [epoch 86/100] batch 90/300 (30%) loss=0.1818 elapsed=49s eta=115s
  [difficulty_sampling_cldice_D1v2] [epoch 86/100] batch 120/300 (40%) loss=0.1675 elapsed=65s eta=98s
  [difficulty_sampling_cldice_D1v2] [epoch 86/100] batch 150/300 (50%) loss=0.1552 elapsed=81s eta=81s
  [difficulty_sampling_cldice_D1v2] [epoch 86/100] batch 180/300 (60%) loss=0.1449 elapsed=99s eta=66s
  [difficulty_sampling_cldice_D1v2] [epoch 86/100] batch 210/300 (70%) loss=0.1369 elapsed=116s eta=50s
  [difficulty_sampling_cldice_D1v2] [epoch 86/100] batch 240/300 (80%) loss=0.1293 elapsed=133s eta=33s
  [difficulty_sampling_cldice_D1v2] [epoch 86/100] batch 270/300 (90%) loss=0.1223 elapsed=149s eta=17s
  [difficulty_sampling_cldice_D1v2] [epoch 86/100] batch 300/300 (100%) loss=0.1164 elapsed=162s eta=0s
[difficulty_sampling_cldice_D1v2] [sampler] sampled: {0: 400, 1: 400, 2: 400} total=1200 spalling_ratio=24.33%
[difficulty_sampling_cldice_D1v2] [sampler] unique: {0: 400, 1: 400, 2: 400} unique_total=1200 dup_ratio=1.00x
  difficulty: mean=0.000 std=1.609
[difficulty_sampling_cldice_D1v2] [epoch 086/100] remain=14 epochs ep_eta=38.3min (avg 164s/ep)
[difficulty_sampling_cldice_D1v2] [epoch 086/100] lr=0.000003  dt=162.5s
  train loss=0.1164  ce=0.0698 dice=0.1492  tversky=0.0000 bd=0.0000  cldice=0.1385
  val   skipped (next val at epoch 90)
[difficulty_sampling_cldice_D1v2] [curriculum] epoch 87: stage=2 tiers=[0, 1, 2] pool={0: 400, 1: 400, 2: 400}
  [difficulty_sampling_cldice_D1v2] [epoch 87/100] batch 30/300 (10%) loss=0.2224 elapsed=16s eta=145s
  [difficulty_sampling_cldice_D1v2] [epoch 87/100] batch 60/300 (20%) loss=0.2005 elapsed=32s eta=129s
  [difficulty_sampling_cldice_D1v2] [epoch 87/100] batch 90/300 (30%) loss=0.1830 elapsed=48s eta=112s
  [difficulty_sampling_cldice_D1v2] [epoch 87/100] batch 120/300 (40%) loss=0.1665 elapsed=64s eta=95s
  [difficulty_sampling_cldice_D1v2] [epoch 87/100] batch 150/300 (50%) loss=0.1532 elapsed=79s eta=79s
  [difficulty_sampling_cldice_D1v2] [epoch 87/100] batch 180/300 (60%) loss=0.1441 elapsed=95s eta=63s
  [difficulty_sampling_cldice_D1v2] [epoch 87/100] batch 210/300 (70%) loss=0.1360 elapsed=111s eta=48s
  [difficulty_sampling_cldice_D1v2] [epoch 87/100] batch 240/300 (80%) loss=0.1280 elapsed=127s eta=32s
  [difficulty_sampling_cldice_D1v2] [epoch 87/100] batch 270/300 (90%) loss=0.1209 elapsed=143s eta=16s
  [difficulty_sampling_cldice_D1v2] [epoch 87/100] batch 300/300 (100%) loss=0.1154 elapsed=157s eta=0s
[difficulty_sampling_cldice_D1v2] [sampler] sampled: {0: 400, 1: 400, 2: 400} total=1200 spalling_ratio=24.33%
[difficulty_sampling_cldice_D1v2] [sampler] unique: {0: 400, 1: 400, 2: 400} unique_total=1200 dup_ratio=1.00x
  difficulty: mean=0.000 std=1.610
[difficulty_sampling_cldice_D1v2] [epoch 087/100] remain=13 epochs ep_eta=35.5min (avg 164s/ep)
[difficulty_sampling_cldice_D1v2] [epoch 087/100] lr=0.000003  dt=156.8s
  train loss=0.1154  ce=0.0703 dice=0.1466  tversky=0.0000 bd=0.0000  cldice=0.1392
  val   skipped (next val at epoch 90)
[difficulty_sampling_cldice_D1v2] [curriculum] epoch 88: stage=2 tiers=[0, 1, 2] pool={0: 400, 1: 400, 2: 400}
  [difficulty_sampling_cldice_D1v2] [epoch 88/100] batch 30/300 (10%) loss=0.2285 elapsed=16s eta=148s
  [difficulty_sampling_cldice_D1v2] [epoch 88/100] batch 60/300 (20%) loss=0.1997 elapsed=32s eta=129s
  [difficulty_sampling_cldice_D1v2] [epoch 88/100] batch 90/300 (30%) loss=0.1823 elapsed=48s eta=113s
  [difficulty_sampling_cldice_D1v2] [epoch 88/100] batch 120/300 (40%) loss=0.1648 elapsed=65s eta=97s
  [difficulty_sampling_cldice_D1v2] [epoch 88/100] batch 150/300 (50%) loss=0.1522 elapsed=80s eta=80s
  [difficulty_sampling_cldice_D1v2] [epoch 88/100] batch 180/300 (60%) loss=0.1432 elapsed=95s eta=63s
  [difficulty_sampling_cldice_D1v2] [epoch 88/100] batch 210/300 (70%) loss=0.1355 elapsed=111s eta=47s
  [difficulty_sampling_cldice_D1v2] [epoch 88/100] batch 240/300 (80%) loss=0.1284 elapsed=127s eta=32s
  [difficulty_sampling_cldice_D1v2] [epoch 88/100] batch 270/300 (90%) loss=0.1215 elapsed=143s eta=16s
  [difficulty_sampling_cldice_D1v2] [epoch 88/100] batch 300/300 (100%) loss=0.1158 elapsed=157s eta=0s
[difficulty_sampling_cldice_D1v2] [sampler] sampled: {0: 400, 1: 400, 2: 400} total=1200 spalling_ratio=24.33%
[difficulty_sampling_cldice_D1v2] [sampler] unique: {0: 400, 1: 400, 2: 400} unique_total=1200 dup_ratio=1.00x
  difficulty: mean=0.000 std=1.611
[difficulty_sampling_cldice_D1v2] [epoch 088/100] remain=12 epochs ep_eta=32.8min (avg 164s/ep)
[difficulty_sampling_cldice_D1v2] [epoch 088/100] lr=0.000002  dt=157.4s
  train loss=0.1158  ce=0.0695 dice=0.1482  tversky=0.0000 bd=0.0000  cldice=0.1387
  val   skipped (next val at epoch 90)
[difficulty_sampling_cldice_D1v2] [curriculum] epoch 89: stage=2 tiers=[0, 1, 2] pool={0: 400, 1: 400, 2: 400}
  [difficulty_sampling_cldice_D1v2] [epoch 89/100] batch 30/300 (10%) loss=0.2313 elapsed=17s eta=155s
  [difficulty_sampling_cldice_D1v2] [epoch 89/100] batch 60/300 (20%) loss=0.2073 elapsed=33s eta=130s
  [difficulty_sampling_cldice_D1v2] [epoch 89/100] batch 90/300 (30%) loss=0.1866 elapsed=48s eta=112s
  [difficulty_sampling_cldice_D1v2] [epoch 89/100] batch 120/300 (40%) loss=0.1710 elapsed=63s eta=95s
  [difficulty_sampling_cldice_D1v2] [epoch 89/100] batch 150/300 (50%) loss=0.1559 elapsed=79s eta=79s
  [difficulty_sampling_cldice_D1v2] [epoch 89/100] batch 180/300 (60%) loss=0.1452 elapsed=95s eta=63s
  [difficulty_sampling_cldice_D1v2] [epoch 89/100] batch 210/300 (70%) loss=0.1376 elapsed=111s eta=47s
  [difficulty_sampling_cldice_D1v2] [epoch 89/100] batch 240/300 (80%) loss=0.1295 elapsed=126s eta=32s
  [difficulty_sampling_cldice_D1v2] [epoch 89/100] batch 270/300 (90%) loss=0.1227 elapsed=142s eta=16s
  [difficulty_sampling_cldice_D1v2] [epoch 89/100] batch 300/300 (100%) loss=0.1169 elapsed=156s eta=0s
[difficulty_sampling_cldice_D1v2] [sampler] sampled: {0: 400, 1: 400, 2: 400} total=1200 spalling_ratio=24.33%
[difficulty_sampling_cldice_D1v2] [sampler] unique: {0: 400, 1: 400, 2: 400} unique_total=1200 dup_ratio=1.00x
  difficulty: mean=0.000 std=1.611
[difficulty_sampling_cldice_D1v2] [epoch 089/100] remain=11 epochs ep_eta=30.0min (avg 164s/ep)
[difficulty_sampling_cldice_D1v2] [epoch 089/100] lr=0.000002  dt=155.8s
  train loss=0.1169  ce=0.0701 dice=0.1497  tversky=0.0000 bd=0.0000  cldice=0.1392
  val   skipped (next val at epoch 90)
[difficulty_sampling_cldice_D1v2] [curriculum] epoch 90: stage=2 tiers=[0, 1, 2] pool={0: 400, 1: 400, 2: 400}
  [difficulty_sampling_cldice_D1v2] [epoch 90/100] batch 30/300 (10%) loss=0.2303 elapsed=16s eta=147s
  [difficulty_sampling_cldice_D1v2] [epoch 90/100] batch 60/300 (20%) loss=0.1994 elapsed=33s eta=132s
  [difficulty_sampling_cldice_D1v2] [epoch 90/100] batch 90/300 (30%) loss=0.1807 elapsed=48s eta=113s
  [difficulty_sampling_cldice_D1v2] [epoch 90/100] batch 120/300 (40%) loss=0.1637 elapsed=64s eta=96s
  [difficulty_sampling_cldice_D1v2] [epoch 90/100] batch 150/300 (50%) loss=0.1514 elapsed=80s eta=80s
  [difficulty_sampling_cldice_D1v2] [epoch 90/100] batch 180/300 (60%) loss=0.1427 elapsed=96s eta=64s
  [difficulty_sampling_cldice_D1v2] [epoch 90/100] batch 210/300 (70%) loss=0.1340 elapsed=112s eta=48s
  [difficulty_sampling_cldice_D1v2] [epoch 90/100] batch 240/300 (80%) loss=0.1264 elapsed=127s eta=32s
  [difficulty_sampling_cldice_D1v2] [epoch 90/100] batch 270/300 (90%) loss=0.1197 elapsed=143s eta=16s
  [difficulty_sampling_cldice_D1v2] [epoch 90/100] batch 300/300 (100%) loss=0.1142 elapsed=156s eta=0s
[difficulty_sampling_cldice_D1v2] [sampler] sampled: {0: 400, 1: 400, 2: 400} total=1200 spalling_ratio=24.33%
[difficulty_sampling_cldice_D1v2] [sampler] unique: {0: 400, 1: 400, 2: 400} unique_total=1200 dup_ratio=1.00x
  difficulty: mean=0.000 std=1.611
[difficulty_sampling_cldice_D1v2] [epoch 090/100] remain=10 epochs ep_eta=27.3min (avg 164s/ep)
[difficulty_sampling_cldice_D1v2] [epoch 090/100] lr=0.000002  dt=166.0s
  train loss=0.1142  ce=0.0695 dice=0.1451  tversky=0.0000 bd=0.0000  cldice=0.1382
  val   loss=0.3163
  IoU   bg=0.9777  crack=0.5728  spalling=0.7824  | mIoU_fg=0.6776  pix_acc=0.9783
  Dice  bg=0.9887  crack=0.7284  spalling=0.8779
  BF1   crack=0.7505  spalling=0.6688  | BF1_fg_mean=0.7096
[difficulty_sampling_cldice_D1v2] [curriculum] epoch 91: stage=2 tiers=[0, 1, 2] pool={0: 400, 1: 400, 2: 400}
  [difficulty_sampling_cldice_D1v2] [epoch 91/100] batch 30/300 (10%) loss=0.2278 elapsed=19s eta=168s
  [difficulty_sampling_cldice_D1v2] [epoch 91/100] batch 60/300 (20%) loss=0.1983 elapsed=36s eta=143s
  [difficulty_sampling_cldice_D1v2] [epoch 91/100] batch 90/300 (30%) loss=0.1812 elapsed=53s eta=123s
  [difficulty_sampling_cldice_D1v2] [epoch 91/100] batch 120/300 (40%) loss=0.1656 elapsed=69s eta=103s
  [difficulty_sampling_cldice_D1v2] [epoch 91/100] batch 150/300 (50%) loss=0.1542 elapsed=84s eta=84s
  [difficulty_sampling_cldice_D1v2] [epoch 91/100] batch 180/300 (60%) loss=0.1442 elapsed=99s eta=66s
  [difficulty_sampling_cldice_D1v2] [epoch 91/100] batch 210/300 (70%) loss=0.1358 elapsed=115s eta=49s
  [difficulty_sampling_cldice_D1v2] [epoch 91/100] batch 240/300 (80%) loss=0.1285 elapsed=131s eta=33s
  [difficulty_sampling_cldice_D1v2] [epoch 91/100] batch 270/300 (90%) loss=0.1223 elapsed=146s eta=16s
  [difficulty_sampling_cldice_D1v2] [epoch 91/100] batch 300/300 (100%) loss=0.1161 elapsed=160s eta=0s
[difficulty_sampling_cldice_D1v2] [sampler] sampled: {0: 400, 1: 400, 2: 400} total=1200 spalling_ratio=24.33%
[difficulty_sampling_cldice_D1v2] [sampler] unique: {0: 400, 1: 400, 2: 400} unique_total=1200 dup_ratio=1.00x
  difficulty: mean=0.000 std=1.611
[difficulty_sampling_cldice_D1v2] [epoch 091/100] remain=9 epochs ep_eta=24.6min (avg 164s/ep)
[difficulty_sampling_cldice_D1v2] [epoch 091/100] lr=0.000001  dt=169.6s
  train loss=0.1161  ce=0.0700 dice=0.1483  tversky=0.0000 bd=0.0000  cldice=0.1382
  val   loss=0.3189
  IoU   bg=0.9778  crack=0.5736  spalling=0.7757  | mIoU_fg=0.6746  pix_acc=0.9783
  Dice  bg=0.9888  crack=0.7290  spalling=0.8737
  BF1   crack=0.7520  spalling=0.6657  | BF1_fg_mean=0.7088
[difficulty_sampling_cldice_D1v2] [curriculum] epoch 92: stage=2 tiers=[0, 1, 2] pool={0: 400, 1: 400, 2: 400}
  [difficulty_sampling_cldice_D1v2] [epoch 92/100] batch 30/300 (10%) loss=0.2317 elapsed=17s eta=157s
  [difficulty_sampling_cldice_D1v2] [epoch 92/100] batch 60/300 (20%) loss=0.2029 elapsed=34s eta=135s
  [difficulty_sampling_cldice_D1v2] [epoch 92/100] batch 90/300 (30%) loss=0.1819 elapsed=50s eta=117s
  [difficulty_sampling_cldice_D1v2] [epoch 92/100] batch 120/300 (40%) loss=0.1673 elapsed=66s eta=100s
  [difficulty_sampling_cldice_D1v2] [epoch 92/100] batch 150/300 (50%) loss=0.1545 elapsed=82s eta=82s
  [difficulty_sampling_cldice_D1v2] [epoch 92/100] batch 180/300 (60%) loss=0.1443 elapsed=98s eta=65s
  [difficulty_sampling_cldice_D1v2] [epoch 92/100] batch 210/300 (70%) loss=0.1356 elapsed=113s eta=49s
  [difficulty_sampling_cldice_D1v2] [epoch 92/100] batch 240/300 (80%) loss=0.1274 elapsed=129s eta=32s
  [difficulty_sampling_cldice_D1v2] [epoch 92/100] batch 270/300 (90%) loss=0.1202 elapsed=145s eta=16s
  [difficulty_sampling_cldice_D1v2] [epoch 92/100] batch 300/300 (100%) loss=0.1142 elapsed=158s eta=0s
[difficulty_sampling_cldice_D1v2] [sampler] sampled: {0: 400, 1: 400, 2: 400} total=1200 spalling_ratio=24.33%
[difficulty_sampling_cldice_D1v2] [sampler] unique: {0: 400, 1: 400, 2: 400} unique_total=1200 dup_ratio=1.00x
  difficulty: mean=0.000 std=1.611
[difficulty_sampling_cldice_D1v2] [epoch 092/100] remain=8 epochs ep_eta=21.9min (avg 164s/ep)
[difficulty_sampling_cldice_D1v2] [epoch 092/100] lr=0.000001  dt=168.0s
  train loss=0.1142  ce=0.0689 dice=0.1458  tversky=0.0000 bd=0.0000  cldice=0.1365
  val   loss=0.3189
  IoU   bg=0.9776  crack=0.5720  spalling=0.7742  | mIoU_fg=0.6731  pix_acc=0.9782
  Dice  bg=0.9887  crack=0.7277  spalling=0.8727
  BF1   crack=0.7506  spalling=0.6669  | BF1_fg_mean=0.7088
[difficulty_sampling_cldice_D1v2] [curriculum] epoch 93: stage=2 tiers=[0, 1, 2] pool={0: 400, 1: 400, 2: 400}
  [difficulty_sampling_cldice_D1v2] [epoch 93/100] batch 30/300 (10%) loss=0.2259 elapsed=17s eta=150s
  [difficulty_sampling_cldice_D1v2] [epoch 93/100] batch 60/300 (20%) loss=0.2020 elapsed=32s eta=130s
  [difficulty_sampling_cldice_D1v2] [epoch 93/100] batch 90/300 (30%) loss=0.1852 elapsed=48s eta=112s
  [difficulty_sampling_cldice_D1v2] [epoch 93/100] batch 120/300 (40%) loss=0.1684 elapsed=64s eta=96s
  [difficulty_sampling_cldice_D1v2] [epoch 93/100] batch 150/300 (50%) loss=0.1558 elapsed=80s eta=80s
  [difficulty_sampling_cldice_D1v2] [epoch 93/100] batch 180/300 (60%) loss=0.1454 elapsed=96s eta=64s
  [difficulty_sampling_cldice_D1v2] [epoch 93/100] batch 210/300 (70%) loss=0.1363 elapsed=111s eta=48s
  [difficulty_sampling_cldice_D1v2] [epoch 93/100] batch 240/300 (80%) loss=0.1284 elapsed=127s eta=32s
  [difficulty_sampling_cldice_D1v2] [epoch 93/100] batch 270/300 (90%) loss=0.1209 elapsed=142s eta=16s
  [difficulty_sampling_cldice_D1v2] [epoch 93/100] batch 300/300 (100%) loss=0.1151 elapsed=155s eta=0s
[difficulty_sampling_cldice_D1v2] [sampler] sampled: {0: 400, 1: 400, 2: 400} total=1200 spalling_ratio=24.33%
[difficulty_sampling_cldice_D1v2] [sampler] unique: {0: 400, 1: 400, 2: 400} unique_total=1200 dup_ratio=1.00x
  difficulty: mean=0.000 std=1.611
[difficulty_sampling_cldice_D1v2] [epoch 093/100] remain=7 epochs ep_eta=19.1min (avg 164s/ep)
[difficulty_sampling_cldice_D1v2] [epoch 093/100] lr=0.000001  dt=164.6s
  train loss=0.1151  ce=0.0691 dice=0.1474  tversky=0.0000 bd=0.0000  cldice=0.1369
  val   loss=0.3220
  IoU   bg=0.9778  crack=0.5704  spalling=0.7742  | mIoU_fg=0.6723  pix_acc=0.9784
  Dice  bg=0.9888  crack=0.7265  spalling=0.8727
  BF1   crack=0.7514  spalling=0.6638  | BF1_fg_mean=0.7076
[difficulty_sampling_cldice_D1v2] [curriculum] epoch 94: stage=2 tiers=[0, 1, 2] pool={0: 400, 1: 400, 2: 400}
  [difficulty_sampling_cldice_D1v2] [epoch 94/100] batch 30/300 (10%) loss=0.2209 elapsed=16s eta=147s
  [difficulty_sampling_cldice_D1v2] [epoch 94/100] batch 60/300 (20%) loss=0.2017 elapsed=32s eta=126s
  [difficulty_sampling_cldice_D1v2] [epoch 94/100] batch 90/300 (30%) loss=0.1835 elapsed=48s eta=111s
  [difficulty_sampling_cldice_D1v2] [epoch 94/100] batch 120/300 (40%) loss=0.1675 elapsed=63s eta=95s
  [difficulty_sampling_cldice_D1v2] [epoch 94/100] batch 150/300 (50%) loss=0.1549 elapsed=79s eta=79s
  [difficulty_sampling_cldice_D1v2] [epoch 94/100] batch 180/300 (60%) loss=0.1451 elapsed=94s eta=63s
  [difficulty_sampling_cldice_D1v2] [epoch 94/100] batch 210/300 (70%) loss=0.1365 elapsed=109s eta=47s
  [difficulty_sampling_cldice_D1v2] [epoch 94/100] batch 240/300 (80%) loss=0.1284 elapsed=125s eta=31s
  [difficulty_sampling_cldice_D1v2] [epoch 94/100] batch 270/300 (90%) loss=0.1212 elapsed=139s eta=15s
  [difficulty_sampling_cldice_D1v2] [epoch 94/100] batch 300/300 (100%) loss=0.1153 elapsed=153s eta=0s
[difficulty_sampling_cldice_D1v2] [sampler] sampled: {0: 400, 1: 400, 2: 400} total=1200 spalling_ratio=24.33%
[difficulty_sampling_cldice_D1v2] [sampler] unique: {0: 400, 1: 400, 2: 400} unique_total=1200 dup_ratio=1.00x
  difficulty: mean=0.000 std=1.611
[difficulty_sampling_cldice_D1v2] [epoch 094/100] remain=6 epochs ep_eta=16.4min (avg 164s/ep)
[difficulty_sampling_cldice_D1v2] [epoch 094/100] lr=0.000001  dt=162.3s
  train loss=0.1153  ce=0.0697 dice=0.1472  tversky=0.0000 bd=0.0000  cldice=0.1380
  val   loss=0.3186
  IoU   bg=0.9778  crack=0.5730  spalling=0.7809  | mIoU_fg=0.6770  pix_acc=0.9783
  Dice  bg=0.9888  crack=0.7286  spalling=0.8769
  BF1   crack=0.7513  spalling=0.6737  | BF1_fg_mean=0.7125
[difficulty_sampling_cldice_D1v2] [curriculum] epoch 95: stage=2 tiers=[0, 1, 2] pool={0: 400, 1: 400, 2: 400}
  [difficulty_sampling_cldice_D1v2] [epoch 95/100] batch 30/300 (10%) loss=0.2300 elapsed=16s eta=145s
  [difficulty_sampling_cldice_D1v2] [epoch 95/100] batch 60/300 (20%) loss=0.2002 elapsed=32s eta=128s
  [difficulty_sampling_cldice_D1v2] [epoch 95/100] batch 90/300 (30%) loss=0.1824 elapsed=48s eta=111s
  [difficulty_sampling_cldice_D1v2] [epoch 95/100] batch 120/300 (40%) loss=0.1663 elapsed=63s eta=95s
  [difficulty_sampling_cldice_D1v2] [epoch 95/100] batch 150/300 (50%) loss=0.1524 elapsed=79s eta=79s
  [difficulty_sampling_cldice_D1v2] [epoch 95/100] batch 180/300 (60%) loss=0.1430 elapsed=94s eta=63s
  [difficulty_sampling_cldice_D1v2] [epoch 95/100] batch 210/300 (70%) loss=0.1351 elapsed=110s eta=47s
  [difficulty_sampling_cldice_D1v2] [epoch 95/100] batch 240/300 (80%) loss=0.1277 elapsed=125s eta=31s
  [difficulty_sampling_cldice_D1v2] [epoch 95/100] batch 270/300 (90%) loss=0.1203 elapsed=141s eta=16s
  [difficulty_sampling_cldice_D1v2] [epoch 95/100] batch 300/300 (100%) loss=0.1147 elapsed=154s eta=0s
[difficulty_sampling_cldice_D1v2] [sampler] sampled: {0: 400, 1: 400, 2: 400} total=1200 spalling_ratio=24.33%
[difficulty_sampling_cldice_D1v2] [sampler] unique: {0: 400, 1: 400, 2: 400} unique_total=1200 dup_ratio=1.00x
  difficulty: mean=0.000 std=1.611
[difficulty_sampling_cldice_D1v2] [epoch 095/100] remain=5 epochs ep_eta=13.7min (avg 164s/ep)
[difficulty_sampling_cldice_D1v2] [epoch 095/100] lr=0.000000  dt=163.8s
  train loss=0.1147  ce=0.0697 dice=0.1460  tversky=0.0000 bd=0.0000  cldice=0.1378
  val   loss=0.3215
  IoU   bg=0.9778  crack=0.5706  spalling=0.7770  | mIoU_fg=0.6738  pix_acc=0.9783
  Dice  bg=0.9888  crack=0.7266  spalling=0.8745
  BF1   crack=0.7514  spalling=0.6645  | BF1_fg_mean=0.7079
[difficulty_sampling_cldice_D1v2] [curriculum] epoch 96: stage=2 tiers=[0, 1, 2] pool={0: 400, 1: 400, 2: 400}
  [difficulty_sampling_cldice_D1v2] [epoch 96/100] batch 30/300 (10%) loss=0.2315 elapsed=17s eta=149s
  [difficulty_sampling_cldice_D1v2] [epoch 96/100] batch 60/300 (20%) loss=0.1985 elapsed=32s eta=129s
  [difficulty_sampling_cldice_D1v2] [epoch 96/100] batch 90/300 (30%) loss=0.1809 elapsed=48s eta=112s
  [difficulty_sampling_cldice_D1v2] [epoch 96/100] batch 120/300 (40%) loss=0.1635 elapsed=64s eta=95s
  [difficulty_sampling_cldice_D1v2] [epoch 96/100] batch 150/300 (50%) loss=0.1519 elapsed=80s eta=80s
  [difficulty_sampling_cldice_D1v2] [epoch 96/100] batch 180/300 (60%) loss=0.1423 elapsed=96s eta=64s
  [difficulty_sampling_cldice_D1v2] [epoch 96/100] batch 210/300 (70%) loss=0.1337 elapsed=113s eta=48s
  [difficulty_sampling_cldice_D1v2] [epoch 96/100] batch 240/300 (80%) loss=0.1262 elapsed=129s eta=32s
  [difficulty_sampling_cldice_D1v2] [epoch 96/100] batch 270/300 (90%) loss=0.1191 elapsed=146s eta=16s
  [difficulty_sampling_cldice_D1v2] [epoch 96/100] batch 300/300 (100%) loss=0.1138 elapsed=160s eta=0s
[difficulty_sampling_cldice_D1v2] [sampler] sampled: {0: 400, 1: 400, 2: 400} total=1200 spalling_ratio=24.33%
[difficulty_sampling_cldice_D1v2] [sampler] unique: {0: 400, 1: 400, 2: 400} unique_total=1200 dup_ratio=1.00x
  difficulty: mean=0.000 std=1.610
[difficulty_sampling_cldice_D1v2] [epoch 096/100] remain=4 epochs ep_eta=10.9min (avg 164s/ep)
[difficulty_sampling_cldice_D1v2] [epoch 096/100] lr=0.000000  dt=170.2s
  train loss=0.1138  ce=0.0688 dice=0.1451  tversky=0.0000 bd=0.0000  cldice=0.1368
  val   loss=0.3215
  IoU   bg=0.9778  crack=0.5713  spalling=0.7749  | mIoU_fg=0.6731  pix_acc=0.9783
  Dice  bg=0.9888  crack=0.7272  spalling=0.8732
  BF1   crack=0.7519  spalling=0.6638  | BF1_fg_mean=0.7079
[difficulty_sampling_cldice_D1v2] [curriculum] epoch 97: stage=2 tiers=[0, 1, 2] pool={0: 400, 1: 400, 2: 400}
  [difficulty_sampling_cldice_D1v2] [epoch 97/100] batch 30/300 (10%) loss=0.2335 elapsed=20s eta=177s
  [difficulty_sampling_cldice_D1v2] [epoch 97/100] batch 60/300 (20%) loss=0.2009 elapsed=37s eta=148s
  [difficulty_sampling_cldice_D1v2] [epoch 97/100] batch 90/300 (30%) loss=0.1820 elapsed=53s eta=124s
  [difficulty_sampling_cldice_D1v2] [epoch 97/100] batch 120/300 (40%) loss=0.1665 elapsed=69s eta=104s
  [difficulty_sampling_cldice_D1v2] [epoch 97/100] batch 150/300 (50%) loss=0.1544 elapsed=85s eta=85s
  [difficulty_sampling_cldice_D1v2] [epoch 97/100] batch 180/300 (60%) loss=0.1442 elapsed=101s eta=68s
  [difficulty_sampling_cldice_D1v2] [epoch 97/100] batch 210/300 (70%) loss=0.1365 elapsed=118s eta=50s
  [difficulty_sampling_cldice_D1v2] [epoch 97/100] batch 240/300 (80%) loss=0.1291 elapsed=133s eta=33s
  [difficulty_sampling_cldice_D1v2] [epoch 97/100] batch 270/300 (90%) loss=0.1218 elapsed=149s eta=17s
  [difficulty_sampling_cldice_D1v2] [epoch 97/100] batch 300/300 (100%) loss=0.1161 elapsed=162s eta=0s
[difficulty_sampling_cldice_D1v2] [sampler] sampled: {0: 400, 1: 400, 2: 400} total=1200 spalling_ratio=24.33%
[difficulty_sampling_cldice_D1v2] [sampler] unique: {0: 400, 1: 400, 2: 400} unique_total=1200 dup_ratio=1.00x
  difficulty: mean=0.000 std=1.610
[difficulty_sampling_cldice_D1v2] [epoch 097/100] remain=3 epochs ep_eta=8.2min (avg 164s/ep)
[difficulty_sampling_cldice_D1v2] [epoch 097/100] lr=0.000000  dt=171.6s
  train loss=0.1161  ce=0.0700 dice=0.1483  tversky=0.0000 bd=0.0000  cldice=0.1383
  val   loss=0.3192
  IoU   bg=0.9777  crack=0.5714  spalling=0.7741  | mIoU_fg=0.6728  pix_acc=0.9782
  Dice  bg=0.9887  crack=0.7273  spalling=0.8727
  BF1   crack=0.7517  spalling=0.6656  | BF1_fg_mean=0.7087
[difficulty_sampling_cldice_D1v2] [curriculum] epoch 98: stage=2 tiers=[0, 1, 2] pool={0: 400, 1: 400, 2: 400}
  [difficulty_sampling_cldice_D1v2] [epoch 98/100] batch 30/300 (10%) loss=0.2212 elapsed=17s eta=155s
  [difficulty_sampling_cldice_D1v2] [epoch 98/100] batch 60/300 (20%) loss=0.2004 elapsed=34s eta=136s
  [difficulty_sampling_cldice_D1v2] [epoch 98/100] batch 90/300 (30%) loss=0.1793 elapsed=50s eta=117s
  [difficulty_sampling_cldice_D1v2] [epoch 98/100] batch 120/300 (40%) loss=0.1628 elapsed=66s eta=99s
  [difficulty_sampling_cldice_D1v2] [epoch 98/100] batch 150/300 (50%) loss=0.1524 elapsed=82s eta=82s
  [difficulty_sampling_cldice_D1v2] [epoch 98/100] batch 180/300 (60%) loss=0.1427 elapsed=99s eta=66s
  [difficulty_sampling_cldice_D1v2] [epoch 98/100] batch 210/300 (70%) loss=0.1344 elapsed=115s eta=49s
  [difficulty_sampling_cldice_D1v2] [epoch 98/100] batch 240/300 (80%) loss=0.1268 elapsed=130s eta=33s
  [difficulty_sampling_cldice_D1v2] [epoch 98/100] batch 270/300 (90%) loss=0.1198 elapsed=146s eta=16s
  [difficulty_sampling_cldice_D1v2] [epoch 98/100] batch 300/300 (100%) loss=0.1143 elapsed=160s eta=0s
[difficulty_sampling_cldice_D1v2] [sampler] sampled: {0: 400, 1: 400, 2: 400} total=1200 spalling_ratio=24.33%
[difficulty_sampling_cldice_D1v2] [sampler] unique: {0: 400, 1: 400, 2: 400} unique_total=1200 dup_ratio=1.00x
  difficulty: mean=0.000 std=1.610
[difficulty_sampling_cldice_D1v2] [epoch 098/100] remain=2 epochs ep_eta=5.5min (avg 164s/ep)
[difficulty_sampling_cldice_D1v2] [epoch 098/100] lr=0.000000  dt=169.8s
  train loss=0.1143  ce=0.0687 dice=0.1462  tversky=0.0000 bd=0.0000  cldice=0.1360
  val   loss=0.3201
  IoU   bg=0.9777  crack=0.5715  spalling=0.7753  | mIoU_fg=0.6734  pix_acc=0.9782
  Dice  bg=0.9887  crack=0.7273  spalling=0.8735
  BF1   crack=0.7515  spalling=0.6692  | BF1_fg_mean=0.7103
[difficulty_sampling_cldice_D1v2] [curriculum] epoch 99: stage=2 tiers=[0, 1, 2] pool={0: 400, 1: 400, 2: 400}
  [difficulty_sampling_cldice_D1v2] [epoch 99/100] batch 30/300 (10%) loss=0.2199 elapsed=16s eta=148s
  [difficulty_sampling_cldice_D1v2] [epoch 99/100] batch 60/300 (20%) loss=0.2009 elapsed=32s eta=127s
  [difficulty_sampling_cldice_D1v2] [epoch 99/100] batch 90/300 (30%) loss=0.1840 elapsed=47s eta=111s
  [difficulty_sampling_cldice_D1v2] [epoch 99/100] batch 120/300 (40%) loss=0.1673 elapsed=64s eta=96s
  [difficulty_sampling_cldice_D1v2] [epoch 99/100] batch 150/300 (50%) loss=0.1545 elapsed=80s eta=80s
  [difficulty_sampling_cldice_D1v2] [epoch 99/100] batch 180/300 (60%) loss=0.1437 elapsed=96s eta=64s
  [difficulty_sampling_cldice_D1v2] [epoch 99/100] batch 210/300 (70%) loss=0.1357 elapsed=113s eta=48s
  [difficulty_sampling_cldice_D1v2] [epoch 99/100] batch 240/300 (80%) loss=0.1276 elapsed=129s eta=32s
  [difficulty_sampling_cldice_D1v2] [epoch 99/100] batch 270/300 (90%) loss=0.1208 elapsed=145s eta=16s
  [difficulty_sampling_cldice_D1v2] [epoch 99/100] batch 300/300 (100%) loss=0.1152 elapsed=159s eta=0s
[difficulty_sampling_cldice_D1v2] [sampler] sampled: {0: 400, 1: 400, 2: 400} total=1200 spalling_ratio=24.33%
[difficulty_sampling_cldice_D1v2] [sampler] unique: {0: 400, 1: 400, 2: 400} unique_total=1200 dup_ratio=1.00x
  difficulty: mean=0.000 std=1.610
[difficulty_sampling_cldice_D1v2] [epoch 099/100] remain=1 epochs ep_eta=2.7min (avg 164s/ep)
[difficulty_sampling_cldice_D1v2] [epoch 099/100] lr=0.000000  dt=168.6s
  train loss=0.1152  ce=0.0693 dice=0.1473  tversky=0.0000 bd=0.0000  cldice=0.1378
  val   loss=0.3208
  IoU   bg=0.9778  crack=0.5706  spalling=0.7748  | mIoU_fg=0.6727  pix_acc=0.9783
  Dice  bg=0.9888  crack=0.7266  spalling=0.8731
  BF1   crack=0.7518  spalling=0.6682  | BF1_fg_mean=0.7100
[difficulty_sampling_cldice_D1v2] [curriculum] epoch 100: stage=2 tiers=[0, 1, 2] pool={0: 400, 1: 400, 2: 400}
  [difficulty_sampling_cldice_D1v2] [epoch 100/100] batch 30/300 (10%) loss=0.2260 elapsed=17s eta=156s
  [difficulty_sampling_cldice_D1v2] [epoch 100/100] batch 60/300 (20%) loss=0.2000 elapsed=33s eta=131s
  [difficulty_sampling_cldice_D1v2] [epoch 100/100] batch 90/300 (30%) loss=0.1820 elapsed=49s eta=113s
  [difficulty_sampling_cldice_D1v2] [epoch 100/100] batch 120/300 (40%) loss=0.1653 elapsed=64s eta=97s
  [difficulty_sampling_cldice_D1v2] [epoch 100/100] batch 150/300 (50%) loss=0.1525 elapsed=80s eta=80s
  [difficulty_sampling_cldice_D1v2] [epoch 100/100] batch 180/300 (60%) loss=0.1433 elapsed=96s eta=64s
  [difficulty_sampling_cldice_D1v2] [epoch 100/100] batch 210/300 (70%) loss=0.1343 elapsed=113s eta=48s
  [difficulty_sampling_cldice_D1v2] [epoch 100/100] batch 240/300 (80%) loss=0.1265 elapsed=129s eta=32s
  [difficulty_sampling_cldice_D1v2] [epoch 100/100] batch 270/300 (90%) loss=0.1202 elapsed=145s eta=16s
  [difficulty_sampling_cldice_D1v2] [epoch 100/100] batch 300/300 (100%) loss=0.1146 elapsed=159s eta=0s
[difficulty_sampling_cldice_D1v2] [sampler] sampled: {0: 400, 1: 400, 2: 400} total=1200 spalling_ratio=24.33%
[difficulty_sampling_cldice_D1v2] [sampler] unique: {0: 400, 1: 400, 2: 400} unique_total=1200 dup_ratio=1.00x
  difficulty: mean=0.000 std=1.611
[difficulty_sampling_cldice_D1v2] [epoch 100/100] remain=0 epochs ep_eta=0.0min (avg 164s/ep)
[difficulty_sampling_cldice_D1v2] [epoch 100/100] lr=0.000000  dt=168.3s
  train loss=0.1146  ce=0.0688 dice=0.1468  tversky=0.0000 bd=0.0000  cldice=0.1364
  val   loss=0.3208
  IoU   bg=0.9777  crack=0.5705  spalling=0.7747  | mIoU_fg=0.6726  pix_acc=0.9783
  Dice  bg=0.9887  crack=0.7265  spalling=0.8730
  BF1   crack=0.7512  spalling=0.6659  | BF1_fg_mean=0.7085

[train] final test eval using best checkpoint
IoU   bg=0.9772  crack=0.5663  spalling=0.8382  | mIoU_fg=0.7022  pix_acc=0.9779
Dice  bg=0.9885  crack=0.7231  spalling=0.9120
BF1   crack=0.7435  spalling=0.6713  | BF1_fg_mean=0.7074
clDice crack=0.8205
[train] wrote /workspace/dam-segmentation-baselines/full_method/runs/difficulty_sampling_cldice_D1v2/test_report.txt
[train] wrote /workspace/dam-segmentation-baselines/full_method/runs/difficulty_sampling_cldice_D1v2/curves.png
