Some weights of SegformerForSemanticSegmentation were not initialized from the model checkpoint at nvidia/segformer-b2-finetuned-ade-512-512 and are newly initialized because the shapes did not match:
- decode_head.classifier.weight: found shape torch.Size([150, 768, 1, 1]) in the checkpoint and torch.Size([3, 768, 1, 1]) in the model instantiated
- decode_head.classifier.bias: found shape torch.Size([150]) in the checkpoint and torch.Size([3]) in the model instantiated
You should probably TRAIN this model on a down-stream task to be able to use it for predictions and inference.
Some weights of SegformerForSemanticSegmentation were not initialized from the model checkpoint at nvidia/segformer-b2-finetuned-ade-512-512 and are newly initialized because the shapes did not match:
- decode_head.classifier.weight: found shape torch.Size([150, 768, 1, 1]) in the checkpoint and torch.Size([3, 768, 1, 1]) in the model instantiated
- decode_head.classifier.bias: found shape torch.Size([150]) in the checkpoint and torch.Size([3]) in the model instantiated
You should probably TRAIN this model on a down-stream task to be able to use it for predictions and inference.
[train] cuDNN warmup OK
[train] full_method (dkd14_equal_weight)
[train] device=cuda  torch=2.6.0+cu124  transformers=4.44.2
[train] cfg: pretrained=nvidia/segformer-b2-finetuned-ade-512-512 img=512 bs=4 grad_accum=1 epochs=100 lr=6e-05 warmup=5
[train] difficulty: alpha=1.0 beta=0.5 gamma=0.3 delta=0.3 ema=0.9 tau=0.5
[train] bonuses: spalling=0.3 late_hard_crack=0.4
[train] ablation switches: dynamic_difficulty=False class_sampling_bonus=False class_loss_schedule=False boundary_loss=False tversky_loss=False
[train] new switches: soft_curriculum=False softmax_sampling=False dynamic_loss_reweight=False (lambda=0.5) soft_boundary=False (start=0.6 max=0.1)
[train] cldice: use=False weight=0.15 start_epoch=40 iters=7
[train] srl: use=False weight=0.15 start_epoch=40
[train] snake_aux: use=False weight=0.1
[train] model_type=dscformer snake_channels=64 snake_kernel=9
[train] no_curriculum=True
[train] competence: hard=False soft=False c0=0.333 duration=70 floors=[0.05,0.02,0.0]
[train] MAC: use=False morph_diff=False adaptive_pacing=False class_loss=False diff_gamma=0.5 weights=[0.4,0.3,0.2,0.1]
[train] sizes: train=1200 val=150 test=150
[train] building records (scanning masks for has_spalling) ...
[train] records: {0: 400, 1: 400, 2: 400}  has_spalling=292/1200
[train] raw pixel frequency: {'background': 0.9522022684733072, 'crack': 0.03419326375325521, 'spalling': 0.0136044677734375}
[train] clipped weights    : {'background': 0.25, 'crack': 1.0811465739395691, 'spalling': 1.713974933006328}
[train] running OOM probe ...
[train] OOM probe OK
[train] mixed precision (AMP) enabled
[train] viz samples (6):
    Hard/H (99).jpg
    Hard/H (365).jpg
    Medium/M (127).jpg
    Medium/M (422).jpg
    Hard/H (431).jpg
    Hard/H (476).jpg
[KD] loading teacher 1 from /workspace/dam-segmentation-baselines/full_method/runs/dscformer_srl_G1/best.pt
[KD] teacher 1 loaded (epoch=91, val_mIoU_fg=0.701027307132969)
[KD] alpha=0.5 temperature=4.0
[KD] loading teacher 2 from /workspace/dam-segmentation-baselines/full_method/runs/sam_lora_srl_SAM2/best.pt
[TopoLoRA-SAM] loaded SAM ViT-B from sam_vit_b_01ec64.pth
[TopoLoRA-SAM] injected LoRA into 48 layers (rank=16)
[TopoLoRA-SAM] total params: 95.8M, trainable: 6.1M (6.4%)
[KD] teacher 2 loaded (epoch=40, val_mIoU_fg=0.6944438789823197)
[KD] dual-teacher mode: equal-weight (t1=0.5, t2=0.5)
[dkd14_equal_weight] [curriculum] epoch 1: stage=0 tiers=[0] pool={0: 400, 1: 0, 2: 0}
  [dkd14_equal_weight] [epoch 1/100] batch 30/300 (10%) loss=1730720.4417 elapsed=13s eta=114s
  [dkd14_equal_weight] [epoch 1/100] batch 60/300 (20%) loss=1743725.3333 elapsed=24s eta=98s
  [dkd14_equal_weight] [epoch 1/100] batch 90/300 (30%) loss=1746459.9750 elapsed=36s eta=85s
  [dkd14_equal_weight] [epoch 1/100] batch 120/300 (40%) loss=1751320.7052 elapsed=48s eta=72s
  [dkd14_equal_weight] [epoch 1/100] batch 150/300 (50%) loss=1751916.8300 elapsed=60s eta=60s
  [dkd14_equal_weight] [epoch 1/100] batch 180/300 (60%) loss=1752673.6910 elapsed=71s eta=48s
  [dkd14_equal_weight] [epoch 1/100] batch 210/300 (70%) loss=1751120.7226 elapsed=83s eta=36s
  [dkd14_equal_weight] [epoch 1/100] batch 240/300 (80%) loss=1749681.8552 elapsed=95s eta=24s
  [dkd14_equal_weight] [epoch 1/100] batch 270/300 (90%) loss=1747811.2014 elapsed=107s eta=12s
  [dkd14_equal_weight] [epoch 1/100] batch 300/300 (100%) loss=1746285.0521 elapsed=119s eta=0s
[dkd14_equal_weight] [sampler] sampled: {0: 400, 1: 400, 2: 400} total=1200 spalling_ratio=24.33%
[dkd14_equal_weight] [sampler] unique: {0: 400, 1: 400, 2: 400} unique_total=1200 dup_ratio=1.00x
[dkd14_equal_weight] [epoch 001/100] remain=99 epochs ep_eta=205.2min (avg 124s/ep)
[dkd14_equal_weight] [epoch 001/100] lr=0.000012  dt=124.4s
  train loss=1746285.0521  ce=1.0921 dice=0.9442  tversky=0.0000 bd=0.0000  cldice=0.0000 snake=0.0000
  val   loss=1.0068
  IoU   bg=0.4699  crack=0.0518  spalling=0.0133  | mIoU_fg=0.0325  pix_acc=0.4782
  Dice  bg=0.6394  crack=0.0986  spalling=0.0262
  BF1   crack=0.1219  spalling=0.0145  | BF1_fg_mean=0.0682
  [dkd14_equal_weight] [best] mIoU_fg=0.0325  saved -> best.pt
[dkd14_equal_weight] [curriculum] epoch 2: stage=0 tiers=[0] pool={0: 400, 1: 0, 2: 0}
  [dkd14_equal_weight] [epoch 2/100] batch 30/300 (10%) loss=1715315.9292 elapsed=12s eta=109s
  [dkd14_equal_weight] [epoch 2/100] batch 60/300 (20%) loss=1683381.6875 elapsed=24s eta=95s
  [dkd14_equal_weight] [epoch 2/100] batch 90/300 (30%) loss=1660754.8597 elapsed=35s eta=83s
  [dkd14_equal_weight] [epoch 2/100] batch 120/300 (40%) loss=1635805.6385 elapsed=47s eta=70s
  [dkd14_equal_weight] [epoch 2/100] batch 150/300 (50%) loss=1611881.0167 elapsed=58s eta=58s
  [dkd14_equal_weight] [epoch 2/100] batch 180/300 (60%) loss=1586400.3097 elapsed=69s eta=46s
  [dkd14_equal_weight] [epoch 2/100] batch 210/300 (70%) loss=1559395.7274 elapsed=81s eta=35s
  [dkd14_equal_weight] [epoch 2/100] batch 240/300 (80%) loss=1534293.2682 elapsed=92s eta=23s
  [dkd14_equal_weight] [epoch 2/100] batch 270/300 (90%) loss=1506759.5444 elapsed=103s eta=11s
  [dkd14_equal_weight] [epoch 2/100] batch 300/300 (100%) loss=1480611.8954 elapsed=115s eta=0s
[dkd14_equal_weight] [sampler] sampled: {0: 400, 1: 400, 2: 400} total=1200 spalling_ratio=24.33%
[dkd14_equal_weight] [sampler] unique: {0: 400, 1: 400, 2: 400} unique_total=1200 dup_ratio=1.00x
[dkd14_equal_weight] [epoch 002/100] remain=98 epochs ep_eta=197.1min (avg 121s/ep)
[dkd14_equal_weight] [epoch 002/100] lr=0.000024  dt=114.9s
  train loss=1480611.8954  ce=0.7232 dice=0.9017  tversky=0.0000 bd=0.0000  cldice=0.0000 snake=0.0000
  val   skipped (next val at epoch 5)
[dkd14_equal_weight] [curriculum] epoch 3: stage=0 tiers=[0] pool={0: 400, 1: 0, 2: 0}
  [dkd14_equal_weight] [epoch 3/100] batch 30/300 (10%) loss=1183679.6417 elapsed=12s eta=105s
  [dkd14_equal_weight] [epoch 3/100] batch 60/300 (20%) loss=1144858.4740 elapsed=23s eta=92s
  [dkd14_equal_weight] [epoch 3/100] batch 90/300 (30%) loss=1104380.6035 elapsed=34s eta=80s
  [dkd14_equal_weight] [epoch 3/100] batch 120/300 (40%) loss=1068002.0703 elapsed=45s eta=68s
  [dkd14_equal_weight] [epoch 3/100] batch 150/300 (50%) loss=1033259.6008 elapsed=57s eta=57s
  [dkd14_equal_weight] [epoch 3/100] batch 180/300 (60%) loss=1001185.0052 elapsed=68s eta=45s
  [dkd14_equal_weight] [epoch 3/100] batch 210/300 (70%) loss=970993.2339 elapsed=79s eta=34s
  [dkd14_equal_weight] [epoch 3/100] batch 240/300 (80%) loss=943554.8297 elapsed=90s eta=22s
  [dkd14_equal_weight] [epoch 3/100] batch 270/300 (90%) loss=918848.7373 elapsed=101s eta=11s
  [dkd14_equal_weight] [epoch 3/100] batch 300/300 (100%) loss=895373.8206 elapsed=112s eta=0s
[dkd14_equal_weight] [sampler] sampled: {0: 400, 1: 400, 2: 400} total=1200 spalling_ratio=24.33%
[dkd14_equal_weight] [sampler] unique: {0: 400, 1: 400, 2: 400} unique_total=1200 dup_ratio=1.00x
[dkd14_equal_weight] [epoch 003/100] remain=97 epochs ep_eta=190.6min (avg 118s/ep)
[dkd14_equal_weight] [epoch 003/100] lr=0.000036  dt=111.8s
  train loss=895373.8206  ce=0.4189 dice=0.7652  tversky=0.0000 bd=0.0000  cldice=0.0000 snake=0.0000
  val   skipped (next val at epoch 5)
[dkd14_equal_weight] [curriculum] epoch 4: stage=0 tiers=[0] pool={0: 400, 1: 0, 2: 0}
  [dkd14_equal_weight] [epoch 4/100] batch 30/300 (10%) loss=648161.4979 elapsed=11s eta=100s
  [dkd14_equal_weight] [epoch 4/100] batch 60/300 (20%) loss=629289.3490 elapsed=22s eta=88s
  [dkd14_equal_weight] [epoch 4/100] batch 90/300 (30%) loss=609641.9139 elapsed=33s eta=77s
  [dkd14_equal_weight] [epoch 4/100] batch 120/300 (40%) loss=591911.2966 elapsed=44s eta=66s
  [dkd14_equal_weight] [epoch 4/100] batch 150/300 (50%) loss=577748.8467 elapsed=54s eta=54s
  [dkd14_equal_weight] [epoch 4/100] batch 180/300 (60%) loss=561342.7920 elapsed=65s eta=44s
  [dkd14_equal_weight] [epoch 4/100] batch 210/300 (70%) loss=546752.9955 elapsed=76s eta=33s
  [dkd14_equal_weight] [epoch 4/100] batch 240/300 (80%) loss=532533.0728 elapsed=87s eta=22s
  [dkd14_equal_weight] [epoch 4/100] batch 270/300 (90%) loss=518045.6556 elapsed=98s eta=11s
  [dkd14_equal_weight] [epoch 4/100] batch 300/300 (100%) loss=506511.2729 elapsed=109s eta=0s
[dkd14_equal_weight] [sampler] sampled: {0: 400, 1: 400, 2: 400} total=1200 spalling_ratio=24.33%
[dkd14_equal_weight] [sampler] unique: {0: 400, 1: 400, 2: 400} unique_total=1200 dup_ratio=1.00x
[dkd14_equal_weight] [epoch 004/100] remain=96 epochs ep_eta=185.2min (avg 116s/ep)
[dkd14_equal_weight] [epoch 004/100] lr=0.000048  dt=108.7s
  train loss=506511.2729  ce=0.4266 dice=0.6931  tversky=0.0000 bd=0.0000  cldice=0.0000 snake=0.0000
  val   skipped (next val at epoch 5)
[dkd14_equal_weight] [curriculum] epoch 5: stage=0 tiers=[0] pool={0: 400, 1: 0, 2: 0}
  [dkd14_equal_weight] [epoch 5/100] batch 30/300 (10%) loss=373723.5625 elapsed=11s eta=101s
  [dkd14_equal_weight] [epoch 5/100] batch 60/300 (20%) loss=359810.6260 elapsed=22s eta=88s
  [dkd14_equal_weight] [epoch 5/100] batch 90/300 (30%) loss=349813.8257 elapsed=33s eta=77s
  [dkd14_equal_weight] [epoch 5/100] batch 120/300 (40%) loss=338075.6849 elapsed=44s eta=66s
  [dkd14_equal_weight] [epoch 5/100] batch 150/300 (50%) loss=327817.4539 elapsed=55s eta=55s
  [dkd14_equal_weight] [epoch 5/100] batch 180/300 (60%) loss=317630.6115 elapsed=66s eta=44s
  [dkd14_equal_weight] [epoch 5/100] batch 210/300 (70%) loss=307954.9702 elapsed=77s eta=33s
  [dkd14_equal_weight] [epoch 5/100] batch 240/300 (80%) loss=299302.8350 elapsed=87s eta=22s
  [dkd14_equal_weight] [epoch 5/100] batch 270/300 (90%) loss=291386.8157 elapsed=98s eta=11s
  [dkd14_equal_weight] [epoch 5/100] batch 300/300 (100%) loss=283900.1481 elapsed=109s eta=0s
[dkd14_equal_weight] [sampler] sampled: {0: 400, 1: 400, 2: 400} total=1200 spalling_ratio=24.33%
[dkd14_equal_weight] [sampler] unique: {0: 400, 1: 400, 2: 400} unique_total=1200 dup_ratio=1.00x
/usr/local/lib/python3.11/dist-packages/torch/optim/lr_scheduler.py:243: UserWarning: The epoch parameter in `scheduler.step()` was not necessary and is being deprecated where possible. Please use `scheduler.step()` to step the scheduler. During the deprecation, if epoch is different from None, the closed form is used instead of the new chainable form, where available. Please open an issue if you are unable to replicate your use case: https://github.com/pytorch/pytorch/issues/new/choose.
  warnings.warn(EPOCH_DEPRECATION_WARNING, UserWarning)
[dkd14_equal_weight] [epoch 005/100] remain=95 epochs ep_eta=182.9min (avg 116s/ep)
[dkd14_equal_weight] [epoch 005/100] lr=0.000060  dt=114.2s
  train loss=283900.1481  ce=0.3454 dice=0.5436  tversky=0.0000 bd=0.0000  cldice=0.0000 snake=0.0000
  val   loss=0.4137
  IoU   bg=0.9705  crack=0.4060  spalling=0.6287  | mIoU_fg=0.5174  pix_acc=0.9709
  Dice  bg=0.9850  crack=0.5776  spalling=0.7720
  BF1   crack=0.5718  spalling=0.2024  | BF1_fg_mean=0.3871
  [dkd14_equal_weight] [best] mIoU_fg=0.5174  saved -> best.pt
[dkd14_equal_weight] [curriculum] epoch 6: stage=0 tiers=[0] pool={0: 400, 1: 0, 2: 0}
  [dkd14_equal_weight] [epoch 6/100] batch 30/300 (10%) loss=208067.4031 elapsed=11s eta=101s
  [dkd14_equal_weight] [epoch 6/100] batch 60/300 (20%) loss=204214.6354 elapsed=22s eta=89s
  [dkd14_equal_weight] [epoch 6/100] batch 90/300 (30%) loss=196171.1398 elapsed=33s eta=77s
  [dkd14_equal_weight] [epoch 6/100] batch 120/300 (40%) loss=191742.0710 elapsed=44s eta=66s
  [dkd14_equal_weight] [epoch 6/100] batch 150/300 (50%) loss=186708.7375 elapsed=55s eta=55s
  [dkd14_equal_weight] [epoch 6/100] batch 180/300 (60%) loss=181967.6467 elapsed=66s eta=44s
  [dkd14_equal_weight] [epoch 6/100] batch 210/300 (70%) loss=175677.3320 elapsed=77s eta=33s
  [dkd14_equal_weight] [epoch 6/100] batch 240/300 (80%) loss=170807.9240 elapsed=87s eta=22s
  [dkd14_equal_weight] [epoch 6/100] batch 270/300 (90%) loss=166350.3248 elapsed=98s eta=11s
  [dkd14_equal_weight] [epoch 6/100] batch 300/300 (100%) loss=162822.5027 elapsed=109s eta=0s
[dkd14_equal_weight] [sampler] sampled: {0: 400, 1: 400, 2: 400} total=1200 spalling_ratio=24.33%
[dkd14_equal_weight] [sampler] unique: {0: 400, 1: 400, 2: 400} unique_total=1200 dup_ratio=1.00x
[dkd14_equal_weight] [epoch 006/100] remain=94 epochs ep_eta=179.9min (avg 115s/ep)
[dkd14_equal_weight] [epoch 006/100] lr=0.000060  dt=109.4s
  train loss=162822.5027  ce=0.3034 dice=0.4669  tversky=0.0000 bd=0.0000  cldice=0.0000 snake=0.0000
  val   skipped (next val at epoch 10)
[dkd14_equal_weight] [curriculum] epoch 7: stage=0 tiers=[0] pool={0: 400, 1: 0, 2: 0}
  [dkd14_equal_weight] [epoch 7/100] batch 30/300 (10%) loss=124502.2193 elapsed=11s eta=102s
  [dkd14_equal_weight] [epoch 7/100] batch 60/300 (20%) loss=118900.3546 elapsed=22s eta=89s
  [dkd14_equal_weight] [epoch 7/100] batch 90/300 (30%) loss=116163.0384 elapsed=33s eta=77s
  [dkd14_equal_weight] [epoch 7/100] batch 120/300 (40%) loss=114240.4024 elapsed=44s eta=66s
  [dkd14_equal_weight] [epoch 7/100] batch 150/300 (50%) loss=110760.0441 elapsed=55s eta=55s
  [dkd14_equal_weight] [epoch 7/100] batch 180/300 (60%) loss=107269.7122 elapsed=66s eta=44s
  [dkd14_equal_weight] [epoch 7/100] batch 210/300 (70%) loss=105256.8304 elapsed=77s eta=33s
  [dkd14_equal_weight] [epoch 7/100] batch 240/300 (80%) loss=103932.3606 elapsed=88s eta=22s
  [dkd14_equal_weight] [epoch 7/100] batch 270/300 (90%) loss=102146.5946 elapsed=98s eta=11s
  [dkd14_equal_weight] [epoch 7/100] batch 300/300 (100%) loss=101716.0861 elapsed=109s eta=0s
[dkd14_equal_weight] [sampler] sampled: {0: 400, 1: 400, 2: 400} total=1200 spalling_ratio=24.33%
[dkd14_equal_weight] [sampler] unique: {0: 400, 1: 400, 2: 400} unique_total=1200 dup_ratio=1.00x
[dkd14_equal_weight] [epoch 007/100] remain=93 epochs ep_eta=177.0min (avg 114s/ep)
[dkd14_equal_weight] [epoch 007/100] lr=0.000060  dt=109.6s
  train loss=101716.0861  ce=0.2658 dice=0.4158  tversky=0.0000 bd=0.0000  cldice=0.0000 snake=0.0000
  val   skipped (next val at epoch 10)
[dkd14_equal_weight] [curriculum] epoch 8: stage=0 tiers=[0] pool={0: 400, 1: 0, 2: 0}
  [dkd14_equal_weight] [epoch 8/100] batch 30/300 (10%) loss=86592.7783 elapsed=11s eta=102s
  [dkd14_equal_weight] [epoch 8/100] batch 60/300 (20%) loss=83672.6682 elapsed=22s eta=90s
  [dkd14_equal_weight] [epoch 8/100] batch 90/300 (30%) loss=80849.7225 elapsed=33s eta=78s
  [dkd14_equal_weight] [epoch 8/100] batch 120/300 (40%) loss=80270.6766 elapsed=44s eta=66s
  [dkd14_equal_weight] [epoch 8/100] batch 150/300 (50%) loss=78765.5573 elapsed=55s eta=55s
  [dkd14_equal_weight] [epoch 8/100] batch 180/300 (60%) loss=76425.8643 elapsed=66s eta=44s
  [dkd14_equal_weight] [epoch 8/100] batch 210/300 (70%) loss=74803.3862 elapsed=77s eta=33s
  [dkd14_equal_weight] [epoch 8/100] batch 240/300 (80%) loss=74130.5545 elapsed=88s eta=22s
  [dkd14_equal_weight] [epoch 8/100] batch 270/300 (90%) loss=73351.9384 elapsed=99s eta=11s
  [dkd14_equal_weight] [epoch 8/100] batch 300/300 (100%) loss=71591.1388 elapsed=110s eta=0s
[dkd14_equal_weight] [sampler] sampled: {0: 400, 1: 400, 2: 400} total=1200 spalling_ratio=24.33%
[dkd14_equal_weight] [sampler] unique: {0: 400, 1: 400, 2: 400} unique_total=1200 dup_ratio=1.00x
[dkd14_equal_weight] [epoch 008/100] remain=92 epochs ep_eta=174.3min (avg 114s/ep)
[dkd14_equal_weight] [epoch 008/100] lr=0.000060  dt=109.7s
  train loss=71591.1388  ce=0.2289 dice=0.3629  tversky=0.0000 bd=0.0000  cldice=0.0000 snake=0.0000
  val   skipped (next val at epoch 10)
[dkd14_equal_weight] [curriculum] epoch 9: stage=0 tiers=[0] pool={0: 400, 1: 0, 2: 0}
  [dkd14_equal_weight] [epoch 9/100] batch 30/300 (10%) loss=54947.9937 elapsed=11s eta=101s
  [dkd14_equal_weight] [epoch 9/100] batch 60/300 (20%) loss=54120.0196 elapsed=22s eta=89s
  [dkd14_equal_weight] [epoch 9/100] batch 90/300 (30%) loss=54596.8190 elapsed=33s eta=77s
  [dkd14_equal_weight] [epoch 9/100] batch 120/300 (40%) loss=55869.7811 elapsed=44s eta=66s
  [dkd14_equal_weight] [epoch 9/100] batch 150/300 (50%) loss=55728.5115 elapsed=55s eta=55s
  [dkd14_equal_weight] [epoch 9/100] batch 180/300 (60%) loss=55814.3908 elapsed=66s eta=44s
  [dkd14_equal_weight] [epoch 9/100] batch 210/300 (70%) loss=56183.8995 elapsed=77s eta=33s
  [dkd14_equal_weight] [epoch 9/100] batch 240/300 (80%) loss=55833.1214 elapsed=88s eta=22s
  [dkd14_equal_weight] [epoch 9/100] batch 270/300 (90%) loss=55583.9758 elapsed=99s eta=11s
  [dkd14_equal_weight] [epoch 9/100] batch 300/300 (100%) loss=54929.9423 elapsed=110s eta=0s
[dkd14_equal_weight] [sampler] sampled: {0: 400, 1: 400, 2: 400} total=1200 spalling_ratio=24.33%
[dkd14_equal_weight] [sampler] unique: {0: 400, 1: 400, 2: 400} unique_total=1200 dup_ratio=1.00x
[dkd14_equal_weight] [epoch 009/100] remain=91 epochs ep_eta=172.0min (avg 113s/ep)
[dkd14_equal_weight] [epoch 009/100] lr=0.000060  dt=110.4s
  train loss=54929.9423  ce=0.2138 dice=0.3240  tversky=0.0000 bd=0.0000  cldice=0.0000 snake=0.0000
  val   skipped (next val at epoch 10)
[dkd14_equal_weight] [curriculum] epoch 10: stage=0 tiers=[0] pool={0: 400, 1: 0, 2: 0}
  [dkd14_equal_weight] [epoch 10/100] batch 30/300 (10%) loss=52873.9042 elapsed=11s eta=102s
  [dkd14_equal_weight] [epoch 10/100] batch 60/300 (20%) loss=47222.3377 elapsed=22s eta=89s
  [dkd14_equal_weight] [epoch 10/100] batch 90/300 (30%) loss=46349.2622 elapsed=33s eta=78s
  [dkd14_equal_weight] [epoch 10/100] batch 120/300 (40%) loss=48440.1750 elapsed=45s eta=67s
  [dkd14_equal_weight] [epoch 10/100] batch 150/300 (50%) loss=48155.8122 elapsed=56s eta=56s
  [dkd14_equal_weight] [epoch 10/100] batch 180/300 (60%) loss=48153.8848 elapsed=67s eta=44s
  [dkd14_equal_weight] [epoch 10/100] batch 210/300 (70%) loss=47289.2102 elapsed=77s eta=33s
  [dkd14_equal_weight] [epoch 10/100] batch 240/300 (80%) loss=46469.9057 elapsed=89s eta=22s
  [dkd14_equal_weight] [epoch 10/100] batch 270/300 (90%) loss=45944.2053 elapsed=100s eta=11s
  [dkd14_equal_weight] [epoch 10/100] batch 300/300 (100%) loss=45127.7153 elapsed=111s eta=0s
[dkd14_equal_weight] [sampler] sampled: {0: 400, 1: 400, 2: 400} total=1200 spalling_ratio=24.33%
[dkd14_equal_weight] [sampler] unique: {0: 400, 1: 400, 2: 400} unique_total=1200 dup_ratio=1.00x
[dkd14_equal_weight] [epoch 010/100] remain=90 epochs ep_eta=170.5min (avg 114s/ep)
[dkd14_equal_weight] [epoch 010/100] lr=0.000060  dt=115.7s
  train loss=45127.7153  ce=0.1909 dice=0.2997  tversky=0.0000 bd=0.0000  cldice=0.0000 snake=0.0000
  val   loss=0.2701
  IoU   bg=0.9735  crack=0.5364  spalling=0.7614  | mIoU_fg=0.6489  pix_acc=0.9739
  Dice  bg=0.9865  crack=0.6982  spalling=0.8646
  BF1   crack=0.6856  spalling=0.5463  | BF1_fg_mean=0.6160
  [dkd14_equal_weight] [best] mIoU_fg=0.6489  saved -> best.pt
[dkd14_equal_weight] [curriculum] epoch 11: stage=0 tiers=[0] pool={0: 400, 1: 0, 2: 0}
  [dkd14_equal_weight] [epoch 11/100] batch 30/300 (10%) loss=34776.2402 elapsed=11s eta=101s
  [dkd14_equal_weight] [epoch 11/100] batch 60/300 (20%) loss=40442.2366 elapsed=22s eta=89s
  [dkd14_equal_weight] [epoch 11/100] batch 90/300 (30%) loss=45533.7240 elapsed=33s eta=78s
  [dkd14_equal_weight] [epoch 11/100] batch 120/300 (40%) loss=46222.6272 elapsed=44s eta=66s
  [dkd14_equal_weight] [epoch 11/100] batch 150/300 (50%) loss=45244.7065 elapsed=55s eta=55s
  [dkd14_equal_weight] [epoch 11/100] batch 180/300 (60%) loss=51514.1293 elapsed=66s eta=44s
  [dkd14_equal_weight] [epoch 11/100] batch 210/300 (70%) loss=52728.4733 elapsed=77s eta=33s
  [dkd14_equal_weight] [epoch 11/100] batch 240/300 (80%) loss=51890.8414 elapsed=88s eta=22s
  [dkd14_equal_weight] [epoch 11/100] batch 270/300 (90%) loss=50794.5183 elapsed=100s eta=11s
  [dkd14_equal_weight] [epoch 11/100] batch 300/300 (100%) loss=49514.6747 elapsed=111s eta=0s
[dkd14_equal_weight] [sampler] sampled: {0: 400, 1: 400, 2: 400} total=1200 spalling_ratio=24.33%
[dkd14_equal_weight] [sampler] unique: {0: 400, 1: 400, 2: 400} unique_total=1200 dup_ratio=1.00x
[dkd14_equal_weight] [epoch 011/100] remain=89 epochs ep_eta=168.5min (avg 114s/ep)
[dkd14_equal_weight] [epoch 011/100] lr=0.000059  dt=110.8s
  train loss=49514.6747  ce=0.2481 dice=0.3235  tversky=0.0000 bd=0.0000  cldice=0.0000 snake=0.0000
  val   skipped (next val at epoch 15)
[dkd14_equal_weight] [curriculum] epoch 12: stage=0 tiers=[0] pool={0: 400, 1: 0, 2: 0}
  [dkd14_equal_weight] [epoch 12/100] batch 30/300 (10%) loss=41273.5719 elapsed=12s eta=104s
  [dkd14_equal_weight] [epoch 12/100] batch 60/300 (20%) loss=38845.2193 elapsed=23s eta=90s
  [dkd14_equal_weight] [epoch 12/100] batch 90/300 (30%) loss=39184.6392 elapsed=34s eta=79s
  [dkd14_equal_weight] [epoch 12/100] batch 120/300 (40%) loss=38788.1755 elapsed=45s eta=67s
  [dkd14_equal_weight] [epoch 12/100] batch 150/300 (50%) loss=38449.3267 elapsed=56s eta=56s
  [dkd14_equal_weight] [epoch 12/100] batch 180/300 (60%) loss=37946.9297 elapsed=67s eta=45s
  [dkd14_equal_weight] [epoch 12/100] batch 210/300 (70%) loss=37445.7835 elapsed=78s eta=33s
  [dkd14_equal_weight] [epoch 12/100] batch 240/300 (80%) loss=37068.4346 elapsed=89s eta=22s
  [dkd14_equal_weight] [epoch 12/100] batch 270/300 (90%) loss=36839.2677 elapsed=100s eta=11s
  [dkd14_equal_weight] [epoch 12/100] batch 300/300 (100%) loss=36667.9965 elapsed=111s eta=0s
[dkd14_equal_weight] [sampler] sampled: {0: 400, 1: 400, 2: 400} total=1200 spalling_ratio=24.33%
[dkd14_equal_weight] [sampler] unique: {0: 400, 1: 400, 2: 400} unique_total=1200 dup_ratio=1.00x
[dkd14_equal_weight] [epoch 012/100] remain=88 epochs ep_eta=166.4min (avg 113s/ep)
[dkd14_equal_weight] [epoch 012/100] lr=0.000059  dt=111.2s
  train loss=36667.9965  ce=0.1824 dice=0.2839  tversky=0.0000 bd=0.0000  cldice=0.0000 snake=0.0000
  val   skipped (next val at epoch 15)
[dkd14_equal_weight] [curriculum] epoch 13: stage=0 tiers=[0] pool={0: 400, 1: 0, 2: 0}
  [dkd14_equal_weight] [epoch 13/100] batch 30/300 (10%) loss=30233.3878 elapsed=11s eta=103s
  [dkd14_equal_weight] [epoch 13/100] batch 60/300 (20%) loss=33004.4045 elapsed=22s eta=90s
  [dkd14_equal_weight] [epoch 13/100] batch 90/300 (30%) loss=33475.8594 elapsed=33s eta=78s
  [dkd14_equal_weight] [epoch 13/100] batch 120/300 (40%) loss=33194.4225 elapsed=44s eta=67s
  [dkd14_equal_weight] [epoch 13/100] batch 150/300 (50%) loss=34601.7988 elapsed=55s eta=55s
  [dkd14_equal_weight] [epoch 13/100] batch 180/300 (60%) loss=38126.6981 elapsed=66s eta=44s
  [dkd14_equal_weight] [epoch 13/100] batch 210/300 (70%) loss=38777.0841 elapsed=78s eta=33s
  [dkd14_equal_weight] [epoch 13/100] batch 240/300 (80%) loss=38740.5316 elapsed=89s eta=22s
  [dkd14_equal_weight] [epoch 13/100] batch 270/300 (90%) loss=38516.9484 elapsed=100s eta=11s
  [dkd14_equal_weight] [epoch 13/100] batch 300/300 (100%) loss=37986.7810 elapsed=111s eta=0s
[dkd14_equal_weight] [sampler] sampled: {0: 400, 1: 400, 2: 400} total=1200 spalling_ratio=24.33%
[dkd14_equal_weight] [sampler] unique: {0: 400, 1: 400, 2: 400} unique_total=1200 dup_ratio=1.00x
[dkd14_equal_weight] [epoch 013/100] remain=87 epochs ep_eta=164.2min (avg 113s/ep)
[dkd14_equal_weight] [epoch 013/100] lr=0.000059  dt=110.8s
  train loss=37986.7810  ce=0.2124 dice=0.2922  tversky=0.0000 bd=0.0000  cldice=0.0000 snake=0.0000
  val   skipped (next val at epoch 15)
[dkd14_equal_weight] [curriculum] epoch 14: stage=0 tiers=[0] pool={0: 400, 1: 0, 2: 0}
  [dkd14_equal_weight] [epoch 14/100] batch 30/300 (10%) loss=29673.7669 elapsed=11s eta=103s
  [dkd14_equal_weight] [epoch 14/100] batch 60/300 (20%) loss=32751.4127 elapsed=23s eta=90s
  [dkd14_equal_weight] [epoch 14/100] batch 90/300 (30%) loss=31782.1474 elapsed=33s eta=78s
  [dkd14_equal_weight] [epoch 14/100] batch 120/300 (40%) loss=31621.0657 elapsed=44s eta=67s
  [dkd14_equal_weight] [epoch 14/100] batch 150/300 (50%) loss=31678.0106 elapsed=56s eta=56s
  [dkd14_equal_weight] [epoch 14/100] batch 180/300 (60%) loss=31173.3273 elapsed=67s eta=44s
  [dkd14_equal_weight] [epoch 14/100] batch 210/300 (70%) loss=31027.0870 elapsed=78s eta=33s
  [dkd14_equal_weight] [epoch 14/100] batch 240/300 (80%) loss=30840.6602 elapsed=89s eta=22s
  [dkd14_equal_weight] [epoch 14/100] batch 270/300 (90%) loss=30575.7323 elapsed=100s eta=11s
  [dkd14_equal_weight] [epoch 14/100] batch 300/300 (100%) loss=30438.1133 elapsed=111s eta=0s
[dkd14_equal_weight] [sampler] sampled: {0: 400, 1: 400, 2: 400} total=1200 spalling_ratio=24.33%
[dkd14_equal_weight] [sampler] unique: {0: 400, 1: 400, 2: 400} unique_total=1200 dup_ratio=1.00x
[dkd14_equal_weight] [epoch 014/100] remain=86 epochs ep_eta=162.2min (avg 113s/ep)
[dkd14_equal_weight] [epoch 014/100] lr=0.000059  dt=110.7s
  train loss=30438.1133  ce=0.1703 dice=0.2678  tversky=0.0000 bd=0.0000  cldice=0.0000 snake=0.0000
  val   skipped (next val at epoch 15)
[dkd14_equal_weight] [curriculum] epoch 15: stage=0 tiers=[0] pool={0: 400, 1: 0, 2: 0}
  [dkd14_equal_weight] [epoch 15/100] batch 30/300 (10%) loss=29322.1158 elapsed=11s eta=103s
  [dkd14_equal_weight] [epoch 15/100] batch 60/300 (20%) loss=28010.7797 elapsed=22s eta=89s
  [dkd14_equal_weight] [epoch 15/100] batch 90/300 (30%) loss=27627.7841 elapsed=33s eta=78s
  [dkd14_equal_weight] [epoch 15/100] batch 120/300 (40%) loss=27378.5927 elapsed=44s eta=67s
  [dkd14_equal_weight] [epoch 15/100] batch 150/300 (50%) loss=27415.4820 elapsed=55s eta=55s
  [dkd14_equal_weight] [epoch 15/100] batch 180/300 (60%) loss=27120.3488 elapsed=66s eta=44s
  [dkd14_equal_weight] [epoch 15/100] batch 210/300 (70%) loss=26818.9060 elapsed=77s eta=33s
  [dkd14_equal_weight] [epoch 15/100] batch 240/300 (80%) loss=26678.5427 elapsed=88s eta=22s
  [dkd14_equal_weight] [epoch 15/100] batch 270/300 (90%) loss=26916.6869 elapsed=99s eta=11s
  [dkd14_equal_weight] [epoch 15/100] batch 300/300 (100%) loss=26893.8358 elapsed=110s eta=0s
[dkd14_equal_weight] [sampler] sampled: {0: 400, 1: 400, 2: 400} total=1200 spalling_ratio=24.33%
[dkd14_equal_weight] [sampler] unique: {0: 400, 1: 400, 2: 400} unique_total=1200 dup_ratio=1.00x
[dkd14_equal_weight] [epoch 015/100] remain=85 epochs ep_eta=160.5min (avg 113s/ep)
[dkd14_equal_weight] [epoch 015/100] lr=0.000058  dt=115.5s
  train loss=26893.8358  ce=0.1613 dice=0.2567  tversky=0.0000 bd=0.0000  cldice=0.0000 snake=0.0000
  val   loss=0.2572
  IoU   bg=0.9750  crack=0.5526  spalling=0.7647  | mIoU_fg=0.6587  pix_acc=0.9755
  Dice  bg=0.9873  crack=0.7118  spalling=0.8667
  BF1   crack=0.7163  spalling=0.5427  | BF1_fg_mean=0.6295
  [dkd14_equal_weight] [best] mIoU_fg=0.6587  saved -> best.pt
[dkd14_equal_weight] [curriculum] epoch 16: stage=0 tiers=[0] pool={0: 400, 1: 0, 2: 0}
  [dkd14_equal_weight] [epoch 16/100] batch 30/300 (10%) loss=23625.9953 elapsed=11s eta=103s
  [dkd14_equal_weight] [epoch 16/100] batch 60/300 (20%) loss=24722.2625 elapsed=23s eta=90s
  [dkd14_equal_weight] [epoch 16/100] batch 90/300 (30%) loss=26940.4976 elapsed=33s eta=78s
  [dkd14_equal_weight] [epoch 16/100] batch 120/300 (40%) loss=26766.4923 elapsed=44s eta=67s
  [dkd14_equal_weight] [epoch 16/100] batch 150/300 (50%) loss=26481.8144 elapsed=55s eta=55s
  [dkd14_equal_weight] [epoch 16/100] batch 180/300 (60%) loss=26677.8648 elapsed=66s eta=44s
  [dkd14_equal_weight] [epoch 16/100] batch 210/300 (70%) loss=26320.0658 elapsed=77s eta=33s
  [dkd14_equal_weight] [epoch 16/100] batch 240/300 (80%) loss=26250.3185 elapsed=88s eta=22s
  [dkd14_equal_weight] [epoch 16/100] batch 270/300 (90%) loss=26213.2449 elapsed=99s eta=11s
  [dkd14_equal_weight] [epoch 16/100] batch 300/300 (100%) loss=26342.6734 elapsed=110s eta=0s
[dkd14_equal_weight] [sampler] sampled: {0: 400, 1: 400, 2: 400} total=1200 spalling_ratio=24.33%
[dkd14_equal_weight] [sampler] unique: {0: 400, 1: 400, 2: 400} unique_total=1200 dup_ratio=1.00x
[dkd14_equal_weight] [epoch 016/100] remain=84 epochs ep_eta=158.6min (avg 113s/ep)
[dkd14_equal_weight] [epoch 016/100] lr=0.000058  dt=110.4s
  train loss=26342.6734  ce=0.1606 dice=0.2578  tversky=0.0000 bd=0.0000  cldice=0.0000 snake=0.0000
  val   skipped (next val at epoch 20)
[dkd14_equal_weight] [curriculum] epoch 17: stage=0 tiers=[0] pool={0: 400, 1: 0, 2: 0}
  [dkd14_equal_weight] [epoch 17/100] batch 30/300 (10%) loss=25880.0157 elapsed=11s eta=101s
  [dkd14_equal_weight] [epoch 17/100] batch 60/300 (20%) loss=25348.3352 elapsed=22s eta=89s
  [dkd14_equal_weight] [epoch 17/100] batch 90/300 (30%) loss=25255.1139 elapsed=33s eta=78s
  [dkd14_equal_weight] [epoch 17/100] batch 120/300 (40%) loss=24776.9505 elapsed=44s eta=67s
  [dkd14_equal_weight] [epoch 17/100] batch 150/300 (50%) loss=24461.7539 elapsed=55s eta=55s
  [dkd14_equal_weight] [epoch 17/100] batch 180/300 (60%) loss=23937.5859 elapsed=67s eta=44s
  [dkd14_equal_weight] [epoch 17/100] batch 210/300 (70%) loss=24116.2918 elapsed=78s eta=33s
  [dkd14_equal_weight] [epoch 17/100] batch 240/300 (80%) loss=24015.2568 elapsed=89s eta=22s
  [dkd14_equal_weight] [epoch 17/100] batch 270/300 (90%) loss=24214.1580 elapsed=100s eta=11s
  [dkd14_equal_weight] [epoch 17/100] batch 300/300 (100%) loss=24301.8853 elapsed=111s eta=0s
[dkd14_equal_weight] [sampler] sampled: {0: 400, 1: 400, 2: 400} total=1200 spalling_ratio=24.33%
[dkd14_equal_weight] [sampler] unique: {0: 400, 1: 400, 2: 400} unique_total=1200 dup_ratio=1.00x
[dkd14_equal_weight] [epoch 017/100] remain=83 epochs ep_eta=156.5min (avg 113s/ep)
[dkd14_equal_weight] [epoch 017/100] lr=0.000058  dt=110.7s
  train loss=24301.8853  ce=0.1546 dice=0.2501  tversky=0.0000 bd=0.0000  cldice=0.0000 snake=0.0000
  val   skipped (next val at epoch 20)
[dkd14_equal_weight] [curriculum] epoch 18: stage=0 tiers=[0] pool={0: 400, 1: 0, 2: 0}
  [dkd14_equal_weight] [epoch 18/100] batch 30/300 (10%) loss=23054.6547 elapsed=11s eta=102s
  [dkd14_equal_weight] [epoch 18/100] batch 60/300 (20%) loss=22984.7992 elapsed=22s eta=89s
  [dkd14_equal_weight] [epoch 18/100] batch 90/300 (30%) loss=23438.9914 elapsed=33s eta=78s
  [dkd14_equal_weight] [epoch 18/100] batch 120/300 (40%) loss=22726.0402 elapsed=44s eta=66s
  [dkd14_equal_weight] [epoch 18/100] batch 150/300 (50%) loss=23290.1892 elapsed=55s eta=55s
  [dkd14_equal_weight] [epoch 18/100] batch 180/300 (60%) loss=23343.1794 elapsed=66s eta=44s
  [dkd14_equal_weight] [epoch 18/100] batch 210/300 (70%) loss=22984.3783 elapsed=77s eta=33s
  [dkd14_equal_weight] [epoch 18/100] batch 240/300 (80%) loss=22985.1231 elapsed=88s eta=22s
  [dkd14_equal_weight] [epoch 18/100] batch 270/300 (90%) loss=23002.9420 elapsed=99s eta=11s
  [dkd14_equal_weight] [epoch 18/100] batch 300/300 (100%) loss=22881.1901 elapsed=110s eta=0s
[dkd14_equal_weight] [sampler] sampled: {0: 400, 1: 400, 2: 400} total=1200 spalling_ratio=24.33%
[dkd14_equal_weight] [sampler] unique: {0: 400, 1: 400, 2: 400} unique_total=1200 dup_ratio=1.00x
[dkd14_equal_weight] [epoch 018/100] remain=82 epochs ep_eta=154.5min (avg 113s/ep)
[dkd14_equal_weight] [epoch 018/100] lr=0.000057  dt=110.4s
  train loss=22881.1901  ce=0.1488 dice=0.2489  tversky=0.0000 bd=0.0000  cldice=0.0000 snake=0.0000
  val   skipped (next val at epoch 20)
[dkd14_equal_weight] [curriculum] epoch 19: stage=0 tiers=[0] pool={0: 400, 1: 0, 2: 0}
  [dkd14_equal_weight] [epoch 19/100] batch 30/300 (10%) loss=21287.3415 elapsed=11s eta=102s
  [dkd14_equal_weight] [epoch 19/100] batch 60/300 (20%) loss=21572.0148 elapsed=22s eta=89s
  [dkd14_equal_weight] [epoch 19/100] batch 90/300 (30%) loss=21319.5732 elapsed=33s eta=78s
  [dkd14_equal_weight] [epoch 19/100] batch 120/300 (40%) loss=21267.9034 elapsed=44s eta=66s
  [dkd14_equal_weight] [epoch 19/100] batch 150/300 (50%) loss=21471.1941 elapsed=55s eta=55s
  [dkd14_equal_weight] [epoch 19/100] batch 180/300 (60%) loss=21482.3076 elapsed=66s eta=44s
  [dkd14_equal_weight] [epoch 19/100] batch 210/300 (70%) loss=21160.3432 elapsed=77s eta=33s
  [dkd14_equal_weight] [epoch 19/100] batch 240/300 (80%) loss=21093.1061 elapsed=88s eta=22s
  [dkd14_equal_weight] [epoch 19/100] batch 270/300 (90%) loss=20982.4909 elapsed=99s eta=11s
  [dkd14_equal_weight] [epoch 19/100] batch 300/300 (100%) loss=20935.2805 elapsed=110s eta=0s
[dkd14_equal_weight] [sampler] sampled: {0: 400, 1: 400, 2: 400} total=1200 spalling_ratio=24.33%
[dkd14_equal_weight] [sampler] unique: {0: 400, 1: 400, 2: 400} unique_total=1200 dup_ratio=1.00x
[dkd14_equal_weight] [epoch 019/100] remain=81 epochs ep_eta=152.4min (avg 113s/ep)
[dkd14_equal_weight] [epoch 019/100] lr=0.000057  dt=110.5s
  train loss=20935.2805  ce=0.1417 dice=0.2324  tversky=0.0000 bd=0.0000  cldice=0.0000 snake=0.0000
  val   skipped (next val at epoch 20)
[dkd14_equal_weight] [curriculum] epoch 20: stage=0 tiers=[0] pool={0: 400, 1: 0, 2: 0}
  [dkd14_equal_weight] [epoch 20/100] batch 30/300 (10%) loss=20690.3292 elapsed=12s eta=104s
  [dkd14_equal_weight] [epoch 20/100] batch 60/300 (20%) loss=20034.5384 elapsed=23s eta=90s
  [dkd14_equal_weight] [epoch 20/100] batch 90/300 (30%) loss=19444.6055 elapsed=33s eta=78s
  [dkd14_equal_weight] [epoch 20/100] batch 120/300 (40%) loss=19525.8923 elapsed=45s eta=67s
  [dkd14_equal_weight] [epoch 20/100] batch 150/300 (50%) loss=19726.5023 elapsed=56s eta=56s
  [dkd14_equal_weight] [epoch 20/100] batch 180/300 (60%) loss=19788.1692 elapsed=67s eta=44s
  [dkd14_equal_weight] [epoch 20/100] batch 210/300 (70%) loss=19642.9424 elapsed=78s eta=33s
  [dkd14_equal_weight] [epoch 20/100] batch 240/300 (80%) loss=19769.0634 elapsed=89s eta=22s
  [dkd14_equal_weight] [epoch 20/100] batch 270/300 (90%) loss=19836.6411 elapsed=100s eta=11s
  [dkd14_equal_weight] [epoch 20/100] batch 300/300 (100%) loss=19907.7374 elapsed=111s eta=0s
[dkd14_equal_weight] [sampler] sampled: {0: 400, 1: 400, 2: 400} total=1200 spalling_ratio=24.33%
[dkd14_equal_weight] [sampler] unique: {0: 400, 1: 400, 2: 400} unique_total=1200 dup_ratio=1.00x
[dkd14_equal_weight] [epoch 020/100] remain=80 epochs ep_eta=150.8min (avg 113s/ep)
[dkd14_equal_weight] [epoch 020/100] lr=0.000056  dt=115.5s
  train loss=19907.7374  ce=0.1382 dice=0.2371  tversky=0.0000 bd=0.0000  cldice=0.0000 snake=0.0000
  val   loss=0.2787
  IoU   bg=0.9773  crack=0.5625  spalling=0.7676  | mIoU_fg=0.6651  pix_acc=0.9776
  Dice  bg=0.9885  crack=0.7200  spalling=0.8685
  BF1   crack=0.7425  spalling=0.5373  | BF1_fg_mean=0.6399
  [dkd14_equal_weight] [best] mIoU_fg=0.6651  saved -> best.pt
[dkd14_equal_weight] [curriculum] epoch 21: stage=0 tiers=[0] pool={0: 400, 1: 0, 2: 0}
  [dkd14_equal_weight] [epoch 21/100] batch 30/300 (10%) loss=20327.8211 elapsed=11s eta=102s
  [dkd14_equal_weight] [epoch 21/100] batch 60/300 (20%) loss=19946.8825 elapsed=22s eta=89s
  [dkd14_equal_weight] [epoch 21/100] batch 90/300 (30%) loss=19637.8224 elapsed=33s eta=78s
  [dkd14_equal_weight] [epoch 21/100] batch 120/300 (40%) loss=19827.5273 elapsed=44s eta=66s
  [dkd14_equal_weight] [epoch 21/100] batch 150/300 (50%) loss=19526.3300 elapsed=55s eta=55s
  [dkd14_equal_weight] [epoch 21/100] batch 180/300 (60%) loss=19276.6611 elapsed=66s eta=44s
  [dkd14_equal_weight] [epoch 21/100] batch 210/300 (70%) loss=19325.4235 elapsed=77s eta=33s
  [dkd14_equal_weight] [epoch 21/100] batch 240/300 (80%) loss=19428.1894 elapsed=88s eta=22s
  [dkd14_equal_weight] [epoch 21/100] batch 270/300 (90%) loss=19850.4351 elapsed=99s eta=11s
  [dkd14_equal_weight] [epoch 21/100] batch 300/300 (100%) loss=20186.5046 elapsed=110s eta=0s
[dkd14_equal_weight] [sampler] sampled: {0: 400, 1: 400, 2: 400} total=1200 spalling_ratio=24.33%
[dkd14_equal_weight] [sampler] unique: {0: 400, 1: 400, 2: 400} unique_total=1200 dup_ratio=1.00x
[dkd14_equal_weight] [epoch 021/100] remain=79 epochs ep_eta=148.8min (avg 113s/ep)
[dkd14_equal_weight] [epoch 021/100] lr=0.000056  dt=109.7s
  train loss=20186.5046  ce=0.1407 dice=0.2336  tversky=0.0000 bd=0.0000  cldice=0.0000 snake=0.0000
  val   skipped (next val at epoch 25)
[dkd14_equal_weight] [curriculum] epoch 22: stage=0 tiers=[0] pool={0: 400, 1: 0, 2: 0}
  [dkd14_equal_weight] [epoch 22/100] batch 30/300 (10%) loss=20972.8817 elapsed=11s eta=101s
  [dkd14_equal_weight] [epoch 22/100] batch 60/300 (20%) loss=19952.2057 elapsed=22s eta=89s
  [dkd14_equal_weight] [epoch 22/100] batch 90/300 (30%) loss=19539.6135 elapsed=33s eta=78s
  [dkd14_equal_weight] [epoch 22/100] batch 120/300 (40%) loss=19025.1283 elapsed=44s eta=66s
  [dkd14_equal_weight] [epoch 22/100] batch 150/300 (50%) loss=18608.4783 elapsed=55s eta=55s
  [dkd14_equal_weight] [epoch 22/100] batch 180/300 (60%) loss=18422.4474 elapsed=66s eta=44s
  [dkd14_equal_weight] [epoch 22/100] batch 210/300 (70%) loss=18349.4928 elapsed=77s eta=33s
  [dkd14_equal_weight] [epoch 22/100] batch 240/300 (80%) loss=18489.6283 elapsed=88s eta=22s
  [dkd14_equal_weight] [epoch 22/100] batch 270/300 (90%) loss=18754.1750 elapsed=99s eta=11s
  [dkd14_equal_weight] [epoch 22/100] batch 300/300 (100%) loss=18997.9083 elapsed=110s eta=0s
[dkd14_equal_weight] [sampler] sampled: {0: 400, 1: 400, 2: 400} total=1200 spalling_ratio=24.33%
[dkd14_equal_weight] [sampler] unique: {0: 400, 1: 400, 2: 400} unique_total=1200 dup_ratio=1.00x
[dkd14_equal_weight] [epoch 022/100] remain=78 epochs ep_eta=146.8min (avg 113s/ep)
[dkd14_equal_weight] [epoch 022/100] lr=0.000055  dt=110.2s
  train loss=18997.9083  ce=0.1363 dice=0.2255  tversky=0.0000 bd=0.0000  cldice=0.0000 snake=0.0000
  val   skipped (next val at epoch 25)
[dkd14_equal_weight] [curriculum] epoch 23: stage=0 tiers=[0] pool={0: 400, 1: 0, 2: 0}
  [dkd14_equal_weight] [epoch 23/100] batch 30/300 (10%) loss=18524.7757 elapsed=11s eta=102s
  [dkd14_equal_weight] [epoch 23/100] batch 60/300 (20%) loss=18139.2523 elapsed=22s eta=89s
  [dkd14_equal_weight] [epoch 23/100] batch 90/300 (30%) loss=18230.3476 elapsed=33s eta=77s
  [dkd14_equal_weight] [epoch 23/100] batch 120/300 (40%) loss=18581.4712 elapsed=44s eta=66s
  [dkd14_equal_weight] [epoch 23/100] batch 150/300 (50%) loss=18162.2339 elapsed=55s eta=55s
  [dkd14_equal_weight] [epoch 23/100] batch 180/300 (60%) loss=17952.3740 elapsed=66s eta=44s
  [dkd14_equal_weight] [epoch 23/100] batch 210/300 (70%) loss=17928.4205 elapsed=77s eta=33s
  [dkd14_equal_weight] [epoch 23/100] batch 240/300 (80%) loss=17805.7731 elapsed=88s eta=22s
  [dkd14_equal_weight] [epoch 23/100] batch 270/300 (90%) loss=17753.8524 elapsed=99s eta=11s
  [dkd14_equal_weight] [epoch 23/100] batch 300/300 (100%) loss=17638.1056 elapsed=110s eta=0s
[dkd14_equal_weight] [sampler] sampled: {0: 400, 1: 400, 2: 400} total=1200 spalling_ratio=24.33%
[dkd14_equal_weight] [sampler] unique: {0: 400, 1: 400, 2: 400} unique_total=1200 dup_ratio=1.00x
[dkd14_equal_weight] [epoch 023/100] remain=77 epochs ep_eta=144.8min (avg 113s/ep)
[dkd14_equal_weight] [epoch 023/100] lr=0.000055  dt=110.4s
  train loss=17638.1056  ce=0.1295 dice=0.2291  tversky=0.0000 bd=0.0000  cldice=0.0000 snake=0.0000
  val   skipped (next val at epoch 25)
[dkd14_equal_weight] [curriculum] epoch 24: stage=0 tiers=[0] pool={0: 400, 1: 0, 2: 0}
  [dkd14_equal_weight] [epoch 24/100] batch 30/300 (10%) loss=18517.1137 elapsed=11s eta=101s
  [dkd14_equal_weight] [epoch 24/100] batch 60/300 (20%) loss=16670.2870 elapsed=22s eta=89s
  [dkd14_equal_weight] [epoch 24/100] batch 90/300 (30%) loss=16676.1404 elapsed=33s eta=78s
  [dkd14_equal_weight] [epoch 24/100] batch 120/300 (40%) loss=16830.8013 elapsed=44s eta=66s
  [dkd14_equal_weight] [epoch 24/100] batch 150/300 (50%) loss=17148.4422 elapsed=55s eta=55s
  [dkd14_equal_weight] [epoch 24/100] batch 180/300 (60%) loss=17061.5638 elapsed=66s eta=44s
  [dkd14_equal_weight] [epoch 24/100] batch 210/300 (70%) loss=17231.2827 elapsed=77s eta=33s
  [dkd14_equal_weight] [epoch 24/100] batch 240/300 (80%) loss=17374.1815 elapsed=88s eta=22s
  [dkd14_equal_weight] [epoch 24/100] batch 270/300 (90%) loss=17442.0356 elapsed=99s eta=11s
  [dkd14_equal_weight] [epoch 24/100] batch 300/300 (100%) loss=17381.2450 elapsed=110s eta=0s
[dkd14_equal_weight] [sampler] sampled: {0: 400, 1: 400, 2: 400} total=1200 spalling_ratio=24.33%
[dkd14_equal_weight] [sampler] unique: {0: 400, 1: 400, 2: 400} unique_total=1200 dup_ratio=1.00x
[dkd14_equal_weight] [epoch 024/100] remain=76 epochs ep_eta=142.8min (avg 113s/ep)
[dkd14_equal_weight] [epoch 024/100] lr=0.000054  dt=110.1s
  train loss=17381.2450  ce=0.1297 dice=0.2226  tversky=0.0000 bd=0.0000  cldice=0.0000 snake=0.0000
  val   skipped (next val at epoch 25)
[dkd14_equal_weight] [curriculum] epoch 25: stage=0 tiers=[0] pool={0: 400, 1: 0, 2: 0}
  [dkd14_equal_weight] [epoch 25/100] batch 30/300 (10%) loss=16043.0453 elapsed=11s eta=101s
  [dkd14_equal_weight] [epoch 25/100] batch 60/300 (20%) loss=16119.1129 elapsed=22s eta=89s
  [dkd14_equal_weight] [epoch 25/100] batch 90/300 (30%) loss=15874.8479 elapsed=33s eta=77s
  [dkd14_equal_weight] [epoch 25/100] batch 120/300 (40%) loss=15935.2470 elapsed=44s eta=66s
  [dkd14_equal_weight] [epoch 25/100] batch 150/300 (50%) loss=15988.1861 elapsed=55s eta=55s
  [dkd14_equal_weight] [epoch 25/100] batch 180/300 (60%) loss=16662.3257 elapsed=66s eta=44s
  [dkd14_equal_weight] [epoch 25/100] batch 210/300 (70%) loss=16860.5708 elapsed=77s eta=33s
  [dkd14_equal_weight] [epoch 25/100] batch 240/300 (80%) loss=16813.2080 elapsed=88s eta=22s
  [dkd14_equal_weight] [epoch 25/100] batch 270/300 (90%) loss=16888.9032 elapsed=99s eta=11s
  [dkd14_equal_weight] [epoch 25/100] batch 300/300 (100%) loss=17119.7292 elapsed=110s eta=0s
[dkd14_equal_weight] [sampler] sampled: {0: 400, 1: 400, 2: 400} total=1200 spalling_ratio=24.33%
[dkd14_equal_weight] [sampler] unique: {0: 400, 1: 400, 2: 400} unique_total=1200 dup_ratio=1.00x
[dkd14_equal_weight] [epoch 025/100] remain=75 epochs ep_eta=141.0min (avg 113s/ep)
[dkd14_equal_weight] [epoch 025/100] lr=0.000054  dt=114.9s
  train loss=17119.7292  ce=0.1308 dice=0.2335  tversky=0.0000 bd=0.0000  cldice=0.0000 snake=0.0000
  val   loss=0.2472
  IoU   bg=0.9761  crack=0.5661  spalling=0.8108  | mIoU_fg=0.6884  pix_acc=0.9768
  Dice  bg=0.9879  crack=0.7229  spalling=0.8955
  BF1   crack=0.7461  spalling=0.6145  | BF1_fg_mean=0.6803
  [dkd14_equal_weight] [best] mIoU_fg=0.6884  saved -> best.pt
[dkd14_equal_weight] [curriculum] epoch 26: stage=0 tiers=[0] pool={0: 400, 1: 0, 2: 0}
  [dkd14_equal_weight] [epoch 26/100] batch 30/300 (10%) loss=17265.8210 elapsed=11s eta=102s
  [dkd14_equal_weight] [epoch 26/100] batch 60/300 (20%) loss=18511.1546 elapsed=22s eta=89s
  [dkd14_equal_weight] [epoch 26/100] batch 90/300 (30%) loss=18433.7028 elapsed=33s eta=78s
  [dkd14_equal_weight] [epoch 26/100] batch 120/300 (40%) loss=18046.2015 elapsed=44s eta=66s
  [dkd14_equal_weight] [epoch 26/100] batch 150/300 (50%) loss=17531.9446 elapsed=55s eta=55s
  [dkd14_equal_weight] [epoch 26/100] batch 180/300 (60%) loss=17305.0583 elapsed=66s eta=44s
  [dkd14_equal_weight] [epoch 26/100] batch 210/300 (70%) loss=17323.3676 elapsed=77s eta=33s
  [dkd14_equal_weight] [epoch 26/100] batch 240/300 (80%) loss=17091.8025 elapsed=88s eta=22s
  [dkd14_equal_weight] [epoch 26/100] batch 270/300 (90%) loss=17371.6519 elapsed=99s eta=11s
  [dkd14_equal_weight] [epoch 26/100] batch 300/300 (100%) loss=17705.6634 elapsed=110s eta=0s
[dkd14_equal_weight] [sampler] sampled: {0: 400, 1: 400, 2: 400} total=1200 spalling_ratio=24.33%
[dkd14_equal_weight] [sampler] unique: {0: 400, 1: 400, 2: 400} unique_total=1200 dup_ratio=1.00x
[dkd14_equal_weight] [epoch 026/100] remain=74 epochs ep_eta=139.1min (avg 113s/ep)
[dkd14_equal_weight] [epoch 026/100] lr=0.000053  dt=110.0s
  train loss=17705.6634  ce=0.1357 dice=0.2278  tversky=0.0000 bd=0.0000  cldice=0.0000 snake=0.0000
  val   skipped (next val at epoch 30)
[dkd14_equal_weight] [curriculum] epoch 27: stage=0 tiers=[0] pool={0: 400, 1: 0, 2: 0}
  [dkd14_equal_weight] [epoch 27/100] batch 30/300 (10%) loss=17413.7948 elapsed=11s eta=101s
  [dkd14_equal_weight] [epoch 27/100] batch 60/300 (20%) loss=16561.4906 elapsed=22s eta=89s
  [dkd14_equal_weight] [epoch 27/100] batch 90/300 (30%) loss=16670.5155 elapsed=33s eta=78s
  [dkd14_equal_weight] [epoch 27/100] batch 120/300 (40%) loss=16504.9071 elapsed=44s eta=67s
  [dkd14_equal_weight] [epoch 27/100] batch 150/300 (50%) loss=16322.8537 elapsed=55s eta=55s
  [dkd14_equal_weight] [epoch 27/100] batch 180/300 (60%) loss=15810.3600 elapsed=66s eta=44s
  [dkd14_equal_weight] [epoch 27/100] batch 210/300 (70%) loss=15741.5855 elapsed=77s eta=33s
  [dkd14_equal_weight] [epoch 27/100] batch 240/300 (80%) loss=15614.5363 elapsed=88s eta=22s
  [dkd14_equal_weight] [epoch 27/100] batch 270/300 (90%) loss=15696.7750 elapsed=99s eta=11s
  [dkd14_equal_weight] [epoch 27/100] batch 300/300 (100%) loss=15668.0717 elapsed=110s eta=0s
[dkd14_equal_weight] [sampler] sampled: {0: 400, 1: 400, 2: 400} total=1200 spalling_ratio=24.33%
[dkd14_equal_weight] [sampler] unique: {0: 400, 1: 400, 2: 400} unique_total=1200 dup_ratio=1.00x
[dkd14_equal_weight] [epoch 027/100] remain=73 epochs ep_eta=137.2min (avg 113s/ep)
[dkd14_equal_weight] [epoch 027/100] lr=0.000052  dt=110.5s
  train loss=15668.0717  ce=0.1252 dice=0.2197  tversky=0.0000 bd=0.0000  cldice=0.0000 snake=0.0000
  val   skipped (next val at epoch 30)
[dkd14_equal_weight] [curriculum] epoch 28: stage=0 tiers=[0] pool={0: 400, 1: 0, 2: 0}
  [dkd14_equal_weight] [epoch 28/100] batch 30/300 (10%) loss=16726.8839 elapsed=11s eta=102s
  [dkd14_equal_weight] [epoch 28/100] batch 60/300 (20%) loss=16093.3838 elapsed=22s eta=89s
  [dkd14_equal_weight] [epoch 28/100] batch 90/300 (30%) loss=15792.5446 elapsed=33s eta=78s
  [dkd14_equal_weight] [epoch 28/100] batch 120/300 (40%) loss=15544.9419 elapsed=44s eta=67s
  [dkd14_equal_weight] [epoch 28/100] batch 150/300 (50%) loss=15220.4670 elapsed=55s eta=55s
  [dkd14_equal_weight] [epoch 28/100] batch 180/300 (60%) loss=15061.0827 elapsed=66s eta=44s
  [dkd14_equal_weight] [epoch 28/100] batch 210/300 (70%) loss=14913.5592 elapsed=77s eta=33s
  [dkd14_equal_weight] [epoch 28/100] batch 240/300 (80%) loss=14972.8385 elapsed=88s eta=22s
  [dkd14_equal_weight] [epoch 28/100] batch 270/300 (90%) loss=14987.1867 elapsed=99s eta=11s
  [dkd14_equal_weight] [epoch 28/100] batch 300/300 (100%) loss=14870.1061 elapsed=110s eta=0s
[dkd14_equal_weight] [sampler] sampled: {0: 400, 1: 400, 2: 400} total=1200 spalling_ratio=24.33%
[dkd14_equal_weight] [sampler] unique: {0: 400, 1: 400, 2: 400} unique_total=1200 dup_ratio=1.00x
[dkd14_equal_weight] [epoch 028/100] remain=72 epochs ep_eta=135.2min (avg 113s/ep)
[dkd14_equal_weight] [epoch 028/100] lr=0.000052  dt=110.6s
  train loss=14870.1061  ce=0.1197 dice=0.2118  tversky=0.0000 bd=0.0000  cldice=0.0000 snake=0.0000
  val   skipped (next val at epoch 30)
[dkd14_equal_weight] [curriculum] epoch 29: stage=0 tiers=[0] pool={0: 400, 1: 0, 2: 0}
  [dkd14_equal_weight] [epoch 29/100] batch 30/300 (10%) loss=14760.1627 elapsed=11s eta=103s
  [dkd14_equal_weight] [epoch 29/100] batch 60/300 (20%) loss=14605.3666 elapsed=22s eta=90s
  [dkd14_equal_weight] [epoch 29/100] batch 90/300 (30%) loss=14814.2828 elapsed=33s eta=78s
  [dkd14_equal_weight] [epoch 29/100] batch 120/300 (40%) loss=14694.1546 elapsed=44s eta=67s
  [dkd14_equal_weight] [epoch 29/100] batch 150/300 (50%) loss=14713.9953 elapsed=55s eta=55s
  [dkd14_equal_weight] [epoch 29/100] batch 180/300 (60%) loss=14499.3255 elapsed=66s eta=44s
  [dkd14_equal_weight] [epoch 29/100] batch 210/300 (70%) loss=14350.0352 elapsed=77s eta=33s
  [dkd14_equal_weight] [epoch 29/100] batch 240/300 (80%) loss=14252.3823 elapsed=88s eta=22s
  [dkd14_equal_weight] [epoch 29/100] batch 270/300 (90%) loss=14214.6284 elapsed=99s eta=11s
  [dkd14_equal_weight] [epoch 29/100] batch 300/300 (100%) loss=14161.6799 elapsed=110s eta=0s
[dkd14_equal_weight] [sampler] sampled: {0: 400, 1: 400, 2: 400} total=1200 spalling_ratio=24.33%
[dkd14_equal_weight] [sampler] unique: {0: 400, 1: 400, 2: 400} unique_total=1200 dup_ratio=1.00x
[dkd14_equal_weight] [epoch 029/100] remain=71 epochs ep_eta=133.3min (avg 113s/ep)
[dkd14_equal_weight] [epoch 029/100] lr=0.000051  dt=110.4s
  train loss=14161.6799  ce=0.1172 dice=0.2148  tversky=0.0000 bd=0.0000  cldice=0.0000 snake=0.0000
  val   skipped (next val at epoch 30)
[dkd14_equal_weight] [curriculum] epoch 30: stage=1 tiers=[0, 1] pool={0: 400, 1: 400, 2: 0}
  [dkd14_equal_weight] [epoch 30/100] batch 30/300 (10%) loss=13110.0429 elapsed=11s eta=103s
  [dkd14_equal_weight] [epoch 30/100] batch 60/300 (20%) loss=13715.6031 elapsed=23s eta=90s
  [dkd14_equal_weight] [epoch 30/100] batch 90/300 (30%) loss=14327.4146 elapsed=34s eta=79s
  [dkd14_equal_weight] [epoch 30/100] batch 120/300 (40%) loss=14148.3443 elapsed=45s eta=67s
  [dkd14_equal_weight] [epoch 30/100] batch 150/300 (50%) loss=13906.1901 elapsed=56s eta=56s
  [dkd14_equal_weight] [epoch 30/100] batch 180/300 (60%) loss=13888.8476 elapsed=67s eta=45s
  [dkd14_equal_weight] [epoch 30/100] batch 210/300 (70%) loss=13836.7629 elapsed=78s eta=33s
  [dkd14_equal_weight] [epoch 30/100] batch 240/300 (80%) loss=13765.8317 elapsed=89s eta=22s
  [dkd14_equal_weight] [epoch 30/100] batch 270/300 (90%) loss=13936.4654 elapsed=100s eta=11s
  [dkd14_equal_weight] [epoch 30/100] batch 300/300 (100%) loss=13901.5147 elapsed=111s eta=0s
[dkd14_equal_weight] [sampler] sampled: {0: 400, 1: 400, 2: 400} total=1200 spalling_ratio=24.33%
[dkd14_equal_weight] [sampler] unique: {0: 400, 1: 400, 2: 400} unique_total=1200 dup_ratio=1.00x
[dkd14_equal_weight] [epoch 030/100] remain=70 epochs ep_eta=131.6min (avg 113s/ep)
[dkd14_equal_weight] [epoch 030/100] lr=0.000050  dt=116.0s
  train loss=13901.5147  ce=0.1150 dice=0.2059  tversky=0.0000 bd=0.0000  cldice=0.0000 snake=0.0000
  val   loss=0.2606
  IoU   bg=0.9768  crack=0.5744  spalling=0.7780  | mIoU_fg=0.6762  pix_acc=0.9772
  Dice  bg=0.9882  crack=0.7297  spalling=0.8752
  BF1   crack=0.7575  spalling=0.6123  | BF1_fg_mean=0.6849
[dkd14_equal_weight] [curriculum] epoch 31: stage=1 tiers=[0, 1] pool={0: 400, 1: 400, 2: 0}
  [dkd14_equal_weight] [epoch 31/100] batch 30/300 (10%) loss=13187.6193 elapsed=11s eta=102s
  [dkd14_equal_weight] [epoch 31/100] batch 60/300 (20%) loss=13378.8615 elapsed=23s eta=90s
  [dkd14_equal_weight] [epoch 31/100] batch 90/300 (30%) loss=13447.9869 elapsed=33s eta=78s
  [dkd14_equal_weight] [epoch 31/100] batch 120/300 (40%) loss=13759.1199 elapsed=44s eta=67s
  [dkd14_equal_weight] [epoch 31/100] batch 150/300 (50%) loss=13867.4932 elapsed=55s eta=55s
  [dkd14_equal_weight] [epoch 31/100] batch 180/300 (60%) loss=13743.2321 elapsed=66s eta=44s
  [dkd14_equal_weight] [epoch 31/100] batch 210/300 (70%) loss=13628.2746 elapsed=77s eta=33s
  [dkd14_equal_weight] [epoch 31/100] batch 240/300 (80%) loss=13481.2823 elapsed=88s eta=22s
  [dkd14_equal_weight] [epoch 31/100] batch 270/300 (90%) loss=13462.8123 elapsed=99s eta=11s
  [dkd14_equal_weight] [epoch 31/100] batch 300/300 (100%) loss=13428.1797 elapsed=110s eta=0s
[dkd14_equal_weight] [sampler] sampled: {0: 400, 1: 400, 2: 400} total=1200 spalling_ratio=24.33%
[dkd14_equal_weight] [sampler] unique: {0: 400, 1: 400, 2: 400} unique_total=1200 dup_ratio=1.00x
[dkd14_equal_weight] [epoch 031/100] remain=69 epochs ep_eta=129.6min (avg 113s/ep)
[dkd14_equal_weight] [epoch 031/100] lr=0.000050  dt=110.0s
  train loss=13428.1797  ce=0.1135 dice=0.2090  tversky=0.0000 bd=0.0000  cldice=0.0000 snake=0.0000
  val   skipped (next val at epoch 35)
[dkd14_equal_weight] [curriculum] epoch 32: stage=1 tiers=[0, 1] pool={0: 400, 1: 400, 2: 0}
  [dkd14_equal_weight] [epoch 32/100] batch 30/300 (10%) loss=14095.8064 elapsed=11s eta=102s
  [dkd14_equal_weight] [epoch 32/100] batch 60/300 (20%) loss=13363.3214 elapsed=22s eta=89s
  [dkd14_equal_weight] [epoch 32/100] batch 90/300 (30%) loss=13135.6023 elapsed=33s eta=78s
  [dkd14_equal_weight] [epoch 32/100] batch 120/300 (40%) loss=13129.8951 elapsed=44s eta=66s
  [dkd14_equal_weight] [epoch 32/100] batch 150/300 (50%) loss=13052.5468 elapsed=55s eta=55s
  [dkd14_equal_weight] [epoch 32/100] batch 180/300 (60%) loss=12951.5788 elapsed=66s eta=44s
  [dkd14_equal_weight] [epoch 32/100] batch 210/300 (70%) loss=12774.2899 elapsed=77s eta=33s
  [dkd14_equal_weight] [epoch 32/100] batch 240/300 (80%) loss=12629.5001 elapsed=88s eta=22s
  [dkd14_equal_weight] [epoch 32/100] batch 270/300 (90%) loss=12668.2006 elapsed=99s eta=11s
  [dkd14_equal_weight] [epoch 32/100] batch 300/300 (100%) loss=12733.8952 elapsed=110s eta=0s
[dkd14_equal_weight] [sampler] sampled: {0: 400, 1: 400, 2: 400} total=1200 spalling_ratio=24.33%
[dkd14_equal_weight] [sampler] unique: {0: 400, 1: 400, 2: 400} unique_total=1200 dup_ratio=1.00x
[dkd14_equal_weight] [epoch 032/100] remain=68 epochs ep_eta=127.7min (avg 113s/ep)
[dkd14_equal_weight] [epoch 032/100] lr=0.000049  dt=110.5s
  train loss=12733.8952  ce=0.1114 dice=0.2047  tversky=0.0000 bd=0.0000  cldice=0.0000 snake=0.0000
  val   skipped (next val at epoch 35)
[dkd14_equal_weight] [curriculum] epoch 33: stage=1 tiers=[0, 1] pool={0: 400, 1: 400, 2: 0}
  [dkd14_equal_weight] [epoch 33/100] batch 30/300 (10%) loss=12579.9055 elapsed=11s eta=103s
  [dkd14_equal_weight] [epoch 33/100] batch 60/300 (20%) loss=13490.6404 elapsed=22s eta=89s
  [dkd14_equal_weight] [epoch 33/100] batch 90/300 (30%) loss=13433.5837 elapsed=33s eta=78s
  [dkd14_equal_weight] [epoch 33/100] batch 120/300 (40%) loss=13419.1657 elapsed=44s eta=66s
  [dkd14_equal_weight] [epoch 33/100] batch 150/300 (50%) loss=13242.9704 elapsed=55s eta=55s
  [dkd14_equal_weight] [epoch 33/100] batch 180/300 (60%) loss=13175.4089 elapsed=66s eta=44s
  [dkd14_equal_weight] [epoch 33/100] batch 210/300 (70%) loss=13421.8836 elapsed=77s eta=33s
  [dkd14_equal_weight] [epoch 33/100] batch 240/300 (80%) loss=13485.0719 elapsed=88s eta=22s
  [dkd14_equal_weight] [epoch 33/100] batch 270/300 (90%) loss=13509.4216 elapsed=99s eta=11s
  [dkd14_equal_weight] [epoch 33/100] batch 300/300 (100%) loss=13497.5877 elapsed=110s eta=0s
[dkd14_equal_weight] [sampler] sampled: {0: 400, 1: 400, 2: 400} total=1200 spalling_ratio=24.33%
[dkd14_equal_weight] [sampler] unique: {0: 400, 1: 400, 2: 400} unique_total=1200 dup_ratio=1.00x
[dkd14_equal_weight] [epoch 033/100] remain=67 epochs ep_eta=125.7min (avg 113s/ep)
[dkd14_equal_weight] [epoch 033/100] lr=0.000048  dt=110.4s
  train loss=13497.5877  ce=0.1131 dice=0.2100  tversky=0.0000 bd=0.0000  cldice=0.0000 snake=0.0000
  val   skipped (next val at epoch 35)
[dkd14_equal_weight] [curriculum] epoch 34: stage=1 tiers=[0, 1] pool={0: 400, 1: 400, 2: 0}
  [dkd14_equal_weight] [epoch 34/100] batch 30/300 (10%) loss=12437.5619 elapsed=11s eta=102s
  [dkd14_equal_weight] [epoch 34/100] batch 60/300 (20%) loss=12535.3787 elapsed=22s eta=89s
  [dkd14_equal_weight] [epoch 34/100] batch 90/300 (30%) loss=12712.2143 elapsed=33s eta=77s
  [dkd14_equal_weight] [epoch 34/100] batch 120/300 (40%) loss=12858.3909 elapsed=44s eta=66s
  [dkd14_equal_weight] [epoch 34/100] batch 150/300 (50%) loss=12740.3887 elapsed=55s eta=55s
  [dkd14_equal_weight] [epoch 34/100] batch 180/300 (60%) loss=12661.5335 elapsed=66s eta=44s
  [dkd14_equal_weight] [epoch 34/100] batch 210/300 (70%) loss=12696.9691 elapsed=77s eta=33s
  [dkd14_equal_weight] [epoch 34/100] batch 240/300 (80%) loss=12676.9457 elapsed=88s eta=22s
  [dkd14_equal_weight] [epoch 34/100] batch 270/300 (90%) loss=12616.6388 elapsed=99s eta=11s
  [dkd14_equal_weight] [epoch 34/100] batch 300/300 (100%) loss=12635.7261 elapsed=111s eta=0s
[dkd14_equal_weight] [sampler] sampled: {0: 400, 1: 400, 2: 400} total=1200 spalling_ratio=24.33%
[dkd14_equal_weight] [sampler] unique: {0: 400, 1: 400, 2: 400} unique_total=1200 dup_ratio=1.00x
[dkd14_equal_weight] [epoch 034/100] remain=66 epochs ep_eta=123.8min (avg 113s/ep)
[dkd14_equal_weight] [epoch 034/100] lr=0.000047  dt=110.7s
  train loss=12635.7261  ce=0.1102 dice=0.2027  tversky=0.0000 bd=0.0000  cldice=0.0000 snake=0.0000
  val   skipped (next val at epoch 35)
[dkd14_equal_weight] [curriculum] epoch 35: stage=1 tiers=[0, 1] pool={0: 400, 1: 400, 2: 0}
  [dkd14_equal_weight] [epoch 35/100] batch 30/300 (10%) loss=12013.5240 elapsed=11s eta=102s
  [dkd14_equal_weight] [epoch 35/100] batch 60/300 (20%) loss=11915.8904 elapsed=22s eta=89s
  [dkd14_equal_weight] [epoch 35/100] batch 90/300 (30%) loss=11650.9707 elapsed=33s eta=78s
  [dkd14_equal_weight] [epoch 35/100] batch 120/300 (40%) loss=11556.1187 elapsed=45s eta=67s
  [dkd14_equal_weight] [epoch 35/100] batch 150/300 (50%) loss=12019.3638 elapsed=56s eta=56s
  [dkd14_equal_weight] [epoch 35/100] batch 180/300 (60%) loss=12019.3880 elapsed=67s eta=45s
  [dkd14_equal_weight] [epoch 35/100] batch 210/300 (70%) loss=12048.6897 elapsed=78s eta=33s
  [dkd14_equal_weight] [epoch 35/100] batch 240/300 (80%) loss=12019.5472 elapsed=89s eta=22s
  [dkd14_equal_weight] [epoch 35/100] batch 270/300 (90%) loss=12152.5703 elapsed=100s eta=11s
  [dkd14_equal_weight] [epoch 35/100] batch 300/300 (100%) loss=12201.8450 elapsed=111s eta=0s
[dkd14_equal_weight] [sampler] sampled: {0: 400, 1: 400, 2: 400} total=1200 spalling_ratio=24.33%
[dkd14_equal_weight] [sampler] unique: {0: 400, 1: 400, 2: 400} unique_total=1200 dup_ratio=1.00x
[dkd14_equal_weight] [epoch 035/100] remain=65 epochs ep_eta=122.1min (avg 113s/ep)
[dkd14_equal_weight] [epoch 035/100] lr=0.000046  dt=116.3s
  train loss=12201.8450  ce=0.1092 dice=0.2029  tversky=0.0000 bd=0.0000  cldice=0.0000 snake=0.0000
  val   loss=0.2542
  IoU   bg=0.9765  crack=0.5751  spalling=0.7835  | mIoU_fg=0.6793  pix_acc=0.9769
  Dice  bg=0.9881  crack=0.7302  spalling=0.8786
  BF1   crack=0.7428  spalling=0.6251  | BF1_fg_mean=0.6839
[dkd14_equal_weight] [curriculum] epoch 36: stage=1 tiers=[0, 1] pool={0: 400, 1: 400, 2: 0}
  [dkd14_equal_weight] [epoch 36/100] batch 30/300 (10%) loss=11672.9412 elapsed=11s eta=103s
  [dkd14_equal_weight] [epoch 36/100] batch 60/300 (20%) loss=12096.1193 elapsed=22s eta=90s
  [dkd14_equal_weight] [epoch 36/100] batch 90/300 (30%) loss=12041.9357 elapsed=33s eta=78s
  [dkd14_equal_weight] [epoch 36/100] batch 120/300 (40%) loss=11899.7279 elapsed=45s eta=67s
  [dkd14_equal_weight] [epoch 36/100] batch 150/300 (50%) loss=12043.1683 elapsed=56s eta=56s
  [dkd14_equal_weight] [epoch 36/100] batch 180/300 (60%) loss=12014.0722 elapsed=67s eta=44s
  [dkd14_equal_weight] [epoch 36/100] batch 210/300 (70%) loss=11992.2694 elapsed=78s eta=33s
  [dkd14_equal_weight] [epoch 36/100] batch 240/300 (80%) loss=11835.7743 elapsed=89s eta=22s
  [dkd14_equal_weight] [epoch 36/100] batch 270/300 (90%) loss=11745.7484 elapsed=100s eta=11s
  [dkd14_equal_weight] [epoch 36/100] batch 300/300 (100%) loss=12220.6780 elapsed=111s eta=0s
[dkd14_equal_weight] [sampler] sampled: {0: 400, 1: 400, 2: 400} total=1200 spalling_ratio=24.33%
[dkd14_equal_weight] [sampler] unique: {0: 400, 1: 400, 2: 400} unique_total=1200 dup_ratio=1.00x
[dkd14_equal_weight] [epoch 036/100] remain=64 epochs ep_eta=120.2min (avg 113s/ep)
[dkd14_equal_weight] [epoch 036/100] lr=0.000046  dt=110.9s
  train loss=12220.6780  ce=0.1076 dice=0.1959  tversky=0.0000 bd=0.0000  cldice=0.0000 snake=0.0000
  val   skipped (next val at epoch 40)
[dkd14_equal_weight] [curriculum] epoch 37: stage=1 tiers=[0, 1] pool={0: 400, 1: 400, 2: 0}
  [dkd14_equal_weight] [epoch 37/100] batch 30/300 (10%) loss=35489.9835 elapsed=11s eta=103s
  [dkd14_equal_weight] [epoch 37/100] batch 60/300 (20%) loss=30863.7341 elapsed=23s eta=90s
  [dkd14_equal_weight] [epoch 37/100] batch 90/300 (30%) loss=26258.9818 elapsed=33s eta=78s
  [dkd14_equal_weight] [epoch 37/100] batch 120/300 (40%) loss=23322.2843 elapsed=45s eta=67s
  [dkd14_equal_weight] [epoch 37/100] batch 150/300 (50%) loss=21392.9535 elapsed=56s eta=56s
  [dkd14_equal_weight] [epoch 37/100] batch 180/300 (60%) loss=20214.4561 elapsed=66s eta=44s
  [dkd14_equal_weight] [epoch 37/100] batch 210/300 (70%) loss=19016.3727 elapsed=77s eta=33s
  [dkd14_equal_weight] [epoch 37/100] batch 240/300 (80%) loss=18192.3634 elapsed=88s eta=22s
  [dkd14_equal_weight] [epoch 37/100] batch 270/300 (90%) loss=17732.1931 elapsed=99s eta=11s
  [dkd14_equal_weight] [epoch 37/100] batch 300/300 (100%) loss=17206.7663 elapsed=110s eta=0s
[dkd14_equal_weight] [sampler] sampled: {0: 400, 1: 400, 2: 400} total=1200 spalling_ratio=24.33%
[dkd14_equal_weight] [sampler] unique: {0: 400, 1: 400, 2: 400} unique_total=1200 dup_ratio=1.00x
[dkd14_equal_weight] [epoch 037/100] remain=63 epochs ep_eta=118.3min (avg 113s/ep)
[dkd14_equal_weight] [epoch 037/100] lr=0.000045  dt=110.5s
  train loss=17206.7663  ce=0.1372 dice=0.2210  tversky=0.0000 bd=0.0000  cldice=0.0000 snake=0.0000
  val   skipped (next val at epoch 40)
[dkd14_equal_weight] [curriculum] epoch 38: stage=1 tiers=[0, 1] pool={0: 400, 1: 400, 2: 0}
  [dkd14_equal_weight] [epoch 38/100] batch 30/300 (10%) loss=12418.8832 elapsed=12s eta=104s
  [dkd14_equal_weight] [epoch 38/100] batch 60/300 (20%) loss=12630.8556 elapsed=23s eta=90s
  [dkd14_equal_weight] [epoch 38/100] batch 90/300 (30%) loss=12550.8140 elapsed=34s eta=78s
  [dkd14_equal_weight] [epoch 38/100] batch 120/300 (40%) loss=12389.8614 elapsed=45s eta=67s
  [dkd14_equal_weight] [epoch 38/100] batch 150/300 (50%) loss=12413.6874 elapsed=56s eta=56s
  [dkd14_equal_weight] [epoch 38/100] batch 180/300 (60%) loss=12265.2227 elapsed=67s eta=44s
  [dkd14_equal_weight] [epoch 38/100] batch 210/300 (70%) loss=12082.8021 elapsed=78s eta=33s
  [dkd14_equal_weight] [epoch 38/100] batch 240/300 (80%) loss=11984.9562 elapsed=89s eta=22s
  [dkd14_equal_weight] [epoch 38/100] batch 270/300 (90%) loss=11967.7018 elapsed=100s eta=11s
  [dkd14_equal_weight] [epoch 38/100] batch 300/300 (100%) loss=11981.7035 elapsed=111s eta=0s
[dkd14_equal_weight] [sampler] sampled: {0: 400, 1: 400, 2: 400} total=1200 spalling_ratio=24.33%
[dkd14_equal_weight] [sampler] unique: {0: 400, 1: 400, 2: 400} unique_total=1200 dup_ratio=1.00x
[dkd14_equal_weight] [epoch 038/100] remain=62 epochs ep_eta=116.4min (avg 113s/ep)
[dkd14_equal_weight] [epoch 038/100] lr=0.000044  dt=111.2s
  train loss=11981.7035  ce=0.1081 dice=0.2041  tversky=0.0000 bd=0.0000  cldice=0.0000 snake=0.0000
  val   skipped (next val at epoch 40)
[dkd14_equal_weight] [curriculum] epoch 39: stage=1 tiers=[0, 1] pool={0: 400, 1: 400, 2: 0}
  [dkd14_equal_weight] [epoch 39/100] batch 30/300 (10%) loss=12007.5436 elapsed=11s eta=102s
  [dkd14_equal_weight] [epoch 39/100] batch 60/300 (20%) loss=11743.3966 elapsed=22s eta=89s
  [dkd14_equal_weight] [epoch 39/100] batch 90/300 (30%) loss=11872.5601 elapsed=33s eta=78s
  [dkd14_equal_weight] [epoch 39/100] batch 120/300 (40%) loss=11691.6263 elapsed=44s eta=66s
  [dkd14_equal_weight] [epoch 39/100] batch 150/300 (50%) loss=11599.0952 elapsed=55s eta=55s
  [dkd14_equal_weight] [epoch 39/100] batch 180/300 (60%) loss=11402.2725 elapsed=66s eta=44s
  [dkd14_equal_weight] [epoch 39/100] batch 210/300 (70%) loss=11454.6174 elapsed=77s eta=33s
  [dkd14_equal_weight] [epoch 39/100] batch 240/300 (80%) loss=11344.7506 elapsed=88s eta=22s
  [dkd14_equal_weight] [epoch 39/100] batch 270/300 (90%) loss=11356.4897 elapsed=99s eta=11s
  [dkd14_equal_weight] [epoch 39/100] batch 300/300 (100%) loss=11341.4334 elapsed=110s eta=0s
[dkd14_equal_weight] [sampler] sampled: {0: 400, 1: 400, 2: 400} total=1200 spalling_ratio=24.33%
[dkd14_equal_weight] [sampler] unique: {0: 400, 1: 400, 2: 400} unique_total=1200 dup_ratio=1.00x
[dkd14_equal_weight] [epoch 039/100] remain=61 epochs ep_eta=114.4min (avg 113s/ep)
[dkd14_equal_weight] [epoch 039/100] lr=0.000043  dt=110.3s
  train loss=11341.4334  ce=0.1045 dice=0.1930  tversky=0.0000 bd=0.0000  cldice=0.0000 snake=0.0000
  val   skipped (next val at epoch 40)
[dkd14_equal_weight] [curriculum] epoch 40: stage=1 tiers=[0, 1] pool={0: 400, 1: 400, 2: 0}
  [dkd14_equal_weight] [epoch 40/100] batch 30/300 (10%) loss=10433.8873 elapsed=11s eta=102s
  [dkd14_equal_weight] [epoch 40/100] batch 60/300 (20%) loss=10586.4828 elapsed=22s eta=89s
  [dkd14_equal_weight] [epoch 40/100] batch 90/300 (30%) loss=10621.1073 elapsed=33s eta=78s
  [dkd14_equal_weight] [epoch 40/100] batch 120/300 (40%) loss=11752.8948 elapsed=44s eta=66s
  [dkd14_equal_weight] [epoch 40/100] batch 150/300 (50%) loss=11782.7146 elapsed=55s eta=55s
  [dkd14_equal_weight] [epoch 40/100] batch 180/300 (60%) loss=11908.6081 elapsed=66s eta=44s
  [dkd14_equal_weight] [epoch 40/100] batch 210/300 (70%) loss=12004.3071 elapsed=77s eta=33s
  [dkd14_equal_weight] [epoch 40/100] batch 240/300 (80%) loss=11984.3349 elapsed=88s eta=22s
  [dkd14_equal_weight] [epoch 40/100] batch 270/300 (90%) loss=11896.6601 elapsed=99s eta=11s
  [dkd14_equal_weight] [epoch 40/100] batch 300/300 (100%) loss=11763.5788 elapsed=110s eta=0s
[dkd14_equal_weight] [sampler] sampled: {0: 400, 1: 400, 2: 400} total=1200 spalling_ratio=24.33%
[dkd14_equal_weight] [sampler] unique: {0: 400, 1: 400, 2: 400} unique_total=1200 dup_ratio=1.00x
[dkd14_equal_weight] [epoch 040/100] remain=60 epochs ep_eta=112.7min (avg 113s/ep)
[dkd14_equal_weight] [epoch 040/100] lr=0.000042  dt=115.2s
  train loss=11763.5788  ce=0.1069 dice=0.1984  tversky=0.0000 bd=0.0000  cldice=0.0000 snake=0.0000
  val   loss=0.2503
  IoU   bg=0.9775  crack=0.5775  spalling=0.7920  | mIoU_fg=0.6848  pix_acc=0.9779
  Dice  bg=0.9886  crack=0.7322  spalling=0.8839
  BF1   crack=0.7496  spalling=0.6587  | BF1_fg_mean=0.7041
[dkd14_equal_weight] [curriculum] epoch 41: stage=1 tiers=[0, 1] pool={0: 400, 1: 400, 2: 0}
  [dkd14_equal_weight] [epoch 41/100] batch 30/300 (10%) loss=11233.1771 elapsed=11s eta=103s
  [dkd14_equal_weight] [epoch 41/100] batch 60/300 (20%) loss=11440.4814 elapsed=22s eta=90s
  [dkd14_equal_weight] [epoch 41/100] batch 90/300 (30%) loss=11167.2242 elapsed=33s eta=78s
  [dkd14_equal_weight] [epoch 41/100] batch 120/300 (40%) loss=11145.7721 elapsed=44s eta=66s
  [dkd14_equal_weight] [epoch 41/100] batch 150/300 (50%) loss=11024.8971 elapsed=55s eta=55s
  [dkd14_equal_weight] [epoch 41/100] batch 180/300 (60%) loss=11002.4817 elapsed=66s eta=44s
  [dkd14_equal_weight] [epoch 41/100] batch 210/300 (70%) loss=10941.2728 elapsed=77s eta=33s
  [dkd14_equal_weight] [epoch 41/100] batch 240/300 (80%) loss=11049.4484 elapsed=88s eta=22s
  [dkd14_equal_weight] [epoch 41/100] batch 270/300 (90%) loss=11053.4770 elapsed=99s eta=11s
  [dkd14_equal_weight] [epoch 41/100] batch 300/300 (100%) loss=11040.3530 elapsed=110s eta=0s
[dkd14_equal_weight] [sampler] sampled: {0: 400, 1: 400, 2: 400} total=1200 spalling_ratio=24.33%
[dkd14_equal_weight] [sampler] unique: {0: 400, 1: 400, 2: 400} unique_total=1200 dup_ratio=1.00x
[dkd14_equal_weight] [epoch 041/100] remain=59 epochs ep_eta=110.8min (avg 113s/ep)
[dkd14_equal_weight] [epoch 041/100] lr=0.000041  dt=110.3s
  train loss=11040.3530  ce=0.1030 dice=0.1891  tversky=0.0000 bd=0.0000  cldice=0.0000 snake=0.0000
  val   skipped (next val at epoch 45)
[dkd14_equal_weight] [curriculum] epoch 42: stage=1 tiers=[0, 1] pool={0: 400, 1: 400, 2: 0}
  [dkd14_equal_weight] [epoch 42/100] batch 30/300 (10%) loss=11678.7372 elapsed=11s eta=103s
  [dkd14_equal_weight] [epoch 42/100] batch 60/300 (20%) loss=11172.5590 elapsed=22s eta=90s
  [dkd14_equal_weight] [epoch 42/100] batch 90/300 (30%) loss=11105.8023 elapsed=33s eta=78s
  [dkd14_equal_weight] [epoch 42/100] batch 120/300 (40%) loss=11076.9853 elapsed=44s eta=66s
  [dkd14_equal_weight] [epoch 42/100] batch 150/300 (50%) loss=11120.4247 elapsed=55s eta=55s
  [dkd14_equal_weight] [epoch 42/100] batch 180/300 (60%) loss=11181.3981 elapsed=66s eta=44s
  [dkd14_equal_weight] [epoch 42/100] batch 210/300 (70%) loss=11099.0620 elapsed=77s eta=33s
  [dkd14_equal_weight] [epoch 42/100] batch 240/300 (80%) loss=11087.2495 elapsed=88s eta=22s
  [dkd14_equal_weight] [epoch 42/100] batch 270/300 (90%) loss=11175.0356 elapsed=99s eta=11s
  [dkd14_equal_weight] [epoch 42/100] batch 300/300 (100%) loss=11319.4676 elapsed=110s eta=0s
[dkd14_equal_weight] [sampler] sampled: {0: 400, 1: 400, 2: 400} total=1200 spalling_ratio=24.33%
[dkd14_equal_weight] [sampler] unique: {0: 400, 1: 400, 2: 400} unique_total=1200 dup_ratio=1.00x
[dkd14_equal_weight] [epoch 042/100] remain=58 epochs ep_eta=108.8min (avg 113s/ep)
[dkd14_equal_weight] [epoch 042/100] lr=0.000040  dt=110.6s
  train loss=11319.4676  ce=0.1047 dice=0.1940  tversky=0.0000 bd=0.0000  cldice=0.0000 snake=0.0000
  val   skipped (next val at epoch 45)
[dkd14_equal_weight] [curriculum] epoch 43: stage=1 tiers=[0, 1] pool={0: 400, 1: 400, 2: 0}
  [dkd14_equal_weight] [epoch 43/100] batch 30/300 (10%) loss=10759.9883 elapsed=11s eta=101s
  [dkd14_equal_weight] [epoch 43/100] batch 60/300 (20%) loss=12867.5034 elapsed=22s eta=89s
  [dkd14_equal_weight] [epoch 43/100] batch 90/300 (30%) loss=12193.2178 elapsed=33s eta=78s
  [dkd14_equal_weight] [epoch 43/100] batch 120/300 (40%) loss=11902.3294 elapsed=44s eta=66s
  [dkd14_equal_weight] [epoch 43/100] batch 150/300 (50%) loss=11682.3898 elapsed=55s eta=55s
  [dkd14_equal_weight] [epoch 43/100] batch 180/300 (60%) loss=11587.6856 elapsed=66s eta=44s
  [dkd14_equal_weight] [epoch 43/100] batch 210/300 (70%) loss=11419.2734 elapsed=77s eta=33s
  [dkd14_equal_weight] [epoch 43/100] batch 240/300 (80%) loss=11234.7727 elapsed=88s eta=22s
  [dkd14_equal_weight] [epoch 43/100] batch 270/300 (90%) loss=11176.0388 elapsed=99s eta=11s
  [dkd14_equal_weight] [epoch 43/100] batch 300/300 (100%) loss=11038.9469 elapsed=110s eta=0s
[dkd14_equal_weight] [sampler] sampled: {0: 400, 1: 400, 2: 400} total=1200 spalling_ratio=24.33%
[dkd14_equal_weight] [sampler] unique: {0: 400, 1: 400, 2: 400} unique_total=1200 dup_ratio=1.00x
[dkd14_equal_weight] [epoch 043/100] remain=57 epochs ep_eta=106.9min (avg 113s/ep)
[dkd14_equal_weight] [epoch 043/100] lr=0.000039  dt=110.5s
  train loss=11038.9469  ce=0.1060 dice=0.1902  tversky=0.0000 bd=0.0000  cldice=0.0000 snake=0.0000
  val   skipped (next val at epoch 45)
[dkd14_equal_weight] [curriculum] epoch 44: stage=1 tiers=[0, 1] pool={0: 400, 1: 400, 2: 0}
  [dkd14_equal_weight] [epoch 44/100] batch 30/300 (10%) loss=9638.7956 elapsed=11s eta=103s
  [dkd14_equal_weight] [epoch 44/100] batch 60/300 (20%) loss=9969.2765 elapsed=23s eta=90s
  [dkd14_equal_weight] [epoch 44/100] batch 90/300 (30%) loss=10105.2216 elapsed=34s eta=79s
  [dkd14_equal_weight] [epoch 44/100] batch 120/300 (40%) loss=9938.2245 elapsed=45s eta=67s
  [dkd14_equal_weight] [epoch 44/100] batch 150/300 (50%) loss=9938.6913 elapsed=56s eta=56s
  [dkd14_equal_weight] [epoch 44/100] batch 180/300 (60%) loss=9940.1984 elapsed=67s eta=45s
  [dkd14_equal_weight] [epoch 44/100] batch 210/300 (70%) loss=9934.7881 elapsed=78s eta=33s
  [dkd14_equal_weight] [epoch 44/100] batch 240/300 (80%) loss=12135.4411 elapsed=89s eta=22s
  [dkd14_equal_weight] [epoch 44/100] batch 270/300 (90%) loss=12603.4206 elapsed=100s eta=11s
  [dkd14_equal_weight] [epoch 44/100] batch 300/300 (100%) loss=12588.2113 elapsed=111s eta=0s
[dkd14_equal_weight] [sampler] sampled: {0: 400, 1: 400, 2: 400} total=1200 spalling_ratio=24.33%
[dkd14_equal_weight] [sampler] unique: {0: 400, 1: 400, 2: 400} unique_total=1200 dup_ratio=1.00x
[dkd14_equal_weight] [epoch 044/100] remain=56 epochs ep_eta=105.0min (avg 113s/ep)
[dkd14_equal_weight] [epoch 044/100] lr=0.000038  dt=111.2s
  train loss=12588.2113  ce=0.1055 dice=0.1953  tversky=0.0000 bd=0.0000  cldice=0.0000 snake=0.0000
  val   skipped (next val at epoch 45)
[dkd14_equal_weight] [curriculum] epoch 45: stage=1 tiers=[0, 1] pool={0: 400, 1: 400, 2: 0}
  [dkd14_equal_weight] [epoch 45/100] batch 30/300 (10%) loss=11169.5848 elapsed=11s eta=102s
  [dkd14_equal_weight] [epoch 45/100] batch 60/300 (20%) loss=11572.0760 elapsed=23s eta=90s
  [dkd14_equal_weight] [epoch 45/100] batch 90/300 (30%) loss=11168.9121 elapsed=34s eta=78s
  [dkd14_equal_weight] [epoch 45/100] batch 120/300 (40%) loss=10915.5613 elapsed=45s eta=67s
  [dkd14_equal_weight] [epoch 45/100] batch 150/300 (50%) loss=10851.9117 elapsed=56s eta=56s
  [dkd14_equal_weight] [epoch 45/100] batch 180/300 (60%) loss=11137.1321 elapsed=67s eta=44s
  [dkd14_equal_weight] [epoch 45/100] batch 210/300 (70%) loss=11069.5980 elapsed=78s eta=33s
  [dkd14_equal_weight] [epoch 45/100] batch 240/300 (80%) loss=11086.8605 elapsed=89s eta=22s
  [dkd14_equal_weight] [epoch 45/100] batch 270/300 (90%) loss=11020.4080 elapsed=100s eta=11s
  [dkd14_equal_weight] [epoch 45/100] batch 300/300 (100%) loss=10926.5609 elapsed=111s eta=0s
[dkd14_equal_weight] [sampler] sampled: {0: 400, 1: 400, 2: 400} total=1200 spalling_ratio=24.33%
[dkd14_equal_weight] [sampler] unique: {0: 400, 1: 400, 2: 400} unique_total=1200 dup_ratio=1.00x
[dkd14_equal_weight] [epoch 045/100] remain=55 epochs ep_eta=103.2min (avg 113s/ep)
[dkd14_equal_weight] [epoch 045/100] lr=0.000037  dt=115.7s
  train loss=10926.5609  ce=0.1014 dice=0.1883  tversky=0.0000 bd=0.0000  cldice=0.0000 snake=0.0000
  val   loss=0.2371
  IoU   bg=0.9769  crack=0.5772  spalling=0.8088  | mIoU_fg=0.6930  pix_acc=0.9773
  Dice  bg=0.9883  crack=0.7319  spalling=0.8943
  BF1   crack=0.7547  spalling=0.6656  | BF1_fg_mean=0.7102
  [dkd14_equal_weight] [best] mIoU_fg=0.6930  saved -> best.pt
[dkd14_equal_weight] [curriculum] epoch 46: stage=1 tiers=[0, 1] pool={0: 400, 1: 400, 2: 0}
  [dkd14_equal_weight] [epoch 46/100] batch 30/300 (10%) loss=11771.6588 elapsed=11s eta=102s
  [dkd14_equal_weight] [epoch 46/100] batch 60/300 (20%) loss=10791.7279 elapsed=22s eta=89s
  [dkd14_equal_weight] [epoch 46/100] batch 90/300 (30%) loss=10657.9228 elapsed=33s eta=78s
  [dkd14_equal_weight] [epoch 46/100] batch 120/300 (40%) loss=10617.2905 elapsed=44s eta=66s
  [dkd14_equal_weight] [epoch 46/100] batch 150/300 (50%) loss=10558.2219 elapsed=55s eta=55s
  [dkd14_equal_weight] [epoch 46/100] batch 180/300 (60%) loss=10509.0653 elapsed=66s eta=44s
  [dkd14_equal_weight] [epoch 46/100] batch 210/300 (70%) loss=10395.2519 elapsed=77s eta=33s
  [dkd14_equal_weight] [epoch 46/100] batch 240/300 (80%) loss=10424.3048 elapsed=89s eta=22s
  [dkd14_equal_weight] [epoch 46/100] batch 270/300 (90%) loss=10370.1479 elapsed=100s eta=11s
  [dkd14_equal_weight] [epoch 46/100] batch 300/300 (100%) loss=10449.6879 elapsed=111s eta=0s
[dkd14_equal_weight] [sampler] sampled: {0: 400, 1: 400, 2: 400} total=1200 spalling_ratio=24.33%
[dkd14_equal_weight] [sampler] unique: {0: 400, 1: 400, 2: 400} unique_total=1200 dup_ratio=1.00x
[dkd14_equal_weight] [epoch 046/100] remain=54 epochs ep_eta=101.4min (avg 113s/ep)
[dkd14_equal_weight] [epoch 046/100] lr=0.000036  dt=110.8s
  train loss=10449.6879  ce=0.1004 dice=0.1889  tversky=0.0000 bd=0.0000  cldice=0.0000 snake=0.0000
  val   skipped (next val at epoch 50)
[dkd14_equal_weight] [curriculum] epoch 47: stage=1 tiers=[0, 1] pool={0: 400, 1: 400, 2: 0}
  [dkd14_equal_weight] [epoch 47/100] batch 30/300 (10%) loss=9459.9750 elapsed=11s eta=103s
  [dkd14_equal_weight] [epoch 47/100] batch 60/300 (20%) loss=10009.0742 elapsed=23s eta=90s
  [dkd14_equal_weight] [epoch 47/100] batch 90/300 (30%) loss=10316.8041 elapsed=34s eta=78s
  [dkd14_equal_weight] [epoch 47/100] batch 120/300 (40%) loss=10196.1277 elapsed=45s eta=67s
  [dkd14_equal_weight] [epoch 47/100] batch 150/300 (50%) loss=10082.2227 elapsed=56s eta=56s
  [dkd14_equal_weight] [epoch 47/100] batch 180/300 (60%) loss=9948.2030 elapsed=67s eta=44s
  [dkd14_equal_weight] [epoch 47/100] batch 210/300 (70%) loss=9950.8047 elapsed=78s eta=33s
  [dkd14_equal_weight] [epoch 47/100] batch 240/300 (80%) loss=9909.5970 elapsed=89s eta=22s
  [dkd14_equal_weight] [epoch 47/100] batch 270/300 (90%) loss=9846.4578 elapsed=100s eta=11s
  [dkd14_equal_weight] [epoch 47/100] batch 300/300 (100%) loss=9908.8133 elapsed=111s eta=0s
[dkd14_equal_weight] [sampler] sampled: {0: 400, 1: 400, 2: 400} total=1200 spalling_ratio=24.33%
[dkd14_equal_weight] [sampler] unique: {0: 400, 1: 400, 2: 400} unique_total=1200 dup_ratio=1.00x
[dkd14_equal_weight] [epoch 047/100] remain=53 epochs ep_eta=99.5min (avg 113s/ep)
[dkd14_equal_weight] [epoch 047/100] lr=0.000035  dt=110.9s
  train loss=9908.8133  ce=0.0988 dice=0.1881  tversky=0.0000 bd=0.0000  cldice=0.0000 snake=0.0000
  val   skipped (next val at epoch 50)
[dkd14_equal_weight] [curriculum] epoch 48: stage=1 tiers=[0, 1] pool={0: 400, 1: 400, 2: 0}
  [dkd14_equal_weight] [epoch 48/100] batch 30/300 (10%) loss=9285.6668 elapsed=11s eta=103s
  [dkd14_equal_weight] [epoch 48/100] batch 60/300 (20%) loss=9367.1934 elapsed=22s eta=90s
  [dkd14_equal_weight] [epoch 48/100] batch 90/300 (30%) loss=9420.6937 elapsed=34s eta=78s
  [dkd14_equal_weight] [epoch 48/100] batch 120/300 (40%) loss=9462.5256 elapsed=45s eta=67s
  [dkd14_equal_weight] [epoch 48/100] batch 150/300 (50%) loss=9482.8215 elapsed=56s eta=56s
  [dkd14_equal_weight] [epoch 48/100] batch 180/300 (60%) loss=9470.0335 elapsed=67s eta=44s
  [dkd14_equal_weight] [epoch 48/100] batch 210/300 (70%) loss=9453.6013 elapsed=78s eta=33s
  [dkd14_equal_weight] [epoch 48/100] batch 240/300 (80%) loss=9463.3879 elapsed=89s eta=22s
  [dkd14_equal_weight] [epoch 48/100] batch 270/300 (90%) loss=9505.8740 elapsed=100s eta=11s
  [dkd14_equal_weight] [epoch 48/100] batch 300/300 (100%) loss=9515.0350 elapsed=111s eta=0s
[dkd14_equal_weight] [sampler] sampled: {0: 400, 1: 400, 2: 400} total=1200 spalling_ratio=24.33%
[dkd14_equal_weight] [sampler] unique: {0: 400, 1: 400, 2: 400} unique_total=1200 dup_ratio=1.00x
[dkd14_equal_weight] [epoch 048/100] remain=52 epochs ep_eta=97.6min (avg 113s/ep)
[dkd14_equal_weight] [epoch 048/100] lr=0.000034  dt=110.7s
  train loss=9515.0350  ce=0.0967 dice=0.1908  tversky=0.0000 bd=0.0000  cldice=0.0000 snake=0.0000
  val   skipped (next val at epoch 50)
[dkd14_equal_weight] [curriculum] epoch 49: stage=1 tiers=[0, 1] pool={0: 400, 1: 400, 2: 0}
  [dkd14_equal_weight] [epoch 49/100] batch 30/300 (10%) loss=9270.4909 elapsed=11s eta=101s
  [dkd14_equal_weight] [epoch 49/100] batch 60/300 (20%) loss=9767.4137 elapsed=22s eta=90s
  [dkd14_equal_weight] [epoch 49/100] batch 90/300 (30%) loss=9680.6615 elapsed=33s eta=78s
  [dkd14_equal_weight] [epoch 49/100] batch 120/300 (40%) loss=9539.4670 elapsed=44s eta=67s
  [dkd14_equal_weight] [epoch 49/100] batch 150/300 (50%) loss=9467.5392 elapsed=55s eta=55s
  [dkd14_equal_weight] [epoch 49/100] batch 180/300 (60%) loss=9382.2076 elapsed=67s eta=44s
  [dkd14_equal_weight] [epoch 49/100] batch 210/300 (70%) loss=9363.6912 elapsed=78s eta=33s
  [dkd14_equal_weight] [epoch 49/100] batch 240/300 (80%) loss=9295.0709 elapsed=89s eta=22s
  [dkd14_equal_weight] [epoch 49/100] batch 270/300 (90%) loss=9309.4076 elapsed=100s eta=11s
  [dkd14_equal_weight] [epoch 49/100] batch 300/300 (100%) loss=9326.8836 elapsed=111s eta=0s
[dkd14_equal_weight] [sampler] sampled: {0: 400, 1: 400, 2: 400} total=1200 spalling_ratio=24.33%
[dkd14_equal_weight] [sampler] unique: {0: 400, 1: 400, 2: 400} unique_total=1200 dup_ratio=1.00x
[dkd14_equal_weight] [epoch 049/100] remain=51 epochs ep_eta=95.7min (avg 113s/ep)
[dkd14_equal_weight] [epoch 049/100] lr=0.000033  dt=110.9s
  train loss=9326.8836  ce=0.0957 dice=0.1868  tversky=0.0000 bd=0.0000  cldice=0.0000 snake=0.0000
  val   skipped (next val at epoch 50)
[dkd14_equal_weight] [curriculum] epoch 50: stage=1 tiers=[0, 1] pool={0: 400, 1: 400, 2: 0}
  [dkd14_equal_weight] [epoch 50/100] batch 30/300 (10%) loss=9683.5080 elapsed=11s eta=102s
  [dkd14_equal_weight] [epoch 50/100] batch 60/300 (20%) loss=10087.7514 elapsed=22s eta=89s
  [dkd14_equal_weight] [epoch 50/100] batch 90/300 (30%) loss=9876.3974 elapsed=33s eta=78s
  [dkd14_equal_weight] [epoch 50/100] batch 120/300 (40%) loss=9619.5420 elapsed=44s eta=67s
  [dkd14_equal_weight] [epoch 50/100] batch 150/300 (50%) loss=9450.9058 elapsed=55s eta=55s
  [dkd14_equal_weight] [epoch 50/100] batch 180/300 (60%) loss=9752.8231 elapsed=66s eta=44s
  [dkd14_equal_weight] [epoch 50/100] batch 210/300 (70%) loss=9937.6697 elapsed=78s eta=33s
  [dkd14_equal_weight] [epoch 50/100] batch 240/300 (80%) loss=10044.3824 elapsed=89s eta=22s
  [dkd14_equal_weight] [epoch 50/100] batch 270/300 (90%) loss=10080.1006 elapsed=100s eta=11s
  [dkd14_equal_weight] [epoch 50/100] batch 300/300 (100%) loss=10199.7687 elapsed=111s eta=0s
[dkd14_equal_weight] [sampler] sampled: {0: 400, 1: 400, 2: 400} total=1200 spalling_ratio=24.33%
[dkd14_equal_weight] [sampler] unique: {0: 400, 1: 400, 2: 400} unique_total=1200 dup_ratio=1.00x
[dkd14_equal_weight] [epoch 050/100] remain=50 epochs ep_eta=93.9min (avg 113s/ep)
[dkd14_equal_weight] [epoch 050/100] lr=0.000032  dt=115.9s
  train loss=10199.7687  ce=0.0997 dice=0.1887  tversky=0.0000 bd=0.0000  cldice=0.0000 snake=0.0000
  val   loss=0.2339
  IoU   bg=0.9768  crack=0.5727  spalling=0.8028  | mIoU_fg=0.6878  pix_acc=0.9773
  Dice  bg=0.9883  crack=0.7283  spalling=0.8906
  BF1   crack=0.7426  spalling=0.6849  | BF1_fg_mean=0.7137
[dkd14_equal_weight] [curriculum] epoch 51: stage=1 tiers=[0, 1] pool={0: 400, 1: 400, 2: 0}
  [dkd14_equal_weight] [epoch 51/100] batch 30/300 (10%) loss=10904.0225 elapsed=11s eta=101s
  [dkd14_equal_weight] [epoch 51/100] batch 60/300 (20%) loss=10081.8534 elapsed=22s eta=89s
  [dkd14_equal_weight] [epoch 51/100] batch 90/300 (30%) loss=10118.4757 elapsed=33s eta=78s
  [dkd14_equal_weight] [epoch 51/100] batch 120/300 (40%) loss=10029.6571 elapsed=44s eta=66s
  [dkd14_equal_weight] [epoch 51/100] batch 150/300 (50%) loss=10013.7798 elapsed=55s eta=55s
  [dkd14_equal_weight] [epoch 51/100] batch 180/300 (60%) loss=10121.6909 elapsed=66s eta=44s
  [dkd14_equal_weight] [epoch 51/100] batch 210/300 (70%) loss=10015.4565 elapsed=77s eta=33s
  [dkd14_equal_weight] [epoch 51/100] batch 240/300 (80%) loss=9942.3358 elapsed=88s eta=22s
  [dkd14_equal_weight] [epoch 51/100] batch 270/300 (90%) loss=9905.9690 elapsed=99s eta=11s
  [dkd14_equal_weight] [epoch 51/100] batch 300/300 (100%) loss=9824.9486 elapsed=110s eta=0s
[dkd14_equal_weight] [sampler] sampled: {0: 400, 1: 400, 2: 400} total=1200 spalling_ratio=24.33%
[dkd14_equal_weight] [sampler] unique: {0: 400, 1: 400, 2: 400} unique_total=1200 dup_ratio=1.00x
[dkd14_equal_weight] [epoch 051/100] remain=49 epochs ep_eta=92.0min (avg 113s/ep)
[dkd14_equal_weight] [epoch 051/100] lr=0.000031  dt=110.2s
  train loss=9824.9486  ce=0.0970 dice=0.1844  tversky=0.0000 bd=0.0000  cldice=0.0000 snake=0.0000
  val   skipped (next val at epoch 55)
[dkd14_equal_weight] [curriculum] epoch 52: stage=1 tiers=[0, 1] pool={0: 400, 1: 400, 2: 0}
  [dkd14_equal_weight] [epoch 52/100] batch 30/300 (10%) loss=9691.7783 elapsed=11s eta=102s
  [dkd14_equal_weight] [epoch 52/100] batch 60/300 (20%) loss=9123.0694 elapsed=22s eta=89s
  [dkd14_equal_weight] [epoch 52/100] batch 90/300 (30%) loss=9175.3196 elapsed=33s eta=77s
  [dkd14_equal_weight] [epoch 52/100] batch 120/300 (40%) loss=9176.2618 elapsed=44s eta=66s
  [dkd14_equal_weight] [epoch 52/100] batch 150/300 (50%) loss=9163.0915 elapsed=55s eta=55s
  [dkd14_equal_weight] [epoch 52/100] batch 180/300 (60%) loss=9194.6408 elapsed=66s eta=44s
  [dkd14_equal_weight] [epoch 52/100] batch 210/300 (70%) loss=9211.1708 elapsed=77s eta=33s
  [dkd14_equal_weight] [epoch 52/100] batch 240/300 (80%) loss=9211.9995 elapsed=88s eta=22s
  [dkd14_equal_weight] [epoch 52/100] batch 270/300 (90%) loss=9206.7827 elapsed=99s eta=11s
  [dkd14_equal_weight] [epoch 52/100] batch 300/300 (100%) loss=9223.2054 elapsed=110s eta=0s
[dkd14_equal_weight] [sampler] sampled: {0: 400, 1: 400, 2: 400} total=1200 spalling_ratio=24.33%
[dkd14_equal_weight] [sampler] unique: {0: 400, 1: 400, 2: 400} unique_total=1200 dup_ratio=1.00x
[dkd14_equal_weight] [epoch 052/100] remain=48 epochs ep_eta=90.1min (avg 113s/ep)
[dkd14_equal_weight] [epoch 052/100] lr=0.000030  dt=110.5s
  train loss=9223.2054  ce=0.0945 dice=0.1839  tversky=0.0000 bd=0.0000  cldice=0.0000 snake=0.0000
  val   skipped (next val at epoch 55)
[dkd14_equal_weight] [curriculum] epoch 53: stage=1 tiers=[0, 1] pool={0: 400, 1: 400, 2: 0}
  [dkd14_equal_weight] [epoch 53/100] batch 30/300 (10%) loss=8192.5507 elapsed=11s eta=102s
  [dkd14_equal_weight] [epoch 53/100] batch 60/300 (20%) loss=9082.8411 elapsed=22s eta=90s
  [dkd14_equal_weight] [epoch 53/100] batch 90/300 (30%) loss=8992.4723 elapsed=34s eta=78s
  [dkd14_equal_weight] [epoch 53/100] batch 120/300 (40%) loss=9148.5963 elapsed=45s eta=67s
  [dkd14_equal_weight] [epoch 53/100] batch 150/300 (50%) loss=9108.1582 elapsed=56s eta=56s
  [dkd14_equal_weight] [epoch 53/100] batch 180/300 (60%) loss=9141.9872 elapsed=67s eta=44s
  [dkd14_equal_weight] [epoch 53/100] batch 210/300 (70%) loss=9068.9757 elapsed=78s eta=33s
  [dkd14_equal_weight] [epoch 53/100] batch 240/300 (80%) loss=9019.8532 elapsed=89s eta=22s
  [dkd14_equal_weight] [epoch 53/100] batch 270/300 (90%) loss=9226.8899 elapsed=100s eta=11s
  [dkd14_equal_weight] [epoch 53/100] batch 300/300 (100%) loss=9185.5663 elapsed=111s eta=0s
[dkd14_equal_weight] [sampler] sampled: {0: 400, 1: 400, 2: 400} total=1200 spalling_ratio=24.33%
[dkd14_equal_weight] [sampler] unique: {0: 400, 1: 400, 2: 400} unique_total=1200 dup_ratio=1.00x
[dkd14_equal_weight] [epoch 053/100] remain=47 epochs ep_eta=88.2min (avg 113s/ep)
[dkd14_equal_weight] [epoch 053/100] lr=0.000030  dt=111.1s
  train loss=9185.5663  ce=0.0950 dice=0.1858  tversky=0.0000 bd=0.0000  cldice=0.0000 snake=0.0000
  val   skipped (next val at epoch 55)
[dkd14_equal_weight] [curriculum] epoch 54: stage=1 tiers=[0, 1] pool={0: 400, 1: 400, 2: 0}
  [dkd14_equal_weight] [epoch 54/100] batch 30/300 (10%) loss=8866.8468 elapsed=11s eta=103s
  [dkd14_equal_weight] [epoch 54/100] batch 60/300 (20%) loss=8832.1128 elapsed=23s eta=91s
  [dkd14_equal_weight] [epoch 54/100] batch 90/300 (30%) loss=9107.1856 elapsed=34s eta=79s
  [dkd14_equal_weight] [epoch 54/100] batch 120/300 (40%) loss=9131.1717 elapsed=45s eta=67s
  [dkd14_equal_weight] [epoch 54/100] batch 150/300 (50%) loss=9021.1850 elapsed=56s eta=56s
  [dkd14_equal_weight] [epoch 54/100] batch 180/300 (60%) loss=8988.2239 elapsed=67s eta=44s
  [dkd14_equal_weight] [epoch 54/100] batch 210/300 (70%) loss=9045.2667 elapsed=78s eta=33s
  [dkd14_equal_weight] [epoch 54/100] batch 240/300 (80%) loss=8959.0341 elapsed=89s eta=22s
  [dkd14_equal_weight] [epoch 54/100] batch 270/300 (90%) loss=8946.8025 elapsed=100s eta=11s
  [dkd14_equal_weight] [epoch 54/100] batch 300/300 (100%) loss=8939.3823 elapsed=111s eta=0s
[dkd14_equal_weight] [sampler] sampled: {0: 400, 1: 400, 2: 400} total=1200 spalling_ratio=24.33%
[dkd14_equal_weight] [sampler] unique: {0: 400, 1: 400, 2: 400} unique_total=1200 dup_ratio=1.00x
[dkd14_equal_weight] [epoch 054/100] remain=46 epochs ep_eta=86.3min (avg 113s/ep)
[dkd14_equal_weight] [epoch 054/100] lr=0.000029  dt=110.8s
  train loss=8939.3823  ce=0.0942 dice=0.1882  tversky=0.0000 bd=0.0000  cldice=0.0000 snake=0.0000
  val   skipped (next val at epoch 55)
[dkd14_equal_weight] [curriculum] epoch 55: stage=1 tiers=[0, 1] pool={0: 400, 1: 400, 2: 0}
  [dkd14_equal_weight] [epoch 55/100] batch 30/300 (10%) loss=9040.7639 elapsed=11s eta=103s
  [dkd14_equal_weight] [epoch 55/100] batch 60/300 (20%) loss=9138.6755 elapsed=23s eta=90s
  [dkd14_equal_weight] [epoch 55/100] batch 90/300 (30%) loss=9069.8262 elapsed=34s eta=79s
  [dkd14_equal_weight] [epoch 55/100] batch 120/300 (40%) loss=9192.1242 elapsed=45s eta=67s
  [dkd14_equal_weight] [epoch 55/100] batch 150/300 (50%) loss=9211.5962 elapsed=56s eta=56s
  [dkd14_equal_weight] [epoch 55/100] batch 180/300 (60%) loss=9137.6189 elapsed=67s eta=45s
  [dkd14_equal_weight] [epoch 55/100] batch 210/300 (70%) loss=9044.9915 elapsed=78s eta=33s
  [dkd14_equal_weight] [epoch 55/100] batch 240/300 (80%) loss=8936.4012 elapsed=89s eta=22s
  [dkd14_equal_weight] [epoch 55/100] batch 270/300 (90%) loss=8897.6002 elapsed=100s eta=11s
  [dkd14_equal_weight] [epoch 55/100] batch 300/300 (100%) loss=8797.8591 elapsed=110s eta=0s
[dkd14_equal_weight] [sampler] sampled: {0: 400, 1: 400, 2: 400} total=1200 spalling_ratio=24.33%
[dkd14_equal_weight] [sampler] unique: {0: 400, 1: 400, 2: 400} unique_total=1200 dup_ratio=1.00x
[dkd14_equal_weight] [epoch 055/100] remain=45 epochs ep_eta=84.5min (avg 113s/ep)
[dkd14_equal_weight] [epoch 055/100] lr=0.000028  dt=115.5s
  train loss=8797.8591  ce=0.0932 dice=0.1795  tversky=0.0000 bd=0.0000  cldice=0.0000 snake=0.0000
  val   loss=0.2382
  IoU   bg=0.9768  crack=0.5728  spalling=0.8173  | mIoU_fg=0.6950  pix_acc=0.9773
  Dice  bg=0.9883  crack=0.7284  spalling=0.8994
  BF1   crack=0.7495  spalling=0.6902  | BF1_fg_mean=0.7198
  [dkd14_equal_weight] [best] mIoU_fg=0.6950  saved -> best.pt
[dkd14_equal_weight] [curriculum] epoch 56: stage=1 tiers=[0, 1] pool={0: 400, 1: 400, 2: 0}
  [dkd14_equal_weight] [epoch 56/100] batch 30/300 (10%) loss=8794.9926 elapsed=11s eta=101s
  [dkd14_equal_weight] [epoch 56/100] batch 60/300 (20%) loss=8858.0022 elapsed=22s eta=89s
  [dkd14_equal_weight] [epoch 56/100] batch 90/300 (30%) loss=8773.2981 elapsed=33s eta=77s
  [dkd14_equal_weight] [epoch 56/100] batch 120/300 (40%) loss=8753.6773 elapsed=44s eta=66s
  [dkd14_equal_weight] [epoch 56/100] batch 150/300 (50%) loss=8699.9763 elapsed=55s eta=55s
  [dkd14_equal_weight] [epoch 56/100] batch 180/300 (60%) loss=8685.9864 elapsed=66s eta=44s
  [dkd14_equal_weight] [epoch 56/100] batch 210/300 (70%) loss=8683.5704 elapsed=77s eta=33s
  [dkd14_equal_weight] [epoch 56/100] batch 240/300 (80%) loss=8774.4108 elapsed=88s eta=22s
  [dkd14_equal_weight] [epoch 56/100] batch 270/300 (90%) loss=8768.9375 elapsed=99s eta=11s
  [dkd14_equal_weight] [epoch 56/100] batch 300/300 (100%) loss=8762.8257 elapsed=110s eta=0s
[dkd14_equal_weight] [sampler] sampled: {0: 400, 1: 400, 2: 400} total=1200 spalling_ratio=24.33%
[dkd14_equal_weight] [sampler] unique: {0: 400, 1: 400, 2: 400} unique_total=1200 dup_ratio=1.00x
[dkd14_equal_weight] [epoch 056/100] remain=44 epochs ep_eta=82.6min (avg 113s/ep)
[dkd14_equal_weight] [epoch 056/100] lr=0.000027  dt=110.2s
  train loss=8762.8257  ce=0.0925 dice=0.1795  tversky=0.0000 bd=0.0000  cldice=0.0000 snake=0.0000
  val   skipped (next val at epoch 60)
[dkd14_equal_weight] [curriculum] epoch 57: stage=1 tiers=[0, 1] pool={0: 400, 1: 400, 2: 0}
  [dkd14_equal_weight] [epoch 57/100] batch 30/300 (10%) loss=9034.1867 elapsed=11s eta=102s
  [dkd14_equal_weight] [epoch 57/100] batch 60/300 (20%) loss=8822.2004 elapsed=22s eta=89s
  [dkd14_equal_weight] [epoch 57/100] batch 90/300 (30%) loss=8847.2428 elapsed=33s eta=78s
  [dkd14_equal_weight] [epoch 57/100] batch 120/300 (40%) loss=8980.9723 elapsed=44s eta=66s
  [dkd14_equal_weight] [epoch 57/100] batch 150/300 (50%) loss=8871.8398 elapsed=55s eta=55s
  [dkd14_equal_weight] [epoch 57/100] batch 180/300 (60%) loss=8877.3796 elapsed=66s eta=44s
  [dkd14_equal_weight] [epoch 57/100] batch 210/300 (70%) loss=8798.0686 elapsed=77s eta=33s
  [dkd14_equal_weight] [epoch 57/100] batch 240/300 (80%) loss=8757.4041 elapsed=88s eta=22s
  [dkd14_equal_weight] [epoch 57/100] batch 270/300 (90%) loss=8728.7439 elapsed=99s eta=11s
  [dkd14_equal_weight] [epoch 57/100] batch 300/300 (100%) loss=8732.8454 elapsed=110s eta=0s
[dkd14_equal_weight] [sampler] sampled: {0: 400, 1: 400, 2: 400} total=1200 spalling_ratio=24.33%
[dkd14_equal_weight] [sampler] unique: {0: 400, 1: 400, 2: 400} unique_total=1200 dup_ratio=1.00x
[dkd14_equal_weight] [epoch 057/100] remain=43 epochs ep_eta=80.7min (avg 113s/ep)
[dkd14_equal_weight] [epoch 057/100] lr=0.000026  dt=110.4s
  train loss=8732.8454  ce=0.0928 dice=0.1787  tversky=0.0000 bd=0.0000  cldice=0.0000 snake=0.0000
  val   skipped (next val at epoch 60)
[dkd14_equal_weight] [curriculum] epoch 58: stage=1 tiers=[0, 1] pool={0: 400, 1: 400, 2: 0}
  [dkd14_equal_weight] [epoch 58/100] batch 30/300 (10%) loss=8350.2780 elapsed=11s eta=101s
  [dkd14_equal_weight] [epoch 58/100] batch 60/300 (20%) loss=8439.1541 elapsed=22s eta=89s
  [dkd14_equal_weight] [epoch 58/100] batch 90/300 (30%) loss=8442.3320 elapsed=33s eta=78s
  [dkd14_equal_weight] [epoch 58/100] batch 120/300 (40%) loss=8508.0955 elapsed=44s eta=67s
  [dkd14_equal_weight] [epoch 58/100] batch 150/300 (50%) loss=8526.3588 elapsed=55s eta=55s
  [dkd14_equal_weight] [epoch 58/100] batch 180/300 (60%) loss=8443.4735 elapsed=66s eta=44s
  [dkd14_equal_weight] [epoch 58/100] batch 210/300 (70%) loss=8445.9850 elapsed=77s eta=33s
  [dkd14_equal_weight] [epoch 58/100] batch 240/300 (80%) loss=8465.1236 elapsed=88s eta=22s
  [dkd14_equal_weight] [epoch 58/100] batch 270/300 (90%) loss=8492.4354 elapsed=99s eta=11s
  [dkd14_equal_weight] [epoch 58/100] batch 300/300 (100%) loss=8468.2991 elapsed=110s eta=0s
[dkd14_equal_weight] [sampler] sampled: {0: 400, 1: 400, 2: 400} total=1200 spalling_ratio=24.33%
[dkd14_equal_weight] [sampler] unique: {0: 400, 1: 400, 2: 400} unique_total=1200 dup_ratio=1.00x
[dkd14_equal_weight] [epoch 058/100] remain=42 epochs ep_eta=78.8min (avg 113s/ep)
[dkd14_equal_weight] [epoch 058/100] lr=0.000025  dt=110.5s
  train loss=8468.2991  ce=0.0917 dice=0.1808  tversky=0.0000 bd=0.0000  cldice=0.0000 snake=0.0000
  val   skipped (next val at epoch 60)
[dkd14_equal_weight] [curriculum] epoch 59: stage=1 tiers=[0, 1] pool={0: 400, 1: 400, 2: 0}
  [dkd14_equal_weight] [epoch 59/100] batch 30/300 (10%) loss=8442.3629 elapsed=11s eta=102s
  [dkd14_equal_weight] [epoch 59/100] batch 60/300 (20%) loss=8555.4169 elapsed=22s eta=89s
  [dkd14_equal_weight] [epoch 59/100] batch 90/300 (30%) loss=8388.5800 elapsed=33s eta=78s
  [dkd14_equal_weight] [epoch 59/100] batch 120/300 (40%) loss=8573.6159 elapsed=44s eta=67s
  [dkd14_equal_weight] [epoch 59/100] batch 150/300 (50%) loss=8414.4533 elapsed=55s eta=55s
  [dkd14_equal_weight] [epoch 59/100] batch 180/300 (60%) loss=8369.2603 elapsed=66s eta=44s
  [dkd14_equal_weight] [epoch 59/100] batch 210/300 (70%) loss=8426.3323 elapsed=78s eta=33s
  [dkd14_equal_weight] [epoch 59/100] batch 240/300 (80%) loss=8394.8350 elapsed=89s eta=22s
  [dkd14_equal_weight] [epoch 59/100] batch 270/300 (90%) loss=8408.9295 elapsed=100s eta=11s
  [dkd14_equal_weight] [epoch 59/100] batch 300/300 (100%) loss=8439.4098 elapsed=111s eta=0s
[dkd14_equal_weight] [sampler] sampled: {0: 400, 1: 400, 2: 400} total=1200 spalling_ratio=24.33%
[dkd14_equal_weight] [sampler] unique: {0: 400, 1: 400, 2: 400} unique_total=1200 dup_ratio=1.00x
[dkd14_equal_weight] [epoch 059/100] remain=41 epochs ep_eta=76.9min (avg 113s/ep)
[dkd14_equal_weight] [epoch 059/100] lr=0.000024  dt=110.7s
  train loss=8439.4098  ce=0.0908 dice=0.1774  tversky=0.0000 bd=0.0000  cldice=0.0000 snake=0.0000
  val   skipped (next val at epoch 60)
[dkd14_equal_weight] [curriculum] epoch 60: stage=1 tiers=[0, 1] pool={0: 400, 1: 400, 2: 0}
  [dkd14_equal_weight] [epoch 60/100] batch 30/300 (10%) loss=8295.5143 elapsed=11s eta=102s
  [dkd14_equal_weight] [epoch 60/100] batch 60/300 (20%) loss=8217.1963 elapsed=22s eta=89s
  [dkd14_equal_weight] [epoch 60/100] batch 90/300 (30%) loss=8271.7579 elapsed=33s eta=78s
  [dkd14_equal_weight] [epoch 60/100] batch 120/300 (40%) loss=8292.1907 elapsed=44s eta=66s
  [dkd14_equal_weight] [epoch 60/100] batch 150/300 (50%) loss=8377.4658 elapsed=55s eta=55s
  [dkd14_equal_weight] [epoch 60/100] batch 180/300 (60%) loss=8462.7621 elapsed=66s eta=44s
  [dkd14_equal_weight] [epoch 60/100] batch 210/300 (70%) loss=8449.5763 elapsed=77s eta=33s
  [dkd14_equal_weight] [epoch 60/100] batch 240/300 (80%) loss=8469.9702 elapsed=89s eta=22s
  [dkd14_equal_weight] [epoch 60/100] batch 270/300 (90%) loss=8540.2335 elapsed=100s eta=11s
  [dkd14_equal_weight] [epoch 60/100] batch 300/300 (100%) loss=8521.1543 elapsed=111s eta=0s
[dkd14_equal_weight] [sampler] sampled: {0: 400, 1: 400, 2: 400} total=1200 spalling_ratio=24.33%
[dkd14_equal_weight] [sampler] unique: {0: 400, 1: 400, 2: 400} unique_total=1200 dup_ratio=1.00x
[dkd14_equal_weight] [epoch 060/100] remain=40 epochs ep_eta=75.1min (avg 113s/ep)
[dkd14_equal_weight] [epoch 060/100] lr=0.000023  dt=115.7s
  train loss=8521.1543  ce=0.0921 dice=0.1798  tversky=0.0000 bd=0.0000  cldice=0.0000 snake=0.0000
  val   loss=0.2453
  IoU   bg=0.9772  crack=0.5790  spalling=0.7960  | mIoU_fg=0.6875  pix_acc=0.9776
  Dice  bg=0.9885  crack=0.7333  spalling=0.8864
  BF1   crack=0.7576  spalling=0.7076  | BF1_fg_mean=0.7326
[dkd14_equal_weight] [curriculum] epoch 61: stage=1 tiers=[0, 1] pool={0: 400, 1: 400, 2: 0}
  [dkd14_equal_weight] [epoch 61/100] batch 30/300 (10%) loss=8513.8062 elapsed=11s eta=103s
  [dkd14_equal_weight] [epoch 61/100] batch 60/300 (20%) loss=8385.3102 elapsed=22s eta=90s
  [dkd14_equal_weight] [epoch 61/100] batch 90/300 (30%) loss=8426.6377 elapsed=33s eta=78s
  [dkd14_equal_weight] [epoch 61/100] batch 120/300 (40%) loss=8391.9900 elapsed=45s eta=67s
  [dkd14_equal_weight] [epoch 61/100] batch 150/300 (50%) loss=8396.9886 elapsed=55s eta=55s
  [dkd14_equal_weight] [epoch 61/100] batch 180/300 (60%) loss=8362.4391 elapsed=66s eta=44s
  [dkd14_equal_weight] [epoch 61/100] batch 210/300 (70%) loss=8377.4296 elapsed=77s eta=33s
  [dkd14_equal_weight] [epoch 61/100] batch 240/300 (80%) loss=8288.2265 elapsed=88s eta=22s
  [dkd14_equal_weight] [epoch 61/100] batch 270/300 (90%) loss=8301.7408 elapsed=99s eta=11s
  [dkd14_equal_weight] [epoch 61/100] batch 300/300 (100%) loss=8346.8992 elapsed=111s eta=0s
[dkd14_equal_weight] [sampler] sampled: {0: 400, 1: 400, 2: 400} total=1200 spalling_ratio=24.33%
[dkd14_equal_weight] [sampler] unique: {0: 400, 1: 400, 2: 400} unique_total=1200 dup_ratio=1.00x
[dkd14_equal_weight] [epoch 061/100] remain=39 epochs ep_eta=73.2min (avg 113s/ep)
[dkd14_equal_weight] [epoch 061/100] lr=0.000022  dt=110.7s
  train loss=8346.8992  ce=0.0920 dice=0.1780  tversky=0.0000 bd=0.0000  cldice=0.0000 snake=0.0000
  val   skipped (next val at epoch 65)
[dkd14_equal_weight] [curriculum] epoch 62: stage=1 tiers=[0, 1] pool={0: 400, 1: 400, 2: 0}
  [dkd14_equal_weight] [epoch 62/100] batch 30/300 (10%) loss=8634.2443 elapsed=12s eta=104s
  [dkd14_equal_weight] [epoch 62/100] batch 60/300 (20%) loss=8367.5984 elapsed=23s eta=90s
  [dkd14_equal_weight] [epoch 62/100] batch 90/300 (30%) loss=8435.4277 elapsed=34s eta=79s
  [dkd14_equal_weight] [epoch 62/100] batch 120/300 (40%) loss=8462.0343 elapsed=45s eta=67s
  [dkd14_equal_weight] [epoch 62/100] batch 150/300 (50%) loss=8353.9807 elapsed=56s eta=56s
  [dkd14_equal_weight] [epoch 62/100] batch 180/300 (60%) loss=8444.5297 elapsed=67s eta=45s
  [dkd14_equal_weight] [epoch 62/100] batch 210/300 (70%) loss=8280.1125 elapsed=78s eta=33s
  [dkd14_equal_weight] [epoch 62/100] batch 240/300 (80%) loss=8312.8080 elapsed=89s eta=22s
  [dkd14_equal_weight] [epoch 62/100] batch 270/300 (90%) loss=8384.1624 elapsed=100s eta=11s
  [dkd14_equal_weight] [epoch 62/100] batch 300/300 (100%) loss=8335.2097 elapsed=111s eta=0s
[dkd14_equal_weight] [sampler] sampled: {0: 400, 1: 400, 2: 400} total=1200 spalling_ratio=24.33%
[dkd14_equal_weight] [sampler] unique: {0: 400, 1: 400, 2: 400} unique_total=1200 dup_ratio=1.00x
[dkd14_equal_weight] [epoch 062/100] remain=38 epochs ep_eta=71.3min (avg 113s/ep)
[dkd14_equal_weight] [epoch 062/100] lr=0.000021  dt=111.1s
  train loss=8335.2097  ce=0.0905 dice=0.1767  tversky=0.0000 bd=0.0000  cldice=0.0000 snake=0.0000
  val   skipped (next val at epoch 65)
[dkd14_equal_weight] [curriculum] epoch 63: stage=1 tiers=[0, 1] pool={0: 400, 1: 400, 2: 0}
  [dkd14_equal_weight] [epoch 63/100] batch 30/300 (10%) loss=8737.8743 elapsed=11s eta=101s
  [dkd14_equal_weight] [epoch 63/100] batch 60/300 (20%) loss=8329.6542 elapsed=22s eta=90s
  [dkd14_equal_weight] [epoch 63/100] batch 90/300 (30%) loss=8212.4595 elapsed=33s eta=78s
  [dkd14_equal_weight] [epoch 63/100] batch 120/300 (40%) loss=8210.3359 elapsed=44s eta=67s
  [dkd14_equal_weight] [epoch 63/100] batch 150/300 (50%) loss=8501.3948 elapsed=55s eta=55s
  [dkd14_equal_weight] [epoch 63/100] batch 180/300 (60%) loss=8550.6776 elapsed=66s eta=44s
  [dkd14_equal_weight] [epoch 63/100] batch 210/300 (70%) loss=8553.7164 elapsed=77s eta=33s
  [dkd14_equal_weight] [epoch 63/100] batch 240/300 (80%) loss=8448.3483 elapsed=88s eta=22s
  [dkd14_equal_weight] [epoch 63/100] batch 270/300 (90%) loss=8498.9968 elapsed=99s eta=11s
  [dkd14_equal_weight] [epoch 63/100] batch 300/300 (100%) loss=8456.3144 elapsed=110s eta=0s
[dkd14_equal_weight] [sampler] sampled: {0: 400, 1: 400, 2: 400} total=1200 spalling_ratio=24.33%
[dkd14_equal_weight] [sampler] unique: {0: 400, 1: 400, 2: 400} unique_total=1200 dup_ratio=1.00x
[dkd14_equal_weight] [epoch 063/100] remain=37 epochs ep_eta=69.4min (avg 113s/ep)
[dkd14_equal_weight] [epoch 063/100] lr=0.000020  dt=110.3s
  train loss=8456.3144  ce=0.0918 dice=0.1804  tversky=0.0000 bd=0.0000  cldice=0.0000 snake=0.0000
  val   skipped (next val at epoch 65)
[dkd14_equal_weight] [curriculum] epoch 64: stage=1 tiers=[0, 1] pool={0: 400, 1: 400, 2: 0}
  [dkd14_equal_weight] [epoch 64/100] batch 30/300 (10%) loss=8189.8876 elapsed=11s eta=103s
  [dkd14_equal_weight] [epoch 64/100] batch 60/300 (20%) loss=8146.7916 elapsed=22s eta=90s
  [dkd14_equal_weight] [epoch 64/100] batch 90/300 (30%) loss=8278.0204 elapsed=34s eta=78s
  [dkd14_equal_weight] [epoch 64/100] batch 120/300 (40%) loss=8141.8500 elapsed=45s eta=67s
  [dkd14_equal_weight] [epoch 64/100] batch 150/300 (50%) loss=8075.7796 elapsed=56s eta=56s
  [dkd14_equal_weight] [epoch 64/100] batch 180/300 (60%) loss=7996.2214 elapsed=66s eta=44s
  [dkd14_equal_weight] [epoch 64/100] batch 210/300 (70%) loss=7923.6063 elapsed=77s eta=33s
  [dkd14_equal_weight] [epoch 64/100] batch 240/300 (80%) loss=7966.4554 elapsed=88s eta=22s
  [dkd14_equal_weight] [epoch 64/100] batch 270/300 (90%) loss=8227.5816 elapsed=99s eta=11s
  [dkd14_equal_weight] [epoch 64/100] batch 300/300 (100%) loss=8212.0894 elapsed=110s eta=0s
[dkd14_equal_weight] [sampler] sampled: {0: 400, 1: 400, 2: 400} total=1200 spalling_ratio=24.33%
[dkd14_equal_weight] [sampler] unique: {0: 400, 1: 400, 2: 400} unique_total=1200 dup_ratio=1.00x
[dkd14_equal_weight] [epoch 064/100] remain=36 epochs ep_eta=67.5min (avg 113s/ep)
[dkd14_equal_weight] [epoch 064/100] lr=0.000019  dt=110.4s
  train loss=8212.0894  ce=0.0919 dice=0.1806  tversky=0.0000 bd=0.0000  cldice=0.0000 snake=0.0000
  val   skipped (next val at epoch 65)
[dkd14_equal_weight] [curriculum] epoch 65: stage=1 tiers=[0, 1] pool={0: 400, 1: 400, 2: 0}
  [dkd14_equal_weight] [epoch 65/100] batch 30/300 (10%) loss=8725.5532 elapsed=11s eta=103s
  [dkd14_equal_weight] [epoch 65/100] batch 60/300 (20%) loss=8015.1391 elapsed=22s eta=89s
  [dkd14_equal_weight] [epoch 65/100] batch 90/300 (30%) loss=7939.6401 elapsed=33s eta=78s
  [dkd14_equal_weight] [epoch 65/100] batch 120/300 (40%) loss=8063.9536 elapsed=44s eta=66s
  [dkd14_equal_weight] [epoch 65/100] batch 150/300 (50%) loss=8123.4355 elapsed=55s eta=55s
  [dkd14_equal_weight] [epoch 65/100] batch 180/300 (60%) loss=8126.0101 elapsed=67s eta=44s
  [dkd14_equal_weight] [epoch 65/100] batch 210/300 (70%) loss=8134.9091 elapsed=78s eta=33s
  [dkd14_equal_weight] [epoch 65/100] batch 240/300 (80%) loss=8201.2436 elapsed=89s eta=22s
  [dkd14_equal_weight] [epoch 65/100] batch 270/300 (90%) loss=8182.2212 elapsed=100s eta=11s
  [dkd14_equal_weight] [epoch 65/100] batch 300/300 (100%) loss=8183.0149 elapsed=111s eta=0s
[dkd14_equal_weight] [sampler] sampled: {0: 400, 1: 400, 2: 400} total=1200 spalling_ratio=24.33%
[dkd14_equal_weight] [sampler] unique: {0: 400, 1: 400, 2: 400} unique_total=1200 dup_ratio=1.00x
[dkd14_equal_weight] [epoch 065/100] remain=35 epochs ep_eta=65.7min (avg 113s/ep)
[dkd14_equal_weight] [epoch 065/100] lr=0.000018  dt=115.9s
  train loss=8183.0149  ce=0.0904 dice=0.1792  tversky=0.0000 bd=0.0000  cldice=0.0000 snake=0.0000
  val   loss=0.2406
  IoU   bg=0.9771  crack=0.5777  spalling=0.7948  | mIoU_fg=0.6862  pix_acc=0.9775
  Dice  bg=0.9884  crack=0.7323  spalling=0.8857
  BF1   crack=0.7601  spalling=0.6899  | BF1_fg_mean=0.7250
[dkd14_equal_weight] [curriculum] epoch 66: stage=1 tiers=[0, 1] pool={0: 400, 1: 400, 2: 0}
  [dkd14_equal_weight] [epoch 66/100] batch 30/300 (10%) loss=8256.8186 elapsed=11s eta=102s
  [dkd14_equal_weight] [epoch 66/100] batch 60/300 (20%) loss=7985.1344 elapsed=22s eta=90s
  [dkd14_equal_weight] [epoch 66/100] batch 90/300 (30%) loss=8153.1986 elapsed=34s eta=78s
  [dkd14_equal_weight] [epoch 66/100] batch 120/300 (40%) loss=8044.6653 elapsed=45s eta=67s
  [dkd14_equal_weight] [epoch 66/100] batch 150/300 (50%) loss=7951.5135 elapsed=56s eta=56s
  [dkd14_equal_weight] [epoch 66/100] batch 180/300 (60%) loss=7931.1073 elapsed=67s eta=44s
  [dkd14_equal_weight] [epoch 66/100] batch 210/300 (70%) loss=7879.5143 elapsed=78s eta=33s
  [dkd14_equal_weight] [epoch 66/100] batch 240/300 (80%) loss=7880.1379 elapsed=89s eta=22s
  [dkd14_equal_weight] [epoch 66/100] batch 270/300 (90%) loss=7950.3159 elapsed=100s eta=11s
  [dkd14_equal_weight] [epoch 66/100] batch 300/300 (100%) loss=7922.6034 elapsed=111s eta=0s
[dkd14_equal_weight] [sampler] sampled: {0: 400, 1: 400, 2: 400} total=1200 spalling_ratio=24.33%
[dkd14_equal_weight] [sampler] unique: {0: 400, 1: 400, 2: 400} unique_total=1200 dup_ratio=1.00x
[dkd14_equal_weight] [epoch 066/100] remain=34 epochs ep_eta=63.8min (avg 113s/ep)
[dkd14_equal_weight] [epoch 066/100] lr=0.000017  dt=111.0s
  train loss=7922.6034  ce=0.0893 dice=0.1794  tversky=0.0000 bd=0.0000  cldice=0.0000 snake=0.0000
  val   skipped (next val at epoch 70)
[dkd14_equal_weight] [curriculum] epoch 67: stage=1 tiers=[0, 1] pool={0: 400, 1: 400, 2: 0}
  [dkd14_equal_weight] [epoch 67/100] batch 30/300 (10%) loss=7832.8558 elapsed=11s eta=101s
  [dkd14_equal_weight] [epoch 67/100] batch 60/300 (20%) loss=7566.9321 elapsed=22s eta=89s
  [dkd14_equal_weight] [epoch 67/100] batch 90/300 (30%) loss=7803.1200 elapsed=33s eta=78s
  [dkd14_equal_weight] [epoch 67/100] batch 120/300 (40%) loss=7644.8253 elapsed=44s eta=66s
  [dkd14_equal_weight] [epoch 67/100] batch 150/300 (50%) loss=7680.0315 elapsed=55s eta=55s
  [dkd14_equal_weight] [epoch 67/100] batch 180/300 (60%) loss=7646.5604 elapsed=66s eta=44s
  [dkd14_equal_weight] [epoch 67/100] batch 210/300 (70%) loss=7584.6285 elapsed=77s eta=33s
  [dkd14_equal_weight] [epoch 67/100] batch 240/300 (80%) loss=7603.0725 elapsed=89s eta=22s
  [dkd14_equal_weight] [epoch 67/100] batch 270/300 (90%) loss=7664.9731 elapsed=100s eta=11s
  [dkd14_equal_weight] [epoch 67/100] batch 300/300 (100%) loss=7702.3834 elapsed=111s eta=0s
[dkd14_equal_weight] [sampler] sampled: {0: 400, 1: 400, 2: 400} total=1200 spalling_ratio=24.33%
[dkd14_equal_weight] [sampler] unique: {0: 400, 1: 400, 2: 400} unique_total=1200 dup_ratio=1.00x
[dkd14_equal_weight] [epoch 067/100] remain=33 epochs ep_eta=61.9min (avg 113s/ep)
[dkd14_equal_weight] [epoch 067/100] lr=0.000016  dt=110.8s
  train loss=7702.3834  ce=0.0881 dice=0.1768  tversky=0.0000 bd=0.0000  cldice=0.0000 snake=0.0000
  val   skipped (next val at epoch 70)
[dkd14_equal_weight] [curriculum] epoch 68: stage=1 tiers=[0, 1] pool={0: 400, 1: 400, 2: 0}
  [dkd14_equal_weight] [epoch 68/100] batch 30/300 (10%) loss=7775.4409 elapsed=12s eta=104s
  [dkd14_equal_weight] [epoch 68/100] batch 60/300 (20%) loss=7779.3544 elapsed=23s eta=90s
  [dkd14_equal_weight] [epoch 68/100] batch 90/300 (30%) loss=7750.3081 elapsed=34s eta=78s
  [dkd14_equal_weight] [epoch 68/100] batch 120/300 (40%) loss=7665.5132 elapsed=45s eta=67s
  [dkd14_equal_weight] [epoch 68/100] batch 150/300 (50%) loss=7632.7134 elapsed=55s eta=55s
  [dkd14_equal_weight] [epoch 68/100] batch 180/300 (60%) loss=7702.8199 elapsed=66s eta=44s
  [dkd14_equal_weight] [epoch 68/100] batch 210/300 (70%) loss=7726.7007 elapsed=78s eta=33s
  [dkd14_equal_weight] [epoch 68/100] batch 240/300 (80%) loss=7689.0741 elapsed=88s eta=22s
  [dkd14_equal_weight] [epoch 68/100] batch 270/300 (90%) loss=7681.5177 elapsed=99s eta=11s
  [dkd14_equal_weight] [epoch 68/100] batch 300/300 (100%) loss=7639.4134 elapsed=111s eta=0s
[dkd14_equal_weight] [sampler] sampled: {0: 400, 1: 400, 2: 400} total=1200 spalling_ratio=24.33%
[dkd14_equal_weight] [sampler] unique: {0: 400, 1: 400, 2: 400} unique_total=1200 dup_ratio=1.00x
[dkd14_equal_weight] [epoch 068/100] remain=32 epochs ep_eta=60.0min (avg 113s/ep)
[dkd14_equal_weight] [epoch 068/100] lr=0.000015  dt=110.7s
  train loss=7639.4134  ce=0.0878 dice=0.1733  tversky=0.0000 bd=0.0000  cldice=0.0000 snake=0.0000
  val   skipped (next val at epoch 70)
[dkd14_equal_weight] [curriculum] epoch 69: stage=1 tiers=[0, 1] pool={0: 400, 1: 400, 2: 0}
  [dkd14_equal_weight] [epoch 69/100] batch 30/300 (10%) loss=7898.6049 elapsed=11s eta=103s
  [dkd14_equal_weight] [epoch 69/100] batch 60/300 (20%) loss=7793.9176 elapsed=23s eta=90s
  [dkd14_equal_weight] [epoch 69/100] batch 90/300 (30%) loss=7671.5843 elapsed=34s eta=78s
  [dkd14_equal_weight] [epoch 69/100] batch 120/300 (40%) loss=7505.4891 elapsed=45s eta=67s
  [dkd14_equal_weight] [epoch 69/100] batch 150/300 (50%) loss=7516.2863 elapsed=56s eta=56s
  [dkd14_equal_weight] [epoch 69/100] batch 180/300 (60%) loss=7521.6281 elapsed=67s eta=45s
  [dkd14_equal_weight] [epoch 69/100] batch 210/300 (70%) loss=7560.8100 elapsed=78s eta=34s
  [dkd14_equal_weight] [epoch 69/100] batch 240/300 (80%) loss=7576.1351 elapsed=89s eta=22s
  [dkd14_equal_weight] [epoch 69/100] batch 270/300 (90%) loss=7637.4390 elapsed=100s eta=11s
  [dkd14_equal_weight] [epoch 69/100] batch 300/300 (100%) loss=7622.4763 elapsed=111s eta=0s
[dkd14_equal_weight] [sampler] sampled: {0: 400, 1: 400, 2: 400} total=1200 spalling_ratio=24.33%
[dkd14_equal_weight] [sampler] unique: {0: 400, 1: 400, 2: 400} unique_total=1200 dup_ratio=1.00x
[dkd14_equal_weight] [epoch 069/100] remain=31 epochs ep_eta=58.1min (avg 113s/ep)
[dkd14_equal_weight] [epoch 069/100] lr=0.000014  dt=111.1s
  train loss=7622.4763  ce=0.0878 dice=0.1753  tversky=0.0000 bd=0.0000  cldice=0.0000 snake=0.0000
  val   skipped (next val at epoch 70)
[dkd14_equal_weight] [curriculum] epoch 70: stage=2 tiers=[0, 1, 2] pool={0: 400, 1: 400, 2: 400}
  [dkd14_equal_weight] [epoch 70/100] batch 30/300 (10%) loss=7327.4144 elapsed=11s eta=101s
  [dkd14_equal_weight] [epoch 70/100] batch 60/300 (20%) loss=7340.5929 elapsed=22s eta=89s
  [dkd14_equal_weight] [epoch 70/100] batch 90/300 (30%) loss=7473.9494 elapsed=33s eta=78s
  [dkd14_equal_weight] [epoch 70/100] batch 120/300 (40%) loss=7588.5408 elapsed=45s eta=67s
  [dkd14_equal_weight] [epoch 70/100] batch 150/300 (50%) loss=7547.4100 elapsed=56s eta=56s
  [dkd14_equal_weight] [epoch 70/100] batch 180/300 (60%) loss=7471.3094 elapsed=66s eta=44s
  [dkd14_equal_weight] [epoch 70/100] batch 210/300 (70%) loss=7498.8307 elapsed=78s eta=33s
  [dkd14_equal_weight] [epoch 70/100] batch 240/300 (80%) loss=7490.9130 elapsed=89s eta=22s
  [dkd14_equal_weight] [epoch 70/100] batch 270/300 (90%) loss=7491.4253 elapsed=100s eta=11s
  [dkd14_equal_weight] [epoch 70/100] batch 300/300 (100%) loss=7506.3431 elapsed=111s eta=0s
[dkd14_equal_weight] [sampler] sampled: {0: 400, 1: 400, 2: 400} total=1200 spalling_ratio=24.33%
[dkd14_equal_weight] [sampler] unique: {0: 400, 1: 400, 2: 400} unique_total=1200 dup_ratio=1.00x
[dkd14_equal_weight] [epoch 070/100] remain=30 epochs ep_eta=56.3min (avg 113s/ep)
[dkd14_equal_weight] [epoch 070/100] lr=0.000014  dt=115.7s
  train loss=7506.3431  ce=0.0875 dice=0.1755  tversky=0.0000 bd=0.0000  cldice=0.0000 snake=0.0000
  val   loss=0.2462
  IoU   bg=0.9771  crack=0.5792  spalling=0.7919  | mIoU_fg=0.6856  pix_acc=0.9775
  Dice  bg=0.9884  crack=0.7336  spalling=0.8839
  BF1   crack=0.7595  spalling=0.6726  | BF1_fg_mean=0.7160
[dkd14_equal_weight] [curriculum] epoch 71: stage=2 tiers=[0, 1, 2] pool={0: 400, 1: 400, 2: 400}
  [dkd14_equal_weight] [epoch 71/100] batch 30/300 (10%) loss=7515.5371 elapsed=11s eta=102s
  [dkd14_equal_weight] [epoch 71/100] batch 60/300 (20%) loss=7421.4266 elapsed=22s eta=89s
  [dkd14_equal_weight] [epoch 71/100] batch 90/300 (30%) loss=7440.0095 elapsed=33s eta=77s
  [dkd14_equal_weight] [epoch 71/100] batch 120/300 (40%) loss=7539.2243 elapsed=44s eta=66s
  [dkd14_equal_weight] [epoch 71/100] batch 150/300 (50%) loss=7495.5955 elapsed=55s eta=55s
  [dkd14_equal_weight] [epoch 71/100] batch 180/300 (60%) loss=7525.1729 elapsed=66s eta=44s
  [dkd14_equal_weight] [epoch 71/100] batch 210/300 (70%) loss=7571.6235 elapsed=77s eta=33s
  [dkd14_equal_weight] [epoch 71/100] batch 240/300 (80%) loss=7544.1125 elapsed=88s eta=22s
  [dkd14_equal_weight] [epoch 71/100] batch 270/300 (90%) loss=7552.1201 elapsed=99s eta=11s
  [dkd14_equal_weight] [epoch 71/100] batch 300/300 (100%) loss=7540.2929 elapsed=110s eta=0s
[dkd14_equal_weight] [sampler] sampled: {0: 400, 1: 400, 2: 400} total=1200 spalling_ratio=24.33%
[dkd14_equal_weight] [sampler] unique: {0: 400, 1: 400, 2: 400} unique_total=1200 dup_ratio=1.00x
[dkd14_equal_weight] [epoch 071/100] remain=29 epochs ep_eta=54.4min (avg 113s/ep)
[dkd14_equal_weight] [epoch 071/100] lr=0.000013  dt=110.5s
  train loss=7540.2929  ce=0.0875 dice=0.1760  tversky=0.0000 bd=0.0000  cldice=0.0000 snake=0.0000
  val   skipped (next val at epoch 75)
[dkd14_equal_weight] [curriculum] epoch 72: stage=2 tiers=[0, 1, 2] pool={0: 400, 1: 400, 2: 400}
  [dkd14_equal_weight] [epoch 72/100] batch 30/300 (10%) loss=7353.5775 elapsed=11s eta=102s
  [dkd14_equal_weight] [epoch 72/100] batch 60/300 (20%) loss=7254.5228 elapsed=22s eta=90s
  [dkd14_equal_weight] [epoch 72/100] batch 90/300 (30%) loss=7278.6579 elapsed=33s eta=78s
  [dkd14_equal_weight] [epoch 72/100] batch 120/300 (40%) loss=7373.9019 elapsed=44s eta=67s
  [dkd14_equal_weight] [epoch 72/100] batch 150/300 (50%) loss=7405.3807 elapsed=55s eta=55s
  [dkd14_equal_weight] [epoch 72/100] batch 180/300 (60%) loss=7354.8913 elapsed=66s eta=44s
  [dkd14_equal_weight] [epoch 72/100] batch 210/300 (70%) loss=7365.4424 elapsed=77s eta=33s
  [dkd14_equal_weight] [epoch 72/100] batch 240/300 (80%) loss=7371.5945 elapsed=88s eta=22s
  [dkd14_equal_weight] [epoch 72/100] batch 270/300 (90%) loss=7438.8316 elapsed=100s eta=11s
  [dkd14_equal_weight] [epoch 72/100] batch 300/300 (100%) loss=7398.3874 elapsed=111s eta=0s
[dkd14_equal_weight] [sampler] sampled: {0: 400, 1: 400, 2: 400} total=1200 spalling_ratio=24.33%
[dkd14_equal_weight] [sampler] unique: {0: 400, 1: 400, 2: 400} unique_total=1200 dup_ratio=1.00x
[dkd14_equal_weight] [epoch 072/100] remain=28 epochs ep_eta=52.5min (avg 113s/ep)
[dkd14_equal_weight] [epoch 072/100] lr=0.000012  dt=110.7s
  train loss=7398.3874  ce=0.0864 dice=0.1732  tversky=0.0000 bd=0.0000  cldice=0.0000 snake=0.0000
  val   skipped (next val at epoch 75)
[dkd14_equal_weight] [curriculum] epoch 73: stage=2 tiers=[0, 1, 2] pool={0: 400, 1: 400, 2: 400}
  [dkd14_equal_weight] [epoch 73/100] batch 30/300 (10%) loss=7376.1430 elapsed=11s eta=101s
  [dkd14_equal_weight] [epoch 73/100] batch 60/300 (20%) loss=7421.5194 elapsed=22s eta=89s
  [dkd14_equal_weight] [epoch 73/100] batch 90/300 (30%) loss=7349.7899 elapsed=33s eta=78s
  [dkd14_equal_weight] [epoch 73/100] batch 120/300 (40%) loss=7313.0909 elapsed=44s eta=66s
  [dkd14_equal_weight] [epoch 73/100] batch 150/300 (50%) loss=7382.0614 elapsed=55s eta=55s
  [dkd14_equal_weight] [epoch 73/100] batch 180/300 (60%) loss=7401.1694 elapsed=66s eta=44s
  [dkd14_equal_weight] [epoch 73/100] batch 210/300 (70%) loss=7391.0141 elapsed=77s eta=33s
  [dkd14_equal_weight] [epoch 73/100] batch 240/300 (80%) loss=7465.0615 elapsed=88s eta=22s
  [dkd14_equal_weight] [epoch 73/100] batch 270/300 (90%) loss=7441.8467 elapsed=99s eta=11s
  [dkd14_equal_weight] [epoch 73/100] batch 300/300 (100%) loss=7399.0705 elapsed=110s eta=0s
[dkd14_equal_weight] [sampler] sampled: {0: 400, 1: 400, 2: 400} total=1200 spalling_ratio=24.33%
[dkd14_equal_weight] [sampler] unique: {0: 400, 1: 400, 2: 400} unique_total=1200 dup_ratio=1.00x
[dkd14_equal_weight] [epoch 073/100] remain=27 epochs ep_eta=50.6min (avg 113s/ep)
[dkd14_equal_weight] [epoch 073/100] lr=0.000011  dt=110.4s
  train loss=7399.0705  ce=0.0868 dice=0.1763  tversky=0.0000 bd=0.0000  cldice=0.0000 snake=0.0000
  val   skipped (next val at epoch 75)
[dkd14_equal_weight] [curriculum] epoch 74: stage=2 tiers=[0, 1, 2] pool={0: 400, 1: 400, 2: 400}
  [dkd14_equal_weight] [epoch 74/100] batch 30/300 (10%) loss=7247.6568 elapsed=11s eta=102s
  [dkd14_equal_weight] [epoch 74/100] batch 60/300 (20%) loss=7295.1112 elapsed=22s eta=89s
  [dkd14_equal_weight] [epoch 74/100] batch 90/300 (30%) loss=7313.9609 elapsed=33s eta=78s
  [dkd14_equal_weight] [epoch 74/100] batch 120/300 (40%) loss=7546.6592 elapsed=44s eta=67s
  [dkd14_equal_weight] [epoch 74/100] batch 150/300 (50%) loss=7444.5716 elapsed=55s eta=55s
  [dkd14_equal_weight] [epoch 74/100] batch 180/300 (60%) loss=7463.2011 elapsed=66s eta=44s
  [dkd14_equal_weight] [epoch 74/100] batch 210/300 (70%) loss=7404.8690 elapsed=77s eta=33s
  [dkd14_equal_weight] [epoch 74/100] batch 240/300 (80%) loss=7399.4422 elapsed=88s eta=22s
  [dkd14_equal_weight] [epoch 74/100] batch 270/300 (90%) loss=7435.3523 elapsed=99s eta=11s
  [dkd14_equal_weight] [epoch 74/100] batch 300/300 (100%) loss=7439.7888 elapsed=110s eta=0s
[dkd14_equal_weight] [sampler] sampled: {0: 400, 1: 400, 2: 400} total=1200 spalling_ratio=24.33%
[dkd14_equal_weight] [sampler] unique: {0: 400, 1: 400, 2: 400} unique_total=1200 dup_ratio=1.00x
[dkd14_equal_weight] [epoch 074/100] remain=26 epochs ep_eta=48.7min (avg 112s/ep)
[dkd14_equal_weight] [epoch 074/100] lr=0.000010  dt=110.3s
  train loss=7439.7888  ce=0.0866 dice=0.1739  tversky=0.0000 bd=0.0000  cldice=0.0000 snake=0.0000
  val   skipped (next val at epoch 75)
[dkd14_equal_weight] [curriculum] epoch 75: stage=2 tiers=[0, 1, 2] pool={0: 400, 1: 400, 2: 400}
  [dkd14_equal_weight] [epoch 75/100] batch 30/300 (10%) loss=7550.2678 elapsed=11s eta=103s
  [dkd14_equal_weight] [epoch 75/100] batch 60/300 (20%) loss=7464.3273 elapsed=23s eta=90s
  [dkd14_equal_weight] [epoch 75/100] batch 90/300 (30%) loss=7417.5638 elapsed=34s eta=78s
  [dkd14_equal_weight] [epoch 75/100] batch 120/300 (40%) loss=7363.2524 elapsed=44s eta=67s
  [dkd14_equal_weight] [epoch 75/100] batch 150/300 (50%) loss=7372.0893 elapsed=55s eta=55s
  [dkd14_equal_weight] [epoch 75/100] batch 180/300 (60%) loss=7366.6198 elapsed=66s eta=44s
  [dkd14_equal_weight] [epoch 75/100] batch 210/300 (70%) loss=7415.0868 elapsed=77s eta=33s
  [dkd14_equal_weight] [epoch 75/100] batch 240/300 (80%) loss=7431.5484 elapsed=89s eta=22s
  [dkd14_equal_weight] [epoch 75/100] batch 270/300 (90%) loss=7450.7358 elapsed=100s eta=11s
  [dkd14_equal_weight] [epoch 75/100] batch 300/300 (100%) loss=7437.0993 elapsed=111s eta=0s
[dkd14_equal_weight] [sampler] sampled: {0: 400, 1: 400, 2: 400} total=1200 spalling_ratio=24.33%
[dkd14_equal_weight] [sampler] unique: {0: 400, 1: 400, 2: 400} unique_total=1200 dup_ratio=1.00x
[dkd14_equal_weight] [epoch 075/100] remain=25 epochs ep_eta=46.9min (avg 113s/ep)
[dkd14_equal_weight] [epoch 075/100] lr=0.000010  dt=115.7s
  train loss=7437.0993  ce=0.0868 dice=0.1748  tversky=0.0000 bd=0.0000  cldice=0.0000 snake=0.0000
  val   loss=0.2490
  IoU   bg=0.9771  crack=0.5788  spalling=0.7929  | mIoU_fg=0.6859  pix_acc=0.9775
  Dice  bg=0.9884  crack=0.7332  spalling=0.8845
  BF1   crack=0.7615  spalling=0.6591  | BF1_fg_mean=0.7103
[dkd14_equal_weight] [curriculum] epoch 76: stage=2 tiers=[0, 1, 2] pool={0: 400, 1: 400, 2: 400}
  [dkd14_equal_weight] [epoch 76/100] batch 30/300 (10%) loss=6784.9222 elapsed=11s eta=102s
  [dkd14_equal_weight] [epoch 76/100] batch 60/300 (20%) loss=7079.6115 elapsed=22s eta=89s
  [dkd14_equal_weight] [epoch 76/100] batch 90/300 (30%) loss=7064.5019 elapsed=33s eta=77s
  [dkd14_equal_weight] [epoch 76/100] batch 120/300 (40%) loss=7176.4857 elapsed=44s eta=66s
  [dkd14_equal_weight] [epoch 76/100] batch 150/300 (50%) loss=7177.6075 elapsed=55s eta=55s
  [dkd14_equal_weight] [epoch 76/100] batch 180/300 (60%) loss=7176.6561 elapsed=66s eta=44s
  [dkd14_equal_weight] [epoch 76/100] batch 210/300 (70%) loss=7214.0136 elapsed=77s eta=33s
  [dkd14_equal_weight] [epoch 76/100] batch 240/300 (80%) loss=7184.4071 elapsed=88s eta=22s
  [dkd14_equal_weight] [epoch 76/100] batch 270/300 (90%) loss=7192.9157 elapsed=99s eta=11s
  [dkd14_equal_weight] [epoch 76/100] batch 300/300 (100%) loss=7221.4675 elapsed=110s eta=0s
[dkd14_equal_weight] [sampler] sampled: {0: 400, 1: 400, 2: 400} total=1200 spalling_ratio=24.33%
[dkd14_equal_weight] [sampler] unique: {0: 400, 1: 400, 2: 400} unique_total=1200 dup_ratio=1.00x
[dkd14_equal_weight] [epoch 076/100] remain=24 epochs ep_eta=45.0min (avg 113s/ep)
[dkd14_equal_weight] [epoch 076/100] lr=0.000009  dt=109.8s
  train loss=7221.4675  ce=0.0857 dice=0.1735  tversky=0.0000 bd=0.0000  cldice=0.0000 snake=0.0000
  val   skipped (next val at epoch 80)
[dkd14_equal_weight] [curriculum] epoch 77: stage=2 tiers=[0, 1, 2] pool={0: 400, 1: 400, 2: 400}
  [dkd14_equal_weight] [epoch 77/100] batch 30/300 (10%) loss=7467.6984 elapsed=11s eta=102s
  [dkd14_equal_weight] [epoch 77/100] batch 60/300 (20%) loss=7404.2848 elapsed=22s eta=89s
  [dkd14_equal_weight] [epoch 77/100] batch 90/300 (30%) loss=7436.9602 elapsed=33s eta=77s
  [dkd14_equal_weight] [epoch 77/100] batch 120/300 (40%) loss=7400.3553 elapsed=44s eta=66s
  [dkd14_equal_weight] [epoch 77/100] batch 150/300 (50%) loss=7435.1427 elapsed=55s eta=55s
  [dkd14_equal_weight] [epoch 77/100] batch 180/300 (60%) loss=7307.3200 elapsed=66s eta=44s
  [dkd14_equal_weight] [epoch 77/100] batch 210/300 (70%) loss=7220.5475 elapsed=76s eta=33s
  [dkd14_equal_weight] [epoch 77/100] batch 240/300 (80%) loss=7175.7566 elapsed=87s eta=22s
  [dkd14_equal_weight] [epoch 77/100] batch 270/300 (90%) loss=7215.9393 elapsed=98s eta=11s
  [dkd14_equal_weight] [epoch 77/100] batch 300/300 (100%) loss=7199.6272 elapsed=109s eta=0s
[dkd14_equal_weight] [sampler] sampled: {0: 400, 1: 400, 2: 400} total=1200 spalling_ratio=24.33%
[dkd14_equal_weight] [sampler] unique: {0: 400, 1: 400, 2: 400} unique_total=1200 dup_ratio=1.00x
[dkd14_equal_weight] [epoch 077/100] remain=23 epochs ep_eta=43.1min (avg 112s/ep)
[dkd14_equal_weight] [epoch 077/100] lr=0.000008  dt=109.3s
  train loss=7199.6272  ce=0.0857 dice=0.1734  tversky=0.0000 bd=0.0000  cldice=0.0000 snake=0.0000
  val   skipped (next val at epoch 80)
[dkd14_equal_weight] [curriculum] epoch 78: stage=2 tiers=[0, 1, 2] pool={0: 400, 1: 400, 2: 400}
  [dkd14_equal_weight] [epoch 78/100] batch 30/300 (10%) loss=6702.0350 elapsed=11s eta=101s
  [dkd14_equal_weight] [epoch 78/100] batch 60/300 (20%) loss=6887.4839 elapsed=22s eta=88s
  [dkd14_equal_weight] [epoch 78/100] batch 90/300 (30%) loss=7009.6876 elapsed=33s eta=77s
  [dkd14_equal_weight] [epoch 78/100] batch 120/300 (40%) loss=7106.5720 elapsed=44s eta=66s
  [dkd14_equal_weight] [epoch 78/100] batch 150/300 (50%) loss=7152.4610 elapsed=55s eta=55s
  [dkd14_equal_weight] [epoch 78/100] batch 180/300 (60%) loss=7152.0242 elapsed=66s eta=44s
  [dkd14_equal_weight] [epoch 78/100] batch 210/300 (70%) loss=7109.6627 elapsed=77s eta=33s
  [dkd14_equal_weight] [epoch 78/100] batch 240/300 (80%) loss=7131.5045 elapsed=88s eta=22s
  [dkd14_equal_weight] [epoch 78/100] batch 270/300 (90%) loss=7159.6438 elapsed=98s eta=11s
  [dkd14_equal_weight] [epoch 78/100] batch 300/300 (100%) loss=7166.0014 elapsed=109s eta=0s
[dkd14_equal_weight] [sampler] sampled: {0: 400, 1: 400, 2: 400} total=1200 spalling_ratio=24.33%
[dkd14_equal_weight] [sampler] unique: {0: 400, 1: 400, 2: 400} unique_total=1200 dup_ratio=1.00x
[dkd14_equal_weight] [epoch 078/100] remain=22 epochs ep_eta=41.2min (avg 112s/ep)
[dkd14_equal_weight] [epoch 078/100] lr=0.000008  dt=109.5s
  train loss=7166.0014  ce=0.0854 dice=0.1724  tversky=0.0000 bd=0.0000  cldice=0.0000 snake=0.0000
  val   skipped (next val at epoch 80)
[dkd14_equal_weight] [curriculum] epoch 79: stage=2 tiers=[0, 1, 2] pool={0: 400, 1: 400, 2: 400}
  [dkd14_equal_weight] [epoch 79/100] batch 30/300 (10%) loss=7162.4201 elapsed=11s eta=102s
  [dkd14_equal_weight] [epoch 79/100] batch 60/300 (20%) loss=7111.8346 elapsed=22s eta=90s
  [dkd14_equal_weight] [epoch 79/100] batch 90/300 (30%) loss=7030.3310 elapsed=33s eta=78s
  [dkd14_equal_weight] [epoch 79/100] batch 120/300 (40%) loss=7113.6230 elapsed=44s eta=66s
  [dkd14_equal_weight] [epoch 79/100] batch 150/300 (50%) loss=7194.6097 elapsed=55s eta=55s
  [dkd14_equal_weight] [epoch 79/100] batch 180/300 (60%) loss=7197.2683 elapsed=66s eta=44s
  [dkd14_equal_weight] [epoch 79/100] batch 210/300 (70%) loss=7161.4055 elapsed=77s eta=33s
  [dkd14_equal_weight] [epoch 79/100] batch 240/300 (80%) loss=7105.2384 elapsed=88s eta=22s
  [dkd14_equal_weight] [epoch 79/100] batch 270/300 (90%) loss=7073.7924 elapsed=99s eta=11s
  [dkd14_equal_weight] [epoch 79/100] batch 300/300 (100%) loss=7077.6900 elapsed=110s eta=0s
[dkd14_equal_weight] [sampler] sampled: {0: 400, 1: 400, 2: 400} total=1200 spalling_ratio=24.33%
[dkd14_equal_weight] [sampler] unique: {0: 400, 1: 400, 2: 400} unique_total=1200 dup_ratio=1.00x
[dkd14_equal_weight] [epoch 079/100] remain=21 epochs ep_eta=39.4min (avg 112s/ep)
[dkd14_equal_weight] [epoch 079/100] lr=0.000007  dt=110.5s
  train loss=7077.6900  ce=0.0854 dice=0.1754  tversky=0.0000 bd=0.0000  cldice=0.0000 snake=0.0000
  val   skipped (next val at epoch 80)
[dkd14_equal_weight] [curriculum] epoch 80: stage=2 tiers=[0, 1, 2] pool={0: 400, 1: 400, 2: 400}
  [dkd14_equal_weight] [epoch 80/100] batch 30/300 (10%) loss=6872.6106 elapsed=11s eta=102s
  [dkd14_equal_weight] [epoch 80/100] batch 60/300 (20%) loss=7100.9341 elapsed=22s eta=89s
  [dkd14_equal_weight] [epoch 80/100] batch 90/300 (30%) loss=7077.0946 elapsed=33s eta=78s
  [dkd14_equal_weight] [epoch 80/100] batch 120/300 (40%) loss=7083.4661 elapsed=44s eta=67s
  [dkd14_equal_weight] [epoch 80/100] batch 150/300 (50%) loss=7077.2947 elapsed=55s eta=55s
  [dkd14_equal_weight] [epoch 80/100] batch 180/300 (60%) loss=7124.1681 elapsed=66s eta=44s
  [dkd14_equal_weight] [epoch 80/100] batch 210/300 (70%) loss=7094.5995 elapsed=77s eta=33s
  [dkd14_equal_weight] [epoch 80/100] batch 240/300 (80%) loss=7067.9891 elapsed=89s eta=22s
  [dkd14_equal_weight] [epoch 80/100] batch 270/300 (90%) loss=7085.4593 elapsed=100s eta=11s
  [dkd14_equal_weight] [epoch 80/100] batch 300/300 (100%) loss=7092.2842 elapsed=111s eta=0s
[dkd14_equal_weight] [sampler] sampled: {0: 400, 1: 400, 2: 400} total=1200 spalling_ratio=24.33%
[dkd14_equal_weight] [sampler] unique: {0: 400, 1: 400, 2: 400} unique_total=1200 dup_ratio=1.00x
[dkd14_equal_weight] [epoch 080/100] remain=20 epochs ep_eta=37.5min (avg 112s/ep)
[dkd14_equal_weight] [epoch 080/100] lr=0.000006  dt=115.9s
  train loss=7092.2842  ce=0.0850 dice=0.1763  tversky=0.0000 bd=0.0000  cldice=0.0000 snake=0.0000
  val   loss=0.2384
  IoU   bg=0.9775  crack=0.5811  spalling=0.8055  | mIoU_fg=0.6933  pix_acc=0.9779
  Dice  bg=0.9886  crack=0.7351  spalling=0.8923
  BF1   crack=0.7641  spalling=0.6790  | BF1_fg_mean=0.7216
[dkd14_equal_weight] [curriculum] epoch 81: stage=2 tiers=[0, 1, 2] pool={0: 400, 1: 400, 2: 400}
  [dkd14_equal_weight] [epoch 81/100] batch 30/300 (10%) loss=6843.9392 elapsed=11s eta=103s
  [dkd14_equal_weight] [epoch 81/100] batch 60/300 (20%) loss=7004.8390 elapsed=22s eta=90s
  [dkd14_equal_weight] [epoch 81/100] batch 90/300 (30%) loss=7015.8075 elapsed=33s eta=78s
  [dkd14_equal_weight] [epoch 81/100] batch 120/300 (40%) loss=7088.3129 elapsed=44s eta=67s
  [dkd14_equal_weight] [epoch 81/100] batch 150/300 (50%) loss=7033.5926 elapsed=55s eta=55s
  [dkd14_equal_weight] [epoch 81/100] batch 180/300 (60%) loss=7092.5804 elapsed=66s eta=44s
  [dkd14_equal_weight] [epoch 81/100] batch 210/300 (70%) loss=7078.2082 elapsed=78s eta=33s
  [dkd14_equal_weight] [epoch 81/100] batch 240/300 (80%) loss=7113.1868 elapsed=89s eta=22s
  [dkd14_equal_weight] [epoch 81/100] batch 270/300 (90%) loss=7141.8424 elapsed=100s eta=11s
  [dkd14_equal_weight] [epoch 81/100] batch 300/300 (100%) loss=7076.4001 elapsed=111s eta=0s
[dkd14_equal_weight] [sampler] sampled: {0: 400, 1: 400, 2: 400} total=1200 spalling_ratio=24.33%
[dkd14_equal_weight] [sampler] unique: {0: 400, 1: 400, 2: 400} unique_total=1200 dup_ratio=1.00x
[dkd14_equal_weight] [epoch 081/100] remain=19 epochs ep_eta=35.6min (avg 112s/ep)
[dkd14_equal_weight] [epoch 081/100] lr=0.000006  dt=110.9s
  train loss=7076.4001  ce=0.0852 dice=0.1715  tversky=0.0000 bd=0.0000  cldice=0.0000 snake=0.0000
  val   skipped (next val at epoch 85)
[dkd14_equal_weight] [curriculum] epoch 82: stage=2 tiers=[0, 1, 2] pool={0: 400, 1: 400, 2: 400}
  [dkd14_equal_weight] [epoch 82/100] batch 30/300 (10%) loss=6889.3752 elapsed=11s eta=102s
  [dkd14_equal_weight] [epoch 82/100] batch 60/300 (20%) loss=6896.6812 elapsed=22s eta=90s
  [dkd14_equal_weight] [epoch 82/100] batch 90/300 (30%) loss=6894.9812 elapsed=34s eta=78s
  [dkd14_equal_weight] [epoch 82/100] batch 120/300 (40%) loss=6852.0501 elapsed=45s eta=67s
  [dkd14_equal_weight] [epoch 82/100] batch 150/300 (50%) loss=6820.0632 elapsed=56s eta=56s
  [dkd14_equal_weight] [epoch 82/100] batch 180/300 (60%) loss=6873.3565 elapsed=67s eta=44s
  [dkd14_equal_weight] [epoch 82/100] batch 210/300 (70%) loss=6989.8413 elapsed=78s eta=33s
  [dkd14_equal_weight] [epoch 82/100] batch 240/300 (80%) loss=7016.5433 elapsed=89s eta=22s
  [dkd14_equal_weight] [epoch 82/100] batch 270/300 (90%) loss=7050.9438 elapsed=100s eta=11s
  [dkd14_equal_weight] [epoch 82/100] batch 300/300 (100%) loss=7051.2359 elapsed=111s eta=0s
[dkd14_equal_weight] [sampler] sampled: {0: 400, 1: 400, 2: 400} total=1200 spalling_ratio=24.33%
[dkd14_equal_weight] [sampler] unique: {0: 400, 1: 400, 2: 400} unique_total=1200 dup_ratio=1.00x
[dkd14_equal_weight] [epoch 082/100] remain=18 epochs ep_eta=33.7min (avg 112s/ep)
[dkd14_equal_weight] [epoch 082/100] lr=0.000005  dt=110.9s
  train loss=7051.2359  ce=0.0853 dice=0.1773  tversky=0.0000 bd=0.0000  cldice=0.0000 snake=0.0000
  val   skipped (next val at epoch 85)
[dkd14_equal_weight] [curriculum] epoch 83: stage=2 tiers=[0, 1, 2] pool={0: 400, 1: 400, 2: 400}
  [dkd14_equal_weight] [epoch 83/100] batch 30/300 (10%) loss=6805.3430 elapsed=11s eta=102s
  [dkd14_equal_weight] [epoch 83/100] batch 60/300 (20%) loss=6945.0168 elapsed=22s eta=89s
  [dkd14_equal_weight] [epoch 83/100] batch 90/300 (30%) loss=7066.9208 elapsed=33s eta=78s
  [dkd14_equal_weight] [epoch 83/100] batch 120/300 (40%) loss=7098.3754 elapsed=44s eta=67s
  [dkd14_equal_weight] [epoch 83/100] batch 150/300 (50%) loss=7027.2388 elapsed=55s eta=55s
  [dkd14_equal_weight] [epoch 83/100] batch 180/300 (60%) loss=7154.5143 elapsed=66s eta=44s
  [dkd14_equal_weight] [epoch 83/100] batch 210/300 (70%) loss=7133.7204 elapsed=77s eta=33s
  [dkd14_equal_weight] [epoch 83/100] batch 240/300 (80%) loss=7106.6339 elapsed=88s eta=22s
  [dkd14_equal_weight] [epoch 83/100] batch 270/300 (90%) loss=7131.1359 elapsed=99s eta=11s
  [dkd14_equal_weight] [epoch 83/100] batch 300/300 (100%) loss=7108.1109 elapsed=110s eta=0s
[dkd14_equal_weight] [sampler] sampled: {0: 400, 1: 400, 2: 400} total=1200 spalling_ratio=24.33%
[dkd14_equal_weight] [sampler] unique: {0: 400, 1: 400, 2: 400} unique_total=1200 dup_ratio=1.00x
[dkd14_equal_weight] [epoch 083/100] remain=17 epochs ep_eta=31.9min (avg 112s/ep)
[dkd14_equal_weight] [epoch 083/100] lr=0.000005  dt=110.4s
  train loss=7108.1109  ce=0.0852 dice=0.1756  tversky=0.0000 bd=0.0000  cldice=0.0000 snake=0.0000
  val   skipped (next val at epoch 85)
[dkd14_equal_weight] [curriculum] epoch 84: stage=2 tiers=[0, 1, 2] pool={0: 400, 1: 400, 2: 400}
  [dkd14_equal_weight] [epoch 84/100] batch 30/300 (10%) loss=7148.7163 elapsed=11s eta=102s
  [dkd14_equal_weight] [epoch 84/100] batch 60/300 (20%) loss=7141.3108 elapsed=22s eta=89s
  [dkd14_equal_weight] [epoch 84/100] batch 90/300 (30%) loss=7169.7488 elapsed=33s eta=78s
  [dkd14_equal_weight] [epoch 84/100] batch 120/300 (40%) loss=7179.3663 elapsed=44s eta=67s
  [dkd14_equal_weight] [epoch 84/100] batch 150/300 (50%) loss=7164.7034 elapsed=55s eta=55s
  [dkd14_equal_weight] [epoch 84/100] batch 180/300 (60%) loss=7141.8002 elapsed=66s eta=44s
  [dkd14_equal_weight] [epoch 84/100] batch 210/300 (70%) loss=7100.9173 elapsed=77s eta=33s
  [dkd14_equal_weight] [epoch 84/100] batch 240/300 (80%) loss=7055.4620 elapsed=88s eta=22s
  [dkd14_equal_weight] [epoch 84/100] batch 270/300 (90%) loss=7034.6775 elapsed=99s eta=11s
  [dkd14_equal_weight] [epoch 84/100] batch 300/300 (100%) loss=6967.9531 elapsed=110s eta=0s
[dkd14_equal_weight] [sampler] sampled: {0: 400, 1: 400, 2: 400} total=1200 spalling_ratio=24.33%
[dkd14_equal_weight] [sampler] unique: {0: 400, 1: 400, 2: 400} unique_total=1200 dup_ratio=1.00x
[dkd14_equal_weight] [epoch 084/100] remain=16 epochs ep_eta=30.0min (avg 112s/ep)
[dkd14_equal_weight] [epoch 084/100] lr=0.000004  dt=110.5s
  train loss=6967.9531  ce=0.0847 dice=0.1719  tversky=0.0000 bd=0.0000  cldice=0.0000 snake=0.0000
  val   skipped (next val at epoch 85)
[dkd14_equal_weight] [curriculum] epoch 85: stage=2 tiers=[0, 1, 2] pool={0: 400, 1: 400, 2: 400}
  [dkd14_equal_weight] [epoch 85/100] batch 30/300 (10%) loss=7040.3670 elapsed=12s eta=104s
  [dkd14_equal_weight] [epoch 85/100] batch 60/300 (20%) loss=7093.3021 elapsed=23s eta=91s
  [dkd14_equal_weight] [epoch 85/100] batch 90/300 (30%) loss=7121.7299 elapsed=34s eta=79s
  [dkd14_equal_weight] [epoch 85/100] batch 120/300 (40%) loss=7085.5244 elapsed=45s eta=67s
  [dkd14_equal_weight] [epoch 85/100] batch 150/300 (50%) loss=7091.6568 elapsed=56s eta=56s
  [dkd14_equal_weight] [epoch 85/100] batch 180/300 (60%) loss=7153.3372 elapsed=67s eta=45s
  [dkd14_equal_weight] [epoch 85/100] batch 210/300 (70%) loss=7098.1543 elapsed=78s eta=33s
  [dkd14_equal_weight] [epoch 85/100] batch 240/300 (80%) loss=7032.4494 elapsed=89s eta=22s
  [dkd14_equal_weight] [epoch 85/100] batch 270/300 (90%) loss=6994.7374 elapsed=100s eta=11s
  [dkd14_equal_weight] [epoch 85/100] batch 300/300 (100%) loss=6965.2779 elapsed=111s eta=0s
[dkd14_equal_weight] [sampler] sampled: {0: 400, 1: 400, 2: 400} total=1200 spalling_ratio=24.33%
[dkd14_equal_weight] [sampler] unique: {0: 400, 1: 400, 2: 400} unique_total=1200 dup_ratio=1.00x
[dkd14_equal_weight] [epoch 085/100] remain=15 epochs ep_eta=28.1min (avg 112s/ep)
[dkd14_equal_weight] [epoch 085/100] lr=0.000004  dt=116.6s
  train loss=6965.2779  ce=0.0845 dice=0.1727  tversky=0.0000 bd=0.0000  cldice=0.0000 snake=0.0000
  val   loss=0.2363
  IoU   bg=0.9777  crack=0.5803  spalling=0.8131  | mIoU_fg=0.6967  pix_acc=0.9781
  Dice  bg=0.9887  crack=0.7344  spalling=0.8969
  BF1   crack=0.7590  spalling=0.6922  | BF1_fg_mean=0.7256
  [dkd14_equal_weight] [best] mIoU_fg=0.6967  saved -> best.pt
[dkd14_equal_weight] [curriculum] epoch 86: stage=2 tiers=[0, 1, 2] pool={0: 400, 1: 400, 2: 400}
  [dkd14_equal_weight] [epoch 86/100] batch 30/300 (10%) loss=6813.5489 elapsed=11s eta=102s
  [dkd14_equal_weight] [epoch 86/100] batch 60/300 (20%) loss=6898.8632 elapsed=22s eta=89s
  [dkd14_equal_weight] [epoch 86/100] batch 90/300 (30%) loss=6829.9443 elapsed=33s eta=78s
  [dkd14_equal_weight] [epoch 86/100] batch 120/300 (40%) loss=6967.9325 elapsed=44s eta=67s
  [dkd14_equal_weight] [epoch 86/100] batch 150/300 (50%) loss=6942.3738 elapsed=55s eta=55s
  [dkd14_equal_weight] [epoch 86/100] batch 180/300 (60%) loss=6892.1593 elapsed=66s eta=44s
  [dkd14_equal_weight] [epoch 86/100] batch 210/300 (70%) loss=6979.3351 elapsed=77s eta=33s
  [dkd14_equal_weight] [epoch 86/100] batch 240/300 (80%) loss=6942.4933 elapsed=88s eta=22s
  [dkd14_equal_weight] [epoch 86/100] batch 270/300 (90%) loss=6950.0814 elapsed=99s eta=11s
  [dkd14_equal_weight] [epoch 86/100] batch 300/300 (100%) loss=6970.9046 elapsed=110s eta=0s
[dkd14_equal_weight] [sampler] sampled: {0: 400, 1: 400, 2: 400} total=1200 spalling_ratio=24.33%
[dkd14_equal_weight] [sampler] unique: {0: 400, 1: 400, 2: 400} unique_total=1200 dup_ratio=1.00x
[dkd14_equal_weight] [epoch 086/100] remain=14 epochs ep_eta=26.2min (avg 112s/ep)
[dkd14_equal_weight] [epoch 086/100] lr=0.000003  dt=110.1s
  train loss=6970.9046  ce=0.0843 dice=0.1721  tversky=0.0000 bd=0.0000  cldice=0.0000 snake=0.0000
  val   skipped (next val at epoch 90)
[dkd14_equal_weight] [curriculum] epoch 87: stage=2 tiers=[0, 1, 2] pool={0: 400, 1: 400, 2: 400}
  [dkd14_equal_weight] [epoch 87/100] batch 30/300 (10%) loss=6842.6985 elapsed=11s eta=102s
  [dkd14_equal_weight] [epoch 87/100] batch 60/300 (20%) loss=6882.8857 elapsed=22s eta=89s
  [dkd14_equal_weight] [epoch 87/100] batch 90/300 (30%) loss=7281.6056 elapsed=33s eta=78s
  [dkd14_equal_weight] [epoch 87/100] batch 120/300 (40%) loss=7251.0983 elapsed=44s eta=66s
  [dkd14_equal_weight] [epoch 87/100] batch 150/300 (50%) loss=7063.5208 elapsed=55s eta=55s
  [dkd14_equal_weight] [epoch 87/100] batch 180/300 (60%) loss=7121.7086 elapsed=66s eta=44s
  [dkd14_equal_weight] [epoch 87/100] batch 210/300 (70%) loss=7137.5355 elapsed=78s eta=33s
  [dkd14_equal_weight] [epoch 87/100] batch 240/300 (80%) loss=7085.2414 elapsed=89s eta=22s
  [dkd14_equal_weight] [epoch 87/100] batch 270/300 (90%) loss=7060.0916 elapsed=100s eta=11s
  [dkd14_equal_weight] [epoch 87/100] batch 300/300 (100%) loss=7022.9807 elapsed=111s eta=0s
[dkd14_equal_weight] [sampler] sampled: {0: 400, 1: 400, 2: 400} total=1200 spalling_ratio=24.33%
[dkd14_equal_weight] [sampler] unique: {0: 400, 1: 400, 2: 400} unique_total=1200 dup_ratio=1.00x
[dkd14_equal_weight] [epoch 087/100] remain=13 epochs ep_eta=24.4min (avg 112s/ep)
[dkd14_equal_weight] [epoch 087/100] lr=0.000003  dt=110.8s
  train loss=7022.9807  ce=0.0846 dice=0.1689  tversky=0.0000 bd=0.0000  cldice=0.0000 snake=0.0000
  val   skipped (next val at epoch 90)
[dkd14_equal_weight] [curriculum] epoch 88: stage=2 tiers=[0, 1, 2] pool={0: 400, 1: 400, 2: 400}
  [dkd14_equal_weight] [epoch 88/100] batch 30/300 (10%) loss=7059.9333 elapsed=12s eta=104s
  [dkd14_equal_weight] [epoch 88/100] batch 60/300 (20%) loss=7212.2458 elapsed=23s eta=91s
  [dkd14_equal_weight] [epoch 88/100] batch 90/300 (30%) loss=7049.2773 elapsed=34s eta=78s
  [dkd14_equal_weight] [epoch 88/100] batch 120/300 (40%) loss=7023.0429 elapsed=45s eta=67s
  [dkd14_equal_weight] [epoch 88/100] batch 150/300 (50%) loss=7057.3536 elapsed=56s eta=56s
  [dkd14_equal_weight] [epoch 88/100] batch 180/300 (60%) loss=7015.3657 elapsed=67s eta=44s
  [dkd14_equal_weight] [epoch 88/100] batch 210/300 (70%) loss=6964.0295 elapsed=78s eta=33s
  [dkd14_equal_weight] [epoch 88/100] batch 240/300 (80%) loss=6918.6148 elapsed=89s eta=22s
  [dkd14_equal_weight] [epoch 88/100] batch 270/300 (90%) loss=6920.1726 elapsed=100s eta=11s
  [dkd14_equal_weight] [epoch 88/100] batch 300/300 (100%) loss=6886.6928 elapsed=111s eta=0s
[dkd14_equal_weight] [sampler] sampled: {0: 400, 1: 400, 2: 400} total=1200 spalling_ratio=24.33%
[dkd14_equal_weight] [sampler] unique: {0: 400, 1: 400, 2: 400} unique_total=1200 dup_ratio=1.00x
[dkd14_equal_weight] [epoch 088/100] remain=12 epochs ep_eta=22.5min (avg 112s/ep)
[dkd14_equal_weight] [epoch 088/100] lr=0.000002  dt=111.1s
  train loss=6886.6928  ce=0.0843 dice=0.1720  tversky=0.0000 bd=0.0000  cldice=0.0000 snake=0.0000
  val   skipped (next val at epoch 90)
[dkd14_equal_weight] [curriculum] epoch 89: stage=2 tiers=[0, 1, 2] pool={0: 400, 1: 400, 2: 400}
  [dkd14_equal_weight] [epoch 89/100] batch 30/300 (10%) loss=7204.7950 elapsed=11s eta=103s
  [dkd14_equal_weight] [epoch 89/100] batch 60/300 (20%) loss=7164.2573 elapsed=22s eta=90s
  [dkd14_equal_weight] [epoch 89/100] batch 90/300 (30%) loss=7050.8566 elapsed=33s eta=78s
  [dkd14_equal_weight] [epoch 89/100] batch 120/300 (40%) loss=7109.8760 elapsed=44s eta=67s
  [dkd14_equal_weight] [epoch 89/100] batch 150/300 (50%) loss=6930.8472 elapsed=56s eta=56s
  [dkd14_equal_weight] [epoch 89/100] batch 180/300 (60%) loss=6982.0570 elapsed=67s eta=44s
  [dkd14_equal_weight] [epoch 89/100] batch 210/300 (70%) loss=6969.8334 elapsed=78s eta=33s
  [dkd14_equal_weight] [epoch 89/100] batch 240/300 (80%) loss=7032.8184 elapsed=89s eta=22s
  [dkd14_equal_weight] [epoch 89/100] batch 270/300 (90%) loss=7006.5135 elapsed=100s eta=11s
  [dkd14_equal_weight] [epoch 89/100] batch 300/300 (100%) loss=6984.1182 elapsed=111s eta=0s
[dkd14_equal_weight] [sampler] sampled: {0: 400, 1: 400, 2: 400} total=1200 spalling_ratio=24.33%
[dkd14_equal_weight] [sampler] unique: {0: 400, 1: 400, 2: 400} unique_total=1200 dup_ratio=1.00x
[dkd14_equal_weight] [epoch 089/100] remain=11 epochs ep_eta=20.6min (avg 112s/ep)
[dkd14_equal_weight] [epoch 089/100] lr=0.000002  dt=111.0s
  train loss=6984.1182  ce=0.0846 dice=0.1710  tversky=0.0000 bd=0.0000  cldice=0.0000 snake=0.0000
  val   skipped (next val at epoch 90)
[dkd14_equal_weight] [curriculum] epoch 90: stage=2 tiers=[0, 1, 2] pool={0: 400, 1: 400, 2: 400}
  [dkd14_equal_weight] [epoch 90/100] batch 30/300 (10%) loss=6957.8792 elapsed=11s eta=103s
  [dkd14_equal_weight] [epoch 90/100] batch 60/300 (20%) loss=7040.9198 elapsed=23s eta=90s
  [dkd14_equal_weight] [epoch 90/100] batch 90/300 (30%) loss=7061.0422 elapsed=34s eta=79s
  [dkd14_equal_weight] [epoch 90/100] batch 120/300 (40%) loss=7070.9357 elapsed=45s eta=67s
  [dkd14_equal_weight] [epoch 90/100] batch 150/300 (50%) loss=6993.6804 elapsed=56s eta=56s
  [dkd14_equal_weight] [epoch 90/100] batch 180/300 (60%) loss=7031.4247 elapsed=67s eta=45s
  [dkd14_equal_weight] [epoch 90/100] batch 210/300 (70%) loss=6983.0876 elapsed=78s eta=33s
  [dkd14_equal_weight] [epoch 90/100] batch 240/300 (80%) loss=6951.4785 elapsed=89s eta=22s
  [dkd14_equal_weight] [epoch 90/100] batch 270/300 (90%) loss=6934.4132 elapsed=100s eta=11s
  [dkd14_equal_weight] [epoch 90/100] batch 300/300 (100%) loss=6946.5543 elapsed=111s eta=0s
[dkd14_equal_weight] [sampler] sampled: {0: 400, 1: 400, 2: 400} total=1200 spalling_ratio=24.33%
[dkd14_equal_weight] [sampler] unique: {0: 400, 1: 400, 2: 400} unique_total=1200 dup_ratio=1.00x
[dkd14_equal_weight] [epoch 090/100] remain=10 epochs ep_eta=18.8min (avg 113s/ep)
[dkd14_equal_weight] [epoch 090/100] lr=0.000002  dt=116.3s
  train loss=6946.5543  ce=0.0847 dice=0.1749  tversky=0.0000 bd=0.0000  cldice=0.0000 snake=0.0000
  val   loss=0.2360
  IoU   bg=0.9775  crack=0.5796  spalling=0.8128  | mIoU_fg=0.6962  pix_acc=0.9779
  Dice  bg=0.9886  crack=0.7339  spalling=0.8967
  BF1   crack=0.7568  spalling=0.6896  | BF1_fg_mean=0.7232
[dkd14_equal_weight] [curriculum] epoch 91: stage=2 tiers=[0, 1, 2] pool={0: 400, 1: 400, 2: 400}
  [dkd14_equal_weight] [epoch 91/100] batch 30/300 (10%) loss=7209.2266 elapsed=11s eta=102s
  [dkd14_equal_weight] [epoch 91/100] batch 60/300 (20%) loss=6898.5910 elapsed=22s eta=89s
  [dkd14_equal_weight] [epoch 91/100] batch 90/300 (30%) loss=6825.1397 elapsed=33s eta=78s
  [dkd14_equal_weight] [epoch 91/100] batch 120/300 (40%) loss=6884.6187 elapsed=44s eta=67s
  [dkd14_equal_weight] [epoch 91/100] batch 150/300 (50%) loss=6910.3303 elapsed=55s eta=55s
  [dkd14_equal_weight] [epoch 91/100] batch 180/300 (60%) loss=6958.2804 elapsed=66s eta=44s
  [dkd14_equal_weight] [epoch 91/100] batch 210/300 (70%) loss=6921.4308 elapsed=77s eta=33s
  [dkd14_equal_weight] [epoch 91/100] batch 240/300 (80%) loss=6859.9456 elapsed=88s eta=22s
  [dkd14_equal_weight] [epoch 91/100] batch 270/300 (90%) loss=6925.4674 elapsed=99s eta=11s
  [dkd14_equal_weight] [epoch 91/100] batch 300/300 (100%) loss=6929.1711 elapsed=110s eta=0s
[dkd14_equal_weight] [sampler] sampled: {0: 400, 1: 400, 2: 400} total=1200 spalling_ratio=24.33%
[dkd14_equal_weight] [sampler] unique: {0: 400, 1: 400, 2: 400} unique_total=1200 dup_ratio=1.00x
[dkd14_equal_weight] [epoch 091/100] remain=9 epochs ep_eta=16.9min (avg 113s/ep)
[dkd14_equal_weight] [epoch 091/100] lr=0.000001  dt=115.3s
  train loss=6929.1711  ce=0.0843 dice=0.1746  tversky=0.0000 bd=0.0000  cldice=0.0000 snake=0.0000
  val   loss=0.2367
  IoU   bg=0.9776  crack=0.5807  spalling=0.8118  | mIoU_fg=0.6963  pix_acc=0.9780
  Dice  bg=0.9887  crack=0.7348  spalling=0.8961
  BF1   crack=0.7577  spalling=0.6883  | BF1_fg_mean=0.7230
[dkd14_equal_weight] [curriculum] epoch 92: stage=2 tiers=[0, 1, 2] pool={0: 400, 1: 400, 2: 400}
  [dkd14_equal_weight] [epoch 92/100] batch 30/300 (10%) loss=6456.0299 elapsed=12s eta=104s
  [dkd14_equal_weight] [epoch 92/100] batch 60/300 (20%) loss=6699.6580 elapsed=22s eta=90s
  [dkd14_equal_weight] [epoch 92/100] batch 90/300 (30%) loss=6798.2028 elapsed=33s eta=78s
  [dkd14_equal_weight] [epoch 92/100] batch 120/300 (40%) loss=6832.5982 elapsed=44s eta=66s
  [dkd14_equal_weight] [epoch 92/100] batch 150/300 (50%) loss=6836.0918 elapsed=55s eta=55s
  [dkd14_equal_weight] [epoch 92/100] batch 180/300 (60%) loss=6892.4520 elapsed=66s eta=44s
  [dkd14_equal_weight] [epoch 92/100] batch 210/300 (70%) loss=6808.4372 elapsed=77s eta=33s
  [dkd14_equal_weight] [epoch 92/100] batch 240/300 (80%) loss=6771.9111 elapsed=88s eta=22s
  [dkd14_equal_weight] [epoch 92/100] batch 270/300 (90%) loss=6820.5246 elapsed=99s eta=11s
  [dkd14_equal_weight] [epoch 92/100] batch 300/300 (100%) loss=6801.1724 elapsed=110s eta=0s
[dkd14_equal_weight] [sampler] sampled: {0: 400, 1: 400, 2: 400} total=1200 spalling_ratio=24.33%
[dkd14_equal_weight] [sampler] unique: {0: 400, 1: 400, 2: 400} unique_total=1200 dup_ratio=1.00x
[dkd14_equal_weight] [epoch 092/100] remain=8 epochs ep_eta=15.0min (avg 113s/ep)
[dkd14_equal_weight] [epoch 092/100] lr=0.000001  dt=115.6s
  train loss=6801.1724  ce=0.0841 dice=0.1702  tversky=0.0000 bd=0.0000  cldice=0.0000 snake=0.0000
  val   loss=0.2356
  IoU   bg=0.9776  crack=0.5810  spalling=0.8135  | mIoU_fg=0.6972  pix_acc=0.9780
  Dice  bg=0.9887  crack=0.7349  spalling=0.8972
  BF1   crack=0.7575  spalling=0.6901  | BF1_fg_mean=0.7238
  [dkd14_equal_weight] [best] mIoU_fg=0.6972  saved -> best.pt
[dkd14_equal_weight] [curriculum] epoch 93: stage=2 tiers=[0, 1, 2] pool={0: 400, 1: 400, 2: 400}
  [dkd14_equal_weight] [epoch 93/100] batch 30/300 (10%) loss=6651.0327 elapsed=12s eta=104s
  [dkd14_equal_weight] [epoch 93/100] batch 60/300 (20%) loss=6777.2651 elapsed=23s eta=90s
  [dkd14_equal_weight] [epoch 93/100] batch 90/300 (30%) loss=6831.3944 elapsed=34s eta=78s
  [dkd14_equal_weight] [epoch 93/100] batch 120/300 (40%) loss=6869.5376 elapsed=45s eta=67s
  [dkd14_equal_weight] [epoch 93/100] batch 150/300 (50%) loss=6921.2977 elapsed=56s eta=56s
  [dkd14_equal_weight] [epoch 93/100] batch 180/300 (60%) loss=6868.7262 elapsed=67s eta=44s
  [dkd14_equal_weight] [epoch 93/100] batch 210/300 (70%) loss=6909.0598 elapsed=78s eta=33s
  [dkd14_equal_weight] [epoch 93/100] batch 240/300 (80%) loss=6896.5498 elapsed=89s eta=22s
  [dkd14_equal_weight] [epoch 93/100] batch 270/300 (90%) loss=6871.0804 elapsed=100s eta=11s
  [dkd14_equal_weight] [epoch 93/100] batch 300/300 (100%) loss=6896.7392 elapsed=111s eta=0s
[dkd14_equal_weight] [sampler] sampled: {0: 400, 1: 400, 2: 400} total=1200 spalling_ratio=24.33%
[dkd14_equal_weight] [sampler] unique: {0: 400, 1: 400, 2: 400} unique_total=1200 dup_ratio=1.00x
[dkd14_equal_weight] [epoch 093/100] remain=7 epochs ep_eta=13.1min (avg 113s/ep)
[dkd14_equal_weight] [epoch 093/100] lr=0.000001  dt=115.8s
  train loss=6896.7392  ce=0.0843 dice=0.1709  tversky=0.0000 bd=0.0000  cldice=0.0000 snake=0.0000
  val   loss=0.2352
  IoU   bg=0.9775  crack=0.5805  spalling=0.8120  | mIoU_fg=0.6963  pix_acc=0.9779
  Dice  bg=0.9886  crack=0.7346  spalling=0.8962
  BF1   crack=0.7578  spalling=0.6895  | BF1_fg_mean=0.7237
[dkd14_equal_weight] [curriculum] epoch 94: stage=2 tiers=[0, 1, 2] pool={0: 400, 1: 400, 2: 400}
  [dkd14_equal_weight] [epoch 94/100] batch 30/300 (10%) loss=6708.2330 elapsed=12s eta=104s
  [dkd14_equal_weight] [epoch 94/100] batch 60/300 (20%) loss=7026.8436 elapsed=23s eta=90s
  [dkd14_equal_weight] [epoch 94/100] batch 90/300 (30%) loss=6867.9546 elapsed=34s eta=78s
  [dkd14_equal_weight] [epoch 94/100] batch 120/300 (40%) loss=6892.9363 elapsed=45s eta=67s
  [dkd14_equal_weight] [epoch 94/100] batch 150/300 (50%) loss=6822.8852 elapsed=56s eta=56s
  [dkd14_equal_weight] [epoch 94/100] batch 180/300 (60%) loss=6753.4074 elapsed=67s eta=44s
  [dkd14_equal_weight] [epoch 94/100] batch 210/300 (70%) loss=6788.6713 elapsed=78s eta=33s
  [dkd14_equal_weight] [epoch 94/100] batch 240/300 (80%) loss=6817.4229 elapsed=89s eta=22s
  [dkd14_equal_weight] [epoch 94/100] batch 270/300 (90%) loss=6782.7280 elapsed=100s eta=11s
  [dkd14_equal_weight] [epoch 94/100] batch 300/300 (100%) loss=6852.2700 elapsed=111s eta=0s
[dkd14_equal_weight] [sampler] sampled: {0: 400, 1: 400, 2: 400} total=1200 spalling_ratio=24.33%
[dkd14_equal_weight] [sampler] unique: {0: 400, 1: 400, 2: 400} unique_total=1200 dup_ratio=1.00x
[dkd14_equal_weight] [epoch 094/100] remain=6 epochs ep_eta=11.3min (avg 113s/ep)
[dkd14_equal_weight] [epoch 094/100] lr=0.000001  dt=116.2s
  train loss=6852.2700  ce=0.0843 dice=0.1730  tversky=0.0000 bd=0.0000  cldice=0.0000 snake=0.0000
  val   loss=0.2367
  IoU   bg=0.9776  crack=0.5806  spalling=0.8128  | mIoU_fg=0.6967  pix_acc=0.9780
  Dice  bg=0.9887  crack=0.7347  spalling=0.8967
  BF1   crack=0.7575  spalling=0.6865  | BF1_fg_mean=0.7220
[dkd14_equal_weight] [curriculum] epoch 95: stage=2 tiers=[0, 1, 2] pool={0: 400, 1: 400, 2: 400}
  [dkd14_equal_weight] [epoch 95/100] batch 30/300 (10%) loss=6771.5050 elapsed=11s eta=103s
  [dkd14_equal_weight] [epoch 95/100] batch 60/300 (20%) loss=6861.2566 elapsed=23s eta=90s
  [dkd14_equal_weight] [epoch 95/100] batch 90/300 (30%) loss=6788.8179 elapsed=34s eta=78s
  [dkd14_equal_weight] [epoch 95/100] batch 120/300 (40%) loss=6808.7396 elapsed=45s eta=67s
  [dkd14_equal_weight] [epoch 95/100] batch 150/300 (50%) loss=6870.0550 elapsed=56s eta=56s
  [dkd14_equal_weight] [epoch 95/100] batch 180/300 (60%) loss=6857.5512 elapsed=67s eta=45s
  [dkd14_equal_weight] [epoch 95/100] batch 210/300 (70%) loss=6841.9650 elapsed=78s eta=33s
  [dkd14_equal_weight] [epoch 95/100] batch 240/300 (80%) loss=6827.7085 elapsed=89s eta=22s
  [dkd14_equal_weight] [epoch 95/100] batch 270/300 (90%) loss=6857.2658 elapsed=100s eta=11s
  [dkd14_equal_weight] [epoch 95/100] batch 300/300 (100%) loss=6947.5581 elapsed=111s eta=0s
[dkd14_equal_weight] [sampler] sampled: {0: 400, 1: 400, 2: 400} total=1200 spalling_ratio=24.33%
[dkd14_equal_weight] [sampler] unique: {0: 400, 1: 400, 2: 400} unique_total=1200 dup_ratio=1.00x
[dkd14_equal_weight] [epoch 095/100] remain=5 epochs ep_eta=9.4min (avg 113s/ep)
[dkd14_equal_weight] [epoch 095/100] lr=0.000000  dt=116.1s
  train loss=6947.5581  ce=0.0843 dice=0.1719  tversky=0.0000 bd=0.0000  cldice=0.0000 snake=0.0000
  val   loss=0.2364
  IoU   bg=0.9776  crack=0.5806  spalling=0.8127  | mIoU_fg=0.6967  pix_acc=0.9780
  Dice  bg=0.9887  crack=0.7347  spalling=0.8967
  BF1   crack=0.7586  spalling=0.6910  | BF1_fg_mean=0.7248
[dkd14_equal_weight] [curriculum] epoch 96: stage=2 tiers=[0, 1, 2] pool={0: 400, 1: 400, 2: 400}
  [dkd14_equal_weight] [epoch 96/100] batch 30/300 (10%) loss=6700.3087 elapsed=11s eta=102s
  [dkd14_equal_weight] [epoch 96/100] batch 60/300 (20%) loss=6660.9696 elapsed=22s eta=89s
  [dkd14_equal_weight] [epoch 96/100] batch 90/300 (30%) loss=6585.6294 elapsed=33s eta=78s
  [dkd14_equal_weight] [epoch 96/100] batch 120/300 (40%) loss=6721.0528 elapsed=45s eta=67s
  [dkd14_equal_weight] [epoch 96/100] batch 150/300 (50%) loss=6728.7035 elapsed=56s eta=56s
  [dkd14_equal_weight] [epoch 96/100] batch 180/300 (60%) loss=6765.4658 elapsed=67s eta=45s
  [dkd14_equal_weight] [epoch 96/100] batch 210/300 (70%) loss=6737.5836 elapsed=78s eta=33s
  [dkd14_equal_weight] [epoch 96/100] batch 240/300 (80%) loss=6754.1969 elapsed=89s eta=22s
  [dkd14_equal_weight] [epoch 96/100] batch 270/300 (90%) loss=6829.2966 elapsed=100s eta=11s
  [dkd14_equal_weight] [epoch 96/100] batch 300/300 (100%) loss=6882.5297 elapsed=111s eta=0s
[dkd14_equal_weight] [sampler] sampled: {0: 400, 1: 400, 2: 400} total=1200 spalling_ratio=24.33%
[dkd14_equal_weight] [sampler] unique: {0: 400, 1: 400, 2: 400} unique_total=1200 dup_ratio=1.00x
[dkd14_equal_weight] [epoch 096/100] remain=4 epochs ep_eta=7.5min (avg 113s/ep)
[dkd14_equal_weight] [epoch 096/100] lr=0.000000  dt=116.1s
  train loss=6882.5297  ce=0.0846 dice=0.1762  tversky=0.0000 bd=0.0000  cldice=0.0000 snake=0.0000
  val   loss=0.2360
  IoU   bg=0.9774  crack=0.5800  spalling=0.8127  | mIoU_fg=0.6964  pix_acc=0.9778
  Dice  bg=0.9886  crack=0.7342  spalling=0.8967
  BF1   crack=0.7574  spalling=0.6876  | BF1_fg_mean=0.7225
[dkd14_equal_weight] [curriculum] epoch 97: stage=2 tiers=[0, 1, 2] pool={0: 400, 1: 400, 2: 400}
  [dkd14_equal_weight] [epoch 97/100] batch 30/300 (10%) loss=6740.2698 elapsed=11s eta=102s
  [dkd14_equal_weight] [epoch 97/100] batch 60/300 (20%) loss=7046.3330 elapsed=23s eta=90s
  [dkd14_equal_weight] [epoch 97/100] batch 90/300 (30%) loss=7145.3211 elapsed=34s eta=78s
  [dkd14_equal_weight] [epoch 97/100] batch 120/300 (40%) loss=7030.4419 elapsed=45s eta=67s
  [dkd14_equal_weight] [epoch 97/100] batch 150/300 (50%) loss=6957.7018 elapsed=56s eta=56s
  [dkd14_equal_weight] [epoch 97/100] batch 180/300 (60%) loss=6935.1964 elapsed=67s eta=44s
  [dkd14_equal_weight] [epoch 97/100] batch 210/300 (70%) loss=6893.9608 elapsed=78s eta=33s
  [dkd14_equal_weight] [epoch 97/100] batch 240/300 (80%) loss=6873.3318 elapsed=89s eta=22s
  [dkd14_equal_weight] [epoch 97/100] batch 270/300 (90%) loss=6847.1988 elapsed=100s eta=11s
  [dkd14_equal_weight] [epoch 97/100] batch 300/300 (100%) loss=6843.1805 elapsed=111s eta=0s
[dkd14_equal_weight] [sampler] sampled: {0: 400, 1: 400, 2: 400} total=1200 spalling_ratio=24.33%
[dkd14_equal_weight] [sampler] unique: {0: 400, 1: 400, 2: 400} unique_total=1200 dup_ratio=1.00x
[dkd14_equal_weight] [epoch 097/100] remain=3 epochs ep_eta=5.6min (avg 113s/ep)
[dkd14_equal_weight] [epoch 097/100] lr=0.000000  dt=115.9s
  train loss=6843.1805  ce=0.0844 dice=0.1741  tversky=0.0000 bd=0.0000  cldice=0.0000 snake=0.0000
  val   loss=0.2366
  IoU   bg=0.9776  crack=0.5807  spalling=0.8125  | mIoU_fg=0.6966  pix_acc=0.9780
  Dice  bg=0.9887  crack=0.7347  spalling=0.8966
  BF1   crack=0.7590  spalling=0.6869  | BF1_fg_mean=0.7229
[dkd14_equal_weight] [curriculum] epoch 98: stage=2 tiers=[0, 1, 2] pool={0: 400, 1: 400, 2: 400}
  [dkd14_equal_weight] [epoch 98/100] batch 30/300 (10%) loss=7400.6477 elapsed=11s eta=102s
  [dkd14_equal_weight] [epoch 98/100] batch 60/300 (20%) loss=7305.2151 elapsed=22s eta=90s
  [dkd14_equal_weight] [epoch 98/100] batch 90/300 (30%) loss=7115.5600 elapsed=33s eta=78s
  [dkd14_equal_weight] [epoch 98/100] batch 120/300 (40%) loss=7222.5970 elapsed=44s eta=67s
  [dkd14_equal_weight] [epoch 98/100] batch 150/300 (50%) loss=7010.6651 elapsed=55s eta=55s
  [dkd14_equal_weight] [epoch 98/100] batch 180/300 (60%) loss=6952.9556 elapsed=67s eta=44s
  [dkd14_equal_weight] [epoch 98/100] batch 210/300 (70%) loss=6976.8940 elapsed=78s eta=33s
  [dkd14_equal_weight] [epoch 98/100] batch 240/300 (80%) loss=6904.1337 elapsed=89s eta=22s
  [dkd14_equal_weight] [epoch 98/100] batch 270/300 (90%) loss=6871.2885 elapsed=100s eta=11s
  [dkd14_equal_weight] [epoch 98/100] batch 300/300 (100%) loss=6878.5581 elapsed=111s eta=0s
[dkd14_equal_weight] [sampler] sampled: {0: 400, 1: 400, 2: 400} total=1200 spalling_ratio=24.33%
[dkd14_equal_weight] [sampler] unique: {0: 400, 1: 400, 2: 400} unique_total=1200 dup_ratio=1.00x
[dkd14_equal_weight] [epoch 098/100] remain=2 epochs ep_eta=3.8min (avg 113s/ep)
[dkd14_equal_weight] [epoch 098/100] lr=0.000000  dt=116.0s
  train loss=6878.5581  ce=0.0841 dice=0.1720  tversky=0.0000 bd=0.0000  cldice=0.0000 snake=0.0000
  val   loss=0.2367
  IoU   bg=0.9775  crack=0.5801  spalling=0.8130  | mIoU_fg=0.6966  pix_acc=0.9779
  Dice  bg=0.9886  crack=0.7343  spalling=0.8969
  BF1   crack=0.7574  spalling=0.6869  | BF1_fg_mean=0.7222
[dkd14_equal_weight] [curriculum] epoch 99: stage=2 tiers=[0, 1, 2] pool={0: 400, 1: 400, 2: 400}
  [dkd14_equal_weight] [epoch 99/100] batch 30/300 (10%) loss=7408.3352 elapsed=12s eta=104s
  [dkd14_equal_weight] [epoch 99/100] batch 60/300 (20%) loss=6957.6926 elapsed=22s eta=90s
  [dkd14_equal_weight] [epoch 99/100] batch 90/300 (30%) loss=6875.8923 elapsed=34s eta=78s
  [dkd14_equal_weight] [epoch 99/100] batch 120/300 (40%) loss=6935.0761 elapsed=45s eta=67s
  [dkd14_equal_weight] [epoch 99/100] batch 150/300 (50%) loss=6903.7648 elapsed=56s eta=56s
  [dkd14_equal_weight] [epoch 99/100] batch 180/300 (60%) loss=6886.7789 elapsed=67s eta=45s
  [dkd14_equal_weight] [epoch 99/100] batch 210/300 (70%) loss=6842.3777 elapsed=78s eta=33s
  [dkd14_equal_weight] [epoch 99/100] batch 240/300 (80%) loss=6793.1219 elapsed=89s eta=22s
  [dkd14_equal_weight] [epoch 99/100] batch 270/300 (90%) loss=6857.3059 elapsed=100s eta=11s
  [dkd14_equal_weight] [epoch 99/100] batch 300/300 (100%) loss=6820.3065 elapsed=111s eta=0s
[dkd14_equal_weight] [sampler] sampled: {0: 400, 1: 400, 2: 400} total=1200 spalling_ratio=24.33%
[dkd14_equal_weight] [sampler] unique: {0: 400, 1: 400, 2: 400} unique_total=1200 dup_ratio=1.00x
[dkd14_equal_weight] [epoch 099/100] remain=1 epochs ep_eta=1.9min (avg 113s/ep)
[dkd14_equal_weight] [epoch 099/100] lr=0.000000  dt=115.6s
  train loss=6820.3065  ce=0.0838 dice=0.1730  tversky=0.0000 bd=0.0000  cldice=0.0000 snake=0.0000
  val   loss=0.2367
  IoU   bg=0.9775  crack=0.5799  spalling=0.8135  | mIoU_fg=0.6967  pix_acc=0.9779
  Dice  bg=0.9886  crack=0.7341  spalling=0.8972
  BF1   crack=0.7571  spalling=0.6856  | BF1_fg_mean=0.7214
[dkd14_equal_weight] [curriculum] epoch 100: stage=2 tiers=[0, 1, 2] pool={0: 400, 1: 400, 2: 400}
  [dkd14_equal_weight] [epoch 100/100] batch 30/300 (10%) loss=7789.8916 elapsed=12s eta=104s
  [dkd14_equal_weight] [epoch 100/100] batch 60/300 (20%) loss=7214.3887 elapsed=23s eta=90s
  [dkd14_equal_weight] [epoch 100/100] batch 90/300 (30%) loss=7057.4548 elapsed=34s eta=79s
  [dkd14_equal_weight] [epoch 100/100] batch 120/300 (40%) loss=6899.3806 elapsed=45s eta=67s
  [dkd14_equal_weight] [epoch 100/100] batch 150/300 (50%) loss=6896.9712 elapsed=56s eta=56s
  [dkd14_equal_weight] [epoch 100/100] batch 180/300 (60%) loss=6876.6476 elapsed=67s eta=45s
  [dkd14_equal_weight] [epoch 100/100] batch 210/300 (70%) loss=6879.0874 elapsed=78s eta=33s
  [dkd14_equal_weight] [epoch 100/100] batch 240/300 (80%) loss=6907.9615 elapsed=89s eta=22s
  [dkd14_equal_weight] [epoch 100/100] batch 270/300 (90%) loss=6943.6952 elapsed=100s eta=11s
  [dkd14_equal_weight] [epoch 100/100] batch 300/300 (100%) loss=6913.7143 elapsed=111s eta=0s
[dkd14_equal_weight] [sampler] sampled: {0: 400, 1: 400, 2: 400} total=1200 spalling_ratio=24.33%
[dkd14_equal_weight] [sampler] unique: {0: 400, 1: 400, 2: 400} unique_total=1200 dup_ratio=1.00x
[dkd14_equal_weight] [epoch 100/100] remain=0 epochs ep_eta=0.0min (avg 113s/ep)
[dkd14_equal_weight] [epoch 100/100] lr=0.000000  dt=116.2s
  train loss=6913.7143  ce=0.0876 dice=0.1713  tversky=0.0000 bd=0.0000  cldice=0.0000 snake=0.0000
  val   loss=0.2361
  IoU   bg=0.9774  crack=0.5800  spalling=0.8135  | mIoU_fg=0.6967  pix_acc=0.9778
  Dice  bg=0.9886  crack=0.7341  spalling=0.8972
  BF1   crack=0.7574  spalling=0.6867  | BF1_fg_mean=0.7221

[train] final test eval using best checkpoint
IoU   bg=0.9773  crack=0.5840  spalling=0.8603  | mIoU_fg=0.7221  pix_acc=0.9780
Dice  bg=0.9885  crack=0.7374  spalling=0.9249
BF1   crack=0.7551  spalling=0.6757  | BF1_fg_mean=0.7154
clDice crack=0.8329
[train] wrote /workspace/dam-segmentation-baselines/full_method/runs/dkd14_equal_weight/test_report.txt
[train] wrote /workspace/dam-segmentation-baselines/full_method/runs/dkd14_equal_weight/curves.png
