Some weights of SegformerForSemanticSegmentation were not initialized from the model checkpoint at nvidia/segformer-b2-finetuned-ade-512-512 and are newly initialized because the shapes did not match:
- decode_head.classifier.weight: found shape torch.Size([150, 768, 1, 1]) in the checkpoint and torch.Size([3, 768, 1, 1]) in the model instantiated
- decode_head.classifier.bias: found shape torch.Size([150]) in the checkpoint and torch.Size([3]) in the model instantiated
You should probably TRAIN this model on a down-stream task to be able to use it for predictions and inference.
Some weights of SegformerForSemanticSegmentation were not initialized from the model checkpoint at nvidia/segformer-b2-finetuned-ade-512-512 and are newly initialized because the shapes did not match:
- decode_head.classifier.weight: found shape torch.Size([150, 768, 1, 1]) in the checkpoint and torch.Size([3, 768, 1, 1]) in the model instantiated
- decode_head.classifier.bias: found shape torch.Size([150]) in the checkpoint and torch.Size([3]) in the model instantiated
You should probably TRAIN this model on a down-stream task to be able to use it for predictions and inference.
Some weights of SegformerForSemanticSegmentation were not initialized from the model checkpoint at nvidia/segformer-b2-finetuned-ade-512-512 and are newly initialized because the shapes did not match:
- decode_head.classifier.weight: found shape torch.Size([150, 768, 1, 1]) in the checkpoint and torch.Size([3, 768, 1, 1]) in the model instantiated
- decode_head.classifier.bias: found shape torch.Size([150]) in the checkpoint and torch.Size([3]) in the model instantiated
You should probably TRAIN this model on a down-stream task to be able to use it for predictions and inference.
[train] cuDNN warmup OK
[train] full_method (dscformer_dup_t1_CTRL)
[train] device=cuda  torch=2.6.0+cu124  transformers=4.57.6
[train] cfg: pretrained=nvidia/segformer-b2-finetuned-ade-512-512 img=512 bs=4 grad_accum=1 epochs=100 lr=6e-05 warmup=5
[train] difficulty: alpha=1.0 beta=0.5 gamma=0.3 delta=0.3 ema=0.9 tau=0.5
[train] bonuses: spalling=0.3 late_hard_crack=0.4
[train] ablation switches: dynamic_difficulty=False class_sampling_bonus=False class_loss_schedule=False boundary_loss=False tversky_loss=False
[train] new switches: soft_curriculum=False softmax_sampling=False dynamic_loss_reweight=False (lambda=0.5) soft_boundary=False (start=0.6 max=0.1)
[train] cldice: use=False weight=0.15 start_epoch=40 iters=7
[train] srl: use=False weight=0.15 start_epoch=40
[train] snake_aux: use=False weight=0.1
[train] model_type=dscformer snake_channels=64 snake_kernel=9
[train] no_curriculum=True
[train] competence: hard=False soft=False c0=0.333 duration=70 floors=[0.05,0.02,0.0]
[train] DGACL: use=False w_disagree=0.5 w_gap=0.3 w_loss=0.2 lambda=1.0 pixel_kd=True phase2_lr=1e-05 warmup=3
[train] MAC: use=False morph_diff=False adaptive_pacing=False class_loss=False diff_gamma=0.5 weights=[0.4,0.3,0.2,0.1]
[train] sizes: train=1200 val=150 test=150
[train] building records (scanning masks for has_spalling) ...
[train] records: {0: 400, 1: 400, 2: 400}  has_spalling=292/1200
[train] raw pixel frequency: {'background': 0.952165391031901, 'crack': 0.03423014119466146, 'spalling': 0.0136044677734375}
[train] clipped weights    : {'background': 0.25, 'crack': 1.080772481700143, 'spalling': 1.7143055384148256}
[train] running OOM probe ...
[train] OOM probe OK
[train] mixed precision (AMP) enabled
[train] viz samples (6):
    Hard/H (99).jpg
    Hard/H (365).jpg
    Medium/M (127).jpg
    Medium/M (422).jpg
    Hard/H (431).jpg
    Hard/H (476).jpg
[KD] loading teacher 1 from /workspace/dam-segmentation-baselines/full_method/runs/dscformer_srl_G1/best.pt
[KD] teacher 1 loaded (epoch=35, val_mIoU_fg=0.6961198938087753)
[KD] alpha=0.5 temperature=4.0
[KD] loading teacher 2 from /workspace/dam-segmentation-baselines/full_method/runs/dscformer_srl_G1/best.pt
[KD] teacher 2 loaded (epoch=35, val_mIoU_fg=0.6961198938087753)
[KD] dual-teacher mode: equal-weight (t1=0.5, t2=0.5)
[dscformer_dup_t1_CTRL] [curriculum] epoch 1: stage=0 tiers=[0] pool={0: 400, 1: 0, 2: 0}
  [dscformer_dup_t1_CTRL] [epoch 1/100] batch 30/300 (10%) loss=1369838.3167 elapsed=16s eta=143s
  [dscformer_dup_t1_CTRL] [epoch 1/100] batch 60/300 (20%) loss=1384781.4875 elapsed=31s eta=123s
  [dscformer_dup_t1_CTRL] [epoch 1/100] batch 90/300 (30%) loss=1389831.3167 elapsed=46s eta=106s
  [dscformer_dup_t1_CTRL] [epoch 1/100] batch 120/300 (40%) loss=1393438.2458 elapsed=60s eta=90s
  [dscformer_dup_t1_CTRL] [epoch 1/100] batch 150/300 (50%) loss=1394963.0367 elapsed=75s eta=75s
  [dscformer_dup_t1_CTRL] [epoch 1/100] batch 180/300 (60%) loss=1396401.4181 elapsed=90s eta=60s
  [dscformer_dup_t1_CTRL] [epoch 1/100] batch 210/300 (70%) loss=1394796.5851 elapsed=105s eta=45s
  [dscformer_dup_t1_CTRL] [epoch 1/100] batch 240/300 (80%) loss=1394012.2333 elapsed=119s eta=30s
  [dscformer_dup_t1_CTRL] [epoch 1/100] batch 270/300 (90%) loss=1393354.6856 elapsed=134s eta=15s
  [dscformer_dup_t1_CTRL] [epoch 1/100] batch 300/300 (100%) loss=1391870.0092 elapsed=148s eta=0s
[dscformer_dup_t1_CTRL] [sampler] sampled: {0: 400, 1: 400, 2: 400} total=1200 spalling_ratio=24.33%
[dscformer_dup_t1_CTRL] [sampler] unique: {0: 400, 1: 400, 2: 400} unique_total=1200 dup_ratio=1.00x
[dscformer_dup_t1_CTRL] [epoch 001/100] remain=99 epochs ep_eta=262.9min (avg 159s/ep)
[dscformer_dup_t1_CTRL] [epoch 001/100] lr=0.000012  dt=159.4s
  train loss=1391870.0092  ce=1.0188 dice=0.9459  tversky=0.0000 bd=0.0000  cldice=0.0000 snake=0.0000
  val   loss=0.9651
  IoU   bg=0.7201  crack=0.0478  spalling=0.0132  | mIoU_fg=0.0305  pix_acc=0.7167
  Dice  bg=0.8373  crack=0.0913  spalling=0.0260
  BF1   crack=0.0739  spalling=0.0317  | BF1_fg_mean=0.0528
  [dscformer_dup_t1_CTRL] [best] mIoU_fg=0.0305  saved -> best.pt
[dscformer_dup_t1_CTRL] [curriculum] epoch 2: stage=0 tiers=[0] pool={0: 400, 1: 0, 2: 0}
  [dscformer_dup_t1_CTRL] [epoch 2/100] batch 30/300 (10%) loss=1355160.3000 elapsed=15s eta=136s
  [dscformer_dup_t1_CTRL] [epoch 2/100] batch 60/300 (20%) loss=1328118.0063 elapsed=29s eta=117s
  [dscformer_dup_t1_CTRL] [epoch 2/100] batch 90/300 (30%) loss=1310998.6556 elapsed=43s eta=101s
  [dscformer_dup_t1_CTRL] [epoch 2/100] batch 120/300 (40%) loss=1284864.9031 elapsed=56s eta=84s
  [dscformer_dup_t1_CTRL] [epoch 2/100] batch 150/300 (50%) loss=1263615.5358 elapsed=69s eta=69s
  [dscformer_dup_t1_CTRL] [epoch 2/100] batch 180/300 (60%) loss=1243527.1264 elapsed=81s eta=54s
  [dscformer_dup_t1_CTRL] [epoch 2/100] batch 210/300 (70%) loss=1221752.3545 elapsed=93s eta=40s
  [dscformer_dup_t1_CTRL] [epoch 2/100] batch 240/300 (80%) loss=1201251.6484 elapsed=105s eta=26s
  [dscformer_dup_t1_CTRL] [epoch 2/100] batch 270/300 (90%) loss=1179769.6028 elapsed=117s eta=13s
  [dscformer_dup_t1_CTRL] [epoch 2/100] batch 300/300 (100%) loss=1158495.6242 elapsed=129s eta=0s
[dscformer_dup_t1_CTRL] [sampler] sampled: {0: 400, 1: 400, 2: 400} total=1200 spalling_ratio=24.33%
[dscformer_dup_t1_CTRL] [sampler] unique: {0: 400, 1: 400, 2: 400} unique_total=1200 dup_ratio=1.00x
[dscformer_dup_t1_CTRL] [epoch 002/100] remain=98 epochs ep_eta=239.2min (avg 146s/ep)
[dscformer_dup_t1_CTRL] [epoch 002/100] lr=0.000024  dt=129.2s
  train loss=1158495.6242  ce=0.7244 dice=0.9244  tversky=0.0000 bd=0.0000  cldice=0.0000 snake=0.0000
  val   skipped (next val at epoch 5)
[dscformer_dup_t1_CTRL] [curriculum] epoch 3: stage=0 tiers=[0] pool={0: 400, 1: 0, 2: 0}
  [dscformer_dup_t1_CTRL] [epoch 3/100] batch 30/300 (10%) loss=911008.9125 elapsed=12s eta=112s
  [dscformer_dup_t1_CTRL] [epoch 3/100] batch 60/300 (20%) loss=880507.6490 elapsed=25s eta=98s
  [dscformer_dup_t1_CTRL] [epoch 3/100] batch 90/300 (30%) loss=849674.1319 elapsed=37s eta=86s
  [dscformer_dup_t1_CTRL] [epoch 3/100] batch 120/300 (40%) loss=822486.6406 elapsed=49s eta=74s
  [dscformer_dup_t1_CTRL] [epoch 3/100] batch 150/300 (50%) loss=797470.8754 elapsed=62s eta=62s
  [dscformer_dup_t1_CTRL] [epoch 3/100] batch 180/300 (60%) loss=772680.9368 elapsed=75s eta=50s
  [dscformer_dup_t1_CTRL] [epoch 3/100] batch 210/300 (70%) loss=750448.7845 elapsed=87s eta=37s
  [dscformer_dup_t1_CTRL] [epoch 3/100] batch 240/300 (80%) loss=730128.4540 elapsed=99s eta=25s
  [dscformer_dup_t1_CTRL] [epoch 3/100] batch 270/300 (90%) loss=711067.2615 elapsed=112s eta=12s
  [dscformer_dup_t1_CTRL] [epoch 3/100] batch 300/300 (100%) loss=693931.1196 elapsed=124s eta=0s
[dscformer_dup_t1_CTRL] [sampler] sampled: {0: 400, 1: 400, 2: 400} total=1200 spalling_ratio=24.33%
[dscformer_dup_t1_CTRL] [sampler] unique: {0: 400, 1: 400, 2: 400} unique_total=1200 dup_ratio=1.00x
[dscformer_dup_t1_CTRL] [epoch 003/100] remain=97 epochs ep_eta=225.6min (avg 140s/ep)
[dscformer_dup_t1_CTRL] [epoch 003/100] lr=0.000036  dt=124.3s
  train loss=693931.1196  ce=0.4894 dice=0.8563  tversky=0.0000 bd=0.0000  cldice=0.0000 snake=0.0000
  val   skipped (next val at epoch 5)
[dscformer_dup_t1_CTRL] [curriculum] epoch 4: stage=0 tiers=[0] pool={0: 400, 1: 0, 2: 0}
  [dscformer_dup_t1_CTRL] [epoch 4/100] batch 30/300 (10%) loss=493999.1594 elapsed=13s eta=117s
  [dscformer_dup_t1_CTRL] [epoch 4/100] batch 60/300 (20%) loss=490568.7740 elapsed=26s eta=102s
  [dscformer_dup_t1_CTRL] [epoch 4/100] batch 90/300 (30%) loss=474641.9819 elapsed=38s eta=89s
  [dscformer_dup_t1_CTRL] [epoch 4/100] batch 120/300 (40%) loss=458851.6008 elapsed=51s eta=76s
  [dscformer_dup_t1_CTRL] [epoch 4/100] batch 150/300 (50%) loss=444185.5592 elapsed=63s eta=63s
  [dscformer_dup_t1_CTRL] [epoch 4/100] batch 180/300 (60%) loss=430383.3042 elapsed=76s eta=51s
  [dscformer_dup_t1_CTRL] [epoch 4/100] batch 210/300 (70%) loss=417775.9875 elapsed=89s eta=38s
  [dscformer_dup_t1_CTRL] [epoch 4/100] batch 240/300 (80%) loss=405722.3569 elapsed=102s eta=25s
  [dscformer_dup_t1_CTRL] [epoch 4/100] batch 270/300 (90%) loss=393597.4406 elapsed=114s eta=13s
  [dscformer_dup_t1_CTRL] [epoch 4/100] batch 300/300 (100%) loss=383088.3934 elapsed=127s eta=0s
[dscformer_dup_t1_CTRL] [sampler] sampled: {0: 400, 1: 400, 2: 400} total=1200 spalling_ratio=24.33%
[dscformer_dup_t1_CTRL] [sampler] unique: {0: 400, 1: 400, 2: 400} unique_total=1200 dup_ratio=1.00x
[dscformer_dup_t1_CTRL] [epoch 004/100] remain=96 epochs ep_eta=218.9min (avg 137s/ep)
[dscformer_dup_t1_CTRL] [epoch 004/100] lr=0.000048  dt=127.3s
  train loss=383088.3934  ce=0.3797 dice=0.6911  tversky=0.0000 bd=0.0000  cldice=0.0000 snake=0.0000
  val   skipped (next val at epoch 5)
[dscformer_dup_t1_CTRL] [curriculum] epoch 5: stage=0 tiers=[0] pool={0: 400, 1: 0, 2: 0}
  [dscformer_dup_t1_CTRL] [epoch 5/100] batch 30/300 (10%) loss=268228.4719 elapsed=13s eta=121s
  [dscformer_dup_t1_CTRL] [epoch 5/100] batch 60/300 (20%) loss=260418.9891 elapsed=26s eta=105s
  [dscformer_dup_t1_CTRL] [epoch 5/100] batch 90/300 (30%) loss=253198.2488 elapsed=39s eta=92s
  [dscformer_dup_t1_CTRL] [epoch 5/100] batch 120/300 (40%) loss=241151.6223 elapsed=52s eta=79s
  [dscformer_dup_t1_CTRL] [epoch 5/100] batch 150/300 (50%) loss=233887.6847 elapsed=65s eta=65s
  [dscformer_dup_t1_CTRL] [epoch 5/100] batch 180/300 (60%) loss=226539.6421 elapsed=78s eta=52s
  [dscformer_dup_t1_CTRL] [epoch 5/100] batch 210/300 (70%) loss=219119.3028 elapsed=91s eta=39s
  [dscformer_dup_t1_CTRL] [epoch 5/100] batch 240/300 (80%) loss=213413.1476 elapsed=104s eta=26s
  [dscformer_dup_t1_CTRL] [epoch 5/100] batch 270/300 (90%) loss=207719.4608 elapsed=118s eta=13s
  [dscformer_dup_t1_CTRL] [epoch 5/100] batch 300/300 (100%) loss=201720.4393 elapsed=131s eta=0s
[dscformer_dup_t1_CTRL] [sampler] sampled: {0: 400, 1: 400, 2: 400} total=1200 spalling_ratio=24.33%
[dscformer_dup_t1_CTRL] [sampler] unique: {0: 400, 1: 400, 2: 400} unique_total=1200 dup_ratio=1.00x
/usr/local/lib/python3.11/dist-packages/torch/optim/lr_scheduler.py:243: UserWarning: The epoch parameter in `scheduler.step()` was not necessary and is being deprecated where possible. Please use `scheduler.step()` to step the scheduler. During the deprecation, if epoch is different from None, the closed form is used instead of the new chainable form, where available. Please open an issue if you are unable to replicate your use case: https://github.com/pytorch/pytorch/issues/new/choose.
  warnings.warn(EPOCH_DEPRECATION_WARNING, UserWarning)
[dscformer_dup_t1_CTRL] [epoch 005/100] remain=95 epochs ep_eta=218.1min (avg 138s/ep)
[dscformer_dup_t1_CTRL] [epoch 005/100] lr=0.000060  dt=140.1s
  train loss=201720.4393  ce=0.3009 dice=0.5531  tversky=0.0000 bd=0.0000  cldice=0.0000 snake=0.0000
  val   loss=0.4219
  IoU   bg=0.9611  crack=0.4626  spalling=0.1060  | mIoU_fg=0.2843  pix_acc=0.9620
  Dice  bg=0.9802  crack=0.6326  spalling=0.1917
  BF1   crack=0.5884  spalling=0.0153  | BF1_fg_mean=0.3019
  [dscformer_dup_t1_CTRL] [best] mIoU_fg=0.2843  saved -> best.pt
[dscformer_dup_t1_CTRL] [curriculum] epoch 6: stage=0 tiers=[0] pool={0: 400, 1: 0, 2: 0}
  [dscformer_dup_t1_CTRL] [epoch 6/100] batch 30/300 (10%) loss=137318.8940 elapsed=14s eta=123s
  [dscformer_dup_t1_CTRL] [epoch 6/100] batch 60/300 (20%) loss=132287.5280 elapsed=27s eta=107s
  [dscformer_dup_t1_CTRL] [epoch 6/100] batch 90/300 (30%) loss=127388.2871 elapsed=40s eta=93s
  [dscformer_dup_t1_CTRL] [epoch 6/100] batch 120/300 (40%) loss=124691.7760 elapsed=53s eta=80s
  [dscformer_dup_t1_CTRL] [epoch 6/100] batch 150/300 (50%) loss=122348.7696 elapsed=66s eta=66s
  [dscformer_dup_t1_CTRL] [epoch 6/100] batch 180/300 (60%) loss=118801.0054 elapsed=80s eta=53s
  [dscformer_dup_t1_CTRL] [epoch 6/100] batch 210/300 (70%) loss=114224.2119 elapsed=93s eta=40s
  [dscformer_dup_t1_CTRL] [epoch 6/100] batch 240/300 (80%) loss=111035.1333 elapsed=106s eta=26s
  [dscformer_dup_t1_CTRL] [epoch 6/100] batch 270/300 (90%) loss=108115.1084 elapsed=119s eta=13s
  [dscformer_dup_t1_CTRL] [epoch 6/100] batch 300/300 (100%) loss=106618.6337 elapsed=133s eta=0s
[dscformer_dup_t1_CTRL] [sampler] sampled: {0: 400, 1: 400, 2: 400} total=1200 spalling_ratio=24.33%
[dscformer_dup_t1_CTRL] [sampler] unique: {0: 400, 1: 400, 2: 400} unique_total=1200 dup_ratio=1.00x
[dscformer_dup_t1_CTRL] [epoch 006/100] remain=94 epochs ep_eta=215.7min (avg 138s/ep)
[dscformer_dup_t1_CTRL] [epoch 006/100] lr=0.000060  dt=133.0s
  train loss=106618.6337  ce=0.2539 dice=0.4792  tversky=0.0000 bd=0.0000  cldice=0.0000 snake=0.0000
  val   skipped (next val at epoch 10)
[dscformer_dup_t1_CTRL] [curriculum] epoch 7: stage=0 tiers=[0] pool={0: 400, 1: 0, 2: 0}
  [dscformer_dup_t1_CTRL] [epoch 7/100] batch 30/300 (10%) loss=87124.5529 elapsed=14s eta=125s
  [dscformer_dup_t1_CTRL] [epoch 7/100] batch 60/300 (20%) loss=78037.0498 elapsed=27s eta=108s
  [dscformer_dup_t1_CTRL] [epoch 7/100] batch 90/300 (30%) loss=78258.7193 elapsed=40s eta=94s
  [dscformer_dup_t1_CTRL] [epoch 7/100] batch 120/300 (40%) loss=80649.9043 elapsed=54s eta=80s
  [dscformer_dup_t1_CTRL] [epoch 7/100] batch 150/300 (50%) loss=77487.8494 elapsed=67s eta=67s
  [dscformer_dup_t1_CTRL] [epoch 7/100] batch 180/300 (60%) loss=73732.9769 elapsed=80s eta=53s
  [dscformer_dup_t1_CTRL] [epoch 7/100] batch 210/300 (70%) loss=71725.7850 elapsed=93s eta=40s
  [dscformer_dup_t1_CTRL] [epoch 7/100] batch 240/300 (80%) loss=70223.8899 elapsed=106s eta=27s
  [dscformer_dup_t1_CTRL] [epoch 7/100] batch 270/300 (90%) loss=68978.0157 elapsed=120s eta=13s
  [dscformer_dup_t1_CTRL] [epoch 7/100] batch 300/300 (100%) loss=68869.4885 elapsed=133s eta=0s
[dscformer_dup_t1_CTRL] [sampler] sampled: {0: 400, 1: 400, 2: 400} total=1200 spalling_ratio=24.33%
[dscformer_dup_t1_CTRL] [sampler] unique: {0: 400, 1: 400, 2: 400} unique_total=1200 dup_ratio=1.00x
[dscformer_dup_t1_CTRL] [epoch 007/100] remain=93 epochs ep_eta=212.8min (avg 137s/ep)
[dscformer_dup_t1_CTRL] [epoch 007/100] lr=0.000060  dt=133.3s
  train loss=68869.4885  ce=0.2492 dice=0.4579  tversky=0.0000 bd=0.0000  cldice=0.0000 snake=0.0000
  val   skipped (next val at epoch 10)
[dscformer_dup_t1_CTRL] [curriculum] epoch 8: stage=0 tiers=[0] pool={0: 400, 1: 0, 2: 0}
  [dscformer_dup_t1_CTRL] [epoch 8/100] batch 30/300 (10%) loss=56039.7510 elapsed=14s eta=126s
  [dscformer_dup_t1_CTRL] [epoch 8/100] batch 60/300 (20%) loss=55722.3888 elapsed=28s eta=110s
  [dscformer_dup_t1_CTRL] [epoch 8/100] batch 90/300 (30%) loss=51904.6094 elapsed=41s eta=95s
  [dscformer_dup_t1_CTRL] [epoch 8/100] batch 120/300 (40%) loss=51048.0583 elapsed=54s eta=81s
  [dscformer_dup_t1_CTRL] [epoch 8/100] batch 150/300 (50%) loss=50418.0439 elapsed=68s eta=68s
  [dscformer_dup_t1_CTRL] [epoch 8/100] batch 180/300 (60%) loss=48960.8521 elapsed=81s eta=54s
  [dscformer_dup_t1_CTRL] [epoch 8/100] batch 210/300 (70%) loss=48089.2562 elapsed=94s eta=40s
  [dscformer_dup_t1_CTRL] [epoch 8/100] batch 240/300 (80%) loss=47955.1486 elapsed=108s eta=27s
  [dscformer_dup_t1_CTRL] [epoch 8/100] batch 270/300 (90%) loss=47663.1956 elapsed=121s eta=13s
  [dscformer_dup_t1_CTRL] [epoch 8/100] batch 300/300 (100%) loss=46411.8811 elapsed=135s eta=0s
[dscformer_dup_t1_CTRL] [sampler] sampled: {0: 400, 1: 400, 2: 400} total=1200 spalling_ratio=24.33%
[dscformer_dup_t1_CTRL] [sampler] unique: {0: 400, 1: 400, 2: 400} unique_total=1200 dup_ratio=1.00x
[dscformer_dup_t1_CTRL] [epoch 008/100] remain=92 epochs ep_eta=210.3min (avg 137s/ep)
[dscformer_dup_t1_CTRL] [epoch 008/100] lr=0.000060  dt=134.7s
  train loss=46411.8811  ce=0.2001 dice=0.4008  tversky=0.0000 bd=0.0000  cldice=0.0000 snake=0.0000
  val   skipped (next val at epoch 10)
[dscformer_dup_t1_CTRL] [curriculum] epoch 9: stage=0 tiers=[0] pool={0: 400, 1: 0, 2: 0}
  [dscformer_dup_t1_CTRL] [epoch 9/100] batch 30/300 (10%) loss=33847.4706 elapsed=14s eta=129s
  [dscformer_dup_t1_CTRL] [epoch 9/100] batch 60/300 (20%) loss=34927.6501 elapsed=28s eta=111s
  [dscformer_dup_t1_CTRL] [epoch 9/100] batch 90/300 (30%) loss=34926.2813 elapsed=41s eta=96s
  [dscformer_dup_t1_CTRL] [epoch 9/100] batch 120/300 (40%) loss=37005.0374 elapsed=55s eta=82s
  [dscformer_dup_t1_CTRL] [epoch 9/100] batch 150/300 (50%) loss=37173.4574 elapsed=68s eta=68s
  [dscformer_dup_t1_CTRL] [epoch 9/100] batch 180/300 (60%) loss=37430.8413 elapsed=82s eta=54s
  [dscformer_dup_t1_CTRL] [epoch 9/100] batch 210/300 (70%) loss=36935.0019 elapsed=95s eta=41s
  [dscformer_dup_t1_CTRL] [epoch 9/100] batch 240/300 (80%) loss=36838.4437 elapsed=109s eta=27s
  [dscformer_dup_t1_CTRL] [epoch 9/100] batch 270/300 (90%) loss=36480.5125 elapsed=122s eta=14s
  [dscformer_dup_t1_CTRL] [epoch 9/100] batch 300/300 (100%) loss=35891.6543 elapsed=135s eta=0s
[dscformer_dup_t1_CTRL] [sampler] sampled: {0: 400, 1: 400, 2: 400} total=1200 spalling_ratio=24.33%
[dscformer_dup_t1_CTRL] [sampler] unique: {0: 400, 1: 400, 2: 400} unique_total=1200 dup_ratio=1.00x
[dscformer_dup_t1_CTRL] [epoch 009/100] remain=91 epochs ep_eta=208.0min (avg 137s/ep)
[dscformer_dup_t1_CTRL] [epoch 009/100] lr=0.000060  dt=135.4s
  train loss=35891.6543  ce=0.1855 dice=0.3593  tversky=0.0000 bd=0.0000  cldice=0.0000 snake=0.0000
  val   skipped (next val at epoch 10)
[dscformer_dup_t1_CTRL] [curriculum] epoch 10: stage=0 tiers=[0] pool={0: 400, 1: 0, 2: 0}
  [dscformer_dup_t1_CTRL] [epoch 10/100] batch 30/300 (10%) loss=37065.2206 elapsed=14s eta=125s
  [dscformer_dup_t1_CTRL] [epoch 10/100] batch 60/300 (20%) loss=31924.8924 elapsed=27s eta=108s
  [dscformer_dup_t1_CTRL] [epoch 10/100] batch 90/300 (30%) loss=30646.5189 elapsed=40s eta=94s
  [dscformer_dup_t1_CTRL] [epoch 10/100] batch 120/300 (40%) loss=31928.4540 elapsed=54s eta=81s
  [dscformer_dup_t1_CTRL] [epoch 10/100] batch 150/300 (50%) loss=32304.4158 elapsed=68s eta=68s
  [dscformer_dup_t1_CTRL] [epoch 10/100] batch 180/300 (60%) loss=35233.7706 elapsed=81s eta=54s
  [dscformer_dup_t1_CTRL] [epoch 10/100] batch 210/300 (70%) loss=36914.2971 elapsed=94s eta=40s
  [dscformer_dup_t1_CTRL] [epoch 10/100] batch 240/300 (80%) loss=36110.7575 elapsed=108s eta=27s
  [dscformer_dup_t1_CTRL] [epoch 10/100] batch 270/300 (90%) loss=35205.9523 elapsed=121s eta=13s
  [dscformer_dup_t1_CTRL] [epoch 10/100] batch 300/300 (100%) loss=34084.7181 elapsed=135s eta=0s
[dscformer_dup_t1_CTRL] [sampler] sampled: {0: 400, 1: 400, 2: 400} total=1200 spalling_ratio=24.33%
[dscformer_dup_t1_CTRL] [sampler] unique: {0: 400, 1: 400, 2: 400} unique_total=1200 dup_ratio=1.00x
[dscformer_dup_t1_CTRL] [epoch 010/100] remain=90 epochs ep_eta=207.0min (avg 138s/ep)
[dscformer_dup_t1_CTRL] [epoch 010/100] lr=0.000060  dt=144.7s
  train loss=34084.7181  ce=0.1980 dice=0.3385  tversky=0.0000 bd=0.0000  cldice=0.0000 snake=0.0000
  val   loss=0.2505
  IoU   bg=0.9718  crack=0.5293  spalling=0.7849  | mIoU_fg=0.6571  pix_acc=0.9725
  Dice  bg=0.9857  crack=0.6922  spalling=0.8795
  BF1   crack=0.6698  spalling=0.5405  | BF1_fg_mean=0.6051
  [dscformer_dup_t1_CTRL] [best] mIoU_fg=0.6571  saved -> best.pt
[dscformer_dup_t1_CTRL] [curriculum] epoch 11: stage=0 tiers=[0] pool={0: 400, 1: 0, 2: 0}
  [dscformer_dup_t1_CTRL] [epoch 11/100] batch 30/300 (10%) loss=24397.7067 elapsed=14s eta=126s
  [dscformer_dup_t1_CTRL] [epoch 11/100] batch 60/300 (20%) loss=27200.7250 elapsed=28s eta=110s
  [dscformer_dup_t1_CTRL] [epoch 11/100] batch 90/300 (30%) loss=26940.7028 elapsed=41s eta=96s
  [dscformer_dup_t1_CTRL] [epoch 11/100] batch 120/300 (40%) loss=27015.2488 elapsed=55s eta=82s
  [dscformer_dup_t1_CTRL] [epoch 11/100] batch 150/300 (50%) loss=26694.4431 elapsed=68s eta=68s
  [dscformer_dup_t1_CTRL] [epoch 11/100] batch 180/300 (60%) loss=27336.9062 elapsed=81s eta=54s
  [dscformer_dup_t1_CTRL] [epoch 11/100] batch 210/300 (70%) loss=27814.4354 elapsed=94s eta=40s
  [dscformer_dup_t1_CTRL] [epoch 11/100] batch 240/300 (80%) loss=27430.6498 elapsed=108s eta=27s
  [dscformer_dup_t1_CTRL] [epoch 11/100] batch 270/300 (90%) loss=27343.7209 elapsed=122s eta=14s
  [dscformer_dup_t1_CTRL] [epoch 11/100] batch 300/300 (100%) loss=27241.6877 elapsed=135s eta=0s
[dscformer_dup_t1_CTRL] [sampler] sampled: {0: 400, 1: 400, 2: 400} total=1200 spalling_ratio=24.33%
[dscformer_dup_t1_CTRL] [sampler] unique: {0: 400, 1: 400, 2: 400} unique_total=1200 dup_ratio=1.00x
[dscformer_dup_t1_CTRL] [epoch 011/100] remain=89 epochs ep_eta=204.9min (avg 138s/ep)
[dscformer_dup_t1_CTRL] [epoch 011/100] lr=0.000059  dt=135.4s
  train loss=27241.6877  ce=0.1692 dice=0.3246  tversky=0.0000 bd=0.0000  cldice=0.0000 snake=0.0000
  val   skipped (next val at epoch 15)
[dscformer_dup_t1_CTRL] [curriculum] epoch 12: stage=0 tiers=[0] pool={0: 400, 1: 0, 2: 0}
  [dscformer_dup_t1_CTRL] [epoch 12/100] batch 30/300 (10%) loss=40758.7252 elapsed=14s eta=127s
  [dscformer_dup_t1_CTRL] [epoch 12/100] batch 60/300 (20%) loss=37547.0568 elapsed=27s eta=110s
  [dscformer_dup_t1_CTRL] [epoch 12/100] batch 90/300 (30%) loss=34569.1777 elapsed=41s eta=96s
  [dscformer_dup_t1_CTRL] [epoch 12/100] batch 120/300 (40%) loss=32293.9497 elapsed=54s eta=82s
  [dscformer_dup_t1_CTRL] [epoch 12/100] batch 150/300 (50%) loss=30015.6314 elapsed=68s eta=68s
  [dscformer_dup_t1_CTRL] [epoch 12/100] batch 180/300 (60%) loss=28506.6288 elapsed=81s eta=54s
  [dscformer_dup_t1_CTRL] [epoch 12/100] batch 210/300 (70%) loss=28148.6472 elapsed=95s eta=41s
  [dscformer_dup_t1_CTRL] [epoch 12/100] batch 240/300 (80%) loss=27223.9377 elapsed=108s eta=27s
  [dscformer_dup_t1_CTRL] [epoch 12/100] batch 270/300 (90%) loss=26623.2734 elapsed=121s eta=13s
  [dscformer_dup_t1_CTRL] [epoch 12/100] batch 300/300 (100%) loss=26119.3836 elapsed=135s eta=0s
[dscformer_dup_t1_CTRL] [sampler] sampled: {0: 400, 1: 400, 2: 400} total=1200 spalling_ratio=24.33%
[dscformer_dup_t1_CTRL] [sampler] unique: {0: 400, 1: 400, 2: 400} unique_total=1200 dup_ratio=1.00x
[dscformer_dup_t1_CTRL] [epoch 012/100] remain=88 epochs ep_eta=202.4min (avg 138s/ep)
[dscformer_dup_t1_CTRL] [epoch 012/100] lr=0.000059  dt=135.1s
  train loss=26119.3836  ce=0.1726 dice=0.3071  tversky=0.0000 bd=0.0000  cldice=0.0000 snake=0.0000
  val   skipped (next val at epoch 15)
[dscformer_dup_t1_CTRL] [curriculum] epoch 13: stage=0 tiers=[0] pool={0: 400, 1: 0, 2: 0}
  [dscformer_dup_t1_CTRL] [epoch 13/100] batch 30/300 (10%) loss=17947.9099 elapsed=14s eta=127s
  [dscformer_dup_t1_CTRL] [epoch 13/100] batch 60/300 (20%) loss=19099.5260 elapsed=27s eta=110s
  [dscformer_dup_t1_CTRL] [epoch 13/100] batch 90/300 (30%) loss=19883.8971 elapsed=41s eta=95s
  [dscformer_dup_t1_CTRL] [epoch 13/100] batch 120/300 (40%) loss=19556.2341 elapsed=54s eta=81s
  [dscformer_dup_t1_CTRL] [epoch 13/100] batch 150/300 (50%) loss=19557.0826 elapsed=67s eta=67s
  [dscformer_dup_t1_CTRL] [epoch 13/100] batch 180/300 (60%) loss=19751.4350 elapsed=81s eta=54s
  [dscformer_dup_t1_CTRL] [epoch 13/100] batch 210/300 (70%) loss=19532.5382 elapsed=94s eta=40s
  [dscformer_dup_t1_CTRL] [epoch 13/100] batch 240/300 (80%) loss=19393.6827 elapsed=107s eta=27s
  [dscformer_dup_t1_CTRL] [epoch 13/100] batch 270/300 (90%) loss=19874.3756 elapsed=121s eta=13s
  [dscformer_dup_t1_CTRL] [epoch 13/100] batch 300/300 (100%) loss=19769.5547 elapsed=134s eta=0s
[dscformer_dup_t1_CTRL] [sampler] sampled: {0: 400, 1: 400, 2: 400} total=1200 spalling_ratio=24.33%
[dscformer_dup_t1_CTRL] [sampler] unique: {0: 400, 1: 400, 2: 400} unique_total=1200 dup_ratio=1.00x
[dscformer_dup_t1_CTRL] [epoch 013/100] remain=87 epochs ep_eta=199.9min (avg 138s/ep)
[dscformer_dup_t1_CTRL] [epoch 013/100] lr=0.000059  dt=134.5s
  train loss=19769.5547  ce=0.1464 dice=0.2854  tversky=0.0000 bd=0.0000  cldice=0.0000 snake=0.0000
  val   skipped (next val at epoch 15)
[dscformer_dup_t1_CTRL] [curriculum] epoch 14: stage=0 tiers=[0] pool={0: 400, 1: 0, 2: 0}
  [dscformer_dup_t1_CTRL] [epoch 14/100] batch 30/300 (10%) loss=15610.9343 elapsed=14s eta=127s
  [dscformer_dup_t1_CTRL] [epoch 14/100] batch 60/300 (20%) loss=19250.5542 elapsed=28s eta=110s
  [dscformer_dup_t1_CTRL] [epoch 14/100] batch 90/300 (30%) loss=17963.2096 elapsed=41s eta=96s
  [dscformer_dup_t1_CTRL] [epoch 14/100] batch 120/300 (40%) loss=17731.5639 elapsed=54s eta=82s
  [dscformer_dup_t1_CTRL] [epoch 14/100] batch 150/300 (50%) loss=18221.5696 elapsed=68s eta=68s
  [dscformer_dup_t1_CTRL] [epoch 14/100] batch 180/300 (60%) loss=17498.1748 elapsed=81s eta=54s
  [dscformer_dup_t1_CTRL] [epoch 14/100] batch 210/300 (70%) loss=17365.4093 elapsed=95s eta=41s
  [dscformer_dup_t1_CTRL] [epoch 14/100] batch 240/300 (80%) loss=17184.1594 elapsed=108s eta=27s
  [dscformer_dup_t1_CTRL] [epoch 14/100] batch 270/300 (90%) loss=17113.7399 elapsed=122s eta=14s
  [dscformer_dup_t1_CTRL] [epoch 14/100] batch 300/300 (100%) loss=17024.7772 elapsed=135s eta=0s
[dscformer_dup_t1_CTRL] [sampler] sampled: {0: 400, 1: 400, 2: 400} total=1200 spalling_ratio=24.33%
[dscformer_dup_t1_CTRL] [sampler] unique: {0: 400, 1: 400, 2: 400} unique_total=1200 dup_ratio=1.00x
[dscformer_dup_t1_CTRL] [epoch 014/100] remain=86 epochs ep_eta=197.5min (avg 138s/ep)
[dscformer_dup_t1_CTRL] [epoch 014/100] lr=0.000059  dt=135.3s
  train loss=17024.7772  ce=0.1373 dice=0.2743  tversky=0.0000 bd=0.0000  cldice=0.0000 snake=0.0000
  val   skipped (next val at epoch 15)
[dscformer_dup_t1_CTRL] [curriculum] epoch 15: stage=0 tiers=[0] pool={0: 400, 1: 0, 2: 0}
  [dscformer_dup_t1_CTRL] [epoch 15/100] batch 30/300 (10%) loss=17522.2736 elapsed=14s eta=128s
  [dscformer_dup_t1_CTRL] [epoch 15/100] batch 60/300 (20%) loss=16074.9463 elapsed=28s eta=111s
  [dscformer_dup_t1_CTRL] [epoch 15/100] batch 90/300 (30%) loss=16035.6305 elapsed=41s eta=96s
  [dscformer_dup_t1_CTRL] [epoch 15/100] batch 120/300 (40%) loss=15795.1500 elapsed=55s eta=82s
  [dscformer_dup_t1_CTRL] [epoch 15/100] batch 150/300 (50%) loss=16024.9257 elapsed=68s eta=68s
  [dscformer_dup_t1_CTRL] [epoch 15/100] batch 180/300 (60%) loss=16270.3566 elapsed=81s eta=54s
  [dscformer_dup_t1_CTRL] [epoch 15/100] batch 210/300 (70%) loss=16150.4426 elapsed=94s eta=40s
  [dscformer_dup_t1_CTRL] [epoch 15/100] batch 240/300 (80%) loss=15851.3390 elapsed=108s eta=27s
  [dscformer_dup_t1_CTRL] [epoch 15/100] batch 270/300 (90%) loss=15882.1630 elapsed=121s eta=13s
  [dscformer_dup_t1_CTRL] [epoch 15/100] batch 300/300 (100%) loss=15594.6736 elapsed=135s eta=0s
[dscformer_dup_t1_CTRL] [sampler] sampled: {0: 400, 1: 400, 2: 400} total=1200 spalling_ratio=24.33%
[dscformer_dup_t1_CTRL] [sampler] unique: {0: 400, 1: 400, 2: 400} unique_total=1200 dup_ratio=1.00x
[dscformer_dup_t1_CTRL] [epoch 015/100] remain=85 epochs ep_eta=196.0min (avg 138s/ep)
[dscformer_dup_t1_CTRL] [epoch 015/100] lr=0.000058  dt=144.6s
  train loss=15594.6736  ce=0.1336 dice=0.2655  tversky=0.0000 bd=0.0000  cldice=0.0000 snake=0.0000
  val   loss=0.2376
  IoU   bg=0.9738  crack=0.5526  spalling=0.7703  | mIoU_fg=0.6615  pix_acc=0.9744
  Dice  bg=0.9868  crack=0.7118  spalling=0.8702
  BF1   crack=0.7163  spalling=0.5570  | BF1_fg_mean=0.6366
  [dscformer_dup_t1_CTRL] [best] mIoU_fg=0.6615  saved -> best.pt
[dscformer_dup_t1_CTRL] [curriculum] epoch 16: stage=0 tiers=[0] pool={0: 400, 1: 0, 2: 0}
  [dscformer_dup_t1_CTRL] [epoch 16/100] batch 30/300 (10%) loss=12835.8351 elapsed=14s eta=128s
  [dscformer_dup_t1_CTRL] [epoch 16/100] batch 60/300 (20%) loss=13493.0208 elapsed=28s eta=111s
  [dscformer_dup_t1_CTRL] [epoch 16/100] batch 90/300 (30%) loss=14765.7035 elapsed=41s eta=96s
  [dscformer_dup_t1_CTRL] [epoch 16/100] batch 120/300 (40%) loss=13932.4401 elapsed=54s eta=82s
  [dscformer_dup_t1_CTRL] [epoch 16/100] batch 150/300 (50%) loss=13607.0244 elapsed=68s eta=68s
  [dscformer_dup_t1_CTRL] [epoch 16/100] batch 180/300 (60%) loss=13905.1570 elapsed=81s eta=54s
  [dscformer_dup_t1_CTRL] [epoch 16/100] batch 210/300 (70%) loss=13686.8216 elapsed=95s eta=41s
  [dscformer_dup_t1_CTRL] [epoch 16/100] batch 240/300 (80%) loss=14001.3034 elapsed=108s eta=27s
  [dscformer_dup_t1_CTRL] [epoch 16/100] batch 270/300 (90%) loss=13902.7670 elapsed=122s eta=14s
  [dscformer_dup_t1_CTRL] [epoch 16/100] batch 300/300 (100%) loss=14126.6630 elapsed=135s eta=0s
[dscformer_dup_t1_CTRL] [sampler] sampled: {0: 400, 1: 400, 2: 400} total=1200 spalling_ratio=24.33%
[dscformer_dup_t1_CTRL] [sampler] unique: {0: 400, 1: 400, 2: 400} unique_total=1200 dup_ratio=1.00x
[dscformer_dup_t1_CTRL] [epoch 016/100] remain=84 epochs ep_eta=193.8min (avg 138s/ep)
[dscformer_dup_t1_CTRL] [epoch 016/100] lr=0.000058  dt=135.6s
  train loss=14126.6630  ce=0.1281 dice=0.2589  tversky=0.0000 bd=0.0000  cldice=0.0000 snake=0.0000
  val   skipped (next val at epoch 20)
[dscformer_dup_t1_CTRL] [curriculum] epoch 17: stage=0 tiers=[0] pool={0: 400, 1: 0, 2: 0}
  [dscformer_dup_t1_CTRL] [epoch 17/100] batch 30/300 (10%) loss=13724.8178 elapsed=14s eta=126s
  [dscformer_dup_t1_CTRL] [epoch 17/100] batch 60/300 (20%) loss=13629.7031 elapsed=28s eta=111s
  [dscformer_dup_t1_CTRL] [epoch 17/100] batch 90/300 (30%) loss=13124.2486 elapsed=41s eta=96s
  [dscformer_dup_t1_CTRL] [epoch 17/100] batch 120/300 (40%) loss=13159.1420 elapsed=55s eta=82s
  [dscformer_dup_t1_CTRL] [epoch 17/100] batch 150/300 (50%) loss=12910.7602 elapsed=68s eta=68s
  [dscformer_dup_t1_CTRL] [epoch 17/100] batch 180/300 (60%) loss=12651.8530 elapsed=82s eta=54s
  [dscformer_dup_t1_CTRL] [epoch 17/100] batch 210/300 (70%) loss=12893.3205 elapsed=95s eta=41s
  [dscformer_dup_t1_CTRL] [epoch 17/100] batch 240/300 (80%) loss=12881.8869 elapsed=109s eta=27s
  [dscformer_dup_t1_CTRL] [epoch 17/100] batch 270/300 (90%) loss=12771.6574 elapsed=122s eta=14s
  [dscformer_dup_t1_CTRL] [epoch 17/100] batch 300/300 (100%) loss=13038.9586 elapsed=135s eta=0s
[dscformer_dup_t1_CTRL] [sampler] sampled: {0: 400, 1: 400, 2: 400} total=1200 spalling_ratio=24.33%
[dscformer_dup_t1_CTRL] [sampler] unique: {0: 400, 1: 400, 2: 400} unique_total=1200 dup_ratio=1.00x
[dscformer_dup_t1_CTRL] [epoch 017/100] remain=83 epochs ep_eta=191.4min (avg 138s/ep)
[dscformer_dup_t1_CTRL] [epoch 017/100] lr=0.000058  dt=135.6s
  train loss=13038.9586  ce=0.1272 dice=0.2557  tversky=0.0000 bd=0.0000  cldice=0.0000 snake=0.0000
  val   skipped (next val at epoch 20)
[dscformer_dup_t1_CTRL] [curriculum] epoch 18: stage=0 tiers=[0] pool={0: 400, 1: 0, 2: 0}
  [dscformer_dup_t1_CTRL] [epoch 18/100] batch 30/300 (10%) loss=10754.8951 elapsed=14s eta=125s
  [dscformer_dup_t1_CTRL] [epoch 18/100] batch 60/300 (20%) loss=10635.9462 elapsed=27s eta=109s
  [dscformer_dup_t1_CTRL] [epoch 18/100] batch 90/300 (30%) loss=12401.0589 elapsed=41s eta=95s
  [dscformer_dup_t1_CTRL] [epoch 18/100] batch 120/300 (40%) loss=12250.9723 elapsed=54s eta=81s
  [dscformer_dup_t1_CTRL] [epoch 18/100] batch 150/300 (50%) loss=13978.3056 elapsed=68s eta=68s
  [dscformer_dup_t1_CTRL] [epoch 18/100] batch 180/300 (60%) loss=14175.0967 elapsed=81s eta=54s
  [dscformer_dup_t1_CTRL] [epoch 18/100] batch 210/300 (70%) loss=14076.5443 elapsed=95s eta=41s
  [dscformer_dup_t1_CTRL] [epoch 18/100] batch 240/300 (80%) loss=13734.3318 elapsed=108s eta=27s
  [dscformer_dup_t1_CTRL] [epoch 18/100] batch 270/300 (90%) loss=13688.2872 elapsed=121s eta=13s
  [dscformer_dup_t1_CTRL] [epoch 18/100] batch 300/300 (100%) loss=13456.3823 elapsed=135s eta=0s
[dscformer_dup_t1_CTRL] [sampler] sampled: {0: 400, 1: 400, 2: 400} total=1200 spalling_ratio=24.33%
[dscformer_dup_t1_CTRL] [sampler] unique: {0: 400, 1: 400, 2: 400} unique_total=1200 dup_ratio=1.00x
[dscformer_dup_t1_CTRL] [epoch 018/100] remain=82 epochs ep_eta=188.9min (avg 138s/ep)
[dscformer_dup_t1_CTRL] [epoch 018/100] lr=0.000057  dt=134.8s
  train loss=13456.3823  ce=0.1291 dice=0.2658  tversky=0.0000 bd=0.0000  cldice=0.0000 snake=0.0000
  val   skipped (next val at epoch 20)
[dscformer_dup_t1_CTRL] [curriculum] epoch 19: stage=0 tiers=[0] pool={0: 400, 1: 0, 2: 0}
  [dscformer_dup_t1_CTRL] [epoch 19/100] batch 30/300 (10%) loss=11540.4607 elapsed=14s eta=126s
  [dscformer_dup_t1_CTRL] [epoch 19/100] batch 60/300 (20%) loss=12137.9442 elapsed=27s eta=109s
  [dscformer_dup_t1_CTRL] [epoch 19/100] batch 90/300 (30%) loss=11793.7859 elapsed=41s eta=95s
  [dscformer_dup_t1_CTRL] [epoch 19/100] batch 120/300 (40%) loss=11666.9437 elapsed=54s eta=81s
  [dscformer_dup_t1_CTRL] [epoch 19/100] batch 150/300 (50%) loss=12052.7879 elapsed=68s eta=68s
  [dscformer_dup_t1_CTRL] [epoch 19/100] batch 180/300 (60%) loss=11808.1146 elapsed=81s eta=54s
  [dscformer_dup_t1_CTRL] [epoch 19/100] batch 210/300 (70%) loss=11854.2025 elapsed=94s eta=40s
  [dscformer_dup_t1_CTRL] [epoch 19/100] batch 240/300 (80%) loss=11689.0629 elapsed=107s eta=27s
  [dscformer_dup_t1_CTRL] [epoch 19/100] batch 270/300 (90%) loss=11484.4928 elapsed=121s eta=13s
  [dscformer_dup_t1_CTRL] [epoch 19/100] batch 300/300 (100%) loss=11287.0307 elapsed=134s eta=0s
[dscformer_dup_t1_CTRL] [sampler] sampled: {0: 400, 1: 400, 2: 400} total=1200 spalling_ratio=24.33%
[dscformer_dup_t1_CTRL] [sampler] unique: {0: 400, 1: 400, 2: 400} unique_total=1200 dup_ratio=1.00x
[dscformer_dup_t1_CTRL] [epoch 019/100] remain=81 epochs ep_eta=186.4min (avg 138s/ep)
[dscformer_dup_t1_CTRL] [epoch 019/100] lr=0.000057  dt=134.4s
  train loss=11287.0307  ce=0.1234 dice=0.2495  tversky=0.0000 bd=0.0000  cldice=0.0000 snake=0.0000
  val   skipped (next val at epoch 20)
[dscformer_dup_t1_CTRL] [curriculum] epoch 20: stage=0 tiers=[0] pool={0: 400, 1: 0, 2: 0}
  [dscformer_dup_t1_CTRL] [epoch 20/100] batch 30/300 (10%) loss=11823.7208 elapsed=14s eta=128s
  [dscformer_dup_t1_CTRL] [epoch 20/100] batch 60/300 (20%) loss=11157.2535 elapsed=28s eta=110s
  [dscformer_dup_t1_CTRL] [epoch 20/100] batch 90/300 (30%) loss=11226.5679 elapsed=41s eta=95s
  [dscformer_dup_t1_CTRL] [epoch 20/100] batch 120/300 (40%) loss=11696.3789 elapsed=54s eta=81s
  [dscformer_dup_t1_CTRL] [epoch 20/100] batch 150/300 (50%) loss=11708.1934 elapsed=68s eta=68s
  [dscformer_dup_t1_CTRL] [epoch 20/100] batch 180/300 (60%) loss=11437.2586 elapsed=81s eta=54s
  [dscformer_dup_t1_CTRL] [epoch 20/100] batch 210/300 (70%) loss=11167.5539 elapsed=94s eta=40s
  [dscformer_dup_t1_CTRL] [epoch 20/100] batch 240/300 (80%) loss=11087.7606 elapsed=107s eta=27s
  [dscformer_dup_t1_CTRL] [epoch 20/100] batch 270/300 (90%) loss=10832.7288 elapsed=121s eta=13s
  [dscformer_dup_t1_CTRL] [epoch 20/100] batch 300/300 (100%) loss=10764.0512 elapsed=134s eta=0s
[dscformer_dup_t1_CTRL] [sampler] sampled: {0: 400, 1: 400, 2: 400} total=1200 spalling_ratio=24.33%
[dscformer_dup_t1_CTRL] [sampler] unique: {0: 400, 1: 400, 2: 400} unique_total=1200 dup_ratio=1.00x
[dscformer_dup_t1_CTRL] [epoch 020/100] remain=80 epochs ep_eta=184.6min (avg 138s/ep)
[dscformer_dup_t1_CTRL] [epoch 020/100] lr=0.000056  dt=143.9s
  train loss=10764.0512  ce=0.1222 dice=0.2573  tversky=0.0000 bd=0.0000  cldice=0.0000 snake=0.0000
  val   loss=0.2559
  IoU   bg=0.9723  crack=0.5449  spalling=0.7686  | mIoU_fg=0.6567  pix_acc=0.9731
  Dice  bg=0.9860  crack=0.7054  spalling=0.8692
  BF1   crack=0.7160  spalling=0.4905  | BF1_fg_mean=0.6033
[dscformer_dup_t1_CTRL] [curriculum] epoch 21: stage=0 tiers=[0] pool={0: 400, 1: 0, 2: 0}
  [dscformer_dup_t1_CTRL] [epoch 21/100] batch 30/300 (10%) loss=9908.8938 elapsed=14s eta=128s
  [dscformer_dup_t1_CTRL] [epoch 21/100] batch 60/300 (20%) loss=10136.0571 elapsed=28s eta=110s
  [dscformer_dup_t1_CTRL] [epoch 21/100] batch 90/300 (30%) loss=9810.3531 elapsed=41s eta=96s
  [dscformer_dup_t1_CTRL] [epoch 21/100] batch 120/300 (40%) loss=9598.2105 elapsed=55s eta=82s
  [dscformer_dup_t1_CTRL] [epoch 21/100] batch 150/300 (50%) loss=9580.5390 elapsed=68s eta=68s
  [dscformer_dup_t1_CTRL] [epoch 21/100] batch 180/300 (60%) loss=9287.4254 elapsed=81s eta=54s
  [dscformer_dup_t1_CTRL] [epoch 21/100] batch 210/300 (70%) loss=9186.5644 elapsed=95s eta=41s
  [dscformer_dup_t1_CTRL] [epoch 21/100] batch 240/300 (80%) loss=9162.5692 elapsed=108s eta=27s
  [dscformer_dup_t1_CTRL] [epoch 21/100] batch 270/300 (90%) loss=9407.6239 elapsed=122s eta=14s
  [dscformer_dup_t1_CTRL] [epoch 21/100] batch 300/300 (100%) loss=9494.2603 elapsed=135s eta=0s
[dscformer_dup_t1_CTRL] [sampler] sampled: {0: 400, 1: 400, 2: 400} total=1200 spalling_ratio=24.33%
[dscformer_dup_t1_CTRL] [sampler] unique: {0: 400, 1: 400, 2: 400} unique_total=1200 dup_ratio=1.00x
[dscformer_dup_t1_CTRL] [epoch 021/100] remain=79 epochs ep_eta=182.3min (avg 138s/ep)
[dscformer_dup_t1_CTRL] [epoch 021/100] lr=0.000056  dt=135.7s
  train loss=9494.2603  ce=0.1153 dice=0.2365  tversky=0.0000 bd=0.0000  cldice=0.0000 snake=0.0000
  val   skipped (next val at epoch 25)
[dscformer_dup_t1_CTRL] [curriculum] epoch 22: stage=0 tiers=[0] pool={0: 400, 1: 0, 2: 0}
  [dscformer_dup_t1_CTRL] [epoch 22/100] batch 30/300 (10%) loss=8733.8154 elapsed=14s eta=126s
  [dscformer_dup_t1_CTRL] [epoch 22/100] batch 60/300 (20%) loss=8915.6738 elapsed=28s eta=110s
  [dscformer_dup_t1_CTRL] [epoch 22/100] batch 90/300 (30%) loss=9228.8522 elapsed=41s eta=97s
  [dscformer_dup_t1_CTRL] [epoch 22/100] batch 120/300 (40%) loss=9136.2609 elapsed=55s eta=82s
  [dscformer_dup_t1_CTRL] [epoch 22/100] batch 150/300 (50%) loss=8723.8209 elapsed=68s eta=68s
  [dscformer_dup_t1_CTRL] [epoch 22/100] batch 180/300 (60%) loss=8808.2986 elapsed=81s eta=54s
  [dscformer_dup_t1_CTRL] [epoch 22/100] batch 210/300 (70%) loss=8732.6966 elapsed=95s eta=41s
  [dscformer_dup_t1_CTRL] [epoch 22/100] batch 240/300 (80%) loss=8701.9420 elapsed=109s eta=27s
  [dscformer_dup_t1_CTRL] [epoch 22/100] batch 270/300 (90%) loss=8757.8214 elapsed=122s eta=14s
  [dscformer_dup_t1_CTRL] [epoch 22/100] batch 300/300 (100%) loss=8724.4697 elapsed=136s eta=0s
[dscformer_dup_t1_CTRL] [sampler] sampled: {0: 400, 1: 400, 2: 400} total=1200 spalling_ratio=24.33%
[dscformer_dup_t1_CTRL] [sampler] unique: {0: 400, 1: 400, 2: 400} unique_total=1200 dup_ratio=1.00x
[dscformer_dup_t1_CTRL] [epoch 022/100] remain=78 epochs ep_eta=180.6min (avg 139s/ep)
[dscformer_dup_t1_CTRL] [epoch 022/100] lr=0.000055  dt=136.3s
  train loss=8724.4697  ce=0.1134 dice=0.2351  tversky=0.0000 bd=0.0000  cldice=0.0000 snake=0.0000
  val   skipped (next val at epoch 25)
[dscformer_dup_t1_CTRL] [curriculum] epoch 23: stage=0 tiers=[0] pool={0: 400, 1: 0, 2: 0}
  [dscformer_dup_t1_CTRL] [epoch 23/100] batch 30/300 (10%) loss=8261.9390 elapsed=14s eta=129s
  [dscformer_dup_t1_CTRL] [epoch 23/100] batch 60/300 (20%) loss=7781.7804 elapsed=28s eta=112s
  [dscformer_dup_t1_CTRL] [epoch 23/100] batch 90/300 (30%) loss=8537.7007 elapsed=41s eta=97s
  [dscformer_dup_t1_CTRL] [epoch 23/100] batch 120/300 (40%) loss=8878.9836 elapsed=55s eta=82s
  [dscformer_dup_t1_CTRL] [epoch 23/100] batch 150/300 (50%) loss=8766.3446 elapsed=69s eta=69s
  [dscformer_dup_t1_CTRL] [epoch 23/100] batch 180/300 (60%) loss=8767.9250 elapsed=82s eta=55s
  [dscformer_dup_t1_CTRL] [epoch 23/100] batch 210/300 (70%) loss=8812.5033 elapsed=95s eta=41s
  [dscformer_dup_t1_CTRL] [epoch 23/100] batch 240/300 (80%) loss=8611.9405 elapsed=109s eta=27s
  [dscformer_dup_t1_CTRL] [epoch 23/100] batch 270/300 (90%) loss=8667.9980 elapsed=122s eta=14s
  [dscformer_dup_t1_CTRL] [epoch 23/100] batch 300/300 (100%) loss=8683.3947 elapsed=135s eta=0s
[dscformer_dup_t1_CTRL] [sampler] sampled: {0: 400, 1: 400, 2: 400} total=1200 spalling_ratio=24.33%
[dscformer_dup_t1_CTRL] [sampler] unique: {0: 400, 1: 400, 2: 400} unique_total=1200 dup_ratio=1.00x
[dscformer_dup_t1_CTRL] [epoch 023/100] remain=77 epochs ep_eta=178.2min (avg 139s/ep)
[dscformer_dup_t1_CTRL] [epoch 023/100] lr=0.000055  dt=135.7s
  train loss=8683.3947  ce=0.1138 dice=0.2431  tversky=0.0000 bd=0.0000  cldice=0.0000 snake=0.0000
  val   skipped (next val at epoch 25)
[dscformer_dup_t1_CTRL] [curriculum] epoch 24: stage=0 tiers=[0] pool={0: 400, 1: 0, 2: 0}
  [dscformer_dup_t1_CTRL] [epoch 24/100] batch 30/300 (10%) loss=8071.2197 elapsed=14s eta=127s
  [dscformer_dup_t1_CTRL] [epoch 24/100] batch 60/300 (20%) loss=7698.1164 elapsed=27s eta=110s
  [dscformer_dup_t1_CTRL] [epoch 24/100] batch 90/300 (30%) loss=7592.6134 elapsed=41s eta=95s
  [dscformer_dup_t1_CTRL] [epoch 24/100] batch 120/300 (40%) loss=7708.5892 elapsed=54s eta=82s
  [dscformer_dup_t1_CTRL] [epoch 24/100] batch 150/300 (50%) loss=8002.6583 elapsed=68s eta=68s
  [dscformer_dup_t1_CTRL] [epoch 24/100] batch 180/300 (60%) loss=8267.1881 elapsed=81s eta=54s
  [dscformer_dup_t1_CTRL] [epoch 24/100] batch 210/300 (70%) loss=8280.2589 elapsed=94s eta=40s
  [dscformer_dup_t1_CTRL] [epoch 24/100] batch 240/300 (80%) loss=8038.5160 elapsed=108s eta=27s
  [dscformer_dup_t1_CTRL] [epoch 24/100] batch 270/300 (90%) loss=7950.2031 elapsed=121s eta=13s
  [dscformer_dup_t1_CTRL] [epoch 24/100] batch 300/300 (100%) loss=7880.1114 elapsed=134s eta=0s
[dscformer_dup_t1_CTRL] [sampler] sampled: {0: 400, 1: 400, 2: 400} total=1200 spalling_ratio=24.33%
[dscformer_dup_t1_CTRL] [sampler] unique: {0: 400, 1: 400, 2: 400} unique_total=1200 dup_ratio=1.00x
[dscformer_dup_t1_CTRL] [epoch 024/100] remain=76 epochs ep_eta=175.7min (avg 139s/ep)
[dscformer_dup_t1_CTRL] [epoch 024/100] lr=0.000054  dt=134.6s
  train loss=7880.1114  ce=0.1103 dice=0.2354  tversky=0.0000 bd=0.0000  cldice=0.0000 snake=0.0000
  val   skipped (next val at epoch 25)
[dscformer_dup_t1_CTRL] [curriculum] epoch 25: stage=0 tiers=[0] pool={0: 400, 1: 0, 2: 0}
  [dscformer_dup_t1_CTRL] [epoch 25/100] batch 30/300 (10%) loss=7006.8127 elapsed=14s eta=123s
  [dscformer_dup_t1_CTRL] [epoch 25/100] batch 60/300 (20%) loss=8116.9893 elapsed=27s eta=108s
  [dscformer_dup_t1_CTRL] [epoch 25/100] batch 90/300 (30%) loss=7689.9699 elapsed=40s eta=94s
  [dscformer_dup_t1_CTRL] [epoch 25/100] batch 120/300 (40%) loss=7805.2566 elapsed=53s eta=80s
  [dscformer_dup_t1_CTRL] [epoch 25/100] batch 150/300 (50%) loss=7598.2911 elapsed=67s eta=67s
  [dscformer_dup_t1_CTRL] [epoch 25/100] batch 180/300 (60%) loss=7951.1637 elapsed=80s eta=53s
  [dscformer_dup_t1_CTRL] [epoch 25/100] batch 210/300 (70%) loss=7910.1246 elapsed=94s eta=40s
  [dscformer_dup_t1_CTRL] [epoch 25/100] batch 240/300 (80%) loss=7752.9504 elapsed=107s eta=27s
  [dscformer_dup_t1_CTRL] [epoch 25/100] batch 270/300 (90%) loss=7784.2623 elapsed=121s eta=13s
  [dscformer_dup_t1_CTRL] [epoch 25/100] batch 300/300 (100%) loss=7820.4166 elapsed=134s eta=0s
[dscformer_dup_t1_CTRL] [sampler] sampled: {0: 400, 1: 400, 2: 400} total=1200 spalling_ratio=24.33%
[dscformer_dup_t1_CTRL] [sampler] unique: {0: 400, 1: 400, 2: 400} unique_total=1200 dup_ratio=1.00x
[dscformer_dup_t1_CTRL] [epoch 025/100] remain=75 epochs ep_eta=173.8min (avg 139s/ep)
[dscformer_dup_t1_CTRL] [epoch 025/100] lr=0.000054  dt=144.0s
  train loss=7820.4166  ce=0.1111 dice=0.2401  tversky=0.0000 bd=0.0000  cldice=0.0000 snake=0.0000
  val   loss=0.2283
  IoU   bg=0.9737  crack=0.5540  spalling=0.7753  | mIoU_fg=0.6646  pix_acc=0.9743
  Dice  bg=0.9867  crack=0.7130  spalling=0.8734
  BF1   crack=0.7174  spalling=0.5704  | BF1_fg_mean=0.6439
  [dscformer_dup_t1_CTRL] [best] mIoU_fg=0.6646  saved -> best.pt
[dscformer_dup_t1_CTRL] [curriculum] epoch 26: stage=0 tiers=[0] pool={0: 400, 1: 0, 2: 0}
  [dscformer_dup_t1_CTRL] [epoch 26/100] batch 30/300 (10%) loss=7685.1518 elapsed=14s eta=125s
  [dscformer_dup_t1_CTRL] [epoch 26/100] batch 60/300 (20%) loss=7630.6879 elapsed=27s eta=109s
  [dscformer_dup_t1_CTRL] [epoch 26/100] batch 90/300 (30%) loss=7705.0065 elapsed=41s eta=95s
  [dscformer_dup_t1_CTRL] [epoch 26/100] batch 120/300 (40%) loss=7710.9362 elapsed=54s eta=82s
  [dscformer_dup_t1_CTRL] [epoch 26/100] batch 150/300 (50%) loss=7669.9163 elapsed=68s eta=68s
  [dscformer_dup_t1_CTRL] [epoch 26/100] batch 180/300 (60%) loss=7602.3037 elapsed=81s eta=54s
  [dscformer_dup_t1_CTRL] [epoch 26/100] batch 210/300 (70%) loss=7577.4709 elapsed=95s eta=41s
  [dscformer_dup_t1_CTRL] [epoch 26/100] batch 240/300 (80%) loss=7453.9510 elapsed=108s eta=27s
  [dscformer_dup_t1_CTRL] [epoch 26/100] batch 270/300 (90%) loss=7360.2611 elapsed=121s eta=13s
  [dscformer_dup_t1_CTRL] [epoch 26/100] batch 300/300 (100%) loss=7329.3207 elapsed=135s eta=0s
[dscformer_dup_t1_CTRL] [sampler] sampled: {0: 400, 1: 400, 2: 400} total=1200 spalling_ratio=24.33%
[dscformer_dup_t1_CTRL] [sampler] unique: {0: 400, 1: 400, 2: 400} unique_total=1200 dup_ratio=1.00x
[dscformer_dup_t1_CTRL] [epoch 026/100] remain=74 epochs ep_eta=171.4min (avg 139s/ep)
[dscformer_dup_t1_CTRL] [epoch 026/100] lr=0.000053  dt=134.8s
  train loss=7329.3207  ce=0.1100 dice=0.2383  tversky=0.0000 bd=0.0000  cldice=0.0000 snake=0.0000
  val   skipped (next val at epoch 30)
[dscformer_dup_t1_CTRL] [curriculum] epoch 27: stage=0 tiers=[0] pool={0: 400, 1: 0, 2: 0}
  [dscformer_dup_t1_CTRL] [epoch 27/100] batch 30/300 (10%) loss=6354.5419 elapsed=14s eta=125s
  [dscformer_dup_t1_CTRL] [epoch 27/100] batch 60/300 (20%) loss=6616.2578 elapsed=27s eta=110s
  [dscformer_dup_t1_CTRL] [epoch 27/100] batch 90/300 (30%) loss=6686.8658 elapsed=41s eta=95s
  [dscformer_dup_t1_CTRL] [epoch 27/100] batch 120/300 (40%) loss=6978.7268 elapsed=54s eta=81s
  [dscformer_dup_t1_CTRL] [epoch 27/100] batch 150/300 (50%) loss=6886.3782 elapsed=68s eta=68s
  [dscformer_dup_t1_CTRL] [epoch 27/100] batch 180/300 (60%) loss=6823.6204 elapsed=81s eta=54s
  [dscformer_dup_t1_CTRL] [epoch 27/100] batch 210/300 (70%) loss=6729.6440 elapsed=94s eta=40s
  [dscformer_dup_t1_CTRL] [epoch 27/100] batch 240/300 (80%) loss=6630.8089 elapsed=107s eta=27s
  [dscformer_dup_t1_CTRL] [epoch 27/100] batch 270/300 (90%) loss=6545.2627 elapsed=121s eta=13s
  [dscformer_dup_t1_CTRL] [epoch 27/100] batch 300/300 (100%) loss=6557.6790 elapsed=134s eta=0s
[dscformer_dup_t1_CTRL] [sampler] sampled: {0: 400, 1: 400, 2: 400} total=1200 spalling_ratio=24.33%
[dscformer_dup_t1_CTRL] [sampler] unique: {0: 400, 1: 400, 2: 400} unique_total=1200 dup_ratio=1.00x
[dscformer_dup_t1_CTRL] [epoch 027/100] remain=73 epochs ep_eta=169.0min (avg 139s/ep)
[dscformer_dup_t1_CTRL] [epoch 027/100] lr=0.000052  dt=134.4s
  train loss=6557.6790  ce=0.1084 dice=0.2331  tversky=0.0000 bd=0.0000  cldice=0.0000 snake=0.0000
  val   skipped (next val at epoch 30)
[dscformer_dup_t1_CTRL] [curriculum] epoch 28: stage=0 tiers=[0] pool={0: 400, 1: 0, 2: 0}
  [dscformer_dup_t1_CTRL] [epoch 28/100] batch 30/300 (10%) loss=7133.3574 elapsed=14s eta=125s
  [dscformer_dup_t1_CTRL] [epoch 28/100] batch 60/300 (20%) loss=7143.8019 elapsed=27s eta=110s
  [dscformer_dup_t1_CTRL] [epoch 28/100] batch 90/300 (30%) loss=6912.4250 elapsed=41s eta=95s
  [dscformer_dup_t1_CTRL] [epoch 28/100] batch 120/300 (40%) loss=6831.6310 elapsed=54s eta=81s
  [dscformer_dup_t1_CTRL] [epoch 28/100] batch 150/300 (50%) loss=6682.0898 elapsed=68s eta=68s
  [dscformer_dup_t1_CTRL] [epoch 28/100] batch 180/300 (60%) loss=6598.8390 elapsed=81s eta=54s
  [dscformer_dup_t1_CTRL] [epoch 28/100] batch 210/300 (70%) loss=6459.1597 elapsed=94s eta=40s
  [dscformer_dup_t1_CTRL] [epoch 28/100] batch 240/300 (80%) loss=6465.5965 elapsed=108s eta=27s
  [dscformer_dup_t1_CTRL] [epoch 28/100] batch 270/300 (90%) loss=6456.1928 elapsed=121s eta=13s
  [dscformer_dup_t1_CTRL] [epoch 28/100] batch 300/300 (100%) loss=6416.6921 elapsed=135s eta=0s
[dscformer_dup_t1_CTRL] [sampler] sampled: {0: 400, 1: 400, 2: 400} total=1200 spalling_ratio=24.33%
[dscformer_dup_t1_CTRL] [sampler] unique: {0: 400, 1: 400, 2: 400} unique_total=1200 dup_ratio=1.00x
[dscformer_dup_t1_CTRL] [epoch 028/100] remain=72 epochs ep_eta=166.5min (avg 139s/ep)
[dscformer_dup_t1_CTRL] [epoch 028/100] lr=0.000052  dt=134.7s
  train loss=6416.6921  ce=0.1066 dice=0.2289  tversky=0.0000 bd=0.0000  cldice=0.0000 snake=0.0000
  val   skipped (next val at epoch 30)
[dscformer_dup_t1_CTRL] [curriculum] epoch 29: stage=0 tiers=[0] pool={0: 400, 1: 0, 2: 0}
  [dscformer_dup_t1_CTRL] [epoch 29/100] batch 30/300 (10%) loss=7193.5646 elapsed=14s eta=128s
  [dscformer_dup_t1_CTRL] [epoch 29/100] batch 60/300 (20%) loss=7483.1621 elapsed=28s eta=110s
  [dscformer_dup_t1_CTRL] [epoch 29/100] batch 90/300 (30%) loss=8371.9202 elapsed=41s eta=95s
  [dscformer_dup_t1_CTRL] [epoch 29/100] batch 120/300 (40%) loss=14299.1459 elapsed=54s eta=81s
  [dscformer_dup_t1_CTRL] [epoch 29/100] batch 150/300 (50%) loss=16532.7545 elapsed=68s eta=68s
  [dscformer_dup_t1_CTRL] [epoch 29/100] batch 180/300 (60%) loss=15902.4025 elapsed=81s eta=54s
  [dscformer_dup_t1_CTRL] [epoch 29/100] batch 210/300 (70%) loss=15026.9121 elapsed=95s eta=41s
  [dscformer_dup_t1_CTRL] [epoch 29/100] batch 240/300 (80%) loss=14217.1185 elapsed=108s eta=27s
  [dscformer_dup_t1_CTRL] [epoch 29/100] batch 270/300 (90%) loss=13617.1766 elapsed=121s eta=13s
  [dscformer_dup_t1_CTRL] [epoch 29/100] batch 300/300 (100%) loss=13131.2274 elapsed=134s eta=0s
[dscformer_dup_t1_CTRL] [sampler] sampled: {0: 400, 1: 400, 2: 400} total=1200 spalling_ratio=24.33%
[dscformer_dup_t1_CTRL] [sampler] unique: {0: 400, 1: 400, 2: 400} unique_total=1200 dup_ratio=1.00x
[dscformer_dup_t1_CTRL] [epoch 029/100] remain=71 epochs ep_eta=164.1min (avg 139s/ep)
[dscformer_dup_t1_CTRL] [epoch 029/100] lr=0.000051  dt=134.6s
  train loss=13131.2274  ce=0.1389 dice=0.2577  tversky=0.0000 bd=0.0000  cldice=0.0000 snake=0.0000
  val   skipped (next val at epoch 30)
[dscformer_dup_t1_CTRL] [curriculum] epoch 30: stage=1 tiers=[0, 1] pool={0: 400, 1: 400, 2: 0}
  [dscformer_dup_t1_CTRL] [epoch 30/100] batch 30/300 (10%) loss=7810.4305 elapsed=14s eta=126s
  [dscformer_dup_t1_CTRL] [epoch 30/100] batch 60/300 (20%) loss=7614.2997 elapsed=27s eta=109s
  [dscformer_dup_t1_CTRL] [epoch 30/100] batch 90/300 (30%) loss=8181.3517 elapsed=41s eta=95s
  [dscformer_dup_t1_CTRL] [epoch 30/100] batch 120/300 (40%) loss=7879.3495 elapsed=54s eta=81s
  [dscformer_dup_t1_CTRL] [epoch 30/100] batch 150/300 (50%) loss=7721.0609 elapsed=67s eta=67s
  [dscformer_dup_t1_CTRL] [epoch 30/100] batch 180/300 (60%) loss=7424.7112 elapsed=81s eta=54s
  [dscformer_dup_t1_CTRL] [epoch 30/100] batch 210/300 (70%) loss=7319.1904 elapsed=94s eta=40s
  [dscformer_dup_t1_CTRL] [epoch 30/100] batch 240/300 (80%) loss=7279.2639 elapsed=107s eta=27s
  [dscformer_dup_t1_CTRL] [epoch 30/100] batch 270/300 (90%) loss=7402.8800 elapsed=120s eta=13s
  [dscformer_dup_t1_CTRL] [epoch 30/100] batch 300/300 (100%) loss=7348.0598 elapsed=134s eta=0s
[dscformer_dup_t1_CTRL] [sampler] sampled: {0: 400, 1: 400, 2: 400} total=1200 spalling_ratio=24.33%
[dscformer_dup_t1_CTRL] [sampler] unique: {0: 400, 1: 400, 2: 400} unique_total=1200 dup_ratio=1.00x
[dscformer_dup_t1_CTRL] [epoch 030/100] remain=70 epochs ep_eta=162.0min (avg 139s/ep)
[dscformer_dup_t1_CTRL] [epoch 030/100] lr=0.000050  dt=143.4s
  train loss=7348.0598  ce=0.1093 dice=0.2307  tversky=0.0000 bd=0.0000  cldice=0.0000 snake=0.0000
  val   loss=0.2499
  IoU   bg=0.9749  crack=0.5580  spalling=0.7843  | mIoU_fg=0.6712  pix_acc=0.9754
  Dice  bg=0.9873  crack=0.7163  spalling=0.8791
  BF1   crack=0.7310  spalling=0.6207  | BF1_fg_mean=0.6758
  [dscformer_dup_t1_CTRL] [best] mIoU_fg=0.6712  saved -> best.pt
[dscformer_dup_t1_CTRL] [curriculum] epoch 31: stage=1 tiers=[0, 1] pool={0: 400, 1: 400, 2: 0}
  [dscformer_dup_t1_CTRL] [epoch 31/100] batch 30/300 (10%) loss=6699.0516 elapsed=14s eta=125s
  [dscformer_dup_t1_CTRL] [epoch 31/100] batch 60/300 (20%) loss=6890.9906 elapsed=28s eta=110s
  [dscformer_dup_t1_CTRL] [epoch 31/100] batch 90/300 (30%) loss=7072.9220 elapsed=41s eta=96s
  [dscformer_dup_t1_CTRL] [epoch 31/100] batch 120/300 (40%) loss=7000.6230 elapsed=54s eta=82s
  [dscformer_dup_t1_CTRL] [epoch 31/100] batch 150/300 (50%) loss=7286.2429 elapsed=68s eta=68s
  [dscformer_dup_t1_CTRL] [epoch 31/100] batch 180/300 (60%) loss=6950.0500 elapsed=81s eta=54s
  [dscformer_dup_t1_CTRL] [epoch 31/100] batch 210/300 (70%) loss=6820.7782 elapsed=94s eta=40s
  [dscformer_dup_t1_CTRL] [epoch 31/100] batch 240/300 (80%) loss=6738.9975 elapsed=108s eta=27s
  [dscformer_dup_t1_CTRL] [epoch 31/100] batch 270/300 (90%) loss=6644.3135 elapsed=121s eta=13s
  [dscformer_dup_t1_CTRL] [epoch 31/100] batch 300/300 (100%) loss=6553.2938 elapsed=135s eta=0s
[dscformer_dup_t1_CTRL] [sampler] sampled: {0: 400, 1: 400, 2: 400} total=1200 spalling_ratio=24.33%
[dscformer_dup_t1_CTRL] [sampler] unique: {0: 400, 1: 400, 2: 400} unique_total=1200 dup_ratio=1.00x
[dscformer_dup_t1_CTRL] [epoch 031/100] remain=69 epochs ep_eta=159.7min (avg 139s/ep)
[dscformer_dup_t1_CTRL] [epoch 031/100] lr=0.000050  dt=135.2s
  train loss=6553.2938  ce=0.1056 dice=0.2291  tversky=0.0000 bd=0.0000  cldice=0.0000 snake=0.0000
  val   skipped (next val at epoch 35)
[dscformer_dup_t1_CTRL] [curriculum] epoch 32: stage=1 tiers=[0, 1] pool={0: 400, 1: 400, 2: 0}
  [dscformer_dup_t1_CTRL] [epoch 32/100] batch 30/300 (10%) loss=6143.3671 elapsed=14s eta=127s
  [dscformer_dup_t1_CTRL] [epoch 32/100] batch 60/300 (20%) loss=5992.7496 elapsed=28s eta=110s
  [dscformer_dup_t1_CTRL] [epoch 32/100] batch 90/300 (30%) loss=5652.0128 elapsed=41s eta=96s
  [dscformer_dup_t1_CTRL] [epoch 32/100] batch 120/300 (40%) loss=5675.7156 elapsed=54s eta=81s
  [dscformer_dup_t1_CTRL] [epoch 32/100] batch 150/300 (50%) loss=5705.0506 elapsed=68s eta=68s
  [dscformer_dup_t1_CTRL] [epoch 32/100] batch 180/300 (60%) loss=5730.2384 elapsed=81s eta=54s
  [dscformer_dup_t1_CTRL] [epoch 32/100] batch 210/300 (70%) loss=5649.6565 elapsed=94s eta=40s
  [dscformer_dup_t1_CTRL] [epoch 32/100] batch 240/300 (80%) loss=5643.8444 elapsed=108s eta=27s
  [dscformer_dup_t1_CTRL] [epoch 32/100] batch 270/300 (90%) loss=5670.7404 elapsed=122s eta=14s
  [dscformer_dup_t1_CTRL] [epoch 32/100] batch 300/300 (100%) loss=5696.4648 elapsed=135s eta=0s
[dscformer_dup_t1_CTRL] [sampler] sampled: {0: 400, 1: 400, 2: 400} total=1200 spalling_ratio=24.33%
[dscformer_dup_t1_CTRL] [sampler] unique: {0: 400, 1: 400, 2: 400} unique_total=1200 dup_ratio=1.00x
[dscformer_dup_t1_CTRL] [epoch 032/100] remain=68 epochs ep_eta=157.4min (avg 139s/ep)
[dscformer_dup_t1_CTRL] [epoch 032/100] lr=0.000049  dt=135.5s
  train loss=5696.4648  ce=0.1038 dice=0.2222  tversky=0.0000 bd=0.0000  cldice=0.0000 snake=0.0000
  val   skipped (next val at epoch 35)
[dscformer_dup_t1_CTRL] [curriculum] epoch 33: stage=1 tiers=[0, 1] pool={0: 400, 1: 400, 2: 0}
  [dscformer_dup_t1_CTRL] [epoch 33/100] batch 30/300 (10%) loss=5717.9643 elapsed=14s eta=128s
  [dscformer_dup_t1_CTRL] [epoch 33/100] batch 60/300 (20%) loss=5970.6650 elapsed=28s eta=110s
  [dscformer_dup_t1_CTRL] [epoch 33/100] batch 90/300 (30%) loss=5653.8543 elapsed=41s eta=95s
  [dscformer_dup_t1_CTRL] [epoch 33/100] batch 120/300 (40%) loss=5657.3189 elapsed=54s eta=81s
  [dscformer_dup_t1_CTRL] [epoch 33/100] batch 150/300 (50%) loss=5702.1985 elapsed=68s eta=68s
  [dscformer_dup_t1_CTRL] [epoch 33/100] batch 180/300 (60%) loss=5678.1212 elapsed=81s eta=54s
  [dscformer_dup_t1_CTRL] [epoch 33/100] batch 210/300 (70%) loss=5805.0415 elapsed=95s eta=41s
  [dscformer_dup_t1_CTRL] [epoch 33/100] batch 240/300 (80%) loss=5750.8226 elapsed=108s eta=27s
  [dscformer_dup_t1_CTRL] [epoch 33/100] batch 270/300 (90%) loss=5638.7472 elapsed=121s eta=13s
  [dscformer_dup_t1_CTRL] [epoch 33/100] batch 300/300 (100%) loss=5594.8702 elapsed=135s eta=0s
[dscformer_dup_t1_CTRL] [sampler] sampled: {0: 400, 1: 400, 2: 400} total=1200 spalling_ratio=24.33%
[dscformer_dup_t1_CTRL] [sampler] unique: {0: 400, 1: 400, 2: 400} unique_total=1200 dup_ratio=1.00x
[dscformer_dup_t1_CTRL] [epoch 033/100] remain=67 epochs ep_eta=155.0min (avg 139s/ep)
[dscformer_dup_t1_CTRL] [epoch 033/100] lr=0.000048  dt=134.8s
  train loss=5594.8702  ce=0.1025 dice=0.2257  tversky=0.0000 bd=0.0000  cldice=0.0000 snake=0.0000
  val   skipped (next val at epoch 35)
[dscformer_dup_t1_CTRL] [curriculum] epoch 34: stage=1 tiers=[0, 1] pool={0: 400, 1: 400, 2: 0}
  [dscformer_dup_t1_CTRL] [epoch 34/100] batch 30/300 (10%) loss=5594.9818 elapsed=14s eta=126s
  [dscformer_dup_t1_CTRL] [epoch 34/100] batch 60/300 (20%) loss=5173.7256 elapsed=27s eta=108s
  [dscformer_dup_t1_CTRL] [epoch 34/100] batch 90/300 (30%) loss=5138.0718 elapsed=41s eta=95s
  [dscformer_dup_t1_CTRL] [epoch 34/100] batch 120/300 (40%) loss=5386.2599 elapsed=54s eta=81s
  [dscformer_dup_t1_CTRL] [epoch 34/100] batch 150/300 (50%) loss=5342.0116 elapsed=68s eta=68s
  [dscformer_dup_t1_CTRL] [epoch 34/100] batch 180/300 (60%) loss=5451.2108 elapsed=81s eta=54s
  [dscformer_dup_t1_CTRL] [epoch 34/100] batch 210/300 (70%) loss=5420.0564 elapsed=94s eta=40s
  [dscformer_dup_t1_CTRL] [epoch 34/100] batch 240/300 (80%) loss=5350.3968 elapsed=108s eta=27s
  [dscformer_dup_t1_CTRL] [epoch 34/100] batch 270/300 (90%) loss=5319.5149 elapsed=121s eta=13s
  [dscformer_dup_t1_CTRL] [epoch 34/100] batch 300/300 (100%) loss=5357.8003 elapsed=135s eta=0s
[dscformer_dup_t1_CTRL] [sampler] sampled: {0: 400, 1: 400, 2: 400} total=1200 spalling_ratio=24.33%
[dscformer_dup_t1_CTRL] [sampler] unique: {0: 400, 1: 400, 2: 400} unique_total=1200 dup_ratio=1.00x
[dscformer_dup_t1_CTRL] [epoch 034/100] remain=66 epochs ep_eta=152.6min (avg 139s/ep)
[dscformer_dup_t1_CTRL] [epoch 034/100] lr=0.000047  dt=135.2s
  train loss=5357.8003  ce=0.1031 dice=0.2234  tversky=0.0000 bd=0.0000  cldice=0.0000 snake=0.0000
  val   skipped (next val at epoch 35)
[dscformer_dup_t1_CTRL] [curriculum] epoch 35: stage=1 tiers=[0, 1] pool={0: 400, 1: 400, 2: 0}
  [dscformer_dup_t1_CTRL] [epoch 35/100] batch 30/300 (10%) loss=4552.2084 elapsed=14s eta=126s
  [dscformer_dup_t1_CTRL] [epoch 35/100] batch 60/300 (20%) loss=4807.3816 elapsed=27s eta=110s
  [dscformer_dup_t1_CTRL] [epoch 35/100] batch 90/300 (30%) loss=4953.4528 elapsed=41s eta=95s
  [dscformer_dup_t1_CTRL] [epoch 35/100] batch 120/300 (40%) loss=5146.8240 elapsed=54s eta=81s
  [dscformer_dup_t1_CTRL] [epoch 35/100] batch 150/300 (50%) loss=5433.8931 elapsed=68s eta=68s
  [dscformer_dup_t1_CTRL] [epoch 35/100] batch 180/300 (60%) loss=5447.7202 elapsed=82s eta=54s
  [dscformer_dup_t1_CTRL] [epoch 35/100] batch 210/300 (70%) loss=5380.0709 elapsed=95s eta=41s
  [dscformer_dup_t1_CTRL] [epoch 35/100] batch 240/300 (80%) loss=5311.6176 elapsed=108s eta=27s
  [dscformer_dup_t1_CTRL] [epoch 35/100] batch 270/300 (90%) loss=5427.5633 elapsed=122s eta=14s
  [dscformer_dup_t1_CTRL] [epoch 35/100] batch 300/300 (100%) loss=5349.5013 elapsed=135s eta=0s
[dscformer_dup_t1_CTRL] [sampler] sampled: {0: 400, 1: 400, 2: 400} total=1200 spalling_ratio=24.33%
[dscformer_dup_t1_CTRL] [sampler] unique: {0: 400, 1: 400, 2: 400} unique_total=1200 dup_ratio=1.00x
[dscformer_dup_t1_CTRL] [epoch 035/100] remain=65 epochs ep_eta=150.5min (avg 139s/ep)
[dscformer_dup_t1_CTRL] [epoch 035/100] lr=0.000046  dt=145.4s
  train loss=5349.5013  ce=0.1007 dice=0.2189  tversky=0.0000 bd=0.0000  cldice=0.0000 snake=0.0000
  val   loss=0.2246
  IoU   bg=0.9746  crack=0.5603  spalling=0.7967  | mIoU_fg=0.6785  pix_acc=0.9752
  Dice  bg=0.9872  crack=0.7182  spalling=0.8869
  BF1   crack=0.7143  spalling=0.6304  | BF1_fg_mean=0.6724
  [dscformer_dup_t1_CTRL] [best] mIoU_fg=0.6785  saved -> best.pt
[dscformer_dup_t1_CTRL] [curriculum] epoch 36: stage=1 tiers=[0, 1] pool={0: 400, 1: 400, 2: 0}
  [dscformer_dup_t1_CTRL] [epoch 36/100] batch 30/300 (10%) loss=5017.3222 elapsed=14s eta=126s
  [dscformer_dup_t1_CTRL] [epoch 36/100] batch 60/300 (20%) loss=4950.3814 elapsed=28s eta=110s
  [dscformer_dup_t1_CTRL] [epoch 36/100] batch 90/300 (30%) loss=5140.8823 elapsed=41s eta=96s
  [dscformer_dup_t1_CTRL] [epoch 36/100] batch 120/300 (40%) loss=5073.9544 elapsed=55s eta=82s
  [dscformer_dup_t1_CTRL] [epoch 36/100] batch 150/300 (50%) loss=5062.4876 elapsed=68s eta=68s
  [dscformer_dup_t1_CTRL] [epoch 36/100] batch 180/300 (60%) loss=5114.9597 elapsed=82s eta=55s
  [dscformer_dup_t1_CTRL] [epoch 36/100] batch 210/300 (70%) loss=5152.6229 elapsed=95s eta=41s
  [dscformer_dup_t1_CTRL] [epoch 36/100] batch 240/300 (80%) loss=5110.2071 elapsed=109s eta=27s
  [dscformer_dup_t1_CTRL] [epoch 36/100] batch 270/300 (90%) loss=5071.2703 elapsed=122s eta=14s
  [dscformer_dup_t1_CTRL] [epoch 36/100] batch 300/300 (100%) loss=5123.8031 elapsed=136s eta=0s
[dscformer_dup_t1_CTRL] [sampler] sampled: {0: 400, 1: 400, 2: 400} total=1200 spalling_ratio=24.33%
[dscformer_dup_t1_CTRL] [sampler] unique: {0: 400, 1: 400, 2: 400} unique_total=1200 dup_ratio=1.00x
[dscformer_dup_t1_CTRL] [epoch 036/100] remain=64 epochs ep_eta=148.2min (avg 139s/ep)
[dscformer_dup_t1_CTRL] [epoch 036/100] lr=0.000046  dt=135.8s
  train loss=5123.8031  ce=0.1019 dice=0.2197  tversky=0.0000 bd=0.0000  cldice=0.0000 snake=0.0000
  val   skipped (next val at epoch 40)
[dscformer_dup_t1_CTRL] [curriculum] epoch 37: stage=1 tiers=[0, 1] pool={0: 400, 1: 400, 2: 0}
  [dscformer_dup_t1_CTRL] [epoch 37/100] batch 30/300 (10%) loss=6872.7546 elapsed=14s eta=128s
  [dscformer_dup_t1_CTRL] [epoch 37/100] batch 60/300 (20%) loss=5867.5161 elapsed=28s eta=111s
  [dscformer_dup_t1_CTRL] [epoch 37/100] batch 90/300 (30%) loss=5557.3382 elapsed=41s eta=95s
  [dscformer_dup_t1_CTRL] [epoch 37/100] batch 120/300 (40%) loss=5593.6342 elapsed=54s eta=82s
  [dscformer_dup_t1_CTRL] [epoch 37/100] batch 150/300 (50%) loss=5601.9530 elapsed=68s eta=68s
  [dscformer_dup_t1_CTRL] [epoch 37/100] batch 180/300 (60%) loss=5605.2474 elapsed=81s eta=54s
  [dscformer_dup_t1_CTRL] [epoch 37/100] batch 210/300 (70%) loss=5453.8085 elapsed=95s eta=41s
  [dscformer_dup_t1_CTRL] [epoch 37/100] batch 240/300 (80%) loss=5402.2021 elapsed=108s eta=27s
  [dscformer_dup_t1_CTRL] [epoch 37/100] batch 270/300 (90%) loss=5315.1088 elapsed=122s eta=14s
  [dscformer_dup_t1_CTRL] [epoch 37/100] batch 300/300 (100%) loss=5218.4742 elapsed=135s eta=0s
[dscformer_dup_t1_CTRL] [sampler] sampled: {0: 400, 1: 400, 2: 400} total=1200 spalling_ratio=24.33%
[dscformer_dup_t1_CTRL] [sampler] unique: {0: 400, 1: 400, 2: 400} unique_total=1200 dup_ratio=1.00x
[dscformer_dup_t1_CTRL] [epoch 037/100] remain=63 epochs ep_eta=145.9min (avg 139s/ep)
[dscformer_dup_t1_CTRL] [epoch 037/100] lr=0.000045  dt=135.6s
  train loss=5218.4742  ce=0.1013 dice=0.2187  tversky=0.0000 bd=0.0000  cldice=0.0000 snake=0.0000
  val   skipped (next val at epoch 40)
[dscformer_dup_t1_CTRL] [curriculum] epoch 38: stage=1 tiers=[0, 1] pool={0: 400, 1: 400, 2: 0}
  [dscformer_dup_t1_CTRL] [epoch 38/100] batch 30/300 (10%) loss=4464.3213 elapsed=14s eta=127s
  [dscformer_dup_t1_CTRL] [epoch 38/100] batch 60/300 (20%) loss=5181.6052 elapsed=28s eta=111s
  [dscformer_dup_t1_CTRL] [epoch 38/100] batch 90/300 (30%) loss=5119.7662 elapsed=41s eta=96s
  [dscformer_dup_t1_CTRL] [epoch 38/100] batch 120/300 (40%) loss=5032.1846 elapsed=55s eta=82s
  [dscformer_dup_t1_CTRL] [epoch 38/100] batch 150/300 (50%) loss=4769.0420 elapsed=68s eta=68s
  [dscformer_dup_t1_CTRL] [epoch 38/100] batch 180/300 (60%) loss=4709.0391 elapsed=81s eta=54s
  [dscformer_dup_t1_CTRL] [epoch 38/100] batch 210/300 (70%) loss=4623.5631 elapsed=95s eta=41s
  [dscformer_dup_t1_CTRL] [epoch 38/100] batch 240/300 (80%) loss=4621.5253 elapsed=108s eta=27s
  [dscformer_dup_t1_CTRL] [epoch 38/100] batch 270/300 (90%) loss=4664.3343 elapsed=122s eta=14s
  [dscformer_dup_t1_CTRL] [epoch 38/100] batch 300/300 (100%) loss=4668.3277 elapsed=135s eta=0s
[dscformer_dup_t1_CTRL] [sampler] sampled: {0: 400, 1: 400, 2: 400} total=1200 spalling_ratio=24.33%
[dscformer_dup_t1_CTRL] [sampler] unique: {0: 400, 1: 400, 2: 400} unique_total=1200 dup_ratio=1.00x
[dscformer_dup_t1_CTRL] [epoch 038/100] remain=62 epochs ep_eta=143.5min (avg 139s/ep)
[dscformer_dup_t1_CTRL] [epoch 038/100] lr=0.000044  dt=135.7s
  train loss=4668.3277  ce=0.0994 dice=0.2252  tversky=0.0000 bd=0.0000  cldice=0.0000 snake=0.0000
  val   skipped (next val at epoch 40)
[dscformer_dup_t1_CTRL] [curriculum] epoch 39: stage=1 tiers=[0, 1] pool={0: 400, 1: 400, 2: 0}
  [dscformer_dup_t1_CTRL] [epoch 39/100] batch 30/300 (10%) loss=5288.9529 elapsed=14s eta=126s
  [dscformer_dup_t1_CTRL] [epoch 39/100] batch 60/300 (20%) loss=5526.6018 elapsed=28s eta=110s
  [dscformer_dup_t1_CTRL] [epoch 39/100] batch 90/300 (30%) loss=5501.7479 elapsed=41s eta=95s
  [dscformer_dup_t1_CTRL] [epoch 39/100] batch 120/300 (40%) loss=5426.7228 elapsed=54s eta=82s
  [dscformer_dup_t1_CTRL] [epoch 39/100] batch 150/300 (50%) loss=5273.1452 elapsed=68s eta=68s
  [dscformer_dup_t1_CTRL] [epoch 39/100] batch 180/300 (60%) loss=5176.6753 elapsed=81s eta=54s
  [dscformer_dup_t1_CTRL] [epoch 39/100] batch 210/300 (70%) loss=5070.6147 elapsed=95s eta=41s
  [dscformer_dup_t1_CTRL] [epoch 39/100] batch 240/300 (80%) loss=5015.7730 elapsed=109s eta=27s
  [dscformer_dup_t1_CTRL] [epoch 39/100] batch 270/300 (90%) loss=4908.5544 elapsed=122s eta=14s
  [dscformer_dup_t1_CTRL] [epoch 39/100] batch 300/300 (100%) loss=4895.5533 elapsed=136s eta=0s
[dscformer_dup_t1_CTRL] [sampler] sampled: {0: 400, 1: 400, 2: 400} total=1200 spalling_ratio=24.33%
[dscformer_dup_t1_CTRL] [sampler] unique: {0: 400, 1: 400, 2: 400} unique_total=1200 dup_ratio=1.00x
[dscformer_dup_t1_CTRL] [epoch 039/100] remain=61 epochs ep_eta=141.2min (avg 139s/ep)
[dscformer_dup_t1_CTRL] [epoch 039/100] lr=0.000043  dt=135.9s
  train loss=4895.5533  ce=0.1004 dice=0.2186  tversky=0.0000 bd=0.0000  cldice=0.0000 snake=0.0000
  val   skipped (next val at epoch 40)
[dscformer_dup_t1_CTRL] [curriculum] epoch 40: stage=1 tiers=[0, 1] pool={0: 400, 1: 400, 2: 0}
  [dscformer_dup_t1_CTRL] [epoch 40/100] batch 30/300 (10%) loss=4209.7957 elapsed=14s eta=127s
  [dscformer_dup_t1_CTRL] [epoch 40/100] batch 60/300 (20%) loss=4124.0994 elapsed=28s eta=111s
  [dscformer_dup_t1_CTRL] [epoch 40/100] batch 90/300 (30%) loss=4506.9802 elapsed=41s eta=97s
  [dscformer_dup_t1_CTRL] [epoch 40/100] batch 120/300 (40%) loss=4510.1086 elapsed=55s eta=82s
  [dscformer_dup_t1_CTRL] [epoch 40/100] batch 150/300 (50%) loss=4592.8166 elapsed=68s eta=68s
  [dscformer_dup_t1_CTRL] [epoch 40/100] batch 180/300 (60%) loss=4784.5471 elapsed=82s eta=55s
  [dscformer_dup_t1_CTRL] [epoch 40/100] batch 210/300 (70%) loss=4785.0678 elapsed=96s eta=41s
  [dscformer_dup_t1_CTRL] [epoch 40/100] batch 240/300 (80%) loss=4814.2469 elapsed=109s eta=27s
  [dscformer_dup_t1_CTRL] [epoch 40/100] batch 270/300 (90%) loss=4810.7707 elapsed=123s eta=14s
  [dscformer_dup_t1_CTRL] [epoch 40/100] batch 300/300 (100%) loss=4748.5609 elapsed=137s eta=0s
[dscformer_dup_t1_CTRL] [sampler] sampled: {0: 400, 1: 400, 2: 400} total=1200 spalling_ratio=24.33%
[dscformer_dup_t1_CTRL] [sampler] unique: {0: 400, 1: 400, 2: 400} unique_total=1200 dup_ratio=1.00x
[dscformer_dup_t1_CTRL] [epoch 040/100] remain=60 epochs ep_eta=139.1min (avg 139s/ep)
[dscformer_dup_t1_CTRL] [epoch 040/100] lr=0.000042  dt=146.8s
  train loss=4748.5609  ce=0.0999 dice=0.2198  tversky=0.0000 bd=0.0000  cldice=0.0000 snake=0.0000
  val   loss=0.2296
  IoU   bg=0.9752  crack=0.5653  spalling=0.7920  | mIoU_fg=0.6786  pix_acc=0.9757
  Dice  bg=0.9874  crack=0.7223  spalling=0.8839
  BF1   crack=0.7183  spalling=0.6027  | BF1_fg_mean=0.6605
  [dscformer_dup_t1_CTRL] [best] mIoU_fg=0.6786  saved -> best.pt
[dscformer_dup_t1_CTRL] [curriculum] epoch 41: stage=1 tiers=[0, 1] pool={0: 400, 1: 400, 2: 0}
  [dscformer_dup_t1_CTRL] [epoch 41/100] batch 30/300 (10%) loss=4150.8003 elapsed=14s eta=126s
  [dscformer_dup_t1_CTRL] [epoch 41/100] batch 60/300 (20%) loss=5035.7389 elapsed=27s eta=109s
  [dscformer_dup_t1_CTRL] [epoch 41/100] batch 90/300 (30%) loss=4797.0897 elapsed=40s eta=94s
  [dscformer_dup_t1_CTRL] [epoch 41/100] batch 120/300 (40%) loss=4789.6003 elapsed=54s eta=81s
  [dscformer_dup_t1_CTRL] [epoch 41/100] batch 150/300 (50%) loss=4691.7674 elapsed=67s eta=67s
  [dscformer_dup_t1_CTRL] [epoch 41/100] batch 180/300 (60%) loss=5876.7809 elapsed=81s eta=54s
  [dscformer_dup_t1_CTRL] [epoch 41/100] batch 210/300 (70%) loss=5632.5618 elapsed=94s eta=40s
  [dscformer_dup_t1_CTRL] [epoch 41/100] batch 240/300 (80%) loss=5569.3617 elapsed=107s eta=27s
  [dscformer_dup_t1_CTRL] [epoch 41/100] batch 270/300 (90%) loss=5433.3319 elapsed=121s eta=13s
  [dscformer_dup_t1_CTRL] [epoch 41/100] batch 300/300 (100%) loss=5294.7717 elapsed=134s eta=0s
[dscformer_dup_t1_CTRL] [sampler] sampled: {0: 400, 1: 400, 2: 400} total=1200 spalling_ratio=24.33%
[dscformer_dup_t1_CTRL] [sampler] unique: {0: 400, 1: 400, 2: 400} unique_total=1200 dup_ratio=1.00x
[dscformer_dup_t1_CTRL] [epoch 041/100] remain=59 epochs ep_eta=136.7min (avg 139s/ep)
[dscformer_dup_t1_CTRL] [epoch 041/100] lr=0.000041  dt=134.5s
  train loss=5294.7717  ce=0.1013 dice=0.2190  tversky=0.0000 bd=0.0000  cldice=0.0000 snake=0.0000
  val   skipped (next val at epoch 45)
[dscformer_dup_t1_CTRL] [curriculum] epoch 42: stage=1 tiers=[0, 1] pool={0: 400, 1: 400, 2: 0}
  [dscformer_dup_t1_CTRL] [epoch 42/100] batch 30/300 (10%) loss=4243.7855 elapsed=14s eta=130s
  [dscformer_dup_t1_CTRL] [epoch 42/100] batch 60/300 (20%) loss=4172.9039 elapsed=28s eta=111s
  [dscformer_dup_t1_CTRL] [epoch 42/100] batch 90/300 (30%) loss=4044.2704 elapsed=41s eta=96s
  [dscformer_dup_t1_CTRL] [epoch 42/100] batch 120/300 (40%) loss=4296.3546 elapsed=55s eta=82s
  [dscformer_dup_t1_CTRL] [epoch 42/100] batch 150/300 (50%) loss=4315.9416 elapsed=68s eta=68s
  [dscformer_dup_t1_CTRL] [epoch 42/100] batch 180/300 (60%) loss=4263.6762 elapsed=82s eta=55s
  [dscformer_dup_t1_CTRL] [epoch 42/100] batch 210/300 (70%) loss=4294.8868 elapsed=95s eta=41s
  [dscformer_dup_t1_CTRL] [epoch 42/100] batch 240/300 (80%) loss=4416.3923 elapsed=109s eta=27s
  [dscformer_dup_t1_CTRL] [epoch 42/100] batch 270/300 (90%) loss=4422.5875 elapsed=122s eta=14s
  [dscformer_dup_t1_CTRL] [epoch 42/100] batch 300/300 (100%) loss=4436.4798 elapsed=136s eta=0s
[dscformer_dup_t1_CTRL] [sampler] sampled: {0: 400, 1: 400, 2: 400} total=1200 spalling_ratio=24.33%
[dscformer_dup_t1_CTRL] [sampler] unique: {0: 400, 1: 400, 2: 400} unique_total=1200 dup_ratio=1.00x
[dscformer_dup_t1_CTRL] [epoch 042/100] remain=58 epochs ep_eta=134.4min (avg 139s/ep)
[dscformer_dup_t1_CTRL] [epoch 042/100] lr=0.000040  dt=135.8s
  train loss=4436.4798  ce=0.0977 dice=0.2175  tversky=0.0000 bd=0.0000  cldice=0.0000 snake=0.0000
  val   skipped (next val at epoch 45)
[dscformer_dup_t1_CTRL] [curriculum] epoch 43: stage=1 tiers=[0, 1] pool={0: 400, 1: 400, 2: 0}
  [dscformer_dup_t1_CTRL] [epoch 43/100] batch 30/300 (10%) loss=4731.3038 elapsed=14s eta=125s
  [dscformer_dup_t1_CTRL] [epoch 43/100] batch 60/300 (20%) loss=4538.6709 elapsed=27s eta=110s
  [dscformer_dup_t1_CTRL] [epoch 43/100] batch 90/300 (30%) loss=4598.4531 elapsed=41s eta=95s
  [dscformer_dup_t1_CTRL] [epoch 43/100] batch 120/300 (40%) loss=4539.1979 elapsed=54s eta=82s
  [dscformer_dup_t1_CTRL] [epoch 43/100] batch 150/300 (50%) loss=4411.1400 elapsed=68s eta=68s
  [dscformer_dup_t1_CTRL] [epoch 43/100] batch 180/300 (60%) loss=4352.5524 elapsed=81s eta=54s
  [dscformer_dup_t1_CTRL] [epoch 43/100] batch 210/300 (70%) loss=4257.0100 elapsed=95s eta=41s
  [dscformer_dup_t1_CTRL] [epoch 43/100] batch 240/300 (80%) loss=4202.7193 elapsed=108s eta=27s
  [dscformer_dup_t1_CTRL] [epoch 43/100] batch 270/300 (90%) loss=4181.5009 elapsed=121s eta=13s
  [dscformer_dup_t1_CTRL] [epoch 43/100] batch 300/300 (100%) loss=4173.4078 elapsed=135s eta=0s
[dscformer_dup_t1_CTRL] [sampler] sampled: {0: 400, 1: 400, 2: 400} total=1200 spalling_ratio=24.33%
[dscformer_dup_t1_CTRL] [sampler] unique: {0: 400, 1: 400, 2: 400} unique_total=1200 dup_ratio=1.00x
[dscformer_dup_t1_CTRL] [epoch 043/100] remain=57 epochs ep_eta=132.0min (avg 139s/ep)
[dscformer_dup_t1_CTRL] [epoch 043/100] lr=0.000039  dt=134.8s
  train loss=4173.4078  ce=0.0981 dice=0.2140  tversky=0.0000 bd=0.0000  cldice=0.0000 snake=0.0000
  val   skipped (next val at epoch 45)
[dscformer_dup_t1_CTRL] [curriculum] epoch 44: stage=1 tiers=[0, 1] pool={0: 400, 1: 400, 2: 0}
  [dscformer_dup_t1_CTRL] [epoch 44/100] batch 30/300 (10%) loss=4101.5662 elapsed=14s eta=127s
  [dscformer_dup_t1_CTRL] [epoch 44/100] batch 60/300 (20%) loss=4641.3000 elapsed=28s eta=111s
  [dscformer_dup_t1_CTRL] [epoch 44/100] batch 90/300 (30%) loss=4489.7717 elapsed=41s eta=96s
  [dscformer_dup_t1_CTRL] [epoch 44/100] batch 120/300 (40%) loss=4433.5958 elapsed=54s eta=82s
  [dscformer_dup_t1_CTRL] [epoch 44/100] batch 150/300 (50%) loss=4338.8181 elapsed=68s eta=68s
  [dscformer_dup_t1_CTRL] [epoch 44/100] batch 180/300 (60%) loss=4323.2197 elapsed=81s eta=54s
  [dscformer_dup_t1_CTRL] [epoch 44/100] batch 210/300 (70%) loss=4256.9477 elapsed=95s eta=41s
  [dscformer_dup_t1_CTRL] [epoch 44/100] batch 240/300 (80%) loss=4227.5649 elapsed=108s eta=27s
  [dscformer_dup_t1_CTRL] [epoch 44/100] batch 270/300 (90%) loss=4260.6089 elapsed=122s eta=14s
  [dscformer_dup_t1_CTRL] [epoch 44/100] batch 300/300 (100%) loss=4258.8435 elapsed=135s eta=0s
[dscformer_dup_t1_CTRL] [sampler] sampled: {0: 400, 1: 400, 2: 400} total=1200 spalling_ratio=24.33%
[dscformer_dup_t1_CTRL] [sampler] unique: {0: 400, 1: 400, 2: 400} unique_total=1200 dup_ratio=1.00x
[dscformer_dup_t1_CTRL] [epoch 044/100] remain=56 epochs ep_eta=129.6min (avg 139s/ep)
[dscformer_dup_t1_CTRL] [epoch 044/100] lr=0.000038  dt=135.5s
  train loss=4258.8435  ce=0.0997 dice=0.2194  tversky=0.0000 bd=0.0000  cldice=0.0000 snake=0.0000
  val   skipped (next val at epoch 45)
[dscformer_dup_t1_CTRL] [curriculum] epoch 45: stage=1 tiers=[0, 1] pool={0: 400, 1: 400, 2: 0}
  [dscformer_dup_t1_CTRL] [epoch 45/100] batch 30/300 (10%) loss=4312.5788 elapsed=14s eta=126s
  [dscformer_dup_t1_CTRL] [epoch 45/100] batch 60/300 (20%) loss=4370.1957 elapsed=28s eta=111s
  [dscformer_dup_t1_CTRL] [epoch 45/100] batch 90/300 (30%) loss=4331.7607 elapsed=41s eta=96s
  [dscformer_dup_t1_CTRL] [epoch 45/100] batch 120/300 (40%) loss=4709.2550 elapsed=54s eta=82s
  [dscformer_dup_t1_CTRL] [epoch 45/100] batch 150/300 (50%) loss=4681.7582 elapsed=68s eta=68s
  [dscformer_dup_t1_CTRL] [epoch 45/100] batch 180/300 (60%) loss=4701.3222 elapsed=81s eta=54s
  [dscformer_dup_t1_CTRL] [epoch 45/100] batch 210/300 (70%) loss=4602.8418 elapsed=94s eta=40s
  [dscformer_dup_t1_CTRL] [epoch 45/100] batch 240/300 (80%) loss=4633.5051 elapsed=107s eta=27s
  [dscformer_dup_t1_CTRL] [epoch 45/100] batch 270/300 (90%) loss=4553.4200 elapsed=121s eta=13s
  [dscformer_dup_t1_CTRL] [epoch 45/100] batch 300/300 (100%) loss=4573.8440 elapsed=134s eta=0s
[dscformer_dup_t1_CTRL] [sampler] sampled: {0: 400, 1: 400, 2: 400} total=1200 spalling_ratio=24.33%
[dscformer_dup_t1_CTRL] [sampler] unique: {0: 400, 1: 400, 2: 400} unique_total=1200 dup_ratio=1.00x
[dscformer_dup_t1_CTRL] [epoch 045/100] remain=55 epochs ep_eta=127.5min (avg 139s/ep)
[dscformer_dup_t1_CTRL] [epoch 045/100] lr=0.000037  dt=143.8s
  train loss=4573.8440  ce=0.1003 dice=0.2214  tversky=0.0000 bd=0.0000  cldice=0.0000 snake=0.0000
  val   loss=0.2115
  IoU   bg=0.9749  crack=0.5610  spalling=0.8235  | mIoU_fg=0.6923  pix_acc=0.9754
  Dice  bg=0.9873  crack=0.7188  spalling=0.9032
  BF1   crack=0.7154  spalling=0.6280  | BF1_fg_mean=0.6717
  [dscformer_dup_t1_CTRL] [best] mIoU_fg=0.6923  saved -> best.pt
[dscformer_dup_t1_CTRL] [curriculum] epoch 46: stage=1 tiers=[0, 1] pool={0: 400, 1: 400, 2: 0}
  [dscformer_dup_t1_CTRL] [epoch 46/100] batch 30/300 (10%) loss=4267.6598 elapsed=14s eta=125s
  [dscformer_dup_t1_CTRL] [epoch 46/100] batch 60/300 (20%) loss=4129.4895 elapsed=27s eta=110s
  [dscformer_dup_t1_CTRL] [epoch 46/100] batch 90/300 (30%) loss=3926.7476 elapsed=41s eta=95s
  [dscformer_dup_t1_CTRL] [epoch 46/100] batch 120/300 (40%) loss=4196.6948 elapsed=54s eta=82s
  [dscformer_dup_t1_CTRL] [epoch 46/100] batch 150/300 (50%) loss=4137.2103 elapsed=68s eta=68s
  [dscformer_dup_t1_CTRL] [epoch 46/100] batch 180/300 (60%) loss=4113.9160 elapsed=81s eta=54s
  [dscformer_dup_t1_CTRL] [epoch 46/100] batch 210/300 (70%) loss=4028.3943 elapsed=95s eta=41s
  [dscformer_dup_t1_CTRL] [epoch 46/100] batch 240/300 (80%) loss=4063.7690 elapsed=108s eta=27s
  [dscformer_dup_t1_CTRL] [epoch 46/100] batch 270/300 (90%) loss=4037.9296 elapsed=122s eta=14s
  [dscformer_dup_t1_CTRL] [epoch 46/100] batch 300/300 (100%) loss=4134.8118 elapsed=135s eta=0s
[dscformer_dup_t1_CTRL] [sampler] sampled: {0: 400, 1: 400, 2: 400} total=1200 spalling_ratio=24.33%
[dscformer_dup_t1_CTRL] [sampler] unique: {0: 400, 1: 400, 2: 400} unique_total=1200 dup_ratio=1.00x
[dscformer_dup_t1_CTRL] [epoch 046/100] remain=54 epochs ep_eta=125.2min (avg 139s/ep)
[dscformer_dup_t1_CTRL] [epoch 046/100] lr=0.000036  dt=135.5s
  train loss=4134.8118  ce=0.0979 dice=0.2167  tversky=0.0000 bd=0.0000  cldice=0.0000 snake=0.0000
  val   skipped (next val at epoch 50)
[dscformer_dup_t1_CTRL] [curriculum] epoch 47: stage=1 tiers=[0, 1] pool={0: 400, 1: 400, 2: 0}
  [dscformer_dup_t1_CTRL] [epoch 47/100] batch 30/300 (10%) loss=3904.2754 elapsed=14s eta=128s
  [dscformer_dup_t1_CTRL] [epoch 47/100] batch 60/300 (20%) loss=4363.3663 elapsed=28s eta=112s
  [dscformer_dup_t1_CTRL] [epoch 47/100] batch 90/300 (30%) loss=4423.0603 elapsed=41s eta=97s
  [dscformer_dup_t1_CTRL] [epoch 47/100] batch 120/300 (40%) loss=4326.0146 elapsed=55s eta=82s
  [dscformer_dup_t1_CTRL] [epoch 47/100] batch 150/300 (50%) loss=4208.4968 elapsed=68s eta=68s
  [dscformer_dup_t1_CTRL] [epoch 47/100] batch 180/300 (60%) loss=4212.6580 elapsed=82s eta=54s
  [dscformer_dup_t1_CTRL] [epoch 47/100] batch 210/300 (70%) loss=4219.2332 elapsed=95s eta=41s
  [dscformer_dup_t1_CTRL] [epoch 47/100] batch 240/300 (80%) loss=4105.5339 elapsed=109s eta=27s
  [dscformer_dup_t1_CTRL] [epoch 47/100] batch 270/300 (90%) loss=4037.5001 elapsed=122s eta=14s
  [dscformer_dup_t1_CTRL] [epoch 47/100] batch 300/300 (100%) loss=3987.0589 elapsed=136s eta=0s
[dscformer_dup_t1_CTRL] [sampler] sampled: {0: 400, 1: 400, 2: 400} total=1200 spalling_ratio=24.33%
[dscformer_dup_t1_CTRL] [sampler] unique: {0: 400, 1: 400, 2: 400} unique_total=1200 dup_ratio=1.00x
[dscformer_dup_t1_CTRL] [epoch 047/100] remain=53 epochs ep_eta=122.8min (avg 139s/ep)
[dscformer_dup_t1_CTRL] [epoch 047/100] lr=0.000035  dt=136.3s
  train loss=3987.0589  ce=0.0969 dice=0.2164  tversky=0.0000 bd=0.0000  cldice=0.0000 snake=0.0000
  val   skipped (next val at epoch 50)
[dscformer_dup_t1_CTRL] [curriculum] epoch 48: stage=1 tiers=[0, 1] pool={0: 400, 1: 400, 2: 0}
  [dscformer_dup_t1_CTRL] [epoch 48/100] batch 30/300 (10%) loss=3430.9412 elapsed=14s eta=129s
  [dscformer_dup_t1_CTRL] [epoch 48/100] batch 60/300 (20%) loss=3602.4438 elapsed=28s eta=111s
  [dscformer_dup_t1_CTRL] [epoch 48/100] batch 90/300 (30%) loss=3716.9554 elapsed=41s eta=96s
  [dscformer_dup_t1_CTRL] [epoch 48/100] batch 120/300 (40%) loss=4454.1215 elapsed=54s eta=82s
  [dscformer_dup_t1_CTRL] [epoch 48/100] batch 150/300 (50%) loss=4633.9939 elapsed=68s eta=68s
  [dscformer_dup_t1_CTRL] [epoch 48/100] batch 180/300 (60%) loss=4575.4762 elapsed=81s eta=54s
  [dscformer_dup_t1_CTRL] [epoch 48/100] batch 210/300 (70%) loss=4478.5558 elapsed=95s eta=41s
  [dscformer_dup_t1_CTRL] [epoch 48/100] batch 240/300 (80%) loss=4385.0093 elapsed=108s eta=27s
  [dscformer_dup_t1_CTRL] [epoch 48/100] batch 270/300 (90%) loss=4312.1597 elapsed=121s eta=13s
  [dscformer_dup_t1_CTRL] [epoch 48/100] batch 300/300 (100%) loss=4326.3126 elapsed=135s eta=0s
[dscformer_dup_t1_CTRL] [sampler] sampled: {0: 400, 1: 400, 2: 400} total=1200 spalling_ratio=24.33%
[dscformer_dup_t1_CTRL] [sampler] unique: {0: 400, 1: 400, 2: 400} unique_total=1200 dup_ratio=1.00x
[dscformer_dup_t1_CTRL] [epoch 048/100] remain=52 epochs ep_eta=120.4min (avg 139s/ep)
[dscformer_dup_t1_CTRL] [epoch 048/100] lr=0.000034  dt=134.8s
  train loss=4326.3126  ce=0.0988 dice=0.2232  tversky=0.0000 bd=0.0000  cldice=0.0000 snake=0.0000
  val   skipped (next val at epoch 50)
[dscformer_dup_t1_CTRL] [curriculum] epoch 49: stage=1 tiers=[0, 1] pool={0: 400, 1: 400, 2: 0}
  [dscformer_dup_t1_CTRL] [epoch 49/100] batch 30/300 (10%) loss=4148.5535 elapsed=14s eta=125s
  [dscformer_dup_t1_CTRL] [epoch 49/100] batch 60/300 (20%) loss=4441.3754 elapsed=27s eta=110s
  [dscformer_dup_t1_CTRL] [epoch 49/100] batch 90/300 (30%) loss=4457.6723 elapsed=41s eta=96s
  [dscformer_dup_t1_CTRL] [epoch 49/100] batch 120/300 (40%) loss=4371.6066 elapsed=54s eta=81s
  [dscformer_dup_t1_CTRL] [epoch 49/100] batch 150/300 (50%) loss=4322.1910 elapsed=68s eta=68s
  [dscformer_dup_t1_CTRL] [epoch 49/100] batch 180/300 (60%) loss=4155.2830 elapsed=81s eta=54s
  [dscformer_dup_t1_CTRL] [epoch 49/100] batch 210/300 (70%) loss=4046.8057 elapsed=94s eta=40s
  [dscformer_dup_t1_CTRL] [epoch 49/100] batch 240/300 (80%) loss=4029.2499 elapsed=108s eta=27s
  [dscformer_dup_t1_CTRL] [epoch 49/100] batch 270/300 (90%) loss=4004.5570 elapsed=121s eta=13s
  [dscformer_dup_t1_CTRL] [epoch 49/100] batch 300/300 (100%) loss=3975.9190 elapsed=135s eta=0s
[dscformer_dup_t1_CTRL] [sampler] sampled: {0: 400, 1: 400, 2: 400} total=1200 spalling_ratio=24.33%
[dscformer_dup_t1_CTRL] [sampler] unique: {0: 400, 1: 400, 2: 400} unique_total=1200 dup_ratio=1.00x
[dscformer_dup_t1_CTRL] [epoch 049/100] remain=51 epochs ep_eta=118.1min (avg 139s/ep)
[dscformer_dup_t1_CTRL] [epoch 049/100] lr=0.000033  dt=135.0s
  train loss=3975.9190  ce=0.0975 dice=0.2243  tversky=0.0000 bd=0.0000  cldice=0.0000 snake=0.0000
  val   skipped (next val at epoch 50)
[dscformer_dup_t1_CTRL] [curriculum] epoch 50: stage=1 tiers=[0, 1] pool={0: 400, 1: 400, 2: 0}
  [dscformer_dup_t1_CTRL] [epoch 50/100] batch 30/300 (10%) loss=3199.8260 elapsed=14s eta=126s
  [dscformer_dup_t1_CTRL] [epoch 50/100] batch 60/300 (20%) loss=3466.2313 elapsed=27s eta=110s
  [dscformer_dup_t1_CTRL] [epoch 50/100] batch 90/300 (30%) loss=3414.7648 elapsed=41s eta=95s
  [dscformer_dup_t1_CTRL] [epoch 50/100] batch 120/300 (40%) loss=3382.8561 elapsed=54s eta=81s
  [dscformer_dup_t1_CTRL] [epoch 50/100] batch 150/300 (50%) loss=3428.9890 elapsed=67s eta=67s
  [dscformer_dup_t1_CTRL] [epoch 50/100] batch 180/300 (60%) loss=3487.8353 elapsed=81s eta=54s
  [dscformer_dup_t1_CTRL] [epoch 50/100] batch 210/300 (70%) loss=3482.1222 elapsed=94s eta=40s
  [dscformer_dup_t1_CTRL] [epoch 50/100] batch 240/300 (80%) loss=3500.0408 elapsed=107s eta=27s
  [dscformer_dup_t1_CTRL] [epoch 50/100] batch 270/300 (90%) loss=3635.3762 elapsed=121s eta=13s
  [dscformer_dup_t1_CTRL] [epoch 50/100] batch 300/300 (100%) loss=3709.1523 elapsed=134s eta=0s
[dscformer_dup_t1_CTRL] [sampler] sampled: {0: 400, 1: 400, 2: 400} total=1200 spalling_ratio=24.33%
[dscformer_dup_t1_CTRL] [sampler] unique: {0: 400, 1: 400, 2: 400} unique_total=1200 dup_ratio=1.00x
[dscformer_dup_t1_CTRL] [epoch 050/100] remain=50 epochs ep_eta=115.9min (avg 139s/ep)
[dscformer_dup_t1_CTRL] [epoch 050/100] lr=0.000032  dt=144.2s
  train loss=3709.1523  ce=0.0973 dice=0.2200  tversky=0.0000 bd=0.0000  cldice=0.0000 snake=0.0000
  val   loss=0.2118
  IoU   bg=0.9747  crack=0.5623  spalling=0.8224  | mIoU_fg=0.6923  pix_acc=0.9753
  Dice  bg=0.9872  crack=0.7199  spalling=0.9025
  BF1   crack=0.7120  spalling=0.5942  | BF1_fg_mean=0.6531
  [dscformer_dup_t1_CTRL] [best] mIoU_fg=0.6923  saved -> best.pt
[dscformer_dup_t1_CTRL] [curriculum] epoch 51: stage=1 tiers=[0, 1] pool={0: 400, 1: 400, 2: 0}
  [dscformer_dup_t1_CTRL] [epoch 51/100] batch 30/300 (10%) loss=4374.2401 elapsed=14s eta=126s
  [dscformer_dup_t1_CTRL] [epoch 51/100] batch 60/300 (20%) loss=3935.2608 elapsed=28s eta=110s
  [dscformer_dup_t1_CTRL] [epoch 51/100] batch 90/300 (30%) loss=3661.6484 elapsed=41s eta=96s
  [dscformer_dup_t1_CTRL] [epoch 51/100] batch 120/300 (40%) loss=4028.8576 elapsed=55s eta=82s
  [dscformer_dup_t1_CTRL] [epoch 51/100] batch 150/300 (50%) loss=4178.3428 elapsed=68s eta=68s
  [dscformer_dup_t1_CTRL] [epoch 51/100] batch 180/300 (60%) loss=4288.8894 elapsed=82s eta=55s
  [dscformer_dup_t1_CTRL] [epoch 51/100] batch 210/300 (70%) loss=4120.9916 elapsed=95s eta=41s
  [dscformer_dup_t1_CTRL] [epoch 51/100] batch 240/300 (80%) loss=4004.9733 elapsed=109s eta=27s
  [dscformer_dup_t1_CTRL] [epoch 51/100] batch 270/300 (90%) loss=3991.7262 elapsed=122s eta=14s
  [dscformer_dup_t1_CTRL] [epoch 51/100] batch 300/300 (100%) loss=3956.5025 elapsed=136s eta=0s
[dscformer_dup_t1_CTRL] [sampler] sampled: {0: 400, 1: 400, 2: 400} total=1200 spalling_ratio=24.33%
[dscformer_dup_t1_CTRL] [sampler] unique: {0: 400, 1: 400, 2: 400} unique_total=1200 dup_ratio=1.00x
[dscformer_dup_t1_CTRL] [epoch 051/100] remain=49 epochs ep_eta=113.6min (avg 139s/ep)
[dscformer_dup_t1_CTRL] [epoch 051/100] lr=0.000031  dt=135.8s
  train loss=3956.5025  ce=0.0980 dice=0.2155  tversky=0.0000 bd=0.0000  cldice=0.0000 snake=0.0000
  val   skipped (next val at epoch 55)
[dscformer_dup_t1_CTRL] [curriculum] epoch 52: stage=1 tiers=[0, 1] pool={0: 400, 1: 400, 2: 0}
  [dscformer_dup_t1_CTRL] [epoch 52/100] batch 30/300 (10%) loss=3739.1650 elapsed=14s eta=128s
  [dscformer_dup_t1_CTRL] [epoch 52/100] batch 60/300 (20%) loss=3669.7395 elapsed=28s eta=111s
  [dscformer_dup_t1_CTRL] [epoch 52/100] batch 90/300 (30%) loss=3754.6742 elapsed=41s eta=96s
  [dscformer_dup_t1_CTRL] [epoch 52/100] batch 120/300 (40%) loss=3827.8424 elapsed=55s eta=82s
  [dscformer_dup_t1_CTRL] [epoch 52/100] batch 150/300 (50%) loss=3999.7672 elapsed=68s eta=68s
  [dscformer_dup_t1_CTRL] [epoch 52/100] batch 180/300 (60%) loss=3999.6613 elapsed=81s eta=54s
  [dscformer_dup_t1_CTRL] [epoch 52/100] batch 210/300 (70%) loss=4247.8418 elapsed=95s eta=41s
  [dscformer_dup_t1_CTRL] [epoch 52/100] batch 240/300 (80%) loss=4279.5807 elapsed=108s eta=27s
  [dscformer_dup_t1_CTRL] [epoch 52/100] batch 270/300 (90%) loss=4276.3130 elapsed=122s eta=14s
  [dscformer_dup_t1_CTRL] [epoch 52/100] batch 300/300 (100%) loss=4239.5871 elapsed=136s eta=0s
[dscformer_dup_t1_CTRL] [sampler] sampled: {0: 400, 1: 400, 2: 400} total=1200 spalling_ratio=24.33%
[dscformer_dup_t1_CTRL] [sampler] unique: {0: 400, 1: 400, 2: 400} unique_total=1200 dup_ratio=1.00x
[dscformer_dup_t1_CTRL] [epoch 052/100] remain=48 epochs ep_eta=111.2min (avg 139s/ep)
[dscformer_dup_t1_CTRL] [epoch 052/100] lr=0.000030  dt=135.8s
  train loss=4239.5871  ce=0.0980 dice=0.2212  tversky=0.0000 bd=0.0000  cldice=0.0000 snake=0.0000
  val   skipped (next val at epoch 55)
[dscformer_dup_t1_CTRL] [curriculum] epoch 53: stage=1 tiers=[0, 1] pool={0: 400, 1: 400, 2: 0}
  [dscformer_dup_t1_CTRL] [epoch 53/100] batch 30/300 (10%) loss=3626.9948 elapsed=14s eta=126s
  [dscformer_dup_t1_CTRL] [epoch 53/100] batch 60/300 (20%) loss=3514.0527 elapsed=27s eta=110s
  [dscformer_dup_t1_CTRL] [epoch 53/100] batch 90/300 (30%) loss=3684.4129 elapsed=41s eta=96s
  [dscformer_dup_t1_CTRL] [epoch 53/100] batch 120/300 (40%) loss=3662.1413 elapsed=54s eta=82s
  [dscformer_dup_t1_CTRL] [epoch 53/100] batch 150/300 (50%) loss=3676.9800 elapsed=68s eta=68s
  [dscformer_dup_t1_CTRL] [epoch 53/100] batch 180/300 (60%) loss=3578.8900 elapsed=82s eta=54s
  [dscformer_dup_t1_CTRL] [epoch 53/100] batch 210/300 (70%) loss=3524.4259 elapsed=95s eta=41s
  [dscformer_dup_t1_CTRL] [epoch 53/100] batch 240/300 (80%) loss=3508.2355 elapsed=109s eta=27s
  [dscformer_dup_t1_CTRL] [epoch 53/100] batch 270/300 (90%) loss=3567.8659 elapsed=122s eta=14s
  [dscformer_dup_t1_CTRL] [epoch 53/100] batch 300/300 (100%) loss=3562.9269 elapsed=135s eta=0s
[dscformer_dup_t1_CTRL] [sampler] sampled: {0: 400, 1: 400, 2: 400} total=1200 spalling_ratio=24.33%
[dscformer_dup_t1_CTRL] [sampler] unique: {0: 400, 1: 400, 2: 400} unique_total=1200 dup_ratio=1.00x
[dscformer_dup_t1_CTRL] [epoch 053/100] remain=47 epochs ep_eta=108.9min (avg 139s/ep)
[dscformer_dup_t1_CTRL] [epoch 053/100] lr=0.000030  dt=135.5s
  train loss=3562.9269  ce=0.0967 dice=0.2224  tversky=0.0000 bd=0.0000  cldice=0.0000 snake=0.0000
  val   skipped (next val at epoch 55)
[dscformer_dup_t1_CTRL] [curriculum] epoch 54: stage=1 tiers=[0, 1] pool={0: 400, 1: 400, 2: 0}
  [dscformer_dup_t1_CTRL] [epoch 54/100] batch 30/300 (10%) loss=3280.3473 elapsed=14s eta=125s
  [dscformer_dup_t1_CTRL] [epoch 54/100] batch 60/300 (20%) loss=3187.4767 elapsed=27s eta=110s
  [dscformer_dup_t1_CTRL] [epoch 54/100] batch 90/300 (30%) loss=3208.8375 elapsed=41s eta=96s
  [dscformer_dup_t1_CTRL] [epoch 54/100] batch 120/300 (40%) loss=3390.2746 elapsed=54s eta=82s
  [dscformer_dup_t1_CTRL] [epoch 54/100] batch 150/300 (50%) loss=3325.7260 elapsed=68s eta=68s
  [dscformer_dup_t1_CTRL] [epoch 54/100] batch 180/300 (60%) loss=3260.0888 elapsed=81s eta=54s
  [dscformer_dup_t1_CTRL] [epoch 54/100] batch 210/300 (70%) loss=3278.3725 elapsed=94s eta=40s
  [dscformer_dup_t1_CTRL] [epoch 54/100] batch 240/300 (80%) loss=3275.4358 elapsed=108s eta=27s
  [dscformer_dup_t1_CTRL] [epoch 54/100] batch 270/300 (90%) loss=3304.8251 elapsed=121s eta=13s
  [dscformer_dup_t1_CTRL] [epoch 54/100] batch 300/300 (100%) loss=3418.5420 elapsed=135s eta=0s
[dscformer_dup_t1_CTRL] [sampler] sampled: {0: 400, 1: 400, 2: 400} total=1200 spalling_ratio=24.33%
[dscformer_dup_t1_CTRL] [sampler] unique: {0: 400, 1: 400, 2: 400} unique_total=1200 dup_ratio=1.00x
[dscformer_dup_t1_CTRL] [epoch 054/100] remain=46 epochs ep_eta=106.5min (avg 139s/ep)
[dscformer_dup_t1_CTRL] [epoch 054/100] lr=0.000029  dt=135.1s
  train loss=3418.5420  ce=0.0971 dice=0.2201  tversky=0.0000 bd=0.0000  cldice=0.0000 snake=0.0000
  val   skipped (next val at epoch 55)
[dscformer_dup_t1_CTRL] [curriculum] epoch 55: stage=1 tiers=[0, 1] pool={0: 400, 1: 400, 2: 0}
  [dscformer_dup_t1_CTRL] [epoch 55/100] batch 30/300 (10%) loss=3320.9212 elapsed=14s eta=127s
  [dscformer_dup_t1_CTRL] [epoch 55/100] batch 60/300 (20%) loss=3733.5306 elapsed=28s eta=111s
  [dscformer_dup_t1_CTRL] [epoch 55/100] batch 90/300 (30%) loss=3615.0523 elapsed=41s eta=97s
  [dscformer_dup_t1_CTRL] [epoch 55/100] batch 120/300 (40%) loss=3636.9860 elapsed=55s eta=82s
  [dscformer_dup_t1_CTRL] [epoch 55/100] batch 150/300 (50%) loss=3566.4726 elapsed=68s eta=68s
  [dscformer_dup_t1_CTRL] [epoch 55/100] batch 180/300 (60%) loss=3482.0516 elapsed=82s eta=54s
  [dscformer_dup_t1_CTRL] [epoch 55/100] batch 210/300 (70%) loss=3422.2605 elapsed=95s eta=41s
  [dscformer_dup_t1_CTRL] [epoch 55/100] batch 240/300 (80%) loss=3412.8363 elapsed=108s eta=27s
  [dscformer_dup_t1_CTRL] [epoch 55/100] batch 270/300 (90%) loss=3414.1699 elapsed=122s eta=14s
  [dscformer_dup_t1_CTRL] [epoch 55/100] batch 300/300 (100%) loss=3401.2322 elapsed=135s eta=0s
[dscformer_dup_t1_CTRL] [sampler] sampled: {0: 400, 1: 400, 2: 400} total=1200 spalling_ratio=24.33%
[dscformer_dup_t1_CTRL] [sampler] unique: {0: 400, 1: 400, 2: 400} unique_total=1200 dup_ratio=1.00x
[dscformer_dup_t1_CTRL] [epoch 055/100] remain=45 epochs ep_eta=104.3min (avg 139s/ep)
[dscformer_dup_t1_CTRL] [epoch 055/100] lr=0.000028  dt=144.6s
  train loss=3401.2322  ce=0.0953 dice=0.2131  tversky=0.0000 bd=0.0000  cldice=0.0000 snake=0.0000
  val   loss=0.2310
  IoU   bg=0.9749  crack=0.5675  spalling=0.7966  | mIoU_fg=0.6821  pix_acc=0.9756
  Dice  bg=0.9873  crack=0.7241  spalling=0.8868
  BF1   crack=0.7273  spalling=0.6154  | BF1_fg_mean=0.6713
[dscformer_dup_t1_CTRL] [curriculum] epoch 56: stage=1 tiers=[0, 1] pool={0: 400, 1: 400, 2: 0}
  [dscformer_dup_t1_CTRL] [epoch 56/100] batch 30/300 (10%) loss=4051.3687 elapsed=14s eta=125s
  [dscformer_dup_t1_CTRL] [epoch 56/100] batch 60/300 (20%) loss=3776.0981 elapsed=27s eta=110s
  [dscformer_dup_t1_CTRL] [epoch 56/100] batch 90/300 (30%) loss=3657.6510 elapsed=41s eta=95s
  [dscformer_dup_t1_CTRL] [epoch 56/100] batch 120/300 (40%) loss=3620.2369 elapsed=54s eta=82s
  [dscformer_dup_t1_CTRL] [epoch 56/100] batch 150/300 (50%) loss=3634.8823 elapsed=68s eta=68s
  [dscformer_dup_t1_CTRL] [epoch 56/100] batch 180/300 (60%) loss=3538.8191 elapsed=82s eta=54s
  [dscformer_dup_t1_CTRL] [epoch 56/100] batch 210/300 (70%) loss=3477.0436 elapsed=95s eta=41s
  [dscformer_dup_t1_CTRL] [epoch 56/100] batch 240/300 (80%) loss=3700.7217 elapsed=108s eta=27s
  [dscformer_dup_t1_CTRL] [epoch 56/100] batch 270/300 (90%) loss=3659.8278 elapsed=122s eta=14s
  [dscformer_dup_t1_CTRL] [epoch 56/100] batch 300/300 (100%) loss=3605.2636 elapsed=135s eta=0s
[dscformer_dup_t1_CTRL] [sampler] sampled: {0: 400, 1: 400, 2: 400} total=1200 spalling_ratio=24.33%
[dscformer_dup_t1_CTRL] [sampler] unique: {0: 400, 1: 400, 2: 400} unique_total=1200 dup_ratio=1.00x
[dscformer_dup_t1_CTRL] [epoch 056/100] remain=44 epochs ep_eta=102.0min (avg 139s/ep)
[dscformer_dup_t1_CTRL] [epoch 056/100] lr=0.000027  dt=135.5s
  train loss=3605.2636  ce=0.0963 dice=0.2149  tversky=0.0000 bd=0.0000  cldice=0.0000 snake=0.0000
  val   skipped (next val at epoch 60)
[dscformer_dup_t1_CTRL] [curriculum] epoch 57: stage=1 tiers=[0, 1] pool={0: 400, 1: 400, 2: 0}
  [dscformer_dup_t1_CTRL] [epoch 57/100] batch 30/300 (10%) loss=3066.1789 elapsed=14s eta=127s
  [dscformer_dup_t1_CTRL] [epoch 57/100] batch 60/300 (20%) loss=3190.2116 elapsed=28s eta=111s
  [dscformer_dup_t1_CTRL] [epoch 57/100] batch 90/300 (30%) loss=3092.2591 elapsed=41s eta=96s
  [dscformer_dup_t1_CTRL] [epoch 57/100] batch 120/300 (40%) loss=3014.7490 elapsed=55s eta=82s
  [dscformer_dup_t1_CTRL] [epoch 57/100] batch 150/300 (50%) loss=3058.4089 elapsed=68s eta=68s
  [dscformer_dup_t1_CTRL] [epoch 57/100] batch 180/300 (60%) loss=3175.8241 elapsed=82s eta=55s
  [dscformer_dup_t1_CTRL] [epoch 57/100] batch 210/300 (70%) loss=3262.6410 elapsed=95s eta=41s
  [dscformer_dup_t1_CTRL] [epoch 57/100] batch 240/300 (80%) loss=3221.9066 elapsed=108s eta=27s
  [dscformer_dup_t1_CTRL] [epoch 57/100] batch 270/300 (90%) loss=3173.3087 elapsed=122s eta=14s
  [dscformer_dup_t1_CTRL] [epoch 57/100] batch 300/300 (100%) loss=3182.8186 elapsed=135s eta=0s
[dscformer_dup_t1_CTRL] [sampler] sampled: {0: 400, 1: 400, 2: 400} total=1200 spalling_ratio=24.33%
[dscformer_dup_t1_CTRL] [sampler] unique: {0: 400, 1: 400, 2: 400} unique_total=1200 dup_ratio=1.00x
[dscformer_dup_t1_CTRL] [epoch 057/100] remain=43 epochs ep_eta=99.6min (avg 139s/ep)
[dscformer_dup_t1_CTRL] [epoch 057/100] lr=0.000026  dt=135.6s
  train loss=3182.8186  ce=0.0963 dice=0.2119  tversky=0.0000 bd=0.0000  cldice=0.0000 snake=0.0000
  val   skipped (next val at epoch 60)
[dscformer_dup_t1_CTRL] [curriculum] epoch 58: stage=1 tiers=[0, 1] pool={0: 400, 1: 400, 2: 0}
  [dscformer_dup_t1_CTRL] [epoch 58/100] batch 30/300 (10%) loss=2835.4626 elapsed=14s eta=125s
  [dscformer_dup_t1_CTRL] [epoch 58/100] batch 60/300 (20%) loss=3066.4705 elapsed=27s eta=109s
  [dscformer_dup_t1_CTRL] [epoch 58/100] batch 90/300 (30%) loss=3184.7366 elapsed=41s eta=96s
  [dscformer_dup_t1_CTRL] [epoch 58/100] batch 120/300 (40%) loss=3214.5402 elapsed=55s eta=82s
  [dscformer_dup_t1_CTRL] [epoch 58/100] batch 150/300 (50%) loss=3302.7497 elapsed=68s eta=68s
  [dscformer_dup_t1_CTRL] [epoch 58/100] batch 180/300 (60%) loss=3331.5679 elapsed=81s eta=54s
  [dscformer_dup_t1_CTRL] [epoch 58/100] batch 210/300 (70%) loss=3301.6274 elapsed=95s eta=41s
  [dscformer_dup_t1_CTRL] [epoch 58/100] batch 240/300 (80%) loss=3241.2792 elapsed=108s eta=27s
  [dscformer_dup_t1_CTRL] [epoch 58/100] batch 270/300 (90%) loss=3202.9869 elapsed=122s eta=14s
  [dscformer_dup_t1_CTRL] [epoch 58/100] batch 300/300 (100%) loss=3208.9776 elapsed=136s eta=0s
[dscformer_dup_t1_CTRL] [sampler] sampled: {0: 400, 1: 400, 2: 400} total=1200 spalling_ratio=24.33%
[dscformer_dup_t1_CTRL] [sampler] unique: {0: 400, 1: 400, 2: 400} unique_total=1200 dup_ratio=1.00x
[dscformer_dup_t1_CTRL] [epoch 058/100] remain=42 epochs ep_eta=97.3min (avg 139s/ep)
[dscformer_dup_t1_CTRL] [epoch 058/100] lr=0.000025  dt=135.9s
  train loss=3208.9776  ce=0.0963 dice=0.2178  tversky=0.0000 bd=0.0000  cldice=0.0000 snake=0.0000
  val   skipped (next val at epoch 60)
[dscformer_dup_t1_CTRL] [curriculum] epoch 59: stage=1 tiers=[0, 1] pool={0: 400, 1: 400, 2: 0}
  [dscformer_dup_t1_CTRL] [epoch 59/100] batch 30/300 (10%) loss=2795.9017 elapsed=14s eta=126s
  [dscformer_dup_t1_CTRL] [epoch 59/100] batch 60/300 (20%) loss=2754.5313 elapsed=27s eta=109s
  [dscformer_dup_t1_CTRL] [epoch 59/100] batch 90/300 (30%) loss=2760.1929 elapsed=41s eta=95s
  [dscformer_dup_t1_CTRL] [epoch 59/100] batch 120/300 (40%) loss=2836.4480 elapsed=54s eta=81s
  [dscformer_dup_t1_CTRL] [epoch 59/100] batch 150/300 (50%) loss=2856.9531 elapsed=67s eta=67s
  [dscformer_dup_t1_CTRL] [epoch 59/100] batch 180/300 (60%) loss=2873.2671 elapsed=81s eta=54s
  [dscformer_dup_t1_CTRL] [epoch 59/100] batch 210/300 (70%) loss=2942.6374 elapsed=95s eta=41s
  [dscformer_dup_t1_CTRL] [epoch 59/100] batch 240/300 (80%) loss=3018.0872 elapsed=108s eta=27s
  [dscformer_dup_t1_CTRL] [epoch 59/100] batch 270/300 (90%) loss=3048.8121 elapsed=122s eta=14s
  [dscformer_dup_t1_CTRL] [epoch 59/100] batch 300/300 (100%) loss=3063.5583 elapsed=135s eta=0s
[dscformer_dup_t1_CTRL] [sampler] sampled: {0: 400, 1: 400, 2: 400} total=1200 spalling_ratio=24.33%
[dscformer_dup_t1_CTRL] [sampler] unique: {0: 400, 1: 400, 2: 400} unique_total=1200 dup_ratio=1.00x
[dscformer_dup_t1_CTRL] [epoch 059/100] remain=41 epochs ep_eta=95.0min (avg 139s/ep)
[dscformer_dup_t1_CTRL] [epoch 059/100] lr=0.000024  dt=135.1s
  train loss=3063.5583  ce=0.0947 dice=0.2143  tversky=0.0000 bd=0.0000  cldice=0.0000 snake=0.0000
  val   skipped (next val at epoch 60)
[dscformer_dup_t1_CTRL] [curriculum] epoch 60: stage=1 tiers=[0, 1] pool={0: 400, 1: 400, 2: 0}
  [dscformer_dup_t1_CTRL] [epoch 60/100] batch 30/300 (10%) loss=2624.4440 elapsed=14s eta=127s
  [dscformer_dup_t1_CTRL] [epoch 60/100] batch 60/300 (20%) loss=2771.6799 elapsed=28s eta=111s
  [dscformer_dup_t1_CTRL] [epoch 60/100] batch 90/300 (30%) loss=2915.2789 elapsed=41s eta=96s
  [dscformer_dup_t1_CTRL] [epoch 60/100] batch 120/300 (40%) loss=3021.1825 elapsed=54s eta=82s
  [dscformer_dup_t1_CTRL] [epoch 60/100] batch 150/300 (50%) loss=3067.6345 elapsed=68s eta=68s
  [dscformer_dup_t1_CTRL] [epoch 60/100] batch 180/300 (60%) loss=3064.0556 elapsed=81s eta=54s
  [dscformer_dup_t1_CTRL] [epoch 60/100] batch 210/300 (70%) loss=3101.7189 elapsed=95s eta=41s
  [dscformer_dup_t1_CTRL] [epoch 60/100] batch 240/300 (80%) loss=3094.9335 elapsed=109s eta=27s
  [dscformer_dup_t1_CTRL] [epoch 60/100] batch 270/300 (90%) loss=3082.1509 elapsed=122s eta=14s
  [dscformer_dup_t1_CTRL] [epoch 60/100] batch 300/300 (100%) loss=3040.3822 elapsed=136s eta=0s
[dscformer_dup_t1_CTRL] [sampler] sampled: {0: 400, 1: 400, 2: 400} total=1200 spalling_ratio=24.33%
[dscformer_dup_t1_CTRL] [sampler] unique: {0: 400, 1: 400, 2: 400} unique_total=1200 dup_ratio=1.00x
[dscformer_dup_t1_CTRL] [epoch 060/100] remain=40 epochs ep_eta=92.7min (avg 139s/ep)
[dscformer_dup_t1_CTRL] [epoch 060/100] lr=0.000023  dt=145.6s
  train loss=3040.3822  ce=0.0955 dice=0.2169  tversky=0.0000 bd=0.0000  cldice=0.0000 snake=0.0000
  val   loss=0.2228
  IoU   bg=0.9749  crack=0.5597  spalling=0.8170  | mIoU_fg=0.6883  pix_acc=0.9756
  Dice  bg=0.9873  crack=0.7177  spalling=0.8993
  BF1   crack=0.7258  spalling=0.6468  | BF1_fg_mean=0.6863
[dscformer_dup_t1_CTRL] [curriculum] epoch 61: stage=1 tiers=[0, 1] pool={0: 400, 1: 400, 2: 0}
  [dscformer_dup_t1_CTRL] [epoch 61/100] batch 30/300 (10%) loss=2718.5356 elapsed=14s eta=129s
  [dscformer_dup_t1_CTRL] [epoch 61/100] batch 60/300 (20%) loss=2910.1628 elapsed=28s eta=111s
  [dscformer_dup_t1_CTRL] [epoch 61/100] batch 90/300 (30%) loss=3083.2347 elapsed=41s eta=96s
  [dscformer_dup_t1_CTRL] [epoch 61/100] batch 120/300 (40%) loss=2996.2567 elapsed=55s eta=82s
  [dscformer_dup_t1_CTRL] [epoch 61/100] batch 150/300 (50%) loss=3037.9599 elapsed=68s eta=68s
  [dscformer_dup_t1_CTRL] [epoch 61/100] batch 180/300 (60%) loss=3002.4561 elapsed=81s eta=54s
  [dscformer_dup_t1_CTRL] [epoch 61/100] batch 210/300 (70%) loss=3046.5537 elapsed=95s eta=41s
  [dscformer_dup_t1_CTRL] [epoch 61/100] batch 240/300 (80%) loss=3021.5729 elapsed=108s eta=27s
  [dscformer_dup_t1_CTRL] [epoch 61/100] batch 270/300 (90%) loss=3037.1011 elapsed=122s eta=14s
  [dscformer_dup_t1_CTRL] [epoch 61/100] batch 300/300 (100%) loss=3009.0483 elapsed=135s eta=0s
[dscformer_dup_t1_CTRL] [sampler] sampled: {0: 400, 1: 400, 2: 400} total=1200 spalling_ratio=24.33%
[dscformer_dup_t1_CTRL] [sampler] unique: {0: 400, 1: 400, 2: 400} unique_total=1200 dup_ratio=1.00x
[dscformer_dup_t1_CTRL] [epoch 061/100] remain=39 epochs ep_eta=90.4min (avg 139s/ep)
[dscformer_dup_t1_CTRL] [epoch 061/100] lr=0.000022  dt=135.6s
  train loss=3009.0483  ce=0.0946 dice=0.2114  tversky=0.0000 bd=0.0000  cldice=0.0000 snake=0.0000
  val   skipped (next val at epoch 65)
[dscformer_dup_t1_CTRL] [curriculum] epoch 62: stage=1 tiers=[0, 1] pool={0: 400, 1: 400, 2: 0}
  [dscformer_dup_t1_CTRL] [epoch 62/100] batch 30/300 (10%) loss=4754.5065 elapsed=14s eta=127s
  [dscformer_dup_t1_CTRL] [epoch 62/100] batch 60/300 (20%) loss=3897.1404 elapsed=28s eta=110s
  [dscformer_dup_t1_CTRL] [epoch 62/100] batch 90/300 (30%) loss=3656.0253 elapsed=41s eta=96s
  [dscformer_dup_t1_CTRL] [epoch 62/100] batch 120/300 (40%) loss=3472.9754 elapsed=55s eta=82s
  [dscformer_dup_t1_CTRL] [epoch 62/100] batch 150/300 (50%) loss=3347.9596 elapsed=68s eta=68s
  [dscformer_dup_t1_CTRL] [epoch 62/100] batch 180/300 (60%) loss=3329.8137 elapsed=82s eta=54s
  [dscformer_dup_t1_CTRL] [epoch 62/100] batch 210/300 (70%) loss=3285.1738 elapsed=95s eta=41s
  [dscformer_dup_t1_CTRL] [epoch 62/100] batch 240/300 (80%) loss=3222.4075 elapsed=108s eta=27s
  [dscformer_dup_t1_CTRL] [epoch 62/100] batch 270/300 (90%) loss=3252.7366 elapsed=122s eta=14s
  [dscformer_dup_t1_CTRL] [epoch 62/100] batch 300/300 (100%) loss=3289.6924 elapsed=135s eta=0s
[dscformer_dup_t1_CTRL] [sampler] sampled: {0: 400, 1: 400, 2: 400} total=1200 spalling_ratio=24.33%
[dscformer_dup_t1_CTRL] [sampler] unique: {0: 400, 1: 400, 2: 400} unique_total=1200 dup_ratio=1.00x
[dscformer_dup_t1_CTRL] [epoch 062/100] remain=38 epochs ep_eta=88.1min (avg 139s/ep)
[dscformer_dup_t1_CTRL] [epoch 062/100] lr=0.000021  dt=135.4s
  train loss=3289.6924  ce=0.0944 dice=0.2114  tversky=0.0000 bd=0.0000  cldice=0.0000 snake=0.0000
  val   skipped (next val at epoch 65)
[dscformer_dup_t1_CTRL] [curriculum] epoch 63: stage=1 tiers=[0, 1] pool={0: 400, 1: 400, 2: 0}
  [dscformer_dup_t1_CTRL] [epoch 63/100] batch 30/300 (10%) loss=3037.5427 elapsed=14s eta=125s
  [dscformer_dup_t1_CTRL] [epoch 63/100] batch 60/300 (20%) loss=2945.3825 elapsed=27s eta=110s
  [dscformer_dup_t1_CTRL] [epoch 63/100] batch 90/300 (30%) loss=2878.3029 elapsed=41s eta=95s
  [dscformer_dup_t1_CTRL] [epoch 63/100] batch 120/300 (40%) loss=2980.0195 elapsed=54s eta=82s
  [dscformer_dup_t1_CTRL] [epoch 63/100] batch 150/300 (50%) loss=3021.3834 elapsed=68s eta=68s
  [dscformer_dup_t1_CTRL] [epoch 63/100] batch 180/300 (60%) loss=3016.6779 elapsed=82s eta=54s
  [dscformer_dup_t1_CTRL] [epoch 63/100] batch 210/300 (70%) loss=3050.7289 elapsed=95s eta=41s
  [dscformer_dup_t1_CTRL] [epoch 63/100] batch 240/300 (80%) loss=3071.0490 elapsed=108s eta=27s
  [dscformer_dup_t1_CTRL] [epoch 63/100] batch 270/300 (90%) loss=3081.5341 elapsed=122s eta=14s
  [dscformer_dup_t1_CTRL] [epoch 63/100] batch 300/300 (100%) loss=3041.3162 elapsed=135s eta=0s
[dscformer_dup_t1_CTRL] [sampler] sampled: {0: 400, 1: 400, 2: 400} total=1200 spalling_ratio=24.33%
[dscformer_dup_t1_CTRL] [sampler] unique: {0: 400, 1: 400, 2: 400} unique_total=1200 dup_ratio=1.00x
[dscformer_dup_t1_CTRL] [epoch 063/100] remain=37 epochs ep_eta=85.7min (avg 139s/ep)
[dscformer_dup_t1_CTRL] [epoch 063/100] lr=0.000020  dt=135.6s
  train loss=3041.3162  ce=0.0952 dice=0.2150  tversky=0.0000 bd=0.0000  cldice=0.0000 snake=0.0000
  val   skipped (next val at epoch 65)
[dscformer_dup_t1_CTRL] [curriculum] epoch 64: stage=1 tiers=[0, 1] pool={0: 400, 1: 400, 2: 0}
  [dscformer_dup_t1_CTRL] [epoch 64/100] batch 30/300 (10%) loss=2689.4788 elapsed=14s eta=128s
  [dscformer_dup_t1_CTRL] [epoch 64/100] batch 60/300 (20%) loss=2740.2510 elapsed=28s eta=111s
  [dscformer_dup_t1_CTRL] [epoch 64/100] batch 90/300 (30%) loss=2806.3119 elapsed=41s eta=97s
  [dscformer_dup_t1_CTRL] [epoch 64/100] batch 120/300 (40%) loss=2809.5326 elapsed=55s eta=83s
  [dscformer_dup_t1_CTRL] [epoch 64/100] batch 150/300 (50%) loss=2797.1379 elapsed=69s eta=69s
  [dscformer_dup_t1_CTRL] [epoch 64/100] batch 180/300 (60%) loss=2786.3002 elapsed=82s eta=55s
  [dscformer_dup_t1_CTRL] [epoch 64/100] batch 210/300 (70%) loss=2818.5745 elapsed=96s eta=41s
  [dscformer_dup_t1_CTRL] [epoch 64/100] batch 240/300 (80%) loss=2833.0237 elapsed=109s eta=27s
  [dscformer_dup_t1_CTRL] [epoch 64/100] batch 270/300 (90%) loss=2838.6433 elapsed=122s eta=14s
  [dscformer_dup_t1_CTRL] [epoch 64/100] batch 300/300 (100%) loss=2890.8317 elapsed=136s eta=0s
[dscformer_dup_t1_CTRL] [sampler] sampled: {0: 400, 1: 400, 2: 400} total=1200 spalling_ratio=24.33%
[dscformer_dup_t1_CTRL] [sampler] unique: {0: 400, 1: 400, 2: 400} unique_total=1200 dup_ratio=1.00x
[dscformer_dup_t1_CTRL] [epoch 064/100] remain=36 epochs ep_eta=83.4min (avg 139s/ep)
[dscformer_dup_t1_CTRL] [epoch 064/100] lr=0.000019  dt=135.9s
  train loss=2890.8317  ce=0.0945 dice=0.2156  tversky=0.0000 bd=0.0000  cldice=0.0000 snake=0.0000
  val   skipped (next val at epoch 65)
[dscformer_dup_t1_CTRL] [curriculum] epoch 65: stage=1 tiers=[0, 1] pool={0: 400, 1: 400, 2: 0}
  [dscformer_dup_t1_CTRL] [epoch 65/100] batch 30/300 (10%) loss=2789.4638 elapsed=14s eta=126s
  [dscformer_dup_t1_CTRL] [epoch 65/100] batch 60/300 (20%) loss=2721.9685 elapsed=27s eta=109s
  [dscformer_dup_t1_CTRL] [epoch 65/100] batch 90/300 (30%) loss=2679.5248 elapsed=41s eta=95s
  [dscformer_dup_t1_CTRL] [epoch 65/100] batch 120/300 (40%) loss=2744.6588 elapsed=54s eta=81s
  [dscformer_dup_t1_CTRL] [epoch 65/100] batch 150/300 (50%) loss=2790.9056 elapsed=68s eta=68s
  [dscformer_dup_t1_CTRL] [epoch 65/100] batch 180/300 (60%) loss=2786.6352 elapsed=81s eta=54s
  [dscformer_dup_t1_CTRL] [epoch 65/100] batch 210/300 (70%) loss=2815.3800 elapsed=95s eta=41s
  [dscformer_dup_t1_CTRL] [epoch 65/100] batch 240/300 (80%) loss=2807.6225 elapsed=108s eta=27s
  [dscformer_dup_t1_CTRL] [epoch 65/100] batch 270/300 (90%) loss=2809.6545 elapsed=121s eta=13s
  [dscformer_dup_t1_CTRL] [epoch 65/100] batch 300/300 (100%) loss=2860.1201 elapsed=135s eta=0s
[dscformer_dup_t1_CTRL] [sampler] sampled: {0: 400, 1: 400, 2: 400} total=1200 spalling_ratio=24.33%
[dscformer_dup_t1_CTRL] [sampler] unique: {0: 400, 1: 400, 2: 400} unique_total=1200 dup_ratio=1.00x
[dscformer_dup_t1_CTRL] [epoch 065/100] remain=35 epochs ep_eta=81.1min (avg 139s/ep)
[dscformer_dup_t1_CTRL] [epoch 065/100] lr=0.000018  dt=145.0s
  train loss=2860.1201  ce=0.0940 dice=0.2130  tversky=0.0000 bd=0.0000  cldice=0.0000 snake=0.0000
  val   loss=0.2209
  IoU   bg=0.9757  crack=0.5622  spalling=0.8302  | mIoU_fg=0.6962  pix_acc=0.9762
  Dice  bg=0.9877  crack=0.7198  spalling=0.9072
  BF1   crack=0.7244  spalling=0.6567  | BF1_fg_mean=0.6906
  [dscformer_dup_t1_CTRL] [best] mIoU_fg=0.6962  saved -> best.pt
[dscformer_dup_t1_CTRL] [curriculum] epoch 66: stage=1 tiers=[0, 1] pool={0: 400, 1: 400, 2: 0}
  [dscformer_dup_t1_CTRL] [epoch 66/100] batch 30/300 (10%) loss=2862.8793 elapsed=14s eta=125s
  [dscformer_dup_t1_CTRL] [epoch 66/100] batch 60/300 (20%) loss=2846.6319 elapsed=27s eta=108s
  [dscformer_dup_t1_CTRL] [epoch 66/100] batch 90/300 (30%) loss=2830.6088 elapsed=41s eta=95s
  [dscformer_dup_t1_CTRL] [epoch 66/100] batch 120/300 (40%) loss=2908.4224 elapsed=54s eta=81s
  [dscformer_dup_t1_CTRL] [epoch 66/100] batch 150/300 (50%) loss=2904.1484 elapsed=67s eta=67s
  [dscformer_dup_t1_CTRL] [epoch 66/100] batch 180/300 (60%) loss=2927.5918 elapsed=80s eta=54s
  [dscformer_dup_t1_CTRL] [epoch 66/100] batch 210/300 (70%) loss=2906.8226 elapsed=94s eta=40s
  [dscformer_dup_t1_CTRL] [epoch 66/100] batch 240/300 (80%) loss=2876.6085 elapsed=107s eta=27s
  [dscformer_dup_t1_CTRL] [epoch 66/100] batch 270/300 (90%) loss=2888.6295 elapsed=121s eta=13s
  [dscformer_dup_t1_CTRL] [epoch 66/100] batch 300/300 (100%) loss=2915.8898 elapsed=134s eta=0s
[dscformer_dup_t1_CTRL] [sampler] sampled: {0: 400, 1: 400, 2: 400} total=1200 spalling_ratio=24.33%
[dscformer_dup_t1_CTRL] [sampler] unique: {0: 400, 1: 400, 2: 400} unique_total=1200 dup_ratio=1.00x
[dscformer_dup_t1_CTRL] [epoch 066/100] remain=34 epochs ep_eta=78.8min (avg 139s/ep)
[dscformer_dup_t1_CTRL] [epoch 066/100] lr=0.000017  dt=134.5s
  train loss=2915.8898  ce=0.0948 dice=0.2141  tversky=0.0000 bd=0.0000  cldice=0.0000 snake=0.0000
  val   skipped (next val at epoch 70)
[dscformer_dup_t1_CTRL] [curriculum] epoch 67: stage=1 tiers=[0, 1] pool={0: 400, 1: 400, 2: 0}
  [dscformer_dup_t1_CTRL] [epoch 67/100] batch 30/300 (10%) loss=2647.6540 elapsed=14s eta=125s
  [dscformer_dup_t1_CTRL] [epoch 67/100] batch 60/300 (20%) loss=2821.6811 elapsed=27s eta=109s
  [dscformer_dup_t1_CTRL] [epoch 67/100] batch 90/300 (30%) loss=2911.7447 elapsed=41s eta=95s
  [dscformer_dup_t1_CTRL] [epoch 67/100] batch 120/300 (40%) loss=2846.6202 elapsed=54s eta=81s
  [dscformer_dup_t1_CTRL] [epoch 67/100] batch 150/300 (50%) loss=2757.7814 elapsed=67s eta=67s
  [dscformer_dup_t1_CTRL] [epoch 67/100] batch 180/300 (60%) loss=2830.0466 elapsed=80s eta=54s
  [dscformer_dup_t1_CTRL] [epoch 67/100] batch 210/300 (70%) loss=2800.0765 elapsed=94s eta=40s
  [dscformer_dup_t1_CTRL] [epoch 67/100] batch 240/300 (80%) loss=2894.5155 elapsed=107s eta=27s
  [dscformer_dup_t1_CTRL] [epoch 67/100] batch 270/300 (90%) loss=2901.6112 elapsed=121s eta=13s
  [dscformer_dup_t1_CTRL] [epoch 67/100] batch 300/300 (100%) loss=2897.7243 elapsed=134s eta=0s
[dscformer_dup_t1_CTRL] [sampler] sampled: {0: 400, 1: 400, 2: 400} total=1200 spalling_ratio=24.33%
[dscformer_dup_t1_CTRL] [sampler] unique: {0: 400, 1: 400, 2: 400} unique_total=1200 dup_ratio=1.00x
[dscformer_dup_t1_CTRL] [epoch 067/100] remain=33 epochs ep_eta=76.5min (avg 139s/ep)
[dscformer_dup_t1_CTRL] [epoch 067/100] lr=0.000016  dt=134.6s
  train loss=2897.7243  ce=0.0947 dice=0.2150  tversky=0.0000 bd=0.0000  cldice=0.0000 snake=0.0000
  val   skipped (next val at epoch 70)
[dscformer_dup_t1_CTRL] [curriculum] epoch 68: stage=1 tiers=[0, 1] pool={0: 400, 1: 400, 2: 0}
  [dscformer_dup_t1_CTRL] [epoch 68/100] batch 30/300 (10%) loss=2884.9084 elapsed=14s eta=128s
  [dscformer_dup_t1_CTRL] [epoch 68/100] batch 60/300 (20%) loss=2853.8226 elapsed=28s eta=110s
  [dscformer_dup_t1_CTRL] [epoch 68/100] batch 90/300 (30%) loss=3001.7611 elapsed=41s eta=95s
  [dscformer_dup_t1_CTRL] [epoch 68/100] batch 120/300 (40%) loss=2989.9123 elapsed=54s eta=81s
  [dscformer_dup_t1_CTRL] [epoch 68/100] batch 150/300 (50%) loss=2920.7272 elapsed=67s eta=67s
  [dscformer_dup_t1_CTRL] [epoch 68/100] batch 180/300 (60%) loss=2906.4455 elapsed=80s eta=53s
  [dscformer_dup_t1_CTRL] [epoch 68/100] batch 210/300 (70%) loss=2864.1796 elapsed=94s eta=40s
  [dscformer_dup_t1_CTRL] [epoch 68/100] batch 240/300 (80%) loss=2841.6755 elapsed=107s eta=27s
  [dscformer_dup_t1_CTRL] [epoch 68/100] batch 270/300 (90%) loss=2831.4243 elapsed=120s eta=13s
  [dscformer_dup_t1_CTRL] [epoch 68/100] batch 300/300 (100%) loss=2795.4647 elapsed=133s eta=0s
[dscformer_dup_t1_CTRL] [sampler] sampled: {0: 400, 1: 400, 2: 400} total=1200 spalling_ratio=24.33%
[dscformer_dup_t1_CTRL] [sampler] unique: {0: 400, 1: 400, 2: 400} unique_total=1200 dup_ratio=1.00x
[dscformer_dup_t1_CTRL] [epoch 068/100] remain=32 epochs ep_eta=74.1min (avg 139s/ep)
[dscformer_dup_t1_CTRL] [epoch 068/100] lr=0.000015  dt=133.5s
  train loss=2795.4647  ce=0.0945 dice=0.2128  tversky=0.0000 bd=0.0000  cldice=0.0000 snake=0.0000
  val   skipped (next val at epoch 70)
[dscformer_dup_t1_CTRL] [curriculum] epoch 69: stage=1 tiers=[0, 1] pool={0: 400, 1: 400, 2: 0}
  [dscformer_dup_t1_CTRL] [epoch 69/100] batch 30/300 (10%) loss=2629.6894 elapsed=14s eta=128s
  [dscformer_dup_t1_CTRL] [epoch 69/100] batch 60/300 (20%) loss=2591.1929 elapsed=28s eta=110s
  [dscformer_dup_t1_CTRL] [epoch 69/100] batch 90/300 (30%) loss=2663.9615 elapsed=41s eta=95s
  [dscformer_dup_t1_CTRL] [epoch 69/100] batch 120/300 (40%) loss=2857.8712 elapsed=54s eta=81s
  [dscformer_dup_t1_CTRL] [epoch 69/100] batch 150/300 (50%) loss=2930.5697 elapsed=68s eta=68s
  [dscformer_dup_t1_CTRL] [epoch 69/100] batch 180/300 (60%) loss=2888.1261 elapsed=82s eta=54s
  [dscformer_dup_t1_CTRL] [epoch 69/100] batch 210/300 (70%) loss=2855.3955 elapsed=95s eta=41s
  [dscformer_dup_t1_CTRL] [epoch 69/100] batch 240/300 (80%) loss=2839.4268 elapsed=108s eta=27s
  [dscformer_dup_t1_CTRL] [epoch 69/100] batch 270/300 (90%) loss=2832.5728 elapsed=122s eta=14s
  [dscformer_dup_t1_CTRL] [epoch 69/100] batch 300/300 (100%) loss=2795.8634 elapsed=135s eta=0s
[dscformer_dup_t1_CTRL] [sampler] sampled: {0: 400, 1: 400, 2: 400} total=1200 spalling_ratio=24.33%
[dscformer_dup_t1_CTRL] [sampler] unique: {0: 400, 1: 400, 2: 400} unique_total=1200 dup_ratio=1.00x
[dscformer_dup_t1_CTRL] [epoch 069/100] remain=31 epochs ep_eta=71.8min (avg 139s/ep)
[dscformer_dup_t1_CTRL] [epoch 069/100] lr=0.000014  dt=135.5s
  train loss=2795.8634  ce=0.0933 dice=0.2117  tversky=0.0000 bd=0.0000  cldice=0.0000 snake=0.0000
  val   skipped (next val at epoch 70)
[dscformer_dup_t1_CTRL] [curriculum] epoch 70: stage=2 tiers=[0, 1, 2] pool={0: 400, 1: 400, 2: 400}
  [dscformer_dup_t1_CTRL] [epoch 70/100] batch 30/300 (10%) loss=2669.0586 elapsed=14s eta=125s
  [dscformer_dup_t1_CTRL] [epoch 70/100] batch 60/300 (20%) loss=2790.8954 elapsed=27s eta=109s
  [dscformer_dup_t1_CTRL] [epoch 70/100] batch 90/300 (30%) loss=2761.5655 elapsed=41s eta=95s
  [dscformer_dup_t1_CTRL] [epoch 70/100] batch 120/300 (40%) loss=2707.1370 elapsed=55s eta=82s
  [dscformer_dup_t1_CTRL] [epoch 70/100] batch 150/300 (50%) loss=2702.3501 elapsed=68s eta=68s
  [dscformer_dup_t1_CTRL] [epoch 70/100] batch 180/300 (60%) loss=2681.7428 elapsed=81s eta=54s
  [dscformer_dup_t1_CTRL] [epoch 70/100] batch 210/300 (70%) loss=2657.9163 elapsed=95s eta=41s
  [dscformer_dup_t1_CTRL] [epoch 70/100] batch 240/300 (80%) loss=2694.2018 elapsed=109s eta=27s
  [dscformer_dup_t1_CTRL] [epoch 70/100] batch 270/300 (90%) loss=2685.6376 elapsed=122s eta=14s
  [dscformer_dup_t1_CTRL] [epoch 70/100] batch 300/300 (100%) loss=2665.2023 elapsed=135s eta=0s
[dscformer_dup_t1_CTRL] [sampler] sampled: {0: 400, 1: 400, 2: 400} total=1200 spalling_ratio=24.33%
[dscformer_dup_t1_CTRL] [sampler] unique: {0: 400, 1: 400, 2: 400} unique_total=1200 dup_ratio=1.00x
[dscformer_dup_t1_CTRL] [epoch 070/100] remain=30 epochs ep_eta=69.5min (avg 139s/ep)
[dscformer_dup_t1_CTRL] [epoch 070/100] lr=0.000014  dt=145.3s
  train loss=2665.2023  ce=0.0934 dice=0.2114  tversky=0.0000 bd=0.0000  cldice=0.0000 snake=0.0000
  val   loss=0.2145
  IoU   bg=0.9753  crack=0.5652  spalling=0.8179  | mIoU_fg=0.6916  pix_acc=0.9758
  Dice  bg=0.9875  crack=0.7222  spalling=0.8999
  BF1   crack=0.7239  spalling=0.6199  | BF1_fg_mean=0.6719
[dscformer_dup_t1_CTRL] [curriculum] epoch 71: stage=2 tiers=[0, 1, 2] pool={0: 400, 1: 400, 2: 400}
  [dscformer_dup_t1_CTRL] [epoch 71/100] batch 30/300 (10%) loss=2370.2151 elapsed=14s eta=126s
  [dscformer_dup_t1_CTRL] [epoch 71/100] batch 60/300 (20%) loss=2486.2201 elapsed=28s eta=110s
  [dscformer_dup_t1_CTRL] [epoch 71/100] batch 90/300 (30%) loss=2484.0950 elapsed=41s eta=95s
  [dscformer_dup_t1_CTRL] [epoch 71/100] batch 120/300 (40%) loss=2617.1701 elapsed=54s eta=81s
  [dscformer_dup_t1_CTRL] [epoch 71/100] batch 150/300 (50%) loss=2600.5447 elapsed=68s eta=68s
  [dscformer_dup_t1_CTRL] [epoch 71/100] batch 180/300 (60%) loss=2620.1543 elapsed=82s eta=54s
  [dscformer_dup_t1_CTRL] [epoch 71/100] batch 210/300 (70%) loss=2660.6847 elapsed=95s eta=41s
  [dscformer_dup_t1_CTRL] [epoch 71/100] batch 240/300 (80%) loss=2615.0294 elapsed=109s eta=27s
  [dscformer_dup_t1_CTRL] [epoch 71/100] batch 270/300 (90%) loss=2633.0628 elapsed=122s eta=14s
  [dscformer_dup_t1_CTRL] [epoch 71/100] batch 300/300 (100%) loss=2643.6778 elapsed=135s eta=0s
[dscformer_dup_t1_CTRL] [sampler] sampled: {0: 400, 1: 400, 2: 400} total=1200 spalling_ratio=24.33%
[dscformer_dup_t1_CTRL] [sampler] unique: {0: 400, 1: 400, 2: 400} unique_total=1200 dup_ratio=1.00x
[dscformer_dup_t1_CTRL] [epoch 071/100] remain=29 epochs ep_eta=67.2min (avg 139s/ep)
[dscformer_dup_t1_CTRL] [epoch 071/100] lr=0.000013  dt=135.5s
  train loss=2643.6778  ce=0.0941 dice=0.2167  tversky=0.0000 bd=0.0000  cldice=0.0000 snake=0.0000
  val   skipped (next val at epoch 75)
[dscformer_dup_t1_CTRL] [curriculum] epoch 72: stage=2 tiers=[0, 1, 2] pool={0: 400, 1: 400, 2: 400}
  [dscformer_dup_t1_CTRL] [epoch 72/100] batch 30/300 (10%) loss=2469.2076 elapsed=14s eta=126s
  [dscformer_dup_t1_CTRL] [epoch 72/100] batch 60/300 (20%) loss=2456.9094 elapsed=28s eta=110s
  [dscformer_dup_t1_CTRL] [epoch 72/100] batch 90/300 (30%) loss=2511.5735 elapsed=41s eta=96s
  [dscformer_dup_t1_CTRL] [epoch 72/100] batch 120/300 (40%) loss=2537.3589 elapsed=55s eta=82s
  [dscformer_dup_t1_CTRL] [epoch 72/100] batch 150/300 (50%) loss=2716.0780 elapsed=68s eta=68s
  [dscformer_dup_t1_CTRL] [epoch 72/100] batch 180/300 (60%) loss=2694.5419 elapsed=82s eta=55s
  [dscformer_dup_t1_CTRL] [epoch 72/100] batch 210/300 (70%) loss=2697.6931 elapsed=96s eta=41s
  [dscformer_dup_t1_CTRL] [epoch 72/100] batch 240/300 (80%) loss=2656.2215 elapsed=109s eta=27s
  [dscformer_dup_t1_CTRL] [epoch 72/100] batch 270/300 (90%) loss=2628.2778 elapsed=123s eta=14s
  [dscformer_dup_t1_CTRL] [epoch 72/100] batch 300/300 (100%) loss=2591.0569 elapsed=137s eta=0s
[dscformer_dup_t1_CTRL] [sampler] sampled: {0: 400, 1: 400, 2: 400} total=1200 spalling_ratio=24.33%
[dscformer_dup_t1_CTRL] [sampler] unique: {0: 400, 1: 400, 2: 400} unique_total=1200 dup_ratio=1.00x
[dscformer_dup_t1_CTRL] [epoch 072/100] remain=28 epochs ep_eta=64.9min (avg 139s/ep)
[dscformer_dup_t1_CTRL] [epoch 072/100] lr=0.000012  dt=136.9s
  train loss=2591.0569  ce=0.0932 dice=0.2106  tversky=0.0000 bd=0.0000  cldice=0.0000 snake=0.0000
  val   skipped (next val at epoch 75)
[dscformer_dup_t1_CTRL] [curriculum] epoch 73: stage=2 tiers=[0, 1, 2] pool={0: 400, 1: 400, 2: 400}
  [dscformer_dup_t1_CTRL] [epoch 73/100] batch 30/300 (10%) loss=2290.0865 elapsed=14s eta=126s
  [dscformer_dup_t1_CTRL] [epoch 73/100] batch 60/300 (20%) loss=2349.4208 elapsed=28s eta=110s
  [dscformer_dup_t1_CTRL] [epoch 73/100] batch 90/300 (30%) loss=2315.6038 elapsed=41s eta=96s
  [dscformer_dup_t1_CTRL] [epoch 73/100] batch 120/300 (40%) loss=2396.2956 elapsed=54s eta=82s
  [dscformer_dup_t1_CTRL] [epoch 73/100] batch 150/300 (50%) loss=2447.1146 elapsed=68s eta=68s
  [dscformer_dup_t1_CTRL] [epoch 73/100] batch 180/300 (60%) loss=2518.9133 elapsed=82s eta=55s
  [dscformer_dup_t1_CTRL] [epoch 73/100] batch 210/300 (70%) loss=2495.5929 elapsed=96s eta=41s
  [dscformer_dup_t1_CTRL] [epoch 73/100] batch 240/300 (80%) loss=2486.3372 elapsed=109s eta=27s
  [dscformer_dup_t1_CTRL] [epoch 73/100] batch 270/300 (90%) loss=2520.8120 elapsed=123s eta=14s
  [dscformer_dup_t1_CTRL] [epoch 73/100] batch 300/300 (100%) loss=2514.0768 elapsed=136s eta=0s
[dscformer_dup_t1_CTRL] [sampler] sampled: {0: 400, 1: 400, 2: 400} total=1200 spalling_ratio=24.33%
[dscformer_dup_t1_CTRL] [sampler] unique: {0: 400, 1: 400, 2: 400} unique_total=1200 dup_ratio=1.00x
[dscformer_dup_t1_CTRL] [epoch 073/100] remain=27 epochs ep_eta=62.6min (avg 139s/ep)
[dscformer_dup_t1_CTRL] [epoch 073/100] lr=0.000011  dt=136.6s
  train loss=2514.0768  ce=0.0940 dice=0.2140  tversky=0.0000 bd=0.0000  cldice=0.0000 snake=0.0000
  val   skipped (next val at epoch 75)
[dscformer_dup_t1_CTRL] [curriculum] epoch 74: stage=2 tiers=[0, 1, 2] pool={0: 400, 1: 400, 2: 400}
  [dscformer_dup_t1_CTRL] [epoch 74/100] batch 30/300 (10%) loss=2474.6352 elapsed=14s eta=127s
  [dscformer_dup_t1_CTRL] [epoch 74/100] batch 60/300 (20%) loss=2583.2465 elapsed=28s eta=111s
  [dscformer_dup_t1_CTRL] [epoch 74/100] batch 90/300 (30%) loss=2554.2851 elapsed=41s eta=97s
  [dscformer_dup_t1_CTRL] [epoch 74/100] batch 120/300 (40%) loss=2636.4091 elapsed=55s eta=83s
  [dscformer_dup_t1_CTRL] [epoch 74/100] batch 150/300 (50%) loss=2619.5551 elapsed=68s eta=68s
  [dscformer_dup_t1_CTRL] [epoch 74/100] batch 180/300 (60%) loss=2591.1775 elapsed=82s eta=55s
  [dscformer_dup_t1_CTRL] [epoch 74/100] batch 210/300 (70%) loss=2576.3047 elapsed=95s eta=41s
  [dscformer_dup_t1_CTRL] [epoch 74/100] batch 240/300 (80%) loss=2594.3968 elapsed=109s eta=27s
  [dscformer_dup_t1_CTRL] [epoch 74/100] batch 270/300 (90%) loss=2594.0915 elapsed=123s eta=14s
  [dscformer_dup_t1_CTRL] [epoch 74/100] batch 300/300 (100%) loss=2578.7776 elapsed=136s eta=0s
[dscformer_dup_t1_CTRL] [sampler] sampled: {0: 400, 1: 400, 2: 400} total=1200 spalling_ratio=24.33%
[dscformer_dup_t1_CTRL] [sampler] unique: {0: 400, 1: 400, 2: 400} unique_total=1200 dup_ratio=1.00x
[dscformer_dup_t1_CTRL] [epoch 074/100] remain=26 epochs ep_eta=60.2min (avg 139s/ep)
[dscformer_dup_t1_CTRL] [epoch 074/100] lr=0.000010  dt=136.5s
  train loss=2578.7776  ce=0.0938 dice=0.2114  tversky=0.0000 bd=0.0000  cldice=0.0000 snake=0.0000
  val   skipped (next val at epoch 75)
[dscformer_dup_t1_CTRL] [curriculum] epoch 75: stage=2 tiers=[0, 1, 2] pool={0: 400, 1: 400, 2: 400}
  [dscformer_dup_t1_CTRL] [epoch 75/100] batch 30/300 (10%) loss=2668.1425 elapsed=14s eta=128s
  [dscformer_dup_t1_CTRL] [epoch 75/100] batch 60/300 (20%) loss=2649.5914 elapsed=28s eta=112s
  [dscformer_dup_t1_CTRL] [epoch 75/100] batch 90/300 (30%) loss=2555.1644 elapsed=42s eta=97s
  [dscformer_dup_t1_CTRL] [epoch 75/100] batch 120/300 (40%) loss=2495.1828 elapsed=55s eta=82s
  [dscformer_dup_t1_CTRL] [epoch 75/100] batch 150/300 (50%) loss=2614.8294 elapsed=68s eta=68s
  [dscformer_dup_t1_CTRL] [epoch 75/100] batch 180/300 (60%) loss=2591.2295 elapsed=82s eta=55s
  [dscformer_dup_t1_CTRL] [epoch 75/100] batch 210/300 (70%) loss=2599.7901 elapsed=95s eta=41s
  [dscformer_dup_t1_CTRL] [epoch 75/100] batch 240/300 (80%) loss=2572.7460 elapsed=109s eta=27s
  [dscformer_dup_t1_CTRL] [epoch 75/100] batch 270/300 (90%) loss=2592.6658 elapsed=123s eta=14s
  [dscformer_dup_t1_CTRL] [epoch 75/100] batch 300/300 (100%) loss=2576.9257 elapsed=136s eta=0s
[dscformer_dup_t1_CTRL] [sampler] sampled: {0: 400, 1: 400, 2: 400} total=1200 spalling_ratio=24.33%
[dscformer_dup_t1_CTRL] [sampler] unique: {0: 400, 1: 400, 2: 400} unique_total=1200 dup_ratio=1.00x
[dscformer_dup_t1_CTRL] [epoch 075/100] remain=25 epochs ep_eta=58.0min (avg 139s/ep)
[dscformer_dup_t1_CTRL] [epoch 075/100] lr=0.000010  dt=146.0s
  train loss=2576.9257  ce=0.0940 dice=0.2123  tversky=0.0000 bd=0.0000  cldice=0.0000 snake=0.0000
  val   loss=0.2188
  IoU   bg=0.9755  crack=0.5644  spalling=0.8205  | mIoU_fg=0.6924  pix_acc=0.9761
  Dice  bg=0.9876  crack=0.7216  spalling=0.9014
  BF1   crack=0.7268  spalling=0.6512  | BF1_fg_mean=0.6890
[dscformer_dup_t1_CTRL] [curriculum] epoch 76: stage=2 tiers=[0, 1, 2] pool={0: 400, 1: 400, 2: 400}
  [dscformer_dup_t1_CTRL] [epoch 76/100] batch 30/300 (10%) loss=2287.9727 elapsed=14s eta=128s
  [dscformer_dup_t1_CTRL] [epoch 76/100] batch 60/300 (20%) loss=2379.6043 elapsed=28s eta=111s
  [dscformer_dup_t1_CTRL] [epoch 76/100] batch 90/300 (30%) loss=2356.8238 elapsed=41s eta=96s
  [dscformer_dup_t1_CTRL] [epoch 76/100] batch 120/300 (40%) loss=2393.3841 elapsed=55s eta=82s
  [dscformer_dup_t1_CTRL] [epoch 76/100] batch 150/300 (50%) loss=2432.5656 elapsed=68s eta=68s
  [dscformer_dup_t1_CTRL] [epoch 76/100] batch 180/300 (60%) loss=2451.1901 elapsed=82s eta=54s
  [dscformer_dup_t1_CTRL] [epoch 76/100] batch 210/300 (70%) loss=2442.8228 elapsed=95s eta=41s
  [dscformer_dup_t1_CTRL] [epoch 76/100] batch 240/300 (80%) loss=2406.9895 elapsed=109s eta=27s
  [dscformer_dup_t1_CTRL] [epoch 76/100] batch 270/300 (90%) loss=2422.4877 elapsed=122s eta=14s
  [dscformer_dup_t1_CTRL] [epoch 76/100] batch 300/300 (100%) loss=2404.2086 elapsed=135s eta=0s
[dscformer_dup_t1_CTRL] [sampler] sampled: {0: 400, 1: 400, 2: 400} total=1200 spalling_ratio=24.33%
[dscformer_dup_t1_CTRL] [sampler] unique: {0: 400, 1: 400, 2: 400} unique_total=1200 dup_ratio=1.00x
[dscformer_dup_t1_CTRL] [epoch 076/100] remain=24 epochs ep_eta=55.7min (avg 139s/ep)
[dscformer_dup_t1_CTRL] [epoch 076/100] lr=0.000009  dt=135.7s
  train loss=2404.2086  ce=0.0939 dice=0.2139  tversky=0.0000 bd=0.0000  cldice=0.0000 snake=0.0000
  val   skipped (next val at epoch 80)
[dscformer_dup_t1_CTRL] [curriculum] epoch 77: stage=2 tiers=[0, 1, 2] pool={0: 400, 1: 400, 2: 400}
  [dscformer_dup_t1_CTRL] [epoch 77/100] batch 30/300 (10%) loss=2800.5250 elapsed=14s eta=127s
  [dscformer_dup_t1_CTRL] [epoch 77/100] batch 60/300 (20%) loss=2624.8584 elapsed=28s eta=112s
  [dscformer_dup_t1_CTRL] [epoch 77/100] batch 90/300 (30%) loss=2472.3564 elapsed=41s eta=97s
  [dscformer_dup_t1_CTRL] [epoch 77/100] batch 120/300 (40%) loss=2399.5152 elapsed=55s eta=82s
  [dscformer_dup_t1_CTRL] [epoch 77/100] batch 150/300 (50%) loss=2447.6461 elapsed=68s eta=68s
  [dscformer_dup_t1_CTRL] [epoch 77/100] batch 180/300 (60%) loss=2420.9198 elapsed=82s eta=54s
  [dscformer_dup_t1_CTRL] [epoch 77/100] batch 210/300 (70%) loss=2436.5794 elapsed=95s eta=41s
  [dscformer_dup_t1_CTRL] [epoch 77/100] batch 240/300 (80%) loss=2497.6148 elapsed=109s eta=27s
  [dscformer_dup_t1_CTRL] [epoch 77/100] batch 270/300 (90%) loss=2555.3246 elapsed=122s eta=14s
  [dscformer_dup_t1_CTRL] [epoch 77/100] batch 300/300 (100%) loss=2539.8834 elapsed=136s eta=0s
[dscformer_dup_t1_CTRL] [sampler] sampled: {0: 400, 1: 400, 2: 400} total=1200 spalling_ratio=24.33%
[dscformer_dup_t1_CTRL] [sampler] unique: {0: 400, 1: 400, 2: 400} unique_total=1200 dup_ratio=1.00x
[dscformer_dup_t1_CTRL] [epoch 077/100] remain=23 epochs ep_eta=53.3min (avg 139s/ep)
[dscformer_dup_t1_CTRL] [epoch 077/100] lr=0.000008  dt=136.1s
  train loss=2539.8834  ce=0.0930 dice=0.2096  tversky=0.0000 bd=0.0000  cldice=0.0000 snake=0.0000
  val   skipped (next val at epoch 80)
[dscformer_dup_t1_CTRL] [curriculum] epoch 78: stage=2 tiers=[0, 1, 2] pool={0: 400, 1: 400, 2: 400}
  [dscformer_dup_t1_CTRL] [epoch 78/100] batch 30/300 (10%) loss=3293.4862 elapsed=14s eta=127s
  [dscformer_dup_t1_CTRL] [epoch 78/100] batch 60/300 (20%) loss=2945.5615 elapsed=28s eta=111s
  [dscformer_dup_t1_CTRL] [epoch 78/100] batch 90/300 (30%) loss=2710.7756 elapsed=41s eta=96s
  [dscformer_dup_t1_CTRL] [epoch 78/100] batch 120/300 (40%) loss=2669.6489 elapsed=55s eta=82s
  [dscformer_dup_t1_CTRL] [epoch 78/100] batch 150/300 (50%) loss=2570.4039 elapsed=68s eta=68s
  [dscformer_dup_t1_CTRL] [epoch 78/100] batch 180/300 (60%) loss=2524.5889 elapsed=82s eta=55s
  [dscformer_dup_t1_CTRL] [epoch 78/100] batch 210/300 (70%) loss=2548.0722 elapsed=96s eta=41s
  [dscformer_dup_t1_CTRL] [epoch 78/100] batch 240/300 (80%) loss=2512.4448 elapsed=109s eta=27s
  [dscformer_dup_t1_CTRL] [epoch 78/100] batch 270/300 (90%) loss=2508.1664 elapsed=122s eta=14s
  [dscformer_dup_t1_CTRL] [epoch 78/100] batch 300/300 (100%) loss=2498.3716 elapsed=136s eta=0s
[dscformer_dup_t1_CTRL] [sampler] sampled: {0: 400, 1: 400, 2: 400} total=1200 spalling_ratio=24.33%
[dscformer_dup_t1_CTRL] [sampler] unique: {0: 400, 1: 400, 2: 400} unique_total=1200 dup_ratio=1.00x
[dscformer_dup_t1_CTRL] [epoch 078/100] remain=22 epochs ep_eta=51.0min (avg 139s/ep)
[dscformer_dup_t1_CTRL] [epoch 078/100] lr=0.000008  dt=136.0s
  train loss=2498.3716  ce=0.0925 dice=0.2128  tversky=0.0000 bd=0.0000  cldice=0.0000 snake=0.0000
  val   skipped (next val at epoch 80)
[dscformer_dup_t1_CTRL] [curriculum] epoch 79: stage=2 tiers=[0, 1, 2] pool={0: 400, 1: 400, 2: 400}
  [dscformer_dup_t1_CTRL] [epoch 79/100] batch 30/300 (10%) loss=2785.7012 elapsed=14s eta=127s
  [dscformer_dup_t1_CTRL] [epoch 79/100] batch 60/300 (20%) loss=2654.3181 elapsed=28s eta=111s
  [dscformer_dup_t1_CTRL] [epoch 79/100] batch 90/300 (30%) loss=2638.6398 elapsed=41s eta=96s
  [dscformer_dup_t1_CTRL] [epoch 79/100] batch 120/300 (40%) loss=2559.9388 elapsed=55s eta=82s
  [dscformer_dup_t1_CTRL] [epoch 79/100] batch 150/300 (50%) loss=2522.6353 elapsed=68s eta=68s
  [dscformer_dup_t1_CTRL] [epoch 79/100] batch 180/300 (60%) loss=2515.9261 elapsed=82s eta=54s
  [dscformer_dup_t1_CTRL] [epoch 79/100] batch 210/300 (70%) loss=2451.4230 elapsed=95s eta=41s
  [dscformer_dup_t1_CTRL] [epoch 79/100] batch 240/300 (80%) loss=2426.5902 elapsed=108s eta=27s
  [dscformer_dup_t1_CTRL] [epoch 79/100] batch 270/300 (90%) loss=2432.8509 elapsed=122s eta=14s
  [dscformer_dup_t1_CTRL] [epoch 79/100] batch 300/300 (100%) loss=2462.0721 elapsed=135s eta=0s
[dscformer_dup_t1_CTRL] [sampler] sampled: {0: 400, 1: 400, 2: 400} total=1200 spalling_ratio=24.33%
[dscformer_dup_t1_CTRL] [sampler] unique: {0: 400, 1: 400, 2: 400} unique_total=1200 dup_ratio=1.00x
[dscformer_dup_t1_CTRL] [epoch 079/100] remain=21 epochs ep_eta=48.7min (avg 139s/ep)
[dscformer_dup_t1_CTRL] [epoch 079/100] lr=0.000007  dt=135.6s
  train loss=2462.0721  ce=0.0926 dice=0.2131  tversky=0.0000 bd=0.0000  cldice=0.0000 snake=0.0000
  val   skipped (next val at epoch 80)
[dscformer_dup_t1_CTRL] [curriculum] epoch 80: stage=2 tiers=[0, 1, 2] pool={0: 400, 1: 400, 2: 400}
  [dscformer_dup_t1_CTRL] [epoch 80/100] batch 30/300 (10%) loss=2242.5044 elapsed=14s eta=128s
  [dscformer_dup_t1_CTRL] [epoch 80/100] batch 60/300 (20%) loss=2362.1350 elapsed=28s eta=111s
  [dscformer_dup_t1_CTRL] [epoch 80/100] batch 90/300 (30%) loss=2365.3354 elapsed=41s eta=96s
  [dscformer_dup_t1_CTRL] [epoch 80/100] batch 120/300 (40%) loss=2490.8500 elapsed=55s eta=82s
  [dscformer_dup_t1_CTRL] [epoch 80/100] batch 150/300 (50%) loss=2513.5313 elapsed=68s eta=68s
  [dscformer_dup_t1_CTRL] [epoch 80/100] batch 180/300 (60%) loss=2453.7560 elapsed=82s eta=55s
  [dscformer_dup_t1_CTRL] [epoch 80/100] batch 210/300 (70%) loss=2469.7458 elapsed=95s eta=41s
  [dscformer_dup_t1_CTRL] [epoch 80/100] batch 240/300 (80%) loss=2520.7500 elapsed=109s eta=27s
  [dscformer_dup_t1_CTRL] [epoch 80/100] batch 270/300 (90%) loss=2490.0452 elapsed=122s eta=14s
  [dscformer_dup_t1_CTRL] [epoch 80/100] batch 300/300 (100%) loss=2502.6663 elapsed=136s eta=0s
[dscformer_dup_t1_CTRL] [sampler] sampled: {0: 400, 1: 400, 2: 400} total=1200 spalling_ratio=24.33%
[dscformer_dup_t1_CTRL] [sampler] unique: {0: 400, 1: 400, 2: 400} unique_total=1200 dup_ratio=1.00x
[dscformer_dup_t1_CTRL] [epoch 080/100] remain=20 epochs ep_eta=46.4min (avg 139s/ep)
[dscformer_dup_t1_CTRL] [epoch 080/100] lr=0.000006  dt=145.6s
  train loss=2502.6663  ce=0.0923 dice=0.2172  tversky=0.0000 bd=0.0000  cldice=0.0000 snake=0.0000
  val   loss=0.2166
  IoU   bg=0.9756  crack=0.5654  spalling=0.8169  | mIoU_fg=0.6911  pix_acc=0.9761
  Dice  bg=0.9877  crack=0.7224  spalling=0.8992
  BF1   crack=0.7270  spalling=0.6568  | BF1_fg_mean=0.6919
[dscformer_dup_t1_CTRL] [curriculum] epoch 81: stage=2 tiers=[0, 1, 2] pool={0: 400, 1: 400, 2: 400}
  [dscformer_dup_t1_CTRL] [epoch 81/100] batch 30/300 (10%) loss=2233.0859 elapsed=14s eta=129s
  [dscformer_dup_t1_CTRL] [epoch 81/100] batch 60/300 (20%) loss=2576.8162 elapsed=28s eta=111s
  [dscformer_dup_t1_CTRL] [epoch 81/100] batch 90/300 (30%) loss=2596.7687 elapsed=41s eta=97s
  [dscformer_dup_t1_CTRL] [epoch 81/100] batch 120/300 (40%) loss=2461.3844 elapsed=55s eta=82s
  [dscformer_dup_t1_CTRL] [epoch 81/100] batch 150/300 (50%) loss=2389.5650 elapsed=68s eta=68s
  [dscformer_dup_t1_CTRL] [epoch 81/100] batch 180/300 (60%) loss=2468.9461 elapsed=82s eta=55s
  [dscformer_dup_t1_CTRL] [epoch 81/100] batch 210/300 (70%) loss=2475.2813 elapsed=95s eta=41s
  [dscformer_dup_t1_CTRL] [epoch 81/100] batch 240/300 (80%) loss=2496.2629 elapsed=109s eta=27s
  [dscformer_dup_t1_CTRL] [epoch 81/100] batch 270/300 (90%) loss=2491.7205 elapsed=122s eta=14s
  [dscformer_dup_t1_CTRL] [epoch 81/100] batch 300/300 (100%) loss=2498.5463 elapsed=136s eta=0s
[dscformer_dup_t1_CTRL] [sampler] sampled: {0: 400, 1: 400, 2: 400} total=1200 spalling_ratio=24.33%
[dscformer_dup_t1_CTRL] [sampler] unique: {0: 400, 1: 400, 2: 400} unique_total=1200 dup_ratio=1.00x
[dscformer_dup_t1_CTRL] [epoch 081/100] remain=19 epochs ep_eta=44.1min (avg 139s/ep)
[dscformer_dup_t1_CTRL] [epoch 081/100] lr=0.000006  dt=136.0s
  train loss=2498.5463  ce=0.0932 dice=0.2102  tversky=0.0000 bd=0.0000  cldice=0.0000 snake=0.0000
  val   skipped (next val at epoch 85)
[dscformer_dup_t1_CTRL] [curriculum] epoch 82: stage=2 tiers=[0, 1, 2] pool={0: 400, 1: 400, 2: 400}
  [dscformer_dup_t1_CTRL] [epoch 82/100] batch 30/300 (10%) loss=2359.6699 elapsed=14s eta=126s
  [dscformer_dup_t1_CTRL] [epoch 82/100] batch 60/300 (20%) loss=2284.4639 elapsed=28s eta=111s
  [dscformer_dup_t1_CTRL] [epoch 82/100] batch 90/300 (30%) loss=2316.2429 elapsed=41s eta=96s
  [dscformer_dup_t1_CTRL] [epoch 82/100] batch 120/300 (40%) loss=2304.8464 elapsed=55s eta=82s
  [dscformer_dup_t1_CTRL] [epoch 82/100] batch 150/300 (50%) loss=2312.8269 elapsed=68s eta=68s
  [dscformer_dup_t1_CTRL] [epoch 82/100] batch 180/300 (60%) loss=2326.0935 elapsed=82s eta=55s
  [dscformer_dup_t1_CTRL] [epoch 82/100] batch 210/300 (70%) loss=2345.1931 elapsed=96s eta=41s
  [dscformer_dup_t1_CTRL] [epoch 82/100] batch 240/300 (80%) loss=2346.8415 elapsed=109s eta=27s
  [dscformer_dup_t1_CTRL] [epoch 82/100] batch 270/300 (90%) loss=2402.5360 elapsed=122s eta=14s
  [dscformer_dup_t1_CTRL] [epoch 82/100] batch 300/300 (100%) loss=2387.6901 elapsed=136s eta=0s
[dscformer_dup_t1_CTRL] [sampler] sampled: {0: 400, 1: 400, 2: 400} total=1200 spalling_ratio=24.33%
[dscformer_dup_t1_CTRL] [sampler] unique: {0: 400, 1: 400, 2: 400} unique_total=1200 dup_ratio=1.00x
[dscformer_dup_t1_CTRL] [epoch 082/100] remain=18 epochs ep_eta=41.7min (avg 139s/ep)
[dscformer_dup_t1_CTRL] [epoch 082/100] lr=0.000005  dt=136.0s
  train loss=2387.6901  ce=0.0930 dice=0.2183  tversky=0.0000 bd=0.0000  cldice=0.0000 snake=0.0000
  val   skipped (next val at epoch 85)
[dscformer_dup_t1_CTRL] [curriculum] epoch 83: stage=2 tiers=[0, 1, 2] pool={0: 400, 1: 400, 2: 400}
  [dscformer_dup_t1_CTRL] [epoch 83/100] batch 30/300 (10%) loss=2482.8115 elapsed=14s eta=126s
  [dscformer_dup_t1_CTRL] [epoch 83/100] batch 60/300 (20%) loss=2499.9726 elapsed=27s eta=110s
  [dscformer_dup_t1_CTRL] [epoch 83/100] batch 90/300 (30%) loss=2491.0520 elapsed=41s eta=96s
  [dscformer_dup_t1_CTRL] [epoch 83/100] batch 120/300 (40%) loss=2349.0363 elapsed=55s eta=82s
  [dscformer_dup_t1_CTRL] [epoch 83/100] batch 150/300 (50%) loss=2401.6885 elapsed=68s eta=68s
  [dscformer_dup_t1_CTRL] [epoch 83/100] batch 180/300 (60%) loss=2482.7582 elapsed=82s eta=54s
  [dscformer_dup_t1_CTRL] [epoch 83/100] batch 210/300 (70%) loss=2466.7952 elapsed=95s eta=41s
  [dscformer_dup_t1_CTRL] [epoch 83/100] batch 240/300 (80%) loss=2454.2384 elapsed=109s eta=27s
  [dscformer_dup_t1_CTRL] [epoch 83/100] batch 270/300 (90%) loss=2409.6058 elapsed=122s eta=14s
  [dscformer_dup_t1_CTRL] [epoch 83/100] batch 300/300 (100%) loss=2401.4673 elapsed=135s eta=0s
[dscformer_dup_t1_CTRL] [sampler] sampled: {0: 400, 1: 400, 2: 400} total=1200 spalling_ratio=24.33%
[dscformer_dup_t1_CTRL] [sampler] unique: {0: 400, 1: 400, 2: 400} unique_total=1200 dup_ratio=1.00x
[dscformer_dup_t1_CTRL] [epoch 083/100] remain=17 epochs ep_eta=39.4min (avg 139s/ep)
[dscformer_dup_t1_CTRL] [epoch 083/100] lr=0.000005  dt=135.6s
  train loss=2401.4673  ce=0.0920 dice=0.2133  tversky=0.0000 bd=0.0000  cldice=0.0000 snake=0.0000
  val   skipped (next val at epoch 85)
[dscformer_dup_t1_CTRL] [curriculum] epoch 84: stage=2 tiers=[0, 1, 2] pool={0: 400, 1: 400, 2: 400}
  [dscformer_dup_t1_CTRL] [epoch 84/100] batch 30/300 (10%) loss=2258.0786 elapsed=14s eta=127s
  [dscformer_dup_t1_CTRL] [epoch 84/100] batch 60/300 (20%) loss=2160.3903 elapsed=28s eta=111s
  [dscformer_dup_t1_CTRL] [epoch 84/100] batch 90/300 (30%) loss=2156.4223 elapsed=41s eta=96s
  [dscformer_dup_t1_CTRL] [epoch 84/100] batch 120/300 (40%) loss=2196.4825 elapsed=55s eta=82s
  [dscformer_dup_t1_CTRL] [epoch 84/100] batch 150/300 (50%) loss=2266.3814 elapsed=69s eta=69s
  [dscformer_dup_t1_CTRL] [epoch 84/100] batch 180/300 (60%) loss=2299.0299 elapsed=82s eta=55s
  [dscformer_dup_t1_CTRL] [epoch 84/100] batch 210/300 (70%) loss=2295.9405 elapsed=96s eta=41s
  [dscformer_dup_t1_CTRL] [epoch 84/100] batch 240/300 (80%) loss=2347.0384 elapsed=109s eta=27s
  [dscformer_dup_t1_CTRL] [epoch 84/100] batch 270/300 (90%) loss=2394.2492 elapsed=122s eta=14s
  [dscformer_dup_t1_CTRL] [epoch 84/100] batch 300/300 (100%) loss=2387.1257 elapsed=136s eta=0s
[dscformer_dup_t1_CTRL] [sampler] sampled: {0: 400, 1: 400, 2: 400} total=1200 spalling_ratio=24.33%
[dscformer_dup_t1_CTRL] [sampler] unique: {0: 400, 1: 400, 2: 400} unique_total=1200 dup_ratio=1.00x
[dscformer_dup_t1_CTRL] [epoch 084/100] remain=16 epochs ep_eta=37.1min (avg 139s/ep)
[dscformer_dup_t1_CTRL] [epoch 084/100] lr=0.000004  dt=136.2s
  train loss=2387.1257  ce=0.0927 dice=0.2130  tversky=0.0000 bd=0.0000  cldice=0.0000 snake=0.0000
  val   skipped (next val at epoch 85)
[dscformer_dup_t1_CTRL] [curriculum] epoch 85: stage=2 tiers=[0, 1, 2] pool={0: 400, 1: 400, 2: 400}
  [dscformer_dup_t1_CTRL] [epoch 85/100] batch 30/300 (10%) loss=2370.8143 elapsed=14s eta=128s
  [dscformer_dup_t1_CTRL] [epoch 85/100] batch 60/300 (20%) loss=2385.0678 elapsed=28s eta=111s
  [dscformer_dup_t1_CTRL] [epoch 85/100] batch 90/300 (30%) loss=2285.5326 elapsed=41s eta=96s
  [dscformer_dup_t1_CTRL] [epoch 85/100] batch 120/300 (40%) loss=2266.4480 elapsed=54s eta=82s
  [dscformer_dup_t1_CTRL] [epoch 85/100] batch 150/300 (50%) loss=2304.3648 elapsed=68s eta=68s
  [dscformer_dup_t1_CTRL] [epoch 85/100] batch 180/300 (60%) loss=2284.1410 elapsed=81s eta=54s
  [dscformer_dup_t1_CTRL] [epoch 85/100] batch 210/300 (70%) loss=2310.6107 elapsed=95s eta=41s
  [dscformer_dup_t1_CTRL] [epoch 85/100] batch 240/300 (80%) loss=2292.8724 elapsed=108s eta=27s
  [dscformer_dup_t1_CTRL] [epoch 85/100] batch 270/300 (90%) loss=2269.8849 elapsed=121s eta=13s
  [dscformer_dup_t1_CTRL] [epoch 85/100] batch 300/300 (100%) loss=2248.4029 elapsed=135s eta=0s
[dscformer_dup_t1_CTRL] [sampler] sampled: {0: 400, 1: 400, 2: 400} total=1200 spalling_ratio=24.33%
[dscformer_dup_t1_CTRL] [sampler] unique: {0: 400, 1: 400, 2: 400} unique_total=1200 dup_ratio=1.00x
[dscformer_dup_t1_CTRL] [epoch 085/100] remain=15 epochs ep_eta=34.8min (avg 139s/ep)
[dscformer_dup_t1_CTRL] [epoch 085/100] lr=0.000004  dt=144.6s
  train loss=2248.4029  ce=0.0924 dice=0.2111  tversky=0.0000 bd=0.0000  cldice=0.0000 snake=0.0000
  val   loss=0.2160
  IoU   bg=0.9755  crack=0.5652  spalling=0.8194  | mIoU_fg=0.6923  pix_acc=0.9761
  Dice  bg=0.9876  crack=0.7222  spalling=0.9007
  BF1   crack=0.7264  spalling=0.6567  | BF1_fg_mean=0.6915
[dscformer_dup_t1_CTRL] [curriculum] epoch 86: stage=2 tiers=[0, 1, 2] pool={0: 400, 1: 400, 2: 400}
  [dscformer_dup_t1_CTRL] [epoch 86/100] batch 30/300 (10%) loss=2395.5302 elapsed=14s eta=124s
  [dscformer_dup_t1_CTRL] [epoch 86/100] batch 60/300 (20%) loss=2378.8915 elapsed=27s eta=109s
  [dscformer_dup_t1_CTRL] [epoch 86/100] batch 90/300 (30%) loss=2274.5898 elapsed=41s eta=95s
  [dscformer_dup_t1_CTRL] [epoch 86/100] batch 120/300 (40%) loss=2416.1654 elapsed=54s eta=81s
  [dscformer_dup_t1_CTRL] [epoch 86/100] batch 150/300 (50%) loss=2367.1847 elapsed=68s eta=68s
  [dscformer_dup_t1_CTRL] [epoch 86/100] batch 180/300 (60%) loss=2380.9407 elapsed=81s eta=54s
  [dscformer_dup_t1_CTRL] [epoch 86/100] batch 210/300 (70%) loss=2450.5500 elapsed=95s eta=41s
  [dscformer_dup_t1_CTRL] [epoch 86/100] batch 240/300 (80%) loss=2402.6427 elapsed=108s eta=27s
  [dscformer_dup_t1_CTRL] [epoch 86/100] batch 270/300 (90%) loss=2362.0176 elapsed=122s eta=14s
  [dscformer_dup_t1_CTRL] [epoch 86/100] batch 300/300 (100%) loss=2366.5175 elapsed=135s eta=0s
[dscformer_dup_t1_CTRL] [sampler] sampled: {0: 400, 1: 400, 2: 400} total=1200 spalling_ratio=24.33%
[dscformer_dup_t1_CTRL] [sampler] unique: {0: 400, 1: 400, 2: 400} unique_total=1200 dup_ratio=1.00x
[dscformer_dup_t1_CTRL] [epoch 086/100] remain=14 epochs ep_eta=32.5min (avg 139s/ep)
[dscformer_dup_t1_CTRL] [epoch 086/100] lr=0.000003  dt=135.2s
  train loss=2366.5175  ce=0.0929 dice=0.2137  tversky=0.0000 bd=0.0000  cldice=0.0000 snake=0.0000
  val   skipped (next val at epoch 90)
[dscformer_dup_t1_CTRL] [curriculum] epoch 87: stage=2 tiers=[0, 1, 2] pool={0: 400, 1: 400, 2: 400}
  [dscformer_dup_t1_CTRL] [epoch 87/100] batch 30/300 (10%) loss=2631.6319 elapsed=14s eta=128s
  [dscformer_dup_t1_CTRL] [epoch 87/100] batch 60/300 (20%) loss=2502.1412 elapsed=28s eta=110s
  [dscformer_dup_t1_CTRL] [epoch 87/100] batch 90/300 (30%) loss=2477.5116 elapsed=41s eta=96s
  [dscformer_dup_t1_CTRL] [epoch 87/100] batch 120/300 (40%) loss=2433.5891 elapsed=54s eta=82s
  [dscformer_dup_t1_CTRL] [epoch 87/100] batch 150/300 (50%) loss=2329.2382 elapsed=68s eta=68s
  [dscformer_dup_t1_CTRL] [epoch 87/100] batch 180/300 (60%) loss=2314.4894 elapsed=81s eta=54s
  [dscformer_dup_t1_CTRL] [epoch 87/100] batch 210/300 (70%) loss=2312.0775 elapsed=95s eta=41s
  [dscformer_dup_t1_CTRL] [epoch 87/100] batch 240/300 (80%) loss=2311.3859 elapsed=108s eta=27s
  [dscformer_dup_t1_CTRL] [epoch 87/100] batch 270/300 (90%) loss=2280.8055 elapsed=122s eta=14s
  [dscformer_dup_t1_CTRL] [epoch 87/100] batch 300/300 (100%) loss=2289.6076 elapsed=135s eta=0s
[dscformer_dup_t1_CTRL] [sampler] sampled: {0: 400, 1: 400, 2: 400} total=1200 spalling_ratio=24.33%
[dscformer_dup_t1_CTRL] [sampler] unique: {0: 400, 1: 400, 2: 400} unique_total=1200 dup_ratio=1.00x
[dscformer_dup_t1_CTRL] [epoch 087/100] remain=13 epochs ep_eta=30.1min (avg 139s/ep)
[dscformer_dup_t1_CTRL] [epoch 087/100] lr=0.000003  dt=135.4s
  train loss=2289.6076  ce=0.0924 dice=0.2072  tversky=0.0000 bd=0.0000  cldice=0.0000 snake=0.0000
  val   skipped (next val at epoch 90)
[dscformer_dup_t1_CTRL] [curriculum] epoch 88: stage=2 tiers=[0, 1, 2] pool={0: 400, 1: 400, 2: 400}
  [dscformer_dup_t1_CTRL] [epoch 88/100] batch 30/300 (10%) loss=2271.0598 elapsed=14s eta=127s
  [dscformer_dup_t1_CTRL] [epoch 88/100] batch 60/300 (20%) loss=2285.2087 elapsed=28s eta=111s
  [dscformer_dup_t1_CTRL] [epoch 88/100] batch 90/300 (30%) loss=2239.7087 elapsed=41s eta=96s
  [dscformer_dup_t1_CTRL] [epoch 88/100] batch 120/300 (40%) loss=2242.7920 elapsed=54s eta=82s
  [dscformer_dup_t1_CTRL] [epoch 88/100] batch 150/300 (50%) loss=2392.0960 elapsed=68s eta=68s
  [dscformer_dup_t1_CTRL] [epoch 88/100] batch 180/300 (60%) loss=2368.9259 elapsed=81s eta=54s
  [dscformer_dup_t1_CTRL] [epoch 88/100] batch 210/300 (70%) loss=2370.2566 elapsed=95s eta=41s
  [dscformer_dup_t1_CTRL] [epoch 88/100] batch 240/300 (80%) loss=2409.9776 elapsed=108s eta=27s
  [dscformer_dup_t1_CTRL] [epoch 88/100] batch 270/300 (90%) loss=2384.8458 elapsed=122s eta=14s
  [dscformer_dup_t1_CTRL] [epoch 88/100] batch 300/300 (100%) loss=2358.0993 elapsed=136s eta=0s
[dscformer_dup_t1_CTRL] [sampler] sampled: {0: 400, 1: 400, 2: 400} total=1200 spalling_ratio=24.33%
[dscformer_dup_t1_CTRL] [sampler] unique: {0: 400, 1: 400, 2: 400} unique_total=1200 dup_ratio=1.00x
[dscformer_dup_t1_CTRL] [epoch 088/100] remain=12 epochs ep_eta=27.8min (avg 139s/ep)
[dscformer_dup_t1_CTRL] [epoch 088/100] lr=0.000002  dt=136.0s
  train loss=2358.0993  ce=0.0926 dice=0.2111  tversky=0.0000 bd=0.0000  cldice=0.0000 snake=0.0000
  val   skipped (next val at epoch 90)
[dscformer_dup_t1_CTRL] [curriculum] epoch 89: stage=2 tiers=[0, 1, 2] pool={0: 400, 1: 400, 2: 400}
  [dscformer_dup_t1_CTRL] [epoch 89/100] batch 30/300 (10%) loss=2699.8328 elapsed=14s eta=127s
  [dscformer_dup_t1_CTRL] [epoch 89/100] batch 60/300 (20%) loss=2491.2763 elapsed=28s eta=110s
  [dscformer_dup_t1_CTRL] [epoch 89/100] batch 90/300 (30%) loss=2410.6902 elapsed=41s eta=95s
  [dscformer_dup_t1_CTRL] [epoch 89/100] batch 120/300 (40%) loss=2362.2574 elapsed=54s eta=81s
  [dscformer_dup_t1_CTRL] [epoch 89/100] batch 150/300 (50%) loss=2303.8351 elapsed=68s eta=68s
  [dscformer_dup_t1_CTRL] [epoch 89/100] batch 180/300 (60%) loss=2327.0041 elapsed=81s eta=54s
  [dscformer_dup_t1_CTRL] [epoch 89/100] batch 210/300 (70%) loss=2385.3257 elapsed=95s eta=41s
  [dscformer_dup_t1_CTRL] [epoch 89/100] batch 240/300 (80%) loss=2379.5855 elapsed=109s eta=27s
  [dscformer_dup_t1_CTRL] [epoch 89/100] batch 270/300 (90%) loss=2395.8956 elapsed=122s eta=14s
  [dscformer_dup_t1_CTRL] [epoch 89/100] batch 300/300 (100%) loss=2402.7396 elapsed=135s eta=0s
[dscformer_dup_t1_CTRL] [sampler] sampled: {0: 400, 1: 400, 2: 400} total=1200 spalling_ratio=24.33%
[dscformer_dup_t1_CTRL] [sampler] unique: {0: 400, 1: 400, 2: 400} unique_total=1200 dup_ratio=1.00x
[dscformer_dup_t1_CTRL] [epoch 089/100] remain=11 epochs ep_eta=25.5min (avg 139s/ep)
[dscformer_dup_t1_CTRL] [epoch 089/100] lr=0.000002  dt=135.1s
  train loss=2402.7396  ce=0.0929 dice=0.2106  tversky=0.0000 bd=0.0000  cldice=0.0000 snake=0.0000
  val   skipped (next val at epoch 90)
[dscformer_dup_t1_CTRL] [curriculum] epoch 90: stage=2 tiers=[0, 1, 2] pool={0: 400, 1: 400, 2: 400}
  [dscformer_dup_t1_CTRL] [epoch 90/100] batch 30/300 (10%) loss=2360.6385 elapsed=14s eta=125s
  [dscformer_dup_t1_CTRL] [epoch 90/100] batch 60/300 (20%) loss=2441.8940 elapsed=27s eta=110s
  [dscformer_dup_t1_CTRL] [epoch 90/100] batch 90/300 (30%) loss=2364.8836 elapsed=41s eta=96s
  [dscformer_dup_t1_CTRL] [epoch 90/100] batch 120/300 (40%) loss=2308.0175 elapsed=55s eta=82s
  [dscformer_dup_t1_CTRL] [epoch 90/100] batch 150/300 (50%) loss=2286.9988 elapsed=68s eta=68s
  [dscformer_dup_t1_CTRL] [epoch 90/100] batch 180/300 (60%) loss=2365.2582 elapsed=82s eta=54s
  [dscformer_dup_t1_CTRL] [epoch 90/100] batch 210/300 (70%) loss=2344.0784 elapsed=95s eta=41s
  [dscformer_dup_t1_CTRL] [epoch 90/100] batch 240/300 (80%) loss=2334.0338 elapsed=109s eta=27s
  [dscformer_dup_t1_CTRL] [epoch 90/100] batch 270/300 (90%) loss=2339.3316 elapsed=122s eta=14s
  [dscformer_dup_t1_CTRL] [epoch 90/100] batch 300/300 (100%) loss=2332.2536 elapsed=136s eta=0s
[dscformer_dup_t1_CTRL] [sampler] sampled: {0: 400, 1: 400, 2: 400} total=1200 spalling_ratio=24.33%
[dscformer_dup_t1_CTRL] [sampler] unique: {0: 400, 1: 400, 2: 400} unique_total=1200 dup_ratio=1.00x
[dscformer_dup_t1_CTRL] [epoch 090/100] remain=10 epochs ep_eta=23.2min (avg 139s/ep)
[dscformer_dup_t1_CTRL] [epoch 090/100] lr=0.000002  dt=145.5s
  train loss=2332.2536  ce=0.0923 dice=0.2120  tversky=0.0000 bd=0.0000  cldice=0.0000 snake=0.0000
  val   loss=0.2163
  IoU   bg=0.9752  crack=0.5641  spalling=0.8200  | mIoU_fg=0.6920  pix_acc=0.9758
  Dice  bg=0.9875  crack=0.7213  spalling=0.9011
  BF1   crack=0.7235  spalling=0.6548  | BF1_fg_mean=0.6891
[dscformer_dup_t1_CTRL] [curriculum] epoch 91: stage=2 tiers=[0, 1, 2] pool={0: 400, 1: 400, 2: 400}
  [dscformer_dup_t1_CTRL] [epoch 91/100] batch 30/300 (10%) loss=2059.3697 elapsed=14s eta=124s
  [dscformer_dup_t1_CTRL] [epoch 91/100] batch 60/300 (20%) loss=2127.1597 elapsed=27s eta=108s
  [dscformer_dup_t1_CTRL] [epoch 91/100] batch 90/300 (30%) loss=2138.3534 elapsed=41s eta=95s
  [dscformer_dup_t1_CTRL] [epoch 91/100] batch 120/300 (40%) loss=2206.9141 elapsed=54s eta=81s
  [dscformer_dup_t1_CTRL] [epoch 91/100] batch 150/300 (50%) loss=2230.3745 elapsed=67s eta=67s
  [dscformer_dup_t1_CTRL] [epoch 91/100] batch 180/300 (60%) loss=2240.8044 elapsed=81s eta=54s
  [dscformer_dup_t1_CTRL] [epoch 91/100] batch 210/300 (70%) loss=2213.7981 elapsed=94s eta=40s
  [dscformer_dup_t1_CTRL] [epoch 91/100] batch 240/300 (80%) loss=2237.4044 elapsed=108s eta=27s
  [dscformer_dup_t1_CTRL] [epoch 91/100] batch 270/300 (90%) loss=2229.5066 elapsed=122s eta=14s
  [dscformer_dup_t1_CTRL] [epoch 91/100] batch 300/300 (100%) loss=2229.9724 elapsed=135s eta=0s
[dscformer_dup_t1_CTRL] [sampler] sampled: {0: 400, 1: 400, 2: 400} total=1200 spalling_ratio=24.33%
[dscformer_dup_t1_CTRL] [sampler] unique: {0: 400, 1: 400, 2: 400} unique_total=1200 dup_ratio=1.00x
[dscformer_dup_t1_CTRL] [epoch 091/100] remain=9 epochs ep_eta=20.9min (avg 139s/ep)
[dscformer_dup_t1_CTRL] [epoch 091/100] lr=0.000001  dt=145.1s
  train loss=2229.9724  ce=0.0935 dice=0.2153  tversky=0.0000 bd=0.0000  cldice=0.0000 snake=0.0000
  val   loss=0.2162
  IoU   bg=0.9755  crack=0.5653  spalling=0.8199  | mIoU_fg=0.6926  pix_acc=0.9760
  Dice  bg=0.9876  crack=0.7223  spalling=0.9010
  BF1   crack=0.7255  spalling=0.6494  | BF1_fg_mean=0.6875
[dscformer_dup_t1_CTRL] [curriculum] epoch 92: stage=2 tiers=[0, 1, 2] pool={0: 400, 1: 400, 2: 400}
  [dscformer_dup_t1_CTRL] [epoch 92/100] batch 30/300 (10%) loss=2394.7653 elapsed=14s eta=128s
  [dscformer_dup_t1_CTRL] [epoch 92/100] batch 60/300 (20%) loss=2210.4772 elapsed=28s eta=111s
  [dscformer_dup_t1_CTRL] [epoch 92/100] batch 90/300 (30%) loss=2133.9504 elapsed=41s eta=96s
  [dscformer_dup_t1_CTRL] [epoch 92/100] batch 120/300 (40%) loss=2279.1412 elapsed=54s eta=82s
  [dscformer_dup_t1_CTRL] [epoch 92/100] batch 150/300 (50%) loss=2243.6747 elapsed=68s eta=68s
  [dscformer_dup_t1_CTRL] [epoch 92/100] batch 180/300 (60%) loss=2221.0589 elapsed=82s eta=54s
  [dscformer_dup_t1_CTRL] [epoch 92/100] batch 210/300 (70%) loss=2196.1099 elapsed=95s eta=41s
  [dscformer_dup_t1_CTRL] [epoch 92/100] batch 240/300 (80%) loss=2193.1348 elapsed=108s eta=27s
  [dscformer_dup_t1_CTRL] [epoch 92/100] batch 270/300 (90%) loss=2177.1805 elapsed=122s eta=14s
  [dscformer_dup_t1_CTRL] [epoch 92/100] batch 300/300 (100%) loss=2175.6669 elapsed=136s eta=0s
[dscformer_dup_t1_CTRL] [sampler] sampled: {0: 400, 1: 400, 2: 400} total=1200 spalling_ratio=24.33%
[dscformer_dup_t1_CTRL] [sampler] unique: {0: 400, 1: 400, 2: 400} unique_total=1200 dup_ratio=1.00x
[dscformer_dup_t1_CTRL] [epoch 092/100] remain=8 epochs ep_eta=18.6min (avg 139s/ep)
[dscformer_dup_t1_CTRL] [epoch 092/100] lr=0.000001  dt=145.7s
  train loss=2175.6669  ce=0.0921 dice=0.2081  tversky=0.0000 bd=0.0000  cldice=0.0000 snake=0.0000
  val   loss=0.2159
  IoU   bg=0.9756  crack=0.5664  spalling=0.8225  | mIoU_fg=0.6944  pix_acc=0.9762
  Dice  bg=0.9877  crack=0.7232  spalling=0.9026
  BF1   crack=0.7266  spalling=0.6492  | BF1_fg_mean=0.6879
[dscformer_dup_t1_CTRL] [curriculum] epoch 93: stage=2 tiers=[0, 1, 2] pool={0: 400, 1: 400, 2: 400}
  [dscformer_dup_t1_CTRL] [epoch 93/100] batch 30/300 (10%) loss=2380.8695 elapsed=14s eta=127s
  [dscformer_dup_t1_CTRL] [epoch 93/100] batch 60/300 (20%) loss=2336.3005 elapsed=28s eta=111s
  [dscformer_dup_t1_CTRL] [epoch 93/100] batch 90/300 (30%) loss=2354.4433 elapsed=41s eta=96s
  [dscformer_dup_t1_CTRL] [epoch 93/100] batch 120/300 (40%) loss=2321.1367 elapsed=55s eta=82s
  [dscformer_dup_t1_CTRL] [epoch 93/100] batch 150/300 (50%) loss=2298.9821 elapsed=68s eta=68s
  [dscformer_dup_t1_CTRL] [epoch 93/100] batch 180/300 (60%) loss=2338.6344 elapsed=82s eta=54s
  [dscformer_dup_t1_CTRL] [epoch 93/100] batch 210/300 (70%) loss=2315.5615 elapsed=95s eta=41s
  [dscformer_dup_t1_CTRL] [epoch 93/100] batch 240/300 (80%) loss=2322.4193 elapsed=109s eta=27s
  [dscformer_dup_t1_CTRL] [epoch 93/100] batch 270/300 (90%) loss=2287.8760 elapsed=122s eta=14s
  [dscformer_dup_t1_CTRL] [epoch 93/100] batch 300/300 (100%) loss=2280.4256 elapsed=136s eta=0s
[dscformer_dup_t1_CTRL] [sampler] sampled: {0: 400, 1: 400, 2: 400} total=1200 spalling_ratio=24.33%
[dscformer_dup_t1_CTRL] [sampler] unique: {0: 400, 1: 400, 2: 400} unique_total=1200 dup_ratio=1.00x
[dscformer_dup_t1_CTRL] [epoch 093/100] remain=7 epochs ep_eta=16.3min (avg 139s/ep)
[dscformer_dup_t1_CTRL] [epoch 093/100] lr=0.000001  dt=145.5s
  train loss=2280.4256  ce=0.0928 dice=0.2118  tversky=0.0000 bd=0.0000  cldice=0.0000 snake=0.0000
  val   loss=0.2157
  IoU   bg=0.9755  crack=0.5656  spalling=0.8211  | mIoU_fg=0.6934  pix_acc=0.9760
  Dice  bg=0.9876  crack=0.7226  spalling=0.9018
  BF1   crack=0.7260  spalling=0.6506  | BF1_fg_mean=0.6883
[dscformer_dup_t1_CTRL] [curriculum] epoch 94: stage=2 tiers=[0, 1, 2] pool={0: 400, 1: 400, 2: 400}
  [dscformer_dup_t1_CTRL] [epoch 94/100] batch 30/300 (10%) loss=2439.3388 elapsed=14s eta=127s
  [dscformer_dup_t1_CTRL] [epoch 94/100] batch 60/300 (20%) loss=2425.3913 elapsed=27s eta=110s
  [dscformer_dup_t1_CTRL] [epoch 94/100] batch 90/300 (30%) loss=2328.3197 elapsed=41s eta=95s
  [dscformer_dup_t1_CTRL] [epoch 94/100] batch 120/300 (40%) loss=2458.5571 elapsed=54s eta=81s
  [dscformer_dup_t1_CTRL] [epoch 94/100] batch 150/300 (50%) loss=2423.8297 elapsed=68s eta=68s
  [dscformer_dup_t1_CTRL] [epoch 94/100] batch 180/300 (60%) loss=2408.4149 elapsed=81s eta=54s
  [dscformer_dup_t1_CTRL] [epoch 94/100] batch 210/300 (70%) loss=2388.1236 elapsed=95s eta=41s
  [dscformer_dup_t1_CTRL] [epoch 94/100] batch 240/300 (80%) loss=2415.2160 elapsed=108s eta=27s
  [dscformer_dup_t1_CTRL] [epoch 94/100] batch 270/300 (90%) loss=2384.1937 elapsed=122s eta=14s
  [dscformer_dup_t1_CTRL] [epoch 94/100] batch 300/300 (100%) loss=2378.9262 elapsed=135s eta=0s
[dscformer_dup_t1_CTRL] [sampler] sampled: {0: 400, 1: 400, 2: 400} total=1200 spalling_ratio=24.33%
[dscformer_dup_t1_CTRL] [sampler] unique: {0: 400, 1: 400, 2: 400} unique_total=1200 dup_ratio=1.00x
[dscformer_dup_t1_CTRL] [epoch 094/100] remain=6 epochs ep_eta=14.0min (avg 140s/ep)
[dscformer_dup_t1_CTRL] [epoch 094/100] lr=0.000001  dt=145.1s
  train loss=2378.9262  ce=0.0932 dice=0.2127  tversky=0.0000 bd=0.0000  cldice=0.0000 snake=0.0000
  val   loss=0.2155
  IoU   bg=0.9754  crack=0.5658  spalling=0.8217  | mIoU_fg=0.6938  pix_acc=0.9760
  Dice  bg=0.9876  crack=0.7227  spalling=0.9021
  BF1   crack=0.7246  spalling=0.6501  | BF1_fg_mean=0.6874
[dscformer_dup_t1_CTRL] [curriculum] epoch 95: stage=2 tiers=[0, 1, 2] pool={0: 400, 1: 400, 2: 400}
  [dscformer_dup_t1_CTRL] [epoch 95/100] batch 30/300 (10%) loss=2208.3054 elapsed=14s eta=129s
  [dscformer_dup_t1_CTRL] [epoch 95/100] batch 60/300 (20%) loss=2253.6259 elapsed=28s eta=112s
  [dscformer_dup_t1_CTRL] [epoch 95/100] batch 90/300 (30%) loss=2278.4781 elapsed=41s eta=96s
  [dscformer_dup_t1_CTRL] [epoch 95/100] batch 120/300 (40%) loss=2219.6790 elapsed=55s eta=82s
  [dscformer_dup_t1_CTRL] [epoch 95/100] batch 150/300 (50%) loss=2281.4124 elapsed=68s eta=68s
  [dscformer_dup_t1_CTRL] [epoch 95/100] batch 180/300 (60%) loss=2285.9327 elapsed=82s eta=54s
  [dscformer_dup_t1_CTRL] [epoch 95/100] batch 210/300 (70%) loss=2283.0506 elapsed=95s eta=41s
  [dscformer_dup_t1_CTRL] [epoch 95/100] batch 240/300 (80%) loss=2286.0789 elapsed=109s eta=27s
  [dscformer_dup_t1_CTRL] [epoch 95/100] batch 270/300 (90%) loss=2279.3389 elapsed=122s eta=14s
  [dscformer_dup_t1_CTRL] [epoch 95/100] batch 300/300 (100%) loss=2338.3612 elapsed=136s eta=0s
[dscformer_dup_t1_CTRL] [sampler] sampled: {0: 400, 1: 400, 2: 400} total=1200 spalling_ratio=24.33%
[dscformer_dup_t1_CTRL] [sampler] unique: {0: 400, 1: 400, 2: 400} unique_total=1200 dup_ratio=1.00x
[dscformer_dup_t1_CTRL] [epoch 095/100] remain=5 epochs ep_eta=11.6min (avg 140s/ep)
[dscformer_dup_t1_CTRL] [epoch 095/100] lr=0.000000  dt=145.5s
  train loss=2338.3612  ce=0.0925 dice=0.2106  tversky=0.0000 bd=0.0000  cldice=0.0000 snake=0.0000
  val   loss=0.2153
  IoU   bg=0.9753  crack=0.5651  spalling=0.8220  | mIoU_fg=0.6936  pix_acc=0.9759
  Dice  bg=0.9875  crack=0.7221  spalling=0.9023
  BF1   crack=0.7246  spalling=0.6510  | BF1_fg_mean=0.6878
[dscformer_dup_t1_CTRL] [curriculum] epoch 96: stage=2 tiers=[0, 1, 2] pool={0: 400, 1: 400, 2: 400}
  [dscformer_dup_t1_CTRL] [epoch 96/100] batch 30/300 (10%) loss=2190.9558 elapsed=14s eta=125s
  [dscformer_dup_t1_CTRL] [epoch 96/100] batch 60/300 (20%) loss=2144.0960 elapsed=28s eta=111s
  [dscformer_dup_t1_CTRL] [epoch 96/100] batch 90/300 (30%) loss=2149.4972 elapsed=41s eta=96s
  [dscformer_dup_t1_CTRL] [epoch 96/100] batch 120/300 (40%) loss=2106.4265 elapsed=55s eta=82s
  [dscformer_dup_t1_CTRL] [epoch 96/100] batch 150/300 (50%) loss=2108.6331 elapsed=68s eta=68s
  [dscformer_dup_t1_CTRL] [epoch 96/100] batch 180/300 (60%) loss=2234.3540 elapsed=82s eta=55s
  [dscformer_dup_t1_CTRL] [epoch 96/100] batch 210/300 (70%) loss=2306.6757 elapsed=95s eta=41s
  [dscformer_dup_t1_CTRL] [epoch 96/100] batch 240/300 (80%) loss=2297.5756 elapsed=109s eta=27s
  [dscformer_dup_t1_CTRL] [epoch 96/100] batch 270/300 (90%) loss=2307.6421 elapsed=122s eta=14s
  [dscformer_dup_t1_CTRL] [epoch 96/100] batch 300/300 (100%) loss=2328.0280 elapsed=135s eta=0s
[dscformer_dup_t1_CTRL] [sampler] sampled: {0: 400, 1: 400, 2: 400} total=1200 spalling_ratio=24.33%
[dscformer_dup_t1_CTRL] [sampler] unique: {0: 400, 1: 400, 2: 400} unique_total=1200 dup_ratio=1.00x
[dscformer_dup_t1_CTRL] [epoch 096/100] remain=4 epochs ep_eta=9.3min (avg 140s/ep)
[dscformer_dup_t1_CTRL] [epoch 096/100] lr=0.000000  dt=145.3s
  train loss=2328.0280  ce=0.0930 dice=0.2155  tversky=0.0000 bd=0.0000  cldice=0.0000 snake=0.0000
  val   loss=0.2151
  IoU   bg=0.9755  crack=0.5658  spalling=0.8215  | mIoU_fg=0.6936  pix_acc=0.9760
  Dice  bg=0.9876  crack=0.7227  spalling=0.9020
  BF1   crack=0.7263  spalling=0.6529  | BF1_fg_mean=0.6896
[dscformer_dup_t1_CTRL] [curriculum] epoch 97: stage=2 tiers=[0, 1, 2] pool={0: 400, 1: 400, 2: 400}
  [dscformer_dup_t1_CTRL] [epoch 97/100] batch 30/300 (10%) loss=3475.0341 elapsed=14s eta=125s
  [dscformer_dup_t1_CTRL] [epoch 97/100] batch 60/300 (20%) loss=3253.3246 elapsed=28s eta=111s
  [dscformer_dup_t1_CTRL] [epoch 97/100] batch 90/300 (30%) loss=2939.8758 elapsed=41s eta=96s
  [dscformer_dup_t1_CTRL] [epoch 97/100] batch 120/300 (40%) loss=2763.1754 elapsed=55s eta=82s
  [dscformer_dup_t1_CTRL] [epoch 97/100] batch 150/300 (50%) loss=2629.1434 elapsed=68s eta=68s
  [dscformer_dup_t1_CTRL] [epoch 97/100] batch 180/300 (60%) loss=2555.8574 elapsed=82s eta=55s
  [dscformer_dup_t1_CTRL] [epoch 97/100] batch 210/300 (70%) loss=2544.5850 elapsed=95s eta=41s
  [dscformer_dup_t1_CTRL] [epoch 97/100] batch 240/300 (80%) loss=2492.7231 elapsed=109s eta=27s
  [dscformer_dup_t1_CTRL] [epoch 97/100] batch 270/300 (90%) loss=2451.0902 elapsed=122s eta=14s
  [dscformer_dup_t1_CTRL] [epoch 97/100] batch 300/300 (100%) loss=2408.4164 elapsed=135s eta=0s
[dscformer_dup_t1_CTRL] [sampler] sampled: {0: 400, 1: 400, 2: 400} total=1200 spalling_ratio=24.33%
[dscformer_dup_t1_CTRL] [sampler] unique: {0: 400, 1: 400, 2: 400} unique_total=1200 dup_ratio=1.00x
[dscformer_dup_t1_CTRL] [epoch 097/100] remain=3 epochs ep_eta=7.0min (avg 140s/ep)
[dscformer_dup_t1_CTRL] [epoch 097/100] lr=0.000000  dt=145.1s
  train loss=2408.4164  ce=0.0918 dice=0.2126  tversky=0.0000 bd=0.0000  cldice=0.0000 snake=0.0000
  val   loss=0.2156
  IoU   bg=0.9755  crack=0.5656  spalling=0.8211  | mIoU_fg=0.6934  pix_acc=0.9760
  Dice  bg=0.9876  crack=0.7226  spalling=0.9018
  BF1   crack=0.7259  spalling=0.6501  | BF1_fg_mean=0.6880
[dscformer_dup_t1_CTRL] [curriculum] epoch 98: stage=2 tiers=[0, 1, 2] pool={0: 400, 1: 400, 2: 400}
  [dscformer_dup_t1_CTRL] [epoch 98/100] batch 30/300 (10%) loss=2338.1334 elapsed=14s eta=127s
  [dscformer_dup_t1_CTRL] [epoch 98/100] batch 60/300 (20%) loss=2162.7870 elapsed=28s eta=110s
  [dscformer_dup_t1_CTRL] [epoch 98/100] batch 90/300 (30%) loss=2115.9869 elapsed=41s eta=95s
  [dscformer_dup_t1_CTRL] [epoch 98/100] batch 120/300 (40%) loss=2119.6767 elapsed=54s eta=81s
  [dscformer_dup_t1_CTRL] [epoch 98/100] batch 150/300 (50%) loss=2139.2752 elapsed=67s eta=67s
  [dscformer_dup_t1_CTRL] [epoch 98/100] batch 180/300 (60%) loss=2144.1356 elapsed=81s eta=54s
  [dscformer_dup_t1_CTRL] [epoch 98/100] batch 210/300 (70%) loss=2169.4216 elapsed=94s eta=40s
  [dscformer_dup_t1_CTRL] [epoch 98/100] batch 240/300 (80%) loss=2171.1678 elapsed=108s eta=27s
  [dscformer_dup_t1_CTRL] [epoch 98/100] batch 270/300 (90%) loss=2153.3224 elapsed=121s eta=13s
  [dscformer_dup_t1_CTRL] [epoch 98/100] batch 300/300 (100%) loss=2141.0689 elapsed=134s eta=0s
[dscformer_dup_t1_CTRL] [sampler] sampled: {0: 400, 1: 400, 2: 400} total=1200 spalling_ratio=24.33%
[dscformer_dup_t1_CTRL] [sampler] unique: {0: 400, 1: 400, 2: 400} unique_total=1200 dup_ratio=1.00x
[dscformer_dup_t1_CTRL] [epoch 098/100] remain=2 epochs ep_eta=4.7min (avg 140s/ep)
[dscformer_dup_t1_CTRL] [epoch 098/100] lr=0.000000  dt=144.5s
  train loss=2141.0689  ce=0.0923 dice=0.2098  tversky=0.0000 bd=0.0000  cldice=0.0000 snake=0.0000
  val   loss=0.2157
  IoU   bg=0.9754  crack=0.5651  spalling=0.8213  | mIoU_fg=0.6932  pix_acc=0.9759
  Dice  bg=0.9875  crack=0.7221  spalling=0.9019
  BF1   crack=0.7250  spalling=0.6515  | BF1_fg_mean=0.6882
[dscformer_dup_t1_CTRL] [curriculum] epoch 99: stage=2 tiers=[0, 1, 2] pool={0: 400, 1: 400, 2: 400}
  [dscformer_dup_t1_CTRL] [epoch 99/100] batch 30/300 (10%) loss=2300.8385 elapsed=14s eta=125s
  [dscformer_dup_t1_CTRL] [epoch 99/100] batch 60/300 (20%) loss=2240.4264 elapsed=27s eta=108s
  [dscformer_dup_t1_CTRL] [epoch 99/100] batch 90/300 (30%) loss=2168.6873 elapsed=41s eta=95s
  [dscformer_dup_t1_CTRL] [epoch 99/100] batch 120/300 (40%) loss=2159.3052 elapsed=54s eta=81s
  [dscformer_dup_t1_CTRL] [epoch 99/100] batch 150/300 (50%) loss=2251.7666 elapsed=67s eta=67s
  [dscformer_dup_t1_CTRL] [epoch 99/100] batch 180/300 (60%) loss=2270.5551 elapsed=81s eta=54s
  [dscformer_dup_t1_CTRL] [epoch 99/100] batch 210/300 (70%) loss=2279.6338 elapsed=94s eta=40s
  [dscformer_dup_t1_CTRL] [epoch 99/100] batch 240/300 (80%) loss=2253.9069 elapsed=108s eta=27s
  [dscformer_dup_t1_CTRL] [epoch 99/100] batch 270/300 (90%) loss=2270.3396 elapsed=121s eta=13s
  [dscformer_dup_t1_CTRL] [epoch 99/100] batch 300/300 (100%) loss=2269.8475 elapsed=134s eta=0s
[dscformer_dup_t1_CTRL] [sampler] sampled: {0: 400, 1: 400, 2: 400} total=1200 spalling_ratio=24.33%
[dscformer_dup_t1_CTRL] [sampler] unique: {0: 400, 1: 400, 2: 400} unique_total=1200 dup_ratio=1.00x
[dscformer_dup_t1_CTRL] [epoch 099/100] remain=1 epochs ep_eta=2.3min (avg 140s/ep)
[dscformer_dup_t1_CTRL] [epoch 099/100] lr=0.000000  dt=144.3s
  train loss=2269.8475  ce=0.0924 dice=0.2127  tversky=0.0000 bd=0.0000  cldice=0.0000 snake=0.0000
  val   loss=0.2155
  IoU   bg=0.9754  crack=0.5655  spalling=0.8215  | mIoU_fg=0.6935  pix_acc=0.9760
  Dice  bg=0.9876  crack=0.7225  spalling=0.9020
  BF1   crack=0.7256  spalling=0.6526  | BF1_fg_mean=0.6891
[dscformer_dup_t1_CTRL] [curriculum] epoch 100: stage=2 tiers=[0, 1, 2] pool={0: 400, 1: 400, 2: 400}
  [dscformer_dup_t1_CTRL] [epoch 100/100] batch 30/300 (10%) loss=2529.2347 elapsed=14s eta=129s
  [dscformer_dup_t1_CTRL] [epoch 100/100] batch 60/300 (20%) loss=2252.2055 elapsed=28s eta=110s
  [dscformer_dup_t1_CTRL] [epoch 100/100] batch 90/300 (30%) loss=2214.1960 elapsed=41s eta=96s
  [dscformer_dup_t1_CTRL] [epoch 100/100] batch 120/300 (40%) loss=2181.4799 elapsed=55s eta=82s
  [dscformer_dup_t1_CTRL] [epoch 100/100] batch 150/300 (50%) loss=2259.3382 elapsed=68s eta=68s
  [dscformer_dup_t1_CTRL] [epoch 100/100] batch 180/300 (60%) loss=2252.9355 elapsed=82s eta=54s
  [dscformer_dup_t1_CTRL] [epoch 100/100] batch 210/300 (70%) loss=2223.5991 elapsed=95s eta=41s
  [dscformer_dup_t1_CTRL] [epoch 100/100] batch 240/300 (80%) loss=2311.4337 elapsed=109s eta=27s
  [dscformer_dup_t1_CTRL] [epoch 100/100] batch 270/300 (90%) loss=2282.3662 elapsed=122s eta=14s
  [dscformer_dup_t1_CTRL] [epoch 100/100] batch 300/300 (100%) loss=2278.4631 elapsed=135s eta=0s
[dscformer_dup_t1_CTRL] [sampler] sampled: {0: 400, 1: 400, 2: 400} total=1200 spalling_ratio=24.33%
[dscformer_dup_t1_CTRL] [sampler] unique: {0: 400, 1: 400, 2: 400} unique_total=1200 dup_ratio=1.00x
[dscformer_dup_t1_CTRL] [epoch 100/100] remain=0 epochs ep_eta=0.0min (avg 140s/ep)
[dscformer_dup_t1_CTRL] [epoch 100/100] lr=0.000000  dt=145.5s
  train loss=2278.4631  ce=0.0929 dice=0.2111  tversky=0.0000 bd=0.0000  cldice=0.0000 snake=0.0000
  val   loss=0.2156
  IoU   bg=0.9751  crack=0.5638  spalling=0.8218  | mIoU_fg=0.6928  pix_acc=0.9757
  Dice  bg=0.9874  crack=0.7211  spalling=0.9022
  BF1   crack=0.7232  spalling=0.6538  | BF1_fg_mean=0.6885

[train] final test eval using best checkpoint
IoU   bg=0.9735  crack=0.5607  spalling=0.7897  | mIoU_fg=0.6752  pix_acc=0.9744
Dice  bg=0.9866  crack=0.7185  spalling=0.8825
BF1   crack=0.7206  spalling=0.5643  | BF1_fg_mean=0.6424
clDice crack=0.8153
[train] wrote /workspace/dam-segmentation-baselines/full_method/runs/dscformer_dup_t1_CTRL/test_report.txt
[train] wrote /workspace/dam-segmentation-baselines/full_method/runs/dscformer_dup_t1_CTRL/curves.png
