Some weights of SegformerForSemanticSegmentation were not initialized from the model checkpoint at nvidia/segformer-b2-finetuned-ade-512-512 and are newly initialized because the shapes did not match:
- decode_head.classifier.weight: found shape torch.Size([150, 768, 1, 1]) in the checkpoint and torch.Size([3, 768, 1, 1]) in the model instantiated
- decode_head.classifier.bias: found shape torch.Size([150]) in the checkpoint and torch.Size([3]) in the model instantiated
You should probably TRAIN this model on a down-stream task to be able to use it for predictions and inference.
[train] cuDNN warmup OK
[train] full_method (full_method_F1v2)
[train] device=cuda  torch=2.6.0+cu124  transformers=4.57.6
[train] cfg: pretrained=nvidia/segformer-b2-finetuned-ade-512-512 img=512 bs=4 grad_accum=1 epochs=100 lr=6e-05 warmup=5
[train] difficulty: alpha=1.0 beta=0.5 gamma=0.3 delta=0.3 ema=0.9 tau=0.5
[train] bonuses: spalling=0.3 late_hard_crack=0.4
[train] ablation switches: dynamic_difficulty=True class_sampling_bonus=False class_loss_schedule=False boundary_loss=False tversky_loss=False
[train] new switches: soft_curriculum=False softmax_sampling=True dynamic_loss_reweight=False (lambda=0.5) soft_boundary=False (start=0.6 max=0.1)
[train] cldice: use=True weight=0.05 start_epoch=60 iters=7
[train] no_curriculum=False
[train] competence: hard=False soft=True c0=0.333 duration=70 floors=[0.05,0.02,0.0]
[train] sizes: train=1200 val=150 test=150
[train] building records (scanning masks for has_spalling) ...
[train] records: {0: 400, 1: 400, 2: 400}  has_spalling=292/1200
[train] raw pixel frequency: {'background': 0.952165391031901, 'crack': 0.03423014119466146, 'spalling': 0.0136044677734375}
[train] clipped weights    : {'background': 0.25, 'crack': 1.080772481700143, 'spalling': 1.7143055384148256}
[train] running OOM probe ...
[train] OOM probe OK
[train] mixed precision (AMP) enabled
[train] viz samples (6):
    Hard/H (99).jpg
    Hard/H (365).jpg
    Medium/M (127).jpg
    Medium/M (422).jpg
    Hard/H (431).jpg
    Hard/H (476).jpg
[full_method_F1v2] [curriculum] epoch 1: c=0.333 target_weights={0:0.980, 1:0.020, 2:0.000}
  [full_method_F1v2] [epoch 1/100] batch 30/300 (10%) loss=0.9958 elapsed=18s eta=163s
  [full_method_F1v2] [epoch 1/100] batch 60/300 (20%) loss=0.9945 elapsed=35s eta=140s
  [full_method_F1v2] [epoch 1/100] batch 90/300 (30%) loss=0.9925 elapsed=55s eta=128s
  [full_method_F1v2] [epoch 1/100] batch 120/300 (40%) loss=0.9908 elapsed=73s eta=109s
  [full_method_F1v2] [epoch 1/100] batch 150/300 (50%) loss=0.9901 elapsed=88s eta=88s
  [full_method_F1v2] [epoch 1/100] batch 180/300 (60%) loss=0.9891 elapsed=104s eta=69s
  [full_method_F1v2] [epoch 1/100] batch 210/300 (70%) loss=0.9880 elapsed=119s eta=51s
  [full_method_F1v2] [epoch 1/100] batch 240/300 (80%) loss=0.9872 elapsed=134s eta=34s
  [full_method_F1v2] [epoch 1/100] batch 270/300 (90%) loss=0.9864 elapsed=151s eta=17s
  [full_method_F1v2] [epoch 1/100] batch 300/300 (100%) loss=0.9857 elapsed=167s eta=0s
[full_method_F1v2] [sampler] sampled: {0: 1176, 1: 24, 2: 0} total=1200 spalling_ratio=32.92%
[full_method_F1v2] [sampler] unique: {0: 377, 1: 24, 2: 0} unique_total=401 dup_ratio=2.99x
  difficulty: mean=-0.000 std=1.966
[full_method_F1v2] [epoch 001/100] remain=99 epochs ep_eta=294.4min (avg 178s/ep)
[full_method_F1v2] [epoch 001/100] lr=0.000012  dt=178.4s
  train loss=0.9857  ce=1.0163 dice=0.9550  tversky=0.0000 bd=0.0000  cldice=0.0000
  val   loss=0.9827
  IoU   bg=0.6332  crack=0.0406  spalling=0.0151  | mIoU_fg=0.0278  pix_acc=0.6301
  Dice  bg=0.7754  crack=0.0781  spalling=0.0297
  BF1   crack=0.0644  spalling=0.0312  | BF1_fg_mean=0.0478
  [full_method_F1v2] [best] mIoU_fg=0.0278  saved -> best.pt
[full_method_F1v2] [curriculum] epoch 2: c=0.352 target_weights={0:0.931, 1:0.069, 2:0.000}
  [full_method_F1v2] [epoch 2/100] batch 30/300 (10%) loss=0.9489 elapsed=18s eta=158s
  [full_method_F1v2] [epoch 2/100] batch 60/300 (20%) loss=0.9290 elapsed=34s eta=136s
  [full_method_F1v2] [epoch 2/100] batch 90/300 (30%) loss=0.9093 elapsed=50s eta=118s
  [full_method_F1v2] [epoch 2/100] batch 120/300 (40%) loss=0.8928 elapsed=65s eta=98s
  [full_method_F1v2] [epoch 2/100] batch 150/300 (50%) loss=0.8731 elapsed=81s eta=81s
  [full_method_F1v2] [epoch 2/100] batch 180/300 (60%) loss=0.8572 elapsed=98s eta=65s
  [full_method_F1v2] [epoch 2/100] batch 210/300 (70%) loss=0.8421 elapsed=113s eta=48s
  [full_method_F1v2] [epoch 2/100] batch 240/300 (80%) loss=0.8273 elapsed=128s eta=32s
  [full_method_F1v2] [epoch 2/100] batch 270/300 (90%) loss=0.8123 elapsed=144s eta=16s
  [full_method_F1v2] [epoch 2/100] batch 300/300 (100%) loss=0.7981 elapsed=159s eta=0s
[full_method_F1v2] [sampler] sampled: {0: 1118, 1: 82, 2: 0} total=1200 spalling_ratio=34.83%
[full_method_F1v2] [sampler] unique: {0: 375, 1: 82, 2: 0} unique_total=457 dup_ratio=2.63x
  difficulty: mean=0.000 std=1.947
[full_method_F1v2] [epoch 002/100] remain=98 epochs ep_eta=279.1min (avg 171s/ep)
[full_method_F1v2] [epoch 002/100] lr=0.000024  dt=159.7s
  train loss=0.7981  ce=0.6932 dice=0.9030  tversky=0.0000 bd=0.0000  cldice=0.0000
  val   skipped (next val at epoch 5)
[full_method_F1v2] [curriculum] epoch 3: c=0.369 target_weights={0:0.889, 1:0.111, 2:0.000}
  [full_method_F1v2] [epoch 3/100] batch 30/300 (10%) loss=0.6536 elapsed=15s eta=136s
  [full_method_F1v2] [epoch 3/100] batch 60/300 (20%) loss=0.6394 elapsed=30s eta=120s
  [full_method_F1v2] [epoch 3/100] batch 90/300 (30%) loss=0.6183 elapsed=45s eta=105s
  [full_method_F1v2] [epoch 3/100] batch 120/300 (40%) loss=0.6038 elapsed=61s eta=91s
  [full_method_F1v2] [epoch 3/100] batch 150/300 (50%) loss=0.5878 elapsed=76s eta=76s
  [full_method_F1v2] [epoch 3/100] batch 180/300 (60%) loss=0.5768 elapsed=91s eta=61s
  [full_method_F1v2] [epoch 3/100] batch 210/300 (70%) loss=0.5684 elapsed=105s eta=45s
  [full_method_F1v2] [epoch 3/100] batch 240/300 (80%) loss=0.5579 elapsed=120s eta=30s
  [full_method_F1v2] [epoch 3/100] batch 270/300 (90%) loss=0.5477 elapsed=134s eta=15s
  [full_method_F1v2] [epoch 3/100] batch 300/300 (100%) loss=0.5372 elapsed=149s eta=0s
[full_method_F1v2] [sampler] sampled: {0: 1066, 1: 134, 2: 0} total=1200 spalling_ratio=33.67%
[full_method_F1v2] [sampler] unique: {0: 378, 1: 134, 2: 0} unique_total=512 dup_ratio=2.34x
  difficulty: mean=0.000 std=1.906
[full_method_F1v2] [epoch 003/100] remain=97 epochs ep_eta=265.6min (avg 164s/ep)
[full_method_F1v2] [epoch 003/100] lr=0.000036  dt=149.6s
  train loss=0.5372  ce=0.3084 dice=0.7660  tversky=0.0000 bd=0.0000  cldice=0.0000
  val   skipped (next val at epoch 5)
[full_method_F1v2] [curriculum] epoch 4: c=0.386 target_weights={0:0.851, 1:0.149, 2:0.000}
  [full_method_F1v2] [epoch 4/100] batch 30/300 (10%) loss=0.4504 elapsed=16s eta=141s
  [full_method_F1v2] [epoch 4/100] batch 60/300 (20%) loss=0.4306 elapsed=31s eta=125s
  [full_method_F1v2] [epoch 4/100] batch 90/300 (30%) loss=0.4232 elapsed=47s eta=109s
  [full_method_F1v2] [epoch 4/100] batch 120/300 (40%) loss=0.4089 elapsed=62s eta=93s
  [full_method_F1v2] [epoch 4/100] batch 150/300 (50%) loss=0.3965 elapsed=77s eta=77s
  [full_method_F1v2] [epoch 4/100] batch 180/300 (60%) loss=0.3860 elapsed=91s eta=61s
  [full_method_F1v2] [epoch 4/100] batch 210/300 (70%) loss=0.3762 elapsed=106s eta=45s
  [full_method_F1v2] [epoch 4/100] batch 240/300 (80%) loss=0.3672 elapsed=121s eta=30s
  [full_method_F1v2] [epoch 4/100] batch 270/300 (90%) loss=0.3622 elapsed=136s eta=15s
  [full_method_F1v2] [epoch 4/100] batch 300/300 (100%) loss=0.3544 elapsed=151s eta=0s
[full_method_F1v2] [sampler] sampled: {0: 1021, 1: 179, 2: 0} total=1200 spalling_ratio=32.00%
[full_method_F1v2] [sampler] unique: {0: 374, 1: 179, 2: 0} unique_total=553 dup_ratio=2.17x
  difficulty: mean=-0.000 std=1.859
[full_method_F1v2] [epoch 004/100] remain=96 epochs ep_eta=258.1min (avg 161s/ep)
[full_method_F1v2] [epoch 004/100] lr=0.000048  dt=151.3s
  train loss=0.3544  ce=0.1392 dice=0.5695  tversky=0.0000 bd=0.0000  cldice=0.0000
  val   skipped (next val at epoch 5)
[full_method_F1v2] [curriculum] epoch 5: c=0.402 target_weights={0:0.818, 1:0.182, 2:0.000}
  [full_method_F1v2] [epoch 5/100] batch 30/300 (10%) loss=0.2965 elapsed=16s eta=140s
  [full_method_F1v2] [epoch 5/100] batch 60/300 (20%) loss=0.2900 elapsed=31s eta=122s
  [full_method_F1v2] [epoch 5/100] batch 90/300 (30%) loss=0.2834 elapsed=46s eta=106s
  [full_method_F1v2] [epoch 5/100] batch 120/300 (40%) loss=0.2862 elapsed=60s eta=90s
  [full_method_F1v2] [epoch 5/100] batch 150/300 (50%) loss=0.2829 elapsed=75s eta=75s
  [full_method_F1v2] [epoch 5/100] batch 180/300 (60%) loss=0.2800 elapsed=89s eta=59s
  [full_method_F1v2] [epoch 5/100] batch 210/300 (70%) loss=0.2786 elapsed=104s eta=45s
  [full_method_F1v2] [epoch 5/100] batch 240/300 (80%) loss=0.2726 elapsed=118s eta=30s
  [full_method_F1v2] [epoch 5/100] batch 270/300 (90%) loss=0.2699 elapsed=133s eta=15s
  [full_method_F1v2] [epoch 5/100] batch 300/300 (100%) loss=0.2639 elapsed=149s eta=0s
[full_method_F1v2] [sampler] sampled: {0: 982, 1: 218, 2: 0} total=1200 spalling_ratio=35.75%
[full_method_F1v2] [sampler] unique: {0: 359, 1: 218, 2: 0} unique_total=577 dup_ratio=2.08x
  difficulty: mean=0.000 std=1.821
/usr/local/lib/python3.11/dist-packages/torch/optim/lr_scheduler.py:243: UserWarning: The epoch parameter in `scheduler.step()` was not necessary and is being deprecated where possible. Please use `scheduler.step()` to step the scheduler. During the deprecation, if epoch is different from None, the closed form is used instead of the new chainable form, where available. Please open an issue if you are unable to replicate your use case: https://github.com/pytorch/pytorch/issues/new/choose.
  warnings.warn(EPOCH_DEPRECATION_WARNING, UserWarning)
[full_method_F1v2] [epoch 005/100] remain=95 epochs ep_eta=254.8min (avg 161s/ep)
[full_method_F1v2] [epoch 005/100] lr=0.000060  dt=158.1s
  train loss=0.2639  ce=0.1177 dice=0.4102  tversky=0.0000 bd=0.0000  cldice=0.0000
  val   loss=0.3554
  IoU   bg=0.9655  crack=0.4456  spalling=0.6676  | mIoU_fg=0.5566  pix_acc=0.9661
  Dice  bg=0.9824  crack=0.6165  spalling=0.8007
  BF1   crack=0.5351  spalling=0.4987  | BF1_fg_mean=0.5169
  [full_method_F1v2] [best] mIoU_fg=0.5566  saved -> best.pt
[full_method_F1v2] [curriculum] epoch 6: c=0.418 target_weights={0:0.789, 1:0.211, 2:0.000}
  [full_method_F1v2] [epoch 6/100] batch 30/300 (10%) loss=0.2093 elapsed=14s eta=123s
  [full_method_F1v2] [epoch 6/100] batch 60/300 (20%) loss=0.1899 elapsed=26s eta=103s
  [full_method_F1v2] [epoch 6/100] batch 90/300 (30%) loss=0.1780 elapsed=38s eta=89s
  [full_method_F1v2] [epoch 6/100] batch 120/300 (40%) loss=0.1692 elapsed=51s eta=76s
  [full_method_F1v2] [epoch 6/100] batch 150/300 (50%) loss=0.1610 elapsed=63s eta=63s
  [full_method_F1v2] [epoch 6/100] batch 180/300 (60%) loss=0.1557 elapsed=75s eta=50s
  [full_method_F1v2] [epoch 6/100] batch 210/300 (70%) loss=0.1533 elapsed=87s eta=37s
  [full_method_F1v2] [epoch 6/100] batch 240/300 (80%) loss=0.1509 elapsed=100s eta=25s
  [full_method_F1v2] [epoch 6/100] batch 270/300 (90%) loss=0.1524 elapsed=112s eta=12s
  [full_method_F1v2] [epoch 6/100] batch 300/300 (100%) loss=0.1506 elapsed=124s eta=0s
[full_method_F1v2] [sampler] sampled: {0: 947, 1: 253, 2: 0} total=1200 spalling_ratio=61.67%
[full_method_F1v2] [sampler] unique: {0: 400, 1: 253, 2: 0} unique_total=653 dup_ratio=1.84x
  difficulty: mean=-0.000 std=1.848
[full_method_F1v2] [epoch 006/100] remain=94 epochs ep_eta=243.4min (avg 155s/ep)
[full_method_F1v2] [epoch 006/100] lr=0.000060  dt=123.9s
  train loss=0.1506  ce=0.0728 dice=0.2285  tversky=0.0000 bd=0.0000  cldice=0.0000
  val   skipped (next val at epoch 10)
[full_method_F1v2] [curriculum] epoch 7: c=0.433 target_weights={0:0.762, 1:0.238, 2:0.000}
  [full_method_F1v2] [epoch 7/100] batch 30/300 (10%) loss=0.1665 elapsed=17s eta=150s
  [full_method_F1v2] [epoch 7/100] batch 60/300 (20%) loss=0.1592 elapsed=33s eta=131s
  [full_method_F1v2] [epoch 7/100] batch 90/300 (30%) loss=0.1558 elapsed=49s eta=115s
  [full_method_F1v2] [epoch 7/100] batch 120/300 (40%) loss=0.1494 elapsed=66s eta=98s
  [full_method_F1v2] [epoch 7/100] batch 150/300 (50%) loss=0.1460 elapsed=82s eta=82s
  [full_method_F1v2] [epoch 7/100] batch 180/300 (60%) loss=0.1432 elapsed=98s eta=65s
  [full_method_F1v2] [epoch 7/100] batch 210/300 (70%) loss=0.1411 elapsed=114s eta=49s
  [full_method_F1v2] [epoch 7/100] batch 240/300 (80%) loss=0.1399 elapsed=131s eta=33s
  [full_method_F1v2] [epoch 7/100] batch 270/300 (90%) loss=0.1403 elapsed=148s eta=16s
  [full_method_F1v2] [epoch 7/100] batch 300/300 (100%) loss=0.1392 elapsed=164s eta=0s
[full_method_F1v2] [sampler] sampled: {0: 915, 1: 285, 2: 0} total=1200 spalling_ratio=56.50%
[full_method_F1v2] [sampler] unique: {0: 400, 1: 285, 2: 0} unique_total=685 dup_ratio=1.75x
  difficulty: mean=-0.000 std=1.864
[full_method_F1v2] [epoch 007/100] remain=93 epochs ep_eta=242.9min (avg 157s/ep)
[full_method_F1v2] [epoch 007/100] lr=0.000060  dt=163.8s
  train loss=0.1392  ce=0.0719 dice=0.2064  tversky=0.0000 bd=0.0000  cldice=0.0000
  val   skipped (next val at epoch 10)
[full_method_F1v2] [curriculum] epoch 8: c=0.447 target_weights={0:0.738, 1:0.262, 2:0.000}
  [full_method_F1v2] [epoch 8/100] batch 30/300 (10%) loss=0.1794 elapsed=15s eta=138s
  [full_method_F1v2] [epoch 8/100] batch 60/300 (20%) loss=0.1797 elapsed=31s eta=122s
  [full_method_F1v2] [epoch 8/100] batch 90/300 (30%) loss=0.1732 elapsed=46s eta=108s
  [full_method_F1v2] [epoch 8/100] batch 120/300 (40%) loss=0.1669 elapsed=61s eta=92s
  [full_method_F1v2] [epoch 8/100] batch 150/300 (50%) loss=0.1644 elapsed=76s eta=76s
  [full_method_F1v2] [epoch 8/100] batch 180/300 (60%) loss=0.1658 elapsed=92s eta=61s
  [full_method_F1v2] [epoch 8/100] batch 210/300 (70%) loss=0.1676 elapsed=107s eta=46s
  [full_method_F1v2] [epoch 8/100] batch 240/300 (80%) loss=0.1670 elapsed=121s eta=30s
  [full_method_F1v2] [epoch 8/100] batch 270/300 (90%) loss=0.1662 elapsed=136s eta=15s
  [full_method_F1v2] [epoch 8/100] batch 300/300 (100%) loss=0.1630 elapsed=152s eta=0s
[full_method_F1v2] [sampler] sampled: {0: 886, 1: 314, 2: 0} total=1200 spalling_ratio=44.25%
[full_method_F1v2] [sampler] unique: {0: 400, 1: 314, 2: 0} unique_total=714 dup_ratio=1.68x
  difficulty: mean=-0.000 std=1.885
[full_method_F1v2] [epoch 008/100] remain=92 epochs ep_eta=239.7min (avg 156s/ep)
[full_method_F1v2] [epoch 008/100] lr=0.000060  dt=152.2s
  train loss=0.1630  ce=0.0859 dice=0.2400  tversky=0.0000 bd=0.0000  cldice=0.0000
  val   skipped (next val at epoch 10)
[full_method_F1v2] [curriculum] epoch 9: c=0.461 target_weights={0:0.717, 1:0.283, 2:0.000}
  [full_method_F1v2] [epoch 9/100] batch 30/300 (10%) loss=0.1902 elapsed=16s eta=146s
  [full_method_F1v2] [epoch 9/100] batch 60/300 (20%) loss=0.1849 elapsed=31s eta=125s
  [full_method_F1v2] [epoch 9/100] batch 90/300 (30%) loss=0.1940 elapsed=47s eta=109s
  [full_method_F1v2] [epoch 9/100] batch 120/300 (40%) loss=0.1909 elapsed=62s eta=93s
  [full_method_F1v2] [epoch 9/100] batch 150/300 (50%) loss=0.1863 elapsed=77s eta=77s
  [full_method_F1v2] [epoch 9/100] batch 180/300 (60%) loss=0.1849 elapsed=92s eta=61s
  [full_method_F1v2] [epoch 9/100] batch 210/300 (70%) loss=0.1850 elapsed=107s eta=46s
  [full_method_F1v2] [epoch 9/100] batch 240/300 (80%) loss=0.1859 elapsed=122s eta=31s
  [full_method_F1v2] [epoch 9/100] batch 270/300 (90%) loss=0.1836 elapsed=137s eta=15s
  [full_method_F1v2] [epoch 9/100] batch 300/300 (100%) loss=0.1801 elapsed=154s eta=0s
[full_method_F1v2] [sampler] sampled: {0: 860, 1: 340, 2: 0} total=1200 spalling_ratio=34.25%
[full_method_F1v2] [sampler] unique: {0: 400, 1: 340, 2: 0} unique_total=740 dup_ratio=1.62x
  difficulty: mean=0.000 std=1.876
[full_method_F1v2] [epoch 009/100] remain=91 epochs ep_eta=236.8min (avg 156s/ep)
[full_method_F1v2] [epoch 009/100] lr=0.000060  dt=153.9s
  train loss=0.1801  ce=0.0979 dice=0.2623  tversky=0.0000 bd=0.0000  cldice=0.0000
  val   skipped (next val at epoch 10)
[full_method_F1v2] [curriculum] epoch 10: c=0.475 target_weights={0:0.697, 1:0.303, 2:0.000}
  [full_method_F1v2] [epoch 10/100] batch 30/300 (10%) loss=0.1291 elapsed=13s eta=120s
  [full_method_F1v2] [epoch 10/100] batch 60/300 (20%) loss=0.1297 elapsed=27s eta=109s
  [full_method_F1v2] [epoch 10/100] batch 90/300 (30%) loss=0.1319 elapsed=41s eta=95s
  [full_method_F1v2] [epoch 10/100] batch 120/300 (40%) loss=0.1320 elapsed=54s eta=81s
  [full_method_F1v2] [epoch 10/100] batch 150/300 (50%) loss=0.1324 elapsed=66s eta=66s
  [full_method_F1v2] [epoch 10/100] batch 180/300 (60%) loss=0.1298 elapsed=80s eta=54s
  [full_method_F1v2] [epoch 10/100] batch 210/300 (70%) loss=0.1304 elapsed=94s eta=40s
  [full_method_F1v2] [epoch 10/100] batch 240/300 (80%) loss=0.1284 elapsed=107s eta=27s
  [full_method_F1v2] [epoch 10/100] batch 270/300 (90%) loss=0.1287 elapsed=121s eta=13s
  [full_method_F1v2] [epoch 10/100] batch 300/300 (100%) loss=0.1268 elapsed=134s eta=0s
[full_method_F1v2] [sampler] sampled: {0: 836, 1: 364, 2: 0} total=1200 spalling_ratio=51.08%
[full_method_F1v2] [sampler] unique: {0: 400, 1: 364, 2: 0} unique_total=764 dup_ratio=1.57x
  difficulty: mean=0.000 std=1.883
[full_method_F1v2] [epoch 010/100] remain=90 epochs ep_eta=232.5min (avg 155s/ep)
[full_method_F1v2] [epoch 010/100] lr=0.000060  dt=143.8s
  train loss=0.1268  ce=0.0667 dice=0.1868  tversky=0.0000 bd=0.0000  cldice=0.0000
  val   loss=0.2734
  IoU   bg=0.9710  crack=0.4973  spalling=0.8116  | mIoU_fg=0.6545  pix_acc=0.9717
  Dice  bg=0.9853  crack=0.6643  spalling=0.8960
  BF1   crack=0.6360  spalling=0.5970  | BF1_fg_mean=0.6165
  [full_method_F1v2] [best] mIoU_fg=0.6545  saved -> best.pt
[full_method_F1v2] [curriculum] epoch 11: c=0.488 target_weights={0:0.678, 1:0.322, 2:0.000}
  [full_method_F1v2] [epoch 11/100] batch 30/300 (10%) loss=0.1566 elapsed=16s eta=140s
  [full_method_F1v2] [epoch 11/100] batch 60/300 (20%) loss=0.1631 elapsed=30s eta=121s
  [full_method_F1v2] [epoch 11/100] batch 90/300 (30%) loss=0.1631 elapsed=46s eta=108s
  [full_method_F1v2] [epoch 11/100] batch 120/300 (40%) loss=0.1626 elapsed=62s eta=93s
  [full_method_F1v2] [epoch 11/100] batch 150/300 (50%) loss=0.1620 elapsed=78s eta=78s
  [full_method_F1v2] [epoch 11/100] batch 180/300 (60%) loss=0.1611 elapsed=92s eta=62s
  [full_method_F1v2] [epoch 11/100] batch 210/300 (70%) loss=0.1610 elapsed=108s eta=46s
  [full_method_F1v2] [epoch 11/100] batch 240/300 (80%) loss=0.1615 elapsed=123s eta=31s
  [full_method_F1v2] [epoch 11/100] batch 270/300 (90%) loss=0.1629 elapsed=138s eta=15s
  [full_method_F1v2] [epoch 11/100] batch 300/300 (100%) loss=0.1616 elapsed=154s eta=0s
[full_method_F1v2] [sampler] sampled: {0: 814, 1: 386, 2: 0} total=1200 spalling_ratio=30.75%
[full_method_F1v2] [sampler] unique: {0: 400, 1: 386, 2: 0} unique_total=786 dup_ratio=1.53x
  difficulty: mean=0.000 std=1.872
[full_method_F1v2] [epoch 011/100] remain=89 epochs ep_eta=230.3min (avg 155s/ep)
[full_method_F1v2] [epoch 011/100] lr=0.000059  dt=154.0s
  train loss=0.1616  ce=0.0896 dice=0.2336  tversky=0.0000 bd=0.0000  cldice=0.0000
  val   skipped (next val at epoch 15)
[full_method_F1v2] [curriculum] epoch 12: c=0.501 target_weights={0:0.661, 1:0.339, 2:0.000}
  [full_method_F1v2] [epoch 12/100] batch 30/300 (10%) loss=0.1453 elapsed=16s eta=146s
  [full_method_F1v2] [epoch 12/100] batch 60/300 (20%) loss=0.1534 elapsed=32s eta=127s
  [full_method_F1v2] [epoch 12/100] batch 90/300 (30%) loss=0.1506 elapsed=47s eta=110s
  [full_method_F1v2] [epoch 12/100] batch 120/300 (40%) loss=0.1528 elapsed=63s eta=94s
  [full_method_F1v2] [epoch 12/100] batch 150/300 (50%) loss=0.1539 elapsed=78s eta=78s
  [full_method_F1v2] [epoch 12/100] batch 180/300 (60%) loss=0.1498 elapsed=93s eta=62s
  [full_method_F1v2] [epoch 12/100] batch 210/300 (70%) loss=0.1509 elapsed=108s eta=46s
  [full_method_F1v2] [epoch 12/100] batch 240/300 (80%) loss=0.1508 elapsed=124s eta=31s
  [full_method_F1v2] [epoch 12/100] batch 270/300 (90%) loss=0.1496 elapsed=138s eta=15s
  [full_method_F1v2] [epoch 12/100] batch 300/300 (100%) loss=0.1495 elapsed=154s eta=0s
[full_method_F1v2] [sampler] sampled: {0: 794, 1: 406, 2: 0} total=1200 spalling_ratio=33.50%
[full_method_F1v2] [sampler] unique: {0: 400, 1: 400, 2: 0} unique_total=800 dup_ratio=1.50x
  difficulty: mean=0.000 std=1.864
[full_method_F1v2] [epoch 012/100] remain=88 epochs ep_eta=227.7min (avg 155s/ep)
[full_method_F1v2] [epoch 012/100] lr=0.000059  dt=154.0s
  train loss=0.1495  ce=0.0820 dice=0.2170  tversky=0.0000 bd=0.0000  cldice=0.0000
  val   skipped (next val at epoch 15)
[full_method_F1v2] [curriculum] epoch 13: c=0.513 target_weights={0:0.646, 1:0.354, 2:0.000}
  [full_method_F1v2] [epoch 13/100] batch 30/300 (10%) loss=0.1518 elapsed=15s eta=137s
  [full_method_F1v2] [epoch 13/100] batch 60/300 (20%) loss=0.1429 elapsed=31s eta=124s
  [full_method_F1v2] [epoch 13/100] batch 90/300 (30%) loss=0.1425 elapsed=47s eta=109s
  [full_method_F1v2] [epoch 13/100] batch 120/300 (40%) loss=0.1412 elapsed=61s eta=92s
  [full_method_F1v2] [epoch 13/100] batch 150/300 (50%) loss=0.1406 elapsed=77s eta=77s
  [full_method_F1v2] [epoch 13/100] batch 180/300 (60%) loss=0.1406 elapsed=93s eta=62s
  [full_method_F1v2] [epoch 13/100] batch 210/300 (70%) loss=0.1401 elapsed=108s eta=46s
  [full_method_F1v2] [epoch 13/100] batch 240/300 (80%) loss=0.1419 elapsed=123s eta=31s
  [full_method_F1v2] [epoch 13/100] batch 270/300 (90%) loss=0.1417 elapsed=138s eta=15s
  [full_method_F1v2] [epoch 13/100] batch 300/300 (100%) loss=0.1398 elapsed=154s eta=0s
[full_method_F1v2] [sampler] sampled: {0: 775, 1: 425, 2: 0} total=1200 spalling_ratio=38.42%
[full_method_F1v2] [sampler] unique: {0: 400, 1: 400, 2: 0} unique_total=800 dup_ratio=1.50x
  difficulty: mean=0.000 std=1.859
[full_method_F1v2] [epoch 013/100] remain=87 epochs ep_eta=225.1min (avg 155s/ep)
[full_method_F1v2] [epoch 013/100] lr=0.000059  dt=154.1s
  train loss=0.1398  ce=0.0773 dice=0.2023  tversky=0.0000 bd=0.0000  cldice=0.0000
  val   skipped (next val at epoch 15)
[full_method_F1v2] [curriculum] epoch 14: c=0.525 target_weights={0:0.631, 1:0.369, 2:0.000}
  [full_method_F1v2] [epoch 14/100] batch 30/300 (10%) loss=0.1492 elapsed=16s eta=144s
  [full_method_F1v2] [epoch 14/100] batch 60/300 (20%) loss=0.1669 elapsed=31s eta=125s
  [full_method_F1v2] [epoch 14/100] batch 90/300 (30%) loss=0.1665 elapsed=47s eta=110s
  [full_method_F1v2] [epoch 14/100] batch 120/300 (40%) loss=0.1613 elapsed=63s eta=94s
  [full_method_F1v2] [epoch 14/100] batch 150/300 (50%) loss=0.1551 elapsed=78s eta=78s
  [full_method_F1v2] [epoch 14/100] batch 180/300 (60%) loss=0.1501 elapsed=94s eta=63s
  [full_method_F1v2] [epoch 14/100] batch 210/300 (70%) loss=0.1464 elapsed=110s eta=47s
  [full_method_F1v2] [epoch 14/100] batch 240/300 (80%) loss=0.1446 elapsed=126s eta=31s
  [full_method_F1v2] [epoch 14/100] batch 270/300 (90%) loss=0.1444 elapsed=141s eta=16s
  [full_method_F1v2] [epoch 14/100] batch 300/300 (100%) loss=0.1438 elapsed=157s eta=0s
[full_method_F1v2] [sampler] sampled: {0: 757, 1: 443, 2: 0} total=1200 spalling_ratio=31.08%
[full_method_F1v2] [sampler] unique: {0: 400, 1: 400, 2: 0} unique_total=800 dup_ratio=1.50x
  difficulty: mean=-0.000 std=1.870
[full_method_F1v2] [epoch 014/100] remain=86 epochs ep_eta=222.8min (avg 155s/ep)
[full_method_F1v2] [epoch 014/100] lr=0.000059  dt=156.8s
  train loss=0.1438  ce=0.0817 dice=0.2058  tversky=0.0000 bd=0.0000  cldice=0.0000
  val   skipped (next val at epoch 15)
[full_method_F1v2] [curriculum] epoch 15: c=0.537 target_weights={0:0.617, 1:0.383, 2:0.000}
  [full_method_F1v2] [epoch 15/100] batch 30/300 (10%) loss=0.1413 elapsed=16s eta=145s
  [full_method_F1v2] [epoch 15/100] batch 60/300 (20%) loss=0.1371 elapsed=32s eta=127s
  [full_method_F1v2] [epoch 15/100] batch 90/300 (30%) loss=0.1370 elapsed=47s eta=110s
  [full_method_F1v2] [epoch 15/100] batch 120/300 (40%) loss=0.1389 elapsed=63s eta=94s
  [full_method_F1v2] [epoch 15/100] batch 150/300 (50%) loss=0.1398 elapsed=78s eta=78s
  [full_method_F1v2] [epoch 15/100] batch 180/300 (60%) loss=0.1364 elapsed=94s eta=63s
  [full_method_F1v2] [epoch 15/100] batch 210/300 (70%) loss=0.1343 elapsed=110s eta=47s
  [full_method_F1v2] [epoch 15/100] batch 240/300 (80%) loss=0.1342 elapsed=126s eta=31s
  [full_method_F1v2] [epoch 15/100] batch 270/300 (90%) loss=0.1349 elapsed=140s eta=16s
  [full_method_F1v2] [epoch 15/100] batch 300/300 (100%) loss=0.1333 elapsed=155s eta=0s
[full_method_F1v2] [sampler] sampled: {0: 741, 1: 459, 2: 0} total=1200 spalling_ratio=31.67%
[full_method_F1v2] [sampler] unique: {0: 400, 1: 400, 2: 0} unique_total=800 dup_ratio=1.50x
  difficulty: mean=-0.000 std=1.877
[full_method_F1v2] [epoch 015/100] remain=85 epochs ep_eta=221.2min (avg 156s/ep)
[full_method_F1v2] [epoch 015/100] lr=0.000058  dt=165.2s
  train loss=0.1333  ce=0.0757 dice=0.1908  tversky=0.0000 bd=0.0000  cldice=0.0000
  val   loss=0.2805
  IoU   bg=0.9724  crack=0.5111  spalling=0.7370  | mIoU_fg=0.6240  pix_acc=0.9729
  Dice  bg=0.9860  crack=0.6765  spalling=0.8486
  BF1   crack=0.6711  spalling=0.5423  | BF1_fg_mean=0.6067
[full_method_F1v2] [curriculum] epoch 16: c=0.549 target_weights={0:0.605, 1:0.395, 2:0.000}
  [full_method_F1v2] [epoch 16/100] batch 30/300 (10%) loss=0.1382 elapsed=16s eta=143s
  [full_method_F1v2] [epoch 16/100] batch 60/300 (20%) loss=0.1403 elapsed=32s eta=126s
  [full_method_F1v2] [epoch 16/100] batch 90/300 (30%) loss=0.1395 elapsed=47s eta=110s
  [full_method_F1v2] [epoch 16/100] batch 120/300 (40%) loss=0.1354 elapsed=63s eta=94s
  [full_method_F1v2] [epoch 16/100] batch 150/300 (50%) loss=0.1350 elapsed=78s eta=78s
  [full_method_F1v2] [epoch 16/100] batch 180/300 (60%) loss=0.1379 elapsed=93s eta=62s
  [full_method_F1v2] [epoch 16/100] batch 210/300 (70%) loss=0.1375 elapsed=109s eta=47s
  [full_method_F1v2] [epoch 16/100] batch 240/300 (80%) loss=0.1373 elapsed=124s eta=31s
  [full_method_F1v2] [epoch 16/100] batch 270/300 (90%) loss=0.1391 elapsed=139s eta=15s
  [full_method_F1v2] [epoch 16/100] batch 300/300 (100%) loss=0.1392 elapsed=154s eta=0s
[full_method_F1v2] [sampler] sampled: {0: 725, 1: 475, 2: 0} total=1200 spalling_ratio=32.08%
[full_method_F1v2] [sampler] unique: {0: 400, 1: 400, 2: 0} unique_total=800 dup_ratio=1.50x
  difficulty: mean=-0.000 std=1.881
[full_method_F1v2] [epoch 016/100] remain=84 epochs ep_eta=218.7min (avg 156s/ep)
[full_method_F1v2] [epoch 016/100] lr=0.000058  dt=154.3s
  train loss=0.1392  ce=0.0771 dice=0.2013  tversky=0.0000 bd=0.0000  cldice=0.0000
  val   skipped (next val at epoch 20)
[full_method_F1v2] [curriculum] epoch 17: c=0.560 target_weights={0:0.593, 1:0.407, 2:0.000}
  [full_method_F1v2] [epoch 17/100] batch 30/300 (10%) loss=0.1486 elapsed=16s eta=140s
  [full_method_F1v2] [epoch 17/100] batch 60/300 (20%) loss=0.1489 elapsed=31s eta=124s
  [full_method_F1v2] [epoch 17/100] batch 90/300 (30%) loss=0.1446 elapsed=46s eta=108s
  [full_method_F1v2] [epoch 17/100] batch 120/300 (40%) loss=0.1392 elapsed=62s eta=93s
  [full_method_F1v2] [epoch 17/100] batch 150/300 (50%) loss=0.1360 elapsed=78s eta=78s
  [full_method_F1v2] [epoch 17/100] batch 180/300 (60%) loss=0.1341 elapsed=94s eta=62s
  [full_method_F1v2] [epoch 17/100] batch 210/300 (70%) loss=0.1332 elapsed=109s eta=47s
  [full_method_F1v2] [epoch 17/100] batch 240/300 (80%) loss=0.1315 elapsed=124s eta=31s
  [full_method_F1v2] [epoch 17/100] batch 270/300 (90%) loss=0.1313 elapsed=140s eta=16s
  [full_method_F1v2] [epoch 17/100] batch 300/300 (100%) loss=0.1301 elapsed=155s eta=0s
[full_method_F1v2] [sampler] sampled: {0: 711, 1: 489, 2: 0} total=1200 spalling_ratio=32.58%
[full_method_F1v2] [sampler] unique: {0: 400, 1: 400, 2: 0} unique_total=800 dup_ratio=1.50x
  difficulty: mean=0.000 std=1.886
[full_method_F1v2] [epoch 017/100] remain=83 epochs ep_eta=216.1min (avg 156s/ep)
[full_method_F1v2] [epoch 017/100] lr=0.000058  dt=154.8s
  train loss=0.1301  ce=0.0717 dice=0.1884  tversky=0.0000 bd=0.0000  cldice=0.0000
  val   skipped (next val at epoch 20)
[full_method_F1v2] [curriculum] epoch 18: c=0.572 target_weights={0:0.581, 1:0.419, 2:0.000}
  [full_method_F1v2] [epoch 18/100] batch 30/300 (10%) loss=0.1303 elapsed=16s eta=141s
  [full_method_F1v2] [epoch 18/100] batch 60/300 (20%) loss=0.1218 elapsed=31s eta=122s
  [full_method_F1v2] [epoch 18/100] batch 90/300 (30%) loss=0.1206 elapsed=46s eta=108s
  [full_method_F1v2] [epoch 18/100] batch 120/300 (40%) loss=0.1228 elapsed=64s eta=95s
  [full_method_F1v2] [epoch 18/100] batch 150/300 (50%) loss=0.1251 elapsed=79s eta=79s
  [full_method_F1v2] [epoch 18/100] batch 180/300 (60%) loss=0.1262 elapsed=94s eta=63s
  [full_method_F1v2] [epoch 18/100] batch 210/300 (70%) loss=0.1274 elapsed=110s eta=47s
  [full_method_F1v2] [epoch 18/100] batch 240/300 (80%) loss=0.1281 elapsed=126s eta=31s
  [full_method_F1v2] [epoch 18/100] batch 270/300 (90%) loss=0.1279 elapsed=141s eta=16s
  [full_method_F1v2] [epoch 18/100] batch 300/300 (100%) loss=0.1276 elapsed=156s eta=0s
[full_method_F1v2] [sampler] sampled: {0: 697, 1: 503, 2: 0} total=1200 spalling_ratio=32.08%
[full_method_F1v2] [sampler] unique: {0: 400, 1: 400, 2: 0} unique_total=800 dup_ratio=1.50x
  difficulty: mean=0.000 std=1.888
[full_method_F1v2] [epoch 018/100] remain=82 epochs ep_eta=213.6min (avg 156s/ep)
[full_method_F1v2] [epoch 018/100] lr=0.000057  dt=156.5s
  train loss=0.1276  ce=0.0728 dice=0.1824  tversky=0.0000 bd=0.0000  cldice=0.0000
  val   skipped (next val at epoch 20)
[full_method_F1v2] [curriculum] epoch 19: c=0.583 target_weights={0:0.570, 1:0.430, 2:0.000}
  [full_method_F1v2] [epoch 19/100] batch 30/300 (10%) loss=0.1201 elapsed=16s eta=140s
  [full_method_F1v2] [epoch 19/100] batch 60/300 (20%) loss=0.1179 elapsed=31s eta=123s
  [full_method_F1v2] [epoch 19/100] batch 90/300 (30%) loss=0.1200 elapsed=46s eta=107s
  [full_method_F1v2] [epoch 19/100] batch 120/300 (40%) loss=0.1204 elapsed=61s eta=92s
  [full_method_F1v2] [epoch 19/100] batch 150/300 (50%) loss=0.1252 elapsed=77s eta=77s
  [full_method_F1v2] [epoch 19/100] batch 180/300 (60%) loss=0.1249 elapsed=92s eta=61s
  [full_method_F1v2] [epoch 19/100] batch 210/300 (70%) loss=0.1246 elapsed=107s eta=46s
  [full_method_F1v2] [epoch 19/100] batch 240/300 (80%) loss=0.1243 elapsed=122s eta=31s
  [full_method_F1v2] [epoch 19/100] batch 270/300 (90%) loss=0.1284 elapsed=137s eta=15s
  [full_method_F1v2] [epoch 19/100] batch 300/300 (100%) loss=0.1318 elapsed=153s eta=0s
[full_method_F1v2] [sampler] sampled: {0: 685, 1: 515, 2: 0} total=1200 spalling_ratio=33.25%
[full_method_F1v2] [sampler] unique: {0: 400, 1: 400, 2: 0} unique_total=800 dup_ratio=1.50x
  difficulty: mean=-0.000 std=1.890
[full_method_F1v2] [epoch 019/100] remain=81 epochs ep_eta=210.8min (avg 156s/ep)
[full_method_F1v2] [epoch 019/100] lr=0.000057  dt=152.8s
  train loss=0.1318  ce=0.0758 dice=0.1878  tversky=0.0000 bd=0.0000  cldice=0.0000
  val   skipped (next val at epoch 20)
[full_method_F1v2] [curriculum] epoch 20: c=0.593 target_weights={0:0.560, 1:0.440, 2:0.000}
  [full_method_F1v2] [epoch 20/100] batch 30/300 (10%) loss=0.1309 elapsed=16s eta=140s
  [full_method_F1v2] [epoch 20/100] batch 60/300 (20%) loss=0.1243 elapsed=30s eta=121s
  [full_method_F1v2] [epoch 20/100] batch 90/300 (30%) loss=0.1213 elapsed=45s eta=106s
  [full_method_F1v2] [epoch 20/100] batch 120/300 (40%) loss=0.1209 elapsed=61s eta=91s
  [full_method_F1v2] [epoch 20/100] batch 150/300 (50%) loss=0.1202 elapsed=76s eta=76s
  [full_method_F1v2] [epoch 20/100] batch 180/300 (60%) loss=0.1195 elapsed=90s eta=60s
  [full_method_F1v2] [epoch 20/100] batch 210/300 (70%) loss=0.1229 elapsed=105s eta=45s
  [full_method_F1v2] [epoch 20/100] batch 240/300 (80%) loss=0.1247 elapsed=121s eta=30s
  [full_method_F1v2] [epoch 20/100] batch 270/300 (90%) loss=0.1344 elapsed=135s eta=15s
  [full_method_F1v2] [epoch 20/100] batch 300/300 (100%) loss=0.1385 elapsed=150s eta=0s
[full_method_F1v2] [sampler] sampled: {0: 672, 1: 528, 2: 0} total=1200 spalling_ratio=31.42%
[full_method_F1v2] [sampler] unique: {0: 400, 1: 400, 2: 0} unique_total=800 dup_ratio=1.50x
  difficulty: mean=-0.000 std=1.821
[full_method_F1v2] [epoch 020/100] remain=80 epochs ep_eta=208.5min (avg 156s/ep)
[full_method_F1v2] [epoch 020/100] lr=0.000056  dt=159.5s
  train loss=0.1385  ce=0.0858 dice=0.1911  tversky=0.0000 bd=0.0000  cldice=0.0000
  val   loss=0.2876
  IoU   bg=0.9734  crack=0.5203  spalling=0.7269  | mIoU_fg=0.6236  pix_acc=0.9740
  Dice  bg=0.9865  crack=0.6845  spalling=0.8419
  BF1   crack=0.6876  spalling=0.6053  | BF1_fg_mean=0.6465
[full_method_F1v2] [curriculum] epoch 21: c=0.604 target_weights={0:0.551, 1:0.449, 2:0.000}
  [full_method_F1v2] [epoch 21/100] batch 30/300 (10%) loss=0.1161 elapsed=15s eta=134s
  [full_method_F1v2] [epoch 21/100] batch 60/300 (20%) loss=0.1060 elapsed=30s eta=118s
  [full_method_F1v2] [epoch 21/100] batch 90/300 (30%) loss=0.1083 elapsed=44s eta=103s
  [full_method_F1v2] [epoch 21/100] batch 120/300 (40%) loss=0.1060 elapsed=58s eta=88s
  [full_method_F1v2] [epoch 21/100] batch 150/300 (50%) loss=0.1039 elapsed=72s eta=72s
  [full_method_F1v2] [epoch 21/100] batch 180/300 (60%) loss=0.1035 elapsed=87s eta=58s
  [full_method_F1v2] [epoch 21/100] batch 210/300 (70%) loss=0.1032 elapsed=102s eta=44s
  [full_method_F1v2] [epoch 21/100] batch 240/300 (80%) loss=0.1027 elapsed=117s eta=29s
  [full_method_F1v2] [epoch 21/100] batch 270/300 (90%) loss=0.1029 elapsed=132s eta=15s
  [full_method_F1v2] [epoch 21/100] batch 300/300 (100%) loss=0.1012 elapsed=146s eta=0s
[full_method_F1v2] [sampler] sampled: {0: 661, 1: 539, 2: 0} total=1200 spalling_ratio=51.33%
[full_method_F1v2] [sampler] unique: {0: 400, 1: 400, 2: 0} unique_total=800 dup_ratio=1.50x
  difficulty: mean=0.000 std=1.894
[full_method_F1v2] [epoch 021/100] remain=79 epochs ep_eta=205.5min (avg 156s/ep)
[full_method_F1v2] [epoch 021/100] lr=0.000056  dt=146.8s
  train loss=0.1012  ce=0.0597 dice=0.1428  tversky=0.0000 bd=0.0000  cldice=0.0000
  val   skipped (next val at epoch 25)
[full_method_F1v2] [curriculum] epoch 22: c=0.615 target_weights={0:0.542, 1:0.458, 2:0.000}
  [full_method_F1v2] [epoch 22/100] batch 30/300 (10%) loss=0.1215 elapsed=16s eta=147s
  [full_method_F1v2] [epoch 22/100] batch 60/300 (20%) loss=0.1188 elapsed=33s eta=131s
  [full_method_F1v2] [epoch 22/100] batch 90/300 (30%) loss=0.1178 elapsed=49s eta=114s
  [full_method_F1v2] [epoch 22/100] batch 120/300 (40%) loss=0.1295 elapsed=64s eta=97s
  [full_method_F1v2] [epoch 22/100] batch 150/300 (50%) loss=0.1271 elapsed=80s eta=80s
  [full_method_F1v2] [epoch 22/100] batch 180/300 (60%) loss=0.1239 elapsed=96s eta=64s
  [full_method_F1v2] [epoch 22/100] batch 210/300 (70%) loss=0.1212 elapsed=111s eta=48s
  [full_method_F1v2] [epoch 22/100] batch 240/300 (80%) loss=0.1180 elapsed=127s eta=32s
  [full_method_F1v2] [epoch 22/100] batch 270/300 (90%) loss=0.1176 elapsed=143s eta=16s
  [full_method_F1v2] [epoch 22/100] batch 300/300 (100%) loss=0.1174 elapsed=159s eta=0s
[full_method_F1v2] [sampler] sampled: {0: 650, 1: 550, 2: 0} total=1200 spalling_ratio=34.25%
[full_method_F1v2] [sampler] unique: {0: 400, 1: 400, 2: 0} unique_total=800 dup_ratio=1.50x
  difficulty: mean=0.000 std=1.886
[full_method_F1v2] [epoch 022/100] remain=78 epochs ep_eta=203.1min (avg 156s/ep)
[full_method_F1v2] [epoch 022/100] lr=0.000055  dt=159.4s
  train loss=0.1174  ce=0.0719 dice=0.1628  tversky=0.0000 bd=0.0000  cldice=0.0000
  val   skipped (next val at epoch 25)
[full_method_F1v2] [curriculum] epoch 23: c=0.625 target_weights={0:0.533, 1:0.467, 2:0.000}
  [full_method_F1v2] [epoch 23/100] batch 30/300 (10%) loss=0.1212 elapsed=17s eta=155s
  [full_method_F1v2] [epoch 23/100] batch 60/300 (20%) loss=0.1131 elapsed=34s eta=135s
  [full_method_F1v2] [epoch 23/100] batch 90/300 (30%) loss=0.1150 elapsed=51s eta=119s
  [full_method_F1v2] [epoch 23/100] batch 120/300 (40%) loss=0.1135 elapsed=68s eta=102s
  [full_method_F1v2] [epoch 23/100] batch 150/300 (50%) loss=0.1122 elapsed=84s eta=84s
  [full_method_F1v2] [epoch 23/100] batch 180/300 (60%) loss=0.1099 elapsed=101s eta=67s
  [full_method_F1v2] [epoch 23/100] batch 210/300 (70%) loss=0.1103 elapsed=118s eta=50s
  [full_method_F1v2] [epoch 23/100] batch 240/300 (80%) loss=0.1104 elapsed=135s eta=34s
  [full_method_F1v2] [epoch 23/100] batch 270/300 (90%) loss=0.1092 elapsed=152s eta=17s
  [full_method_F1v2] [epoch 23/100] batch 300/300 (100%) loss=0.1087 elapsed=169s eta=0s
[full_method_F1v2] [sampler] sampled: {0: 639, 1: 561, 2: 0} total=1200 spalling_ratio=42.08%
[full_method_F1v2] [sampler] unique: {0: 400, 1: 400, 2: 0} unique_total=800 dup_ratio=1.50x
  difficulty: mean=0.000 std=1.905
[full_method_F1v2] [epoch 023/100] remain=77 epochs ep_eta=201.3min (avg 157s/ep)
[full_method_F1v2] [epoch 023/100] lr=0.000055  dt=169.1s
  train loss=0.1087  ce=0.0656 dice=0.1518  tversky=0.0000 bd=0.0000  cldice=0.0000
  val   skipped (next val at epoch 25)
[full_method_F1v2] [curriculum] epoch 24: c=0.635 target_weights={0:0.525, 1:0.475, 2:0.000}
  [full_method_F1v2] [epoch 24/100] batch 30/300 (10%) loss=0.1157 elapsed=16s eta=148s
  [full_method_F1v2] [epoch 24/100] batch 60/300 (20%) loss=0.1217 elapsed=32s eta=128s
  [full_method_F1v2] [epoch 24/100] batch 90/300 (30%) loss=0.1209 elapsed=48s eta=112s
  [full_method_F1v2] [epoch 24/100] batch 120/300 (40%) loss=0.1179 elapsed=63s eta=95s
  [full_method_F1v2] [epoch 24/100] batch 150/300 (50%) loss=0.1178 elapsed=80s eta=80s
  [full_method_F1v2] [epoch 24/100] batch 180/300 (60%) loss=0.1159 elapsed=95s eta=63s
  [full_method_F1v2] [epoch 24/100] batch 210/300 (70%) loss=0.1144 elapsed=111s eta=47s
  [full_method_F1v2] [epoch 24/100] batch 240/300 (80%) loss=0.1127 elapsed=127s eta=32s
  [full_method_F1v2] [epoch 24/100] batch 270/300 (90%) loss=0.1115 elapsed=143s eta=16s
  [full_method_F1v2] [epoch 24/100] batch 300/300 (100%) loss=0.1109 elapsed=159s eta=0s
[full_method_F1v2] [sampler] sampled: {0: 629, 1: 571, 2: 0} total=1200 spalling_ratio=37.00%
[full_method_F1v2] [sampler] unique: {0: 400, 1: 400, 2: 0} unique_total=800 dup_ratio=1.50x
  difficulty: mean=0.000 std=1.913
[full_method_F1v2] [epoch 024/100] remain=76 epochs ep_eta=198.8min (avg 157s/ep)
[full_method_F1v2] [epoch 024/100] lr=0.000054  dt=158.9s
  train loss=0.1109  ce=0.0655 dice=0.1563  tversky=0.0000 bd=0.0000  cldice=0.0000
  val   skipped (next val at epoch 25)
[full_method_F1v2] [curriculum] epoch 25: c=0.645 target_weights={0:0.517, 1:0.483, 2:0.000}
  [full_method_F1v2] [epoch 25/100] batch 30/300 (10%) loss=0.1165 elapsed=17s eta=152s
  [full_method_F1v2] [epoch 25/100] batch 60/300 (20%) loss=0.1131 elapsed=32s eta=129s
  [full_method_F1v2] [epoch 25/100] batch 90/300 (30%) loss=0.1121 elapsed=47s eta=111s
  [full_method_F1v2] [epoch 25/100] batch 120/300 (40%) loss=0.1120 elapsed=63s eta=94s
  [full_method_F1v2] [epoch 25/100] batch 150/300 (50%) loss=0.1141 elapsed=78s eta=78s
  [full_method_F1v2] [epoch 25/100] batch 180/300 (60%) loss=0.1179 elapsed=93s eta=62s
  [full_method_F1v2] [epoch 25/100] batch 210/300 (70%) loss=0.1183 elapsed=109s eta=47s
  [full_method_F1v2] [epoch 25/100] batch 240/300 (80%) loss=0.1179 elapsed=124s eta=31s
  [full_method_F1v2] [epoch 25/100] batch 270/300 (90%) loss=0.1182 elapsed=139s eta=15s
  [full_method_F1v2] [epoch 25/100] batch 300/300 (100%) loss=0.1187 elapsed=155s eta=0s
[full_method_F1v2] [sampler] sampled: {0: 620, 1: 580, 2: 0} total=1200 spalling_ratio=29.83%
[full_method_F1v2] [sampler] unique: {0: 400, 1: 400, 2: 0} unique_total=800 dup_ratio=1.50x
  difficulty: mean=-0.000 std=1.917
[full_method_F1v2] [epoch 025/100] remain=75 epochs ep_eta=196.6min (avg 157s/ep)
[full_method_F1v2] [epoch 025/100] lr=0.000054  dt=164.1s
  train loss=0.1187  ce=0.0683 dice=0.1690  tversky=0.0000 bd=0.0000  cldice=0.0000
  val   loss=0.3018
  IoU   bg=0.9746  crack=0.5293  spalling=0.7710  | mIoU_fg=0.6502  pix_acc=0.9752
  Dice  bg=0.9872  crack=0.6923  spalling=0.8707
  BF1   crack=0.7086  spalling=0.6330  | BF1_fg_mean=0.6708
[full_method_F1v2] [curriculum] epoch 26: c=0.655 target_weights={0:0.509, 1:0.491, 2:0.000}
  [full_method_F1v2] [epoch 26/100] batch 30/300 (10%) loss=0.1170 elapsed=16s eta=146s
  [full_method_F1v2] [epoch 26/100] batch 60/300 (20%) loss=0.1147 elapsed=32s eta=127s
  [full_method_F1v2] [epoch 26/100] batch 90/300 (30%) loss=0.1115 elapsed=48s eta=111s
  [full_method_F1v2] [epoch 26/100] batch 120/300 (40%) loss=0.1093 elapsed=64s eta=96s
  [full_method_F1v2] [epoch 26/100] batch 150/300 (50%) loss=0.1104 elapsed=79s eta=79s
  [full_method_F1v2] [epoch 26/100] batch 180/300 (60%) loss=0.1104 elapsed=94s eta=63s
  [full_method_F1v2] [epoch 26/100] batch 210/300 (70%) loss=0.1097 elapsed=110s eta=47s
  [full_method_F1v2] [epoch 26/100] batch 240/300 (80%) loss=0.1115 elapsed=126s eta=32s
  [full_method_F1v2] [epoch 26/100] batch 270/300 (90%) loss=0.1112 elapsed=142s eta=16s
  [full_method_F1v2] [epoch 26/100] batch 300/300 (100%) loss=0.1119 elapsed=158s eta=0s
[full_method_F1v2] [sampler] sampled: {0: 611, 1: 589, 2: 0} total=1200 spalling_ratio=32.08%
[full_method_F1v2] [sampler] unique: {0: 400, 1: 400, 2: 0} unique_total=800 dup_ratio=1.50x
  difficulty: mean=-0.000 std=1.924
[full_method_F1v2] [epoch 026/100] remain=74 epochs ep_eta=194.2min (avg 157s/ep)
[full_method_F1v2] [epoch 026/100] lr=0.000053  dt=158.1s
  train loss=0.1119  ce=0.0647 dice=0.1592  tversky=0.0000 bd=0.0000  cldice=0.0000
  val   skipped (next val at epoch 30)
[full_method_F1v2] [curriculum] epoch 27: c=0.664 target_weights={0:0.502, 1:0.498, 2:0.000}
  [full_method_F1v2] [epoch 27/100] batch 30/300 (10%) loss=0.1174 elapsed=17s eta=150s
  [full_method_F1v2] [epoch 27/100] batch 60/300 (20%) loss=0.1176 elapsed=32s eta=129s
  [full_method_F1v2] [epoch 27/100] batch 90/300 (30%) loss=0.1145 elapsed=47s eta=110s
  [full_method_F1v2] [epoch 27/100] batch 120/300 (40%) loss=0.1130 elapsed=62s eta=93s
  [full_method_F1v2] [epoch 27/100] batch 150/300 (50%) loss=0.1112 elapsed=78s eta=78s
  [full_method_F1v2] [epoch 27/100] batch 180/300 (60%) loss=0.1131 elapsed=93s eta=62s
  [full_method_F1v2] [epoch 27/100] batch 210/300 (70%) loss=0.1136 elapsed=109s eta=47s
  [full_method_F1v2] [epoch 27/100] batch 240/300 (80%) loss=0.1130 elapsed=125s eta=31s
  [full_method_F1v2] [epoch 27/100] batch 270/300 (90%) loss=0.1123 elapsed=140s eta=16s
  [full_method_F1v2] [epoch 27/100] batch 300/300 (100%) loss=0.1126 elapsed=156s eta=0s
[full_method_F1v2] [sampler] sampled: {0: 602, 1: 598, 2: 0} total=1200 spalling_ratio=30.17%
[full_method_F1v2] [sampler] unique: {0: 400, 1: 400, 2: 0} unique_total=800 dup_ratio=1.50x
  difficulty: mean=0.000 std=1.930
[full_method_F1v2] [epoch 027/100] remain=73 epochs ep_eta=191.6min (avg 157s/ep)
[full_method_F1v2] [epoch 027/100] lr=0.000052  dt=156.5s
  train loss=0.1126  ce=0.0641 dice=0.1611  tversky=0.0000 bd=0.0000  cldice=0.0000
  val   skipped (next val at epoch 30)
[full_method_F1v2] [curriculum] epoch 28: c=0.674 target_weights={0:0.495, 1:0.495, 2:0.010}
  [full_method_F1v2] [epoch 28/100] batch 30/300 (10%) loss=0.1053 elapsed=16s eta=144s
  [full_method_F1v2] [epoch 28/100] batch 60/300 (20%) loss=0.1053 elapsed=32s eta=128s
  [full_method_F1v2] [epoch 28/100] batch 90/300 (30%) loss=0.1058 elapsed=47s eta=111s
  [full_method_F1v2] [epoch 28/100] batch 120/300 (40%) loss=0.1077 elapsed=62s eta=93s
  [full_method_F1v2] [epoch 28/100] batch 150/300 (50%) loss=0.1085 elapsed=77s eta=77s
  [full_method_F1v2] [epoch 28/100] batch 180/300 (60%) loss=0.1092 elapsed=93s eta=62s
  [full_method_F1v2] [epoch 28/100] batch 210/300 (70%) loss=0.1116 elapsed=108s eta=46s
  [full_method_F1v2] [epoch 28/100] batch 240/300 (80%) loss=0.1127 elapsed=124s eta=31s
  [full_method_F1v2] [epoch 28/100] batch 270/300 (90%) loss=0.1152 elapsed=140s eta=16s
  [full_method_F1v2] [epoch 28/100] batch 300/300 (100%) loss=0.1156 elapsed=155s eta=0s
[full_method_F1v2] [sampler] sampled: {0: 594, 1: 594, 2: 12} total=1200 spalling_ratio=29.58%
[full_method_F1v2] [sampler] unique: {0: 400, 1: 400, 2: 12} unique_total=812 dup_ratio=1.48x
  difficulty: mean=0.000 std=1.925
[full_method_F1v2] [epoch 028/100] remain=72 epochs ep_eta=188.9min (avg 157s/ep)
[full_method_F1v2] [epoch 028/100] lr=0.000052  dt=155.4s
  train loss=0.1156  ce=0.0669 dice=0.1643  tversky=0.0000 bd=0.0000  cldice=0.0000
  val   skipped (next val at epoch 30)
[full_method_F1v2] [curriculum] epoch 29: c=0.683 target_weights={0:0.488, 1:0.488, 2:0.024}
  [full_method_F1v2] [epoch 29/100] batch 30/300 (10%) loss=0.1457 elapsed=16s eta=147s
  [full_method_F1v2] [epoch 29/100] batch 60/300 (20%) loss=0.1307 elapsed=32s eta=127s
  [full_method_F1v2] [epoch 29/100] batch 90/300 (30%) loss=0.1216 elapsed=47s eta=111s
  [full_method_F1v2] [epoch 29/100] batch 120/300 (40%) loss=0.1178 elapsed=63s eta=95s
  [full_method_F1v2] [epoch 29/100] batch 150/300 (50%) loss=0.1156 elapsed=79s eta=79s
  [full_method_F1v2] [epoch 29/100] batch 180/300 (60%) loss=0.1167 elapsed=94s eta=63s
  [full_method_F1v2] [epoch 29/100] batch 210/300 (70%) loss=0.1154 elapsed=109s eta=47s
  [full_method_F1v2] [epoch 29/100] batch 240/300 (80%) loss=0.1170 elapsed=125s eta=31s
  [full_method_F1v2] [epoch 29/100] batch 270/300 (90%) loss=0.1165 elapsed=141s eta=16s
  [full_method_F1v2] [epoch 29/100] batch 300/300 (100%) loss=0.1161 elapsed=156s eta=0s
[full_method_F1v2] [sampler] sampled: {0: 586, 1: 585, 2: 29} total=1200 spalling_ratio=28.08%
[full_method_F1v2] [sampler] unique: {0: 400, 1: 400, 2: 29} unique_total=829 dup_ratio=1.45x
  difficulty: mean=-0.000 std=1.921
[full_method_F1v2] [epoch 029/100] remain=71 epochs ep_eta=186.3min (avg 157s/ep)
[full_method_F1v2] [epoch 029/100] lr=0.000051  dt=155.7s
  train loss=0.1161  ce=0.0689 dice=0.1633  tversky=0.0000 bd=0.0000  cldice=0.0000
  val   skipped (next val at epoch 30)
[full_method_F1v2] [curriculum] epoch 30: c=0.692 target_weights={0:0.482, 1:0.482, 2:0.037}
  [full_method_F1v2] [epoch 30/100] batch 30/300 (10%) loss=0.1229 elapsed=16s eta=148s
  [full_method_F1v2] [epoch 30/100] batch 60/300 (20%) loss=0.1152 elapsed=32s eta=128s
  [full_method_F1v2] [epoch 30/100] batch 90/300 (30%) loss=0.1148 elapsed=48s eta=111s
  [full_method_F1v2] [epoch 30/100] batch 120/300 (40%) loss=0.1191 elapsed=63s eta=95s
  [full_method_F1v2] [epoch 30/100] batch 150/300 (50%) loss=0.1179 elapsed=79s eta=79s
  [full_method_F1v2] [epoch 30/100] batch 180/300 (60%) loss=0.1172 elapsed=95s eta=63s
  [full_method_F1v2] [epoch 30/100] batch 210/300 (70%) loss=0.1183 elapsed=110s eta=47s
  [full_method_F1v2] [epoch 30/100] batch 240/300 (80%) loss=0.1183 elapsed=126s eta=32s
  [full_method_F1v2] [epoch 30/100] batch 270/300 (90%) loss=0.1180 elapsed=141s eta=16s
  [full_method_F1v2] [epoch 30/100] batch 300/300 (100%) loss=0.1169 elapsed=157s eta=0s
[full_method_F1v2] [sampler] sampled: {0: 578, 1: 578, 2: 44} total=1200 spalling_ratio=29.58%
[full_method_F1v2] [sampler] unique: {0: 400, 1: 400, 2: 44} unique_total=844 dup_ratio=1.42x
  difficulty: mean=-0.000 std=1.911
[full_method_F1v2] [epoch 030/100] remain=70 epochs ep_eta=184.0min (avg 158s/ep)
[full_method_F1v2] [epoch 030/100] lr=0.000050  dt=166.6s
  train loss=0.1169  ce=0.0698 dice=0.1641  tversky=0.0000 bd=0.0000  cldice=0.0000
  val   loss=0.2661
  IoU   bg=0.9749  crack=0.5428  spalling=0.8022  | mIoU_fg=0.6725  pix_acc=0.9756
  Dice  bg=0.9873  crack=0.7037  spalling=0.8902
  BF1   crack=0.7099  spalling=0.6114  | BF1_fg_mean=0.6606
  [full_method_F1v2] [best] mIoU_fg=0.6725  saved -> best.pt
[full_method_F1v2] [curriculum] epoch 31: c=0.701 target_weights={0:0.475, 1:0.475, 2:0.049}
  [full_method_F1v2] [epoch 31/100] batch 30/300 (10%) loss=0.1125 elapsed=16s eta=146s
  [full_method_F1v2] [epoch 31/100] batch 60/300 (20%) loss=0.1184 elapsed=32s eta=129s
  [full_method_F1v2] [epoch 31/100] batch 90/300 (30%) loss=0.1279 elapsed=49s eta=114s
  [full_method_F1v2] [epoch 31/100] batch 120/300 (40%) loss=0.1333 elapsed=66s eta=99s
  [full_method_F1v2] [epoch 31/100] batch 150/300 (50%) loss=0.1333 elapsed=81s eta=81s
  [full_method_F1v2] [epoch 31/100] batch 180/300 (60%) loss=0.1320 elapsed=97s eta=65s
  [full_method_F1v2] [epoch 31/100] batch 210/300 (70%) loss=0.1335 elapsed=114s eta=49s
  [full_method_F1v2] [epoch 31/100] batch 240/300 (80%) loss=0.1334 elapsed=131s eta=33s
  [full_method_F1v2] [epoch 31/100] batch 270/300 (90%) loss=0.1303 elapsed=148s eta=16s
  [full_method_F1v2] [epoch 31/100] batch 300/300 (100%) loss=0.1304 elapsed=164s eta=0s
[full_method_F1v2] [sampler] sampled: {0: 570, 1: 570, 2: 60} total=1200 spalling_ratio=28.08%
[full_method_F1v2] [sampler] unique: {0: 400, 1: 400, 2: 60} unique_total=860 dup_ratio=1.40x
  difficulty: mean=-0.000 std=1.899
[full_method_F1v2] [epoch 031/100] remain=69 epochs ep_eta=181.8min (avg 158s/ep)
[full_method_F1v2] [epoch 031/100] lr=0.000050  dt=164.2s
  train loss=0.1304  ce=0.0799 dice=0.1809  tversky=0.0000 bd=0.0000  cldice=0.0000
  val   skipped (next val at epoch 35)
[full_method_F1v2] [curriculum] epoch 32: c=0.710 target_weights={0:0.469, 1:0.469, 2:0.062}
  [full_method_F1v2] [epoch 32/100] batch 30/300 (10%) loss=0.1118 elapsed=17s eta=150s
  [full_method_F1v2] [epoch 32/100] batch 60/300 (20%) loss=0.1127 elapsed=32s eta=128s
  [full_method_F1v2] [epoch 32/100] batch 90/300 (30%) loss=0.1195 elapsed=48s eta=112s
  [full_method_F1v2] [epoch 32/100] batch 120/300 (40%) loss=0.1197 elapsed=63s eta=95s
  [full_method_F1v2] [epoch 32/100] batch 150/300 (50%) loss=0.1179 elapsed=80s eta=80s
  [full_method_F1v2] [epoch 32/100] batch 180/300 (60%) loss=0.1178 elapsed=95s eta=63s
  [full_method_F1v2] [epoch 32/100] batch 210/300 (70%) loss=0.1190 elapsed=111s eta=47s
  [full_method_F1v2] [epoch 32/100] batch 240/300 (80%) loss=0.1167 elapsed=127s eta=32s
  [full_method_F1v2] [epoch 32/100] batch 270/300 (90%) loss=0.1158 elapsed=143s eta=16s
  [full_method_F1v2] [epoch 32/100] batch 300/300 (100%) loss=0.1147 elapsed=158s eta=0s
[full_method_F1v2] [sampler] sampled: {0: 563, 1: 563, 2: 74} total=1200 spalling_ratio=31.33%
[full_method_F1v2] [sampler] unique: {0: 400, 1: 400, 2: 74} unique_total=874 dup_ratio=1.37x
  difficulty: mean=-0.000 std=1.898
[full_method_F1v2] [epoch 032/100] remain=68 epochs ep_eta=179.2min (avg 158s/ep)
[full_method_F1v2] [epoch 032/100] lr=0.000049  dt=158.2s
  train loss=0.1147  ce=0.0726 dice=0.1569  tversky=0.0000 bd=0.0000  cldice=0.0000
  val   skipped (next val at epoch 35)
[full_method_F1v2] [curriculum] epoch 33: c=0.719 target_weights={0:0.463, 1:0.463, 2:0.073}
  [full_method_F1v2] [epoch 33/100] batch 30/300 (10%) loss=0.1189 elapsed=16s eta=147s
  [full_method_F1v2] [epoch 33/100] batch 60/300 (20%) loss=0.1216 elapsed=32s eta=129s
  [full_method_F1v2] [epoch 33/100] batch 90/300 (30%) loss=0.1229 elapsed=49s eta=113s
  [full_method_F1v2] [epoch 33/100] batch 120/300 (40%) loss=0.1208 elapsed=64s eta=97s
  [full_method_F1v2] [epoch 33/100] batch 150/300 (50%) loss=0.1191 elapsed=80s eta=80s
  [full_method_F1v2] [epoch 33/100] batch 180/300 (60%) loss=0.1190 elapsed=96s eta=64s
  [full_method_F1v2] [epoch 33/100] batch 210/300 (70%) loss=0.1194 elapsed=111s eta=48s
  [full_method_F1v2] [epoch 33/100] batch 240/300 (80%) loss=0.1170 elapsed=127s eta=32s
  [full_method_F1v2] [epoch 33/100] batch 270/300 (90%) loss=0.1165 elapsed=143s eta=16s
  [full_method_F1v2] [epoch 33/100] batch 300/300 (100%) loss=0.1161 elapsed=158s eta=0s
[full_method_F1v2] [sampler] sampled: {0: 556, 1: 556, 2: 88} total=1200 spalling_ratio=32.25%
[full_method_F1v2] [sampler] unique: {0: 400, 1: 400, 2: 88} unique_total=888 dup_ratio=1.35x
  difficulty: mean=0.000 std=1.893
[full_method_F1v2] [epoch 033/100] remain=67 epochs ep_eta=176.6min (avg 158s/ep)
[full_method_F1v2] [epoch 033/100] lr=0.000048  dt=158.7s
  train loss=0.1161  ce=0.0718 dice=0.1604  tversky=0.0000 bd=0.0000  cldice=0.0000
  val   skipped (next val at epoch 35)
[full_method_F1v2] [curriculum] epoch 34: c=0.728 target_weights={0:0.458, 1:0.458, 2:0.084}
  [full_method_F1v2] [epoch 34/100] batch 30/300 (10%) loss=0.1124 elapsed=16s eta=147s
  [full_method_F1v2] [epoch 34/100] batch 60/300 (20%) loss=0.1125 elapsed=31s eta=126s
  [full_method_F1v2] [epoch 34/100] batch 90/300 (30%) loss=0.1185 elapsed=47s eta=109s
  [full_method_F1v2] [epoch 34/100] batch 120/300 (40%) loss=0.1202 elapsed=62s eta=93s
  [full_method_F1v2] [epoch 34/100] batch 150/300 (50%) loss=0.1202 elapsed=77s eta=77s
  [full_method_F1v2] [epoch 34/100] batch 180/300 (60%) loss=0.1231 elapsed=93s eta=62s
  [full_method_F1v2] [epoch 34/100] batch 210/300 (70%) loss=0.1206 elapsed=108s eta=46s
  [full_method_F1v2] [epoch 34/100] batch 240/300 (80%) loss=0.1215 elapsed=124s eta=31s
  [full_method_F1v2] [epoch 34/100] batch 270/300 (90%) loss=0.1233 elapsed=140s eta=16s
  [full_method_F1v2] [epoch 34/100] batch 300/300 (100%) loss=0.1209 elapsed=156s eta=0s
[full_method_F1v2] [sampler] sampled: {0: 550, 1: 549, 2: 101} total=1200 spalling_ratio=28.83%
[full_method_F1v2] [sampler] unique: {0: 400, 1: 400, 2: 101} unique_total=901 dup_ratio=1.33x
  difficulty: mean=-0.000 std=1.885
[full_method_F1v2] [epoch 034/100] remain=66 epochs ep_eta=174.0min (avg 158s/ep)
[full_method_F1v2] [epoch 034/100] lr=0.000047  dt=156.2s
  train loss=0.1209  ce=0.0739 dice=0.1678  tversky=0.0000 bd=0.0000  cldice=0.0000
  val   skipped (next val at epoch 35)
[full_method_F1v2] [curriculum] epoch 35: c=0.737 target_weights={0:0.452, 1:0.452, 2:0.095}
  [full_method_F1v2] [epoch 35/100] batch 30/300 (10%) loss=0.1315 elapsed=15s eta=135s
  [full_method_F1v2] [epoch 35/100] batch 60/300 (20%) loss=0.1346 elapsed=30s eta=120s
  [full_method_F1v2] [epoch 35/100] batch 90/300 (30%) loss=0.1317 elapsed=46s eta=106s
  [full_method_F1v2] [epoch 35/100] batch 120/300 (40%) loss=0.1311 elapsed=61s eta=92s
  [full_method_F1v2] [epoch 35/100] batch 150/300 (50%) loss=0.1294 elapsed=77s eta=77s
  [full_method_F1v2] [epoch 35/100] batch 180/300 (60%) loss=0.1272 elapsed=92s eta=61s
  [full_method_F1v2] [epoch 35/100] batch 210/300 (70%) loss=0.1265 elapsed=106s eta=46s
  [full_method_F1v2] [epoch 35/100] batch 240/300 (80%) loss=0.1267 elapsed=122s eta=30s
  [full_method_F1v2] [epoch 35/100] batch 270/300 (90%) loss=0.1274 elapsed=137s eta=15s
  [full_method_F1v2] [epoch 35/100] batch 300/300 (100%) loss=0.1265 elapsed=152s eta=0s
[full_method_F1v2] [sampler] sampled: {0: 543, 1: 543, 2: 114} total=1200 spalling_ratio=28.50%
[full_method_F1v2] [sampler] unique: {0: 400, 1: 400, 2: 114} unique_total=914 dup_ratio=1.31x
  difficulty: mean=-0.000 std=1.850
[full_method_F1v2] [epoch 035/100] remain=65 epochs ep_eta=171.5min (avg 158s/ep)
[full_method_F1v2] [epoch 035/100] lr=0.000046  dt=162.0s
  train loss=0.1265  ce=0.0779 dice=0.1751  tversky=0.0000 bd=0.0000  cldice=0.0000
  val   loss=0.2434
  IoU   bg=0.9752  crack=0.5476  spalling=0.8128  | mIoU_fg=0.6802  pix_acc=0.9758
  Dice  bg=0.9875  crack=0.7077  spalling=0.8967
  BF1   crack=0.7151  spalling=0.6612  | BF1_fg_mean=0.6882
  [full_method_F1v2] [best] mIoU_fg=0.6802  saved -> best.pt
[full_method_F1v2] [curriculum] epoch 36: c=0.745 target_weights={0:0.447, 1:0.447, 2:0.105}
  [full_method_F1v2] [epoch 36/100] batch 30/300 (10%) loss=0.1232 elapsed=17s eta=153s
  [full_method_F1v2] [epoch 36/100] batch 60/300 (20%) loss=0.1203 elapsed=33s eta=130s
  [full_method_F1v2] [epoch 36/100] batch 90/300 (30%) loss=0.1167 elapsed=48s eta=113s
  [full_method_F1v2] [epoch 36/100] batch 120/300 (40%) loss=0.1190 elapsed=65s eta=97s
  [full_method_F1v2] [epoch 36/100] batch 150/300 (50%) loss=0.1178 elapsed=80s eta=80s
  [full_method_F1v2] [epoch 36/100] batch 180/300 (60%) loss=0.1178 elapsed=96s eta=64s
  [full_method_F1v2] [epoch 36/100] batch 210/300 (70%) loss=0.1161 elapsed=112s eta=48s
  [full_method_F1v2] [epoch 36/100] batch 240/300 (80%) loss=0.1175 elapsed=128s eta=32s
  [full_method_F1v2] [epoch 36/100] batch 270/300 (90%) loss=0.1168 elapsed=144s eta=16s
  [full_method_F1v2] [epoch 36/100] batch 300/300 (100%) loss=0.1162 elapsed=161s eta=0s
[full_method_F1v2] [sampler] sampled: {0: 537, 1: 537, 2: 126} total=1200 spalling_ratio=33.92%
[full_method_F1v2] [sampler] unique: {0: 400, 1: 400, 2: 126} unique_total=926 dup_ratio=1.30x
  difficulty: mean=-0.000 std=1.873
[full_method_F1v2] [epoch 036/100] remain=64 epochs ep_eta=169.0min (avg 158s/ep)
[full_method_F1v2] [epoch 036/100] lr=0.000046  dt=161.1s
  train loss=0.1162  ce=0.0713 dice=0.1610  tversky=0.0000 bd=0.0000  cldice=0.0000
  val   skipped (next val at epoch 40)
[full_method_F1v2] [curriculum] epoch 37: c=0.754 target_weights={0:0.442, 1:0.442, 2:0.116}
  [full_method_F1v2] [epoch 37/100] batch 30/300 (10%) loss=0.1149 elapsed=16s eta=143s
  [full_method_F1v2] [epoch 37/100] batch 60/300 (20%) loss=0.1226 elapsed=31s eta=125s
  [full_method_F1v2] [epoch 37/100] batch 90/300 (30%) loss=0.1245 elapsed=46s eta=108s
  [full_method_F1v2] [epoch 37/100] batch 120/300 (40%) loss=0.1218 elapsed=62s eta=93s
  [full_method_F1v2] [epoch 37/100] batch 150/300 (50%) loss=0.1235 elapsed=78s eta=78s
  [full_method_F1v2] [epoch 37/100] batch 180/300 (60%) loss=0.1269 elapsed=93s eta=62s
  [full_method_F1v2] [epoch 37/100] batch 210/300 (70%) loss=0.1254 elapsed=109s eta=47s
  [full_method_F1v2] [epoch 37/100] batch 240/300 (80%) loss=0.1253 elapsed=125s eta=31s
  [full_method_F1v2] [epoch 37/100] batch 270/300 (90%) loss=0.1244 elapsed=141s eta=16s
  [full_method_F1v2] [epoch 37/100] batch 300/300 (100%) loss=0.1226 elapsed=157s eta=0s
[full_method_F1v2] [sampler] sampled: {0: 531, 1: 531, 2: 138} total=1200 spalling_ratio=27.33%
[full_method_F1v2] [sampler] unique: {0: 400, 1: 400, 2: 138} unique_total=938 dup_ratio=1.28x
  difficulty: mean=-0.000 std=1.868
[full_method_F1v2] [epoch 037/100] remain=63 epochs ep_eta=166.4min (avg 158s/ep)
[full_method_F1v2] [epoch 037/100] lr=0.000045  dt=157.0s
  train loss=0.1226  ce=0.0735 dice=0.1716  tversky=0.0000 bd=0.0000  cldice=0.0000
  val   skipped (next val at epoch 40)
[full_method_F1v2] [curriculum] epoch 38: c=0.762 target_weights={0:0.437, 1:0.437, 2:0.125}
  [full_method_F1v2] [epoch 38/100] batch 30/300 (10%) loss=0.1280 elapsed=16s eta=147s
  [full_method_F1v2] [epoch 38/100] batch 60/300 (20%) loss=0.1247 elapsed=32s eta=128s
  [full_method_F1v2] [epoch 38/100] batch 90/300 (30%) loss=0.1243 elapsed=48s eta=111s
  [full_method_F1v2] [epoch 38/100] batch 120/300 (40%) loss=0.1244 elapsed=63s eta=95s
  [full_method_F1v2] [epoch 38/100] batch 150/300 (50%) loss=0.1235 elapsed=79s eta=79s
  [full_method_F1v2] [epoch 38/100] batch 180/300 (60%) loss=0.1245 elapsed=94s eta=62s
  [full_method_F1v2] [epoch 38/100] batch 210/300 (70%) loss=0.1251 elapsed=109s eta=47s
  [full_method_F1v2] [epoch 38/100] batch 240/300 (80%) loss=0.1255 elapsed=125s eta=31s
  [full_method_F1v2] [epoch 38/100] batch 270/300 (90%) loss=0.1252 elapsed=140s eta=16s
  [full_method_F1v2] [epoch 38/100] batch 300/300 (100%) loss=0.1251 elapsed=156s eta=0s
[full_method_F1v2] [sampler] sampled: {0: 525, 1: 525, 2: 150} total=1200 spalling_ratio=26.33%
[full_method_F1v2] [sampler] unique: {0: 400, 1: 400, 2: 150} unique_total=950 dup_ratio=1.26x
  difficulty: mean=-0.000 std=1.863
[full_method_F1v2] [epoch 038/100] remain=62 epochs ep_eta=163.7min (avg 158s/ep)
[full_method_F1v2] [epoch 038/100] lr=0.000044  dt=156.7s
  train loss=0.1251  ce=0.0762 dice=0.1739  tversky=0.0000 bd=0.0000  cldice=0.0000
  val   skipped (next val at epoch 40)
[full_method_F1v2] [curriculum] epoch 39: c=0.770 target_weights={0:0.433, 1:0.433, 2:0.135}
  [full_method_F1v2] [epoch 39/100] batch 30/300 (10%) loss=0.1121 elapsed=16s eta=148s
  [full_method_F1v2] [epoch 39/100] batch 60/300 (20%) loss=0.1191 elapsed=32s eta=130s
  [full_method_F1v2] [epoch 39/100] batch 90/300 (30%) loss=0.1228 elapsed=48s eta=111s
  [full_method_F1v2] [epoch 39/100] batch 120/300 (40%) loss=0.1245 elapsed=63s eta=95s
  [full_method_F1v2] [epoch 39/100] batch 150/300 (50%) loss=0.1222 elapsed=79s eta=79s
  [full_method_F1v2] [epoch 39/100] batch 180/300 (60%) loss=0.1229 elapsed=94s eta=63s
  [full_method_F1v2] [epoch 39/100] batch 210/300 (70%) loss=0.1228 elapsed=109s eta=47s
  [full_method_F1v2] [epoch 39/100] batch 240/300 (80%) loss=0.1229 elapsed=124s eta=31s
  [full_method_F1v2] [epoch 39/100] batch 270/300 (90%) loss=0.1251 elapsed=139s eta=15s
  [full_method_F1v2] [epoch 39/100] batch 300/300 (100%) loss=0.1260 elapsed=155s eta=0s
[full_method_F1v2] [sampler] sampled: {0: 519, 1: 519, 2: 162} total=1200 spalling_ratio=26.33%
[full_method_F1v2] [sampler] unique: {0: 400, 1: 400, 2: 162} unique_total=962 dup_ratio=1.25x
  difficulty: mean=0.000 std=1.857
[full_method_F1v2] [epoch 039/100] remain=61 epochs ep_eta=161.0min (avg 158s/ep)
[full_method_F1v2] [epoch 039/100] lr=0.000043  dt=154.8s
  train loss=0.1260  ce=0.0761 dice=0.1759  tversky=0.0000 bd=0.0000  cldice=0.0000
  val   skipped (next val at epoch 40)
[full_method_F1v2] [curriculum] epoch 40: c=0.779 target_weights={0:0.428, 1:0.428, 2:0.144}
  [full_method_F1v2] [epoch 40/100] batch 30/300 (10%) loss=0.1273 elapsed=16s eta=141s
  [full_method_F1v2] [epoch 40/100] batch 60/300 (20%) loss=0.1341 elapsed=31s eta=125s
  [full_method_F1v2] [epoch 40/100] batch 90/300 (30%) loss=0.1336 elapsed=47s eta=109s
  [full_method_F1v2] [epoch 40/100] batch 120/300 (40%) loss=0.1319 elapsed=62s eta=94s
  [full_method_F1v2] [epoch 40/100] batch 150/300 (50%) loss=0.1315 elapsed=78s eta=78s
  [full_method_F1v2] [epoch 40/100] batch 180/300 (60%) loss=0.1324 elapsed=93s eta=62s
  [full_method_F1v2] [epoch 40/100] batch 210/300 (70%) loss=0.1306 elapsed=109s eta=47s
  [full_method_F1v2] [epoch 40/100] batch 240/300 (80%) loss=0.1316 elapsed=124s eta=31s
  [full_method_F1v2] [epoch 40/100] batch 270/300 (90%) loss=0.1318 elapsed=139s eta=15s
  [full_method_F1v2] [epoch 40/100] batch 300/300 (100%) loss=0.1318 elapsed=155s eta=0s
[full_method_F1v2] [sampler] sampled: {0: 514, 1: 514, 2: 172} total=1200 spalling_ratio=27.08%
[full_method_F1v2] [sampler] unique: {0: 400, 1: 400, 2: 172} unique_total=972 dup_ratio=1.23x
  difficulty: mean=-0.000 std=1.854
[full_method_F1v2] [epoch 040/100] remain=60 epochs ep_eta=158.6min (avg 159s/ep)
[full_method_F1v2] [epoch 040/100] lr=0.000042  dt=164.3s
  train loss=0.1318  ce=0.0805 dice=0.1830  tversky=0.0000 bd=0.0000  cldice=0.0000
  val   loss=0.2919
  IoU   bg=0.9760  crack=0.5650  spalling=0.7473  | mIoU_fg=0.6562  pix_acc=0.9766
  Dice  bg=0.9879  crack=0.7221  spalling=0.8554
  BF1   crack=0.7331  spalling=0.5925  | BF1_fg_mean=0.6628
[full_method_F1v2] [curriculum] epoch 41: c=0.787 target_weights={0:0.424, 1:0.424, 2:0.153}
  [full_method_F1v2] [epoch 41/100] batch 30/300 (10%) loss=0.1319 elapsed=16s eta=145s
  [full_method_F1v2] [epoch 41/100] batch 60/300 (20%) loss=0.1426 elapsed=33s eta=131s
  [full_method_F1v2] [epoch 41/100] batch 90/300 (30%) loss=0.1386 elapsed=50s eta=116s
  [full_method_F1v2] [epoch 41/100] batch 120/300 (40%) loss=0.1365 elapsed=66s eta=99s
  [full_method_F1v2] [epoch 41/100] batch 150/300 (50%) loss=0.1366 elapsed=82s eta=82s
  [full_method_F1v2] [epoch 41/100] batch 180/300 (60%) loss=0.1350 elapsed=98s eta=65s
  [full_method_F1v2] [epoch 41/100] batch 210/300 (70%) loss=0.1344 elapsed=114s eta=49s
  [full_method_F1v2] [epoch 41/100] batch 240/300 (80%) loss=0.1313 elapsed=130s eta=32s
  [full_method_F1v2] [epoch 41/100] batch 270/300 (90%) loss=0.1344 elapsed=146s eta=16s
  [full_method_F1v2] [epoch 41/100] batch 300/300 (100%) loss=0.1322 elapsed=161s eta=0s
[full_method_F1v2] [sampler] sampled: {0: 509, 1: 508, 2: 183} total=1200 spalling_ratio=28.00%
[full_method_F1v2] [sampler] unique: {0: 400, 1: 400, 2: 183} unique_total=983 dup_ratio=1.22x
  difficulty: mean=0.000 std=1.839
[full_method_F1v2] [epoch 041/100] remain=59 epochs ep_eta=156.1min (avg 159s/ep)
[full_method_F1v2] [epoch 041/100] lr=0.000041  dt=161.7s
  train loss=0.1322  ce=0.0841 dice=0.1803  tversky=0.0000 bd=0.0000  cldice=0.0000
  val   skipped (next val at epoch 45)
[full_method_F1v2] [curriculum] epoch 42: c=0.795 target_weights={0:0.419, 1:0.419, 2:0.161}
  [full_method_F1v2] [epoch 42/100] batch 30/300 (10%) loss=0.1211 elapsed=17s eta=149s
  [full_method_F1v2] [epoch 42/100] batch 60/300 (20%) loss=0.1184 elapsed=31s eta=126s
  [full_method_F1v2] [epoch 42/100] batch 90/300 (30%) loss=0.1201 elapsed=46s eta=107s
  [full_method_F1v2] [epoch 42/100] batch 120/300 (40%) loss=0.1220 elapsed=61s eta=92s
  [full_method_F1v2] [epoch 42/100] batch 150/300 (50%) loss=0.1217 elapsed=77s eta=77s
  [full_method_F1v2] [epoch 42/100] batch 180/300 (60%) loss=0.1209 elapsed=92s eta=61s
  [full_method_F1v2] [epoch 42/100] batch 210/300 (70%) loss=0.1202 elapsed=108s eta=46s
  [full_method_F1v2] [epoch 42/100] batch 240/300 (80%) loss=0.1203 elapsed=124s eta=31s
  [full_method_F1v2] [epoch 42/100] batch 270/300 (90%) loss=0.1216 elapsed=139s eta=15s
  [full_method_F1v2] [epoch 42/100] batch 300/300 (100%) loss=0.1204 elapsed=155s eta=0s
[full_method_F1v2] [sampler] sampled: {0: 503, 1: 503, 2: 194} total=1200 spalling_ratio=31.17%
[full_method_F1v2] [sampler] unique: {0: 400, 1: 400, 2: 194} unique_total=994 dup_ratio=1.21x
  difficulty: mean=0.000 std=1.840
[full_method_F1v2] [epoch 042/100] remain=58 epochs ep_eta=153.3min (avg 159s/ep)
[full_method_F1v2] [epoch 042/100] lr=0.000040  dt=154.8s
  train loss=0.1204  ce=0.0775 dice=0.1633  tversky=0.0000 bd=0.0000  cldice=0.0000
  val   skipped (next val at epoch 45)
[full_method_F1v2] [curriculum] epoch 43: c=0.803 target_weights={0:0.415, 1:0.415, 2:0.169}
  [full_method_F1v2] [epoch 43/100] batch 30/300 (10%) loss=0.1386 elapsed=16s eta=144s
  [full_method_F1v2] [epoch 43/100] batch 60/300 (20%) loss=0.1380 elapsed=32s eta=128s
  [full_method_F1v2] [epoch 43/100] batch 90/300 (30%) loss=0.1319 elapsed=48s eta=111s
  [full_method_F1v2] [epoch 43/100] batch 120/300 (40%) loss=0.1306 elapsed=63s eta=95s
  [full_method_F1v2] [epoch 43/100] batch 150/300 (50%) loss=0.1271 elapsed=78s eta=78s
  [full_method_F1v2] [epoch 43/100] batch 180/300 (60%) loss=0.1277 elapsed=93s eta=62s
  [full_method_F1v2] [epoch 43/100] batch 210/300 (70%) loss=0.1307 elapsed=109s eta=47s
  [full_method_F1v2] [epoch 43/100] batch 240/300 (80%) loss=0.1296 elapsed=125s eta=31s
  [full_method_F1v2] [epoch 43/100] batch 270/300 (90%) loss=0.1292 elapsed=140s eta=16s
  [full_method_F1v2] [epoch 43/100] batch 300/300 (100%) loss=0.1284 elapsed=156s eta=0s
[full_method_F1v2] [sampler] sampled: {0: 498, 1: 498, 2: 204} total=1200 spalling_ratio=27.25%
[full_method_F1v2] [sampler] unique: {0: 400, 1: 400, 2: 204} unique_total=1004 dup_ratio=1.20x
  difficulty: mean=0.000 std=1.836
[full_method_F1v2] [epoch 043/100] remain=57 epochs ep_eta=150.7min (avg 159s/ep)
[full_method_F1v2] [epoch 043/100] lr=0.000039  dt=156.3s
  train loss=0.1284  ce=0.0776 dice=0.1792  tversky=0.0000 bd=0.0000  cldice=0.0000
  val   skipped (next val at epoch 45)
[full_method_F1v2] [curriculum] epoch 44: c=0.811 target_weights={0:0.411, 1:0.411, 2:0.178}
  [full_method_F1v2] [epoch 44/100] batch 30/300 (10%) loss=0.1263 elapsed=16s eta=143s
  [full_method_F1v2] [epoch 44/100] batch 60/300 (20%) loss=0.1280 elapsed=31s eta=124s
  [full_method_F1v2] [epoch 44/100] batch 90/300 (30%) loss=0.1279 elapsed=46s eta=108s
  [full_method_F1v2] [epoch 44/100] batch 120/300 (40%) loss=0.1241 elapsed=62s eta=92s
  [full_method_F1v2] [epoch 44/100] batch 150/300 (50%) loss=0.1217 elapsed=77s eta=77s
  [full_method_F1v2] [epoch 44/100] batch 180/300 (60%) loss=0.1246 elapsed=93s eta=62s
  [full_method_F1v2] [epoch 44/100] batch 210/300 (70%) loss=0.1237 elapsed=111s eta=48s
  [full_method_F1v2] [epoch 44/100] batch 240/300 (80%) loss=0.1257 elapsed=128s eta=32s
  [full_method_F1v2] [epoch 44/100] batch 270/300 (90%) loss=0.1268 elapsed=144s eta=16s
  [full_method_F1v2] [epoch 44/100] batch 300/300 (100%) loss=0.1253 elapsed=160s eta=0s
[full_method_F1v2] [sampler] sampled: {0: 494, 1: 493, 2: 213} total=1200 spalling_ratio=25.67%
[full_method_F1v2] [sampler] unique: {0: 400, 1: 400, 2: 213} unique_total=1013 dup_ratio=1.18x
  difficulty: mean=-0.000 std=1.832
[full_method_F1v2] [epoch 044/100] remain=56 epochs ep_eta=148.1min (avg 159s/ep)
[full_method_F1v2] [epoch 044/100] lr=0.000038  dt=160.1s
  train loss=0.1253  ce=0.0767 dice=0.1740  tversky=0.0000 bd=0.0000  cldice=0.0000
  val   skipped (next val at epoch 45)
[full_method_F1v2] [curriculum] epoch 45: c=0.818 target_weights={0:0.407, 1:0.407, 2:0.185}
  [full_method_F1v2] [epoch 45/100] batch 30/300 (10%) loss=0.1290 elapsed=16s eta=142s
  [full_method_F1v2] [epoch 45/100] batch 60/300 (20%) loss=0.1273 elapsed=32s eta=127s
  [full_method_F1v2] [epoch 45/100] batch 90/300 (30%) loss=0.1298 elapsed=48s eta=112s
  [full_method_F1v2] [epoch 45/100] batch 120/300 (40%) loss=0.1322 elapsed=64s eta=95s
  [full_method_F1v2] [epoch 45/100] batch 150/300 (50%) loss=0.1308 elapsed=80s eta=80s
  [full_method_F1v2] [epoch 45/100] batch 180/300 (60%) loss=0.1322 elapsed=95s eta=63s
  [full_method_F1v2] [epoch 45/100] batch 210/300 (70%) loss=0.1326 elapsed=111s eta=47s
  [full_method_F1v2] [epoch 45/100] batch 240/300 (80%) loss=0.1333 elapsed=126s eta=32s
  [full_method_F1v2] [epoch 45/100] batch 270/300 (90%) loss=0.1367 elapsed=142s eta=16s
  [full_method_F1v2] [epoch 45/100] batch 300/300 (100%) loss=0.1365 elapsed=158s eta=0s
[full_method_F1v2] [sampler] sampled: {0: 489, 1: 489, 2: 222} total=1200 spalling_ratio=26.58%
[full_method_F1v2] [sampler] unique: {0: 400, 1: 400, 2: 222} unique_total=1022 dup_ratio=1.17x
  difficulty: mean=0.000 std=1.821
[full_method_F1v2] [epoch 045/100] remain=55 epochs ep_eta=145.7min (avg 159s/ep)
[full_method_F1v2] [epoch 045/100] lr=0.000037  dt=167.9s
  train loss=0.1365  ce=0.0853 dice=0.1876  tversky=0.0000 bd=0.0000  cldice=0.0000
  val   loss=0.2432
  IoU   bg=0.9737  crack=0.5488  spalling=0.8105  | mIoU_fg=0.6797  pix_acc=0.9743
  Dice  bg=0.9867  crack=0.7087  spalling=0.8953
  BF1   crack=0.7111  spalling=0.6126  | BF1_fg_mean=0.6618
[full_method_F1v2] [curriculum] epoch 46: c=0.826 target_weights={0:0.403, 1:0.403, 2:0.193}
  [full_method_F1v2] [epoch 46/100] batch 30/300 (10%) loss=0.1305 elapsed=17s eta=152s
  [full_method_F1v2] [epoch 46/100] batch 60/300 (20%) loss=0.1311 elapsed=33s eta=130s
  [full_method_F1v2] [epoch 46/100] batch 90/300 (30%) loss=0.1365 elapsed=48s eta=112s
  [full_method_F1v2] [epoch 46/100] batch 120/300 (40%) loss=0.1372 elapsed=64s eta=96s
  [full_method_F1v2] [epoch 46/100] batch 150/300 (50%) loss=0.1383 elapsed=80s eta=80s
  [full_method_F1v2] [epoch 46/100] batch 180/300 (60%) loss=0.1363 elapsed=96s eta=64s
  [full_method_F1v2] [epoch 46/100] batch 210/300 (70%) loss=0.1361 elapsed=111s eta=48s
  [full_method_F1v2] [epoch 46/100] batch 240/300 (80%) loss=0.1349 elapsed=127s eta=32s
  [full_method_F1v2] [epoch 46/100] batch 270/300 (90%) loss=0.1351 elapsed=143s eta=16s
  [full_method_F1v2] [epoch 46/100] batch 300/300 (100%) loss=0.1331 elapsed=159s eta=0s
[full_method_F1v2] [sampler] sampled: {0: 484, 1: 484, 2: 232} total=1200 spalling_ratio=26.83%
[full_method_F1v2] [sampler] unique: {0: 400, 1: 400, 2: 232} unique_total=1032 dup_ratio=1.16x
  difficulty: mean=0.000 std=1.818
[full_method_F1v2] [epoch 046/100] remain=54 epochs ep_eta=143.1min (avg 159s/ep)
[full_method_F1v2] [epoch 046/100] lr=0.000036  dt=158.9s
  train loss=0.1331  ce=0.0814 dice=0.1847  tversky=0.0000 bd=0.0000  cldice=0.0000
  val   skipped (next val at epoch 50)
[full_method_F1v2] [curriculum] epoch 47: c=0.834 target_weights={0:0.400, 1:0.400, 2:0.200}
  [full_method_F1v2] [epoch 47/100] batch 30/300 (10%) loss=0.1342 elapsed=16s eta=147s
  [full_method_F1v2] [epoch 47/100] batch 60/300 (20%) loss=0.1396 elapsed=32s eta=129s
  [full_method_F1v2] [epoch 47/100] batch 90/300 (30%) loss=0.1334 elapsed=47s eta=110s
  [full_method_F1v2] [epoch 47/100] batch 120/300 (40%) loss=0.1326 elapsed=62s eta=93s
  [full_method_F1v2] [epoch 47/100] batch 150/300 (50%) loss=0.1309 elapsed=76s eta=76s
  [full_method_F1v2] [epoch 47/100] batch 180/300 (60%) loss=0.1331 elapsed=92s eta=61s
  [full_method_F1v2] [epoch 47/100] batch 210/300 (70%) loss=0.1337 elapsed=107s eta=46s
  [full_method_F1v2] [epoch 47/100] batch 240/300 (80%) loss=0.1316 elapsed=123s eta=31s
  [full_method_F1v2] [epoch 47/100] batch 270/300 (90%) loss=0.1316 elapsed=139s eta=15s
  [full_method_F1v2] [epoch 47/100] batch 300/300 (100%) loss=0.1301 elapsed=154s eta=0s
[full_method_F1v2] [sampler] sampled: {0: 480, 1: 480, 2: 240} total=1200 spalling_ratio=26.25%
[full_method_F1v2] [sampler] unique: {0: 400, 1: 400, 2: 240} unique_total=1040 dup_ratio=1.15x
  difficulty: mean=-0.000 std=1.812
[full_method_F1v2] [epoch 047/100] remain=53 epochs ep_eta=140.4min (avg 159s/ep)
[full_method_F1v2] [epoch 047/100] lr=0.000035  dt=154.7s
  train loss=0.1301  ce=0.0806 dice=0.1795  tversky=0.0000 bd=0.0000  cldice=0.0000
  val   skipped (next val at epoch 50)
[full_method_F1v2] [curriculum] epoch 48: c=0.841 target_weights={0:0.396, 1:0.396, 2:0.208}
  [full_method_F1v2] [epoch 48/100] batch 30/300 (10%) loss=0.1281 elapsed=17s eta=149s
  [full_method_F1v2] [epoch 48/100] batch 60/300 (20%) loss=0.1260 elapsed=32s eta=130s
  [full_method_F1v2] [epoch 48/100] batch 90/300 (30%) loss=0.1320 elapsed=48s eta=111s
  [full_method_F1v2] [epoch 48/100] batch 120/300 (40%) loss=0.1303 elapsed=63s eta=94s
  [full_method_F1v2] [epoch 48/100] batch 150/300 (50%) loss=0.1286 elapsed=78s eta=78s
  [full_method_F1v2] [epoch 48/100] batch 180/300 (60%) loss=0.1302 elapsed=94s eta=62s
  [full_method_F1v2] [epoch 48/100] batch 210/300 (70%) loss=0.1317 elapsed=110s eta=47s
  [full_method_F1v2] [epoch 48/100] batch 240/300 (80%) loss=0.1309 elapsed=125s eta=31s
  [full_method_F1v2] [epoch 48/100] batch 270/300 (90%) loss=0.1294 elapsed=141s eta=16s
  [full_method_F1v2] [epoch 48/100] batch 300/300 (100%) loss=0.1302 elapsed=156s eta=0s
[full_method_F1v2] [sampler] sampled: {0: 476, 1: 475, 2: 249} total=1200 spalling_ratio=26.33%
[full_method_F1v2] [sampler] unique: {0: 400, 1: 400, 2: 249} unique_total=1049 dup_ratio=1.14x
  difficulty: mean=0.000 std=1.806
[full_method_F1v2] [epoch 048/100] remain=52 epochs ep_eta=137.7min (avg 159s/ep)
[full_method_F1v2] [epoch 048/100] lr=0.000034  dt=156.4s
  train loss=0.1302  ce=0.0797 dice=0.1806  tversky=0.0000 bd=0.0000  cldice=0.0000
  val   skipped (next val at epoch 50)
[full_method_F1v2] [curriculum] epoch 49: c=0.849 target_weights={0:0.393, 1:0.393, 2:0.215}
  [full_method_F1v2] [epoch 49/100] batch 30/300 (10%) loss=0.1359 elapsed=16s eta=148s
  [full_method_F1v2] [epoch 49/100] batch 60/300 (20%) loss=0.1325 elapsed=32s eta=127s
  [full_method_F1v2] [epoch 49/100] batch 90/300 (30%) loss=0.1260 elapsed=48s eta=111s
  [full_method_F1v2] [epoch 49/100] batch 120/300 (40%) loss=0.1265 elapsed=63s eta=95s
  [full_method_F1v2] [epoch 49/100] batch 150/300 (50%) loss=0.1276 elapsed=79s eta=79s
  [full_method_F1v2] [epoch 49/100] batch 180/300 (60%) loss=0.1268 elapsed=95s eta=63s
  [full_method_F1v2] [epoch 49/100] batch 210/300 (70%) loss=0.1253 elapsed=110s eta=47s
  [full_method_F1v2] [epoch 49/100] batch 240/300 (80%) loss=0.1249 elapsed=125s eta=31s
  [full_method_F1v2] [epoch 49/100] batch 270/300 (90%) loss=0.1282 elapsed=140s eta=16s
  [full_method_F1v2] [epoch 49/100] batch 300/300 (100%) loss=0.1283 elapsed=156s eta=0s
[full_method_F1v2] [sampler] sampled: {0: 471, 1: 471, 2: 258} total=1200 spalling_ratio=26.50%
[full_method_F1v2] [sampler] unique: {0: 400, 1: 400, 2: 258} unique_total=1058 dup_ratio=1.13x
  difficulty: mean=-0.000 std=1.803
[full_method_F1v2] [epoch 049/100] remain=51 epochs ep_eta=135.0min (avg 159s/ep)
[full_method_F1v2] [epoch 049/100] lr=0.000033  dt=156.5s
  train loss=0.1283  ce=0.0805 dice=0.1761  tversky=0.0000 bd=0.0000  cldice=0.0000
  val   skipped (next val at epoch 50)
[full_method_F1v2] [curriculum] epoch 50: c=0.856 target_weights={0:0.389, 1:0.389, 2:0.221}
  [full_method_F1v2] [epoch 50/100] batch 30/300 (10%) loss=0.1249 elapsed=16s eta=147s
  [full_method_F1v2] [epoch 50/100] batch 60/300 (20%) loss=0.1229 elapsed=32s eta=126s
  [full_method_F1v2] [epoch 50/100] batch 90/300 (30%) loss=0.1212 elapsed=47s eta=110s
  [full_method_F1v2] [epoch 50/100] batch 120/300 (40%) loss=0.1258 elapsed=63s eta=95s
  [full_method_F1v2] [epoch 50/100] batch 150/300 (50%) loss=0.1267 elapsed=79s eta=79s
  [full_method_F1v2] [epoch 50/100] batch 180/300 (60%) loss=0.1289 elapsed=95s eta=63s
  [full_method_F1v2] [epoch 50/100] batch 210/300 (70%) loss=0.1305 elapsed=110s eta=47s
  [full_method_F1v2] [epoch 50/100] batch 240/300 (80%) loss=0.1280 elapsed=125s eta=31s
  [full_method_F1v2] [epoch 50/100] batch 270/300 (90%) loss=0.1325 elapsed=141s eta=16s
  [full_method_F1v2] [epoch 50/100] batch 300/300 (100%) loss=0.1317 elapsed=157s eta=0s
[full_method_F1v2] [sampler] sampled: {0: 467, 1: 467, 2: 266} total=1200 spalling_ratio=25.25%
[full_method_F1v2] [sampler] unique: {0: 400, 1: 400, 2: 266} unique_total=1066 dup_ratio=1.13x
  difficulty: mean=0.000 std=1.797
[full_method_F1v2] [epoch 050/100] remain=50 epochs ep_eta=132.5min (avg 159s/ep)
[full_method_F1v2] [epoch 050/100] lr=0.000032  dt=167.7s
  train loss=0.1317  ce=0.0817 dice=0.1818  tversky=0.0000 bd=0.0000  cldice=0.0000
  val   loss=0.2395
  IoU   bg=0.9753  crack=0.5702  spalling=0.7572  | mIoU_fg=0.6637  pix_acc=0.9758
  Dice  bg=0.9875  crack=0.7262  spalling=0.8618
  BF1   crack=0.7387  spalling=0.6463  | BF1_fg_mean=0.6925
[full_method_F1v2] [curriculum] epoch 51: c=0.864 target_weights={0:0.386, 1:0.386, 2:0.228}
  [full_method_F1v2] [epoch 51/100] batch 30/300 (10%) loss=0.1337 elapsed=16s eta=147s
  [full_method_F1v2] [epoch 51/100] batch 60/300 (20%) loss=0.1222 elapsed=32s eta=127s
  [full_method_F1v2] [epoch 51/100] batch 90/300 (30%) loss=0.1274 elapsed=48s eta=111s
  [full_method_F1v2] [epoch 51/100] batch 120/300 (40%) loss=0.1308 elapsed=64s eta=96s
  [full_method_F1v2] [epoch 51/100] batch 150/300 (50%) loss=0.1300 elapsed=80s eta=80s
  [full_method_F1v2] [epoch 51/100] batch 180/300 (60%) loss=0.1298 elapsed=96s eta=64s
  [full_method_F1v2] [epoch 51/100] batch 210/300 (70%) loss=0.1309 elapsed=111s eta=48s
  [full_method_F1v2] [epoch 51/100] batch 240/300 (80%) loss=0.1309 elapsed=127s eta=32s
  [full_method_F1v2] [epoch 51/100] batch 270/300 (90%) loss=0.1298 elapsed=142s eta=16s
  [full_method_F1v2] [epoch 51/100] batch 300/300 (100%) loss=0.1299 elapsed=158s eta=0s
[full_method_F1v2] [sampler] sampled: {0: 463, 1: 463, 2: 274} total=1200 spalling_ratio=25.00%
[full_method_F1v2] [sampler] unique: {0: 400, 1: 400, 2: 274} unique_total=1074 dup_ratio=1.12x
  difficulty: mean=0.000 std=1.790
[full_method_F1v2] [epoch 051/100] remain=49 epochs ep_eta=129.9min (avg 159s/ep)
[full_method_F1v2] [epoch 051/100] lr=0.000031  dt=158.7s
  train loss=0.1299  ce=0.0803 dice=0.1794  tversky=0.0000 bd=0.0000  cldice=0.0000
  val   skipped (next val at epoch 55)
[full_method_F1v2] [curriculum] epoch 52: c=0.871 target_weights={0:0.383, 1:0.383, 2:0.235}
  [full_method_F1v2] [epoch 52/100] batch 30/300 (10%) loss=0.1356 elapsed=16s eta=147s
  [full_method_F1v2] [epoch 52/100] batch 60/300 (20%) loss=0.1294 elapsed=32s eta=127s
  [full_method_F1v2] [epoch 52/100] batch 90/300 (30%) loss=0.1252 elapsed=48s eta=111s
  [full_method_F1v2] [epoch 52/100] batch 120/300 (40%) loss=0.1264 elapsed=63s eta=95s
  [full_method_F1v2] [epoch 52/100] batch 150/300 (50%) loss=0.1261 elapsed=79s eta=79s
  [full_method_F1v2] [epoch 52/100] batch 180/300 (60%) loss=0.1270 elapsed=95s eta=64s
  [full_method_F1v2] [epoch 52/100] batch 210/300 (70%) loss=0.1282 elapsed=112s eta=48s
  [full_method_F1v2] [epoch 52/100] batch 240/300 (80%) loss=0.1291 elapsed=128s eta=32s
  [full_method_F1v2] [epoch 52/100] batch 270/300 (90%) loss=0.1287 elapsed=144s eta=16s
  [full_method_F1v2] [epoch 52/100] batch 300/300 (100%) loss=0.1286 elapsed=160s eta=0s
[full_method_F1v2] [sampler] sampled: {0: 459, 1: 459, 2: 282} total=1200 spalling_ratio=24.92%
[full_method_F1v2] [sampler] unique: {0: 400, 1: 400, 2: 282} unique_total=1082 dup_ratio=1.11x
  difficulty: mean=0.000 std=1.785
[full_method_F1v2] [epoch 052/100] remain=48 epochs ep_eta=127.3min (avg 159s/ep)
[full_method_F1v2] [epoch 052/100] lr=0.000030  dt=159.8s
  train loss=0.1286  ce=0.0801 dice=0.1771  tversky=0.0000 bd=0.0000  cldice=0.0000
  val   skipped (next val at epoch 55)
[full_method_F1v2] [curriculum] epoch 53: c=0.878 target_weights={0:0.380, 1:0.380, 2:0.241}
  [full_method_F1v2] [epoch 53/100] batch 30/300 (10%) loss=0.1222 elapsed=16s eta=148s
  [full_method_F1v2] [epoch 53/100] batch 60/300 (20%) loss=0.1265 elapsed=32s eta=128s
  [full_method_F1v2] [epoch 53/100] batch 90/300 (30%) loss=0.1234 elapsed=49s eta=113s
  [full_method_F1v2] [epoch 53/100] batch 120/300 (40%) loss=0.1228 elapsed=65s eta=97s
  [full_method_F1v2] [epoch 53/100] batch 150/300 (50%) loss=0.1239 elapsed=80s eta=80s
  [full_method_F1v2] [epoch 53/100] batch 180/300 (60%) loss=0.1228 elapsed=96s eta=64s
  [full_method_F1v2] [epoch 53/100] batch 210/300 (70%) loss=0.1234 elapsed=112s eta=48s
  [full_method_F1v2] [epoch 53/100] batch 240/300 (80%) loss=0.1236 elapsed=127s eta=32s
  [full_method_F1v2] [epoch 53/100] batch 270/300 (90%) loss=0.1240 elapsed=142s eta=16s
  [full_method_F1v2] [epoch 53/100] batch 300/300 (100%) loss=0.1242 elapsed=159s eta=0s
[full_method_F1v2] [sampler] sampled: {0: 456, 1: 455, 2: 289} total=1200 spalling_ratio=25.67%
[full_method_F1v2] [sampler] unique: {0: 400, 1: 400, 2: 289} unique_total=1089 dup_ratio=1.10x
  difficulty: mean=-0.000 std=1.784
[full_method_F1v2] [epoch 053/100] remain=47 epochs ep_eta=124.7min (avg 159s/ep)
[full_method_F1v2] [epoch 053/100] lr=0.000030  dt=158.9s
  train loss=0.1242  ce=0.0784 dice=0.1699  tversky=0.0000 bd=0.0000  cldice=0.0000
  val   skipped (next val at epoch 55)
[full_method_F1v2] [curriculum] epoch 54: c=0.885 target_weights={0:0.376, 1:0.376, 2:0.247}
  [full_method_F1v2] [epoch 54/100] batch 30/300 (10%) loss=0.1353 elapsed=17s eta=149s
  [full_method_F1v2] [epoch 54/100] batch 60/300 (20%) loss=0.1360 elapsed=32s eta=128s
  [full_method_F1v2] [epoch 54/100] batch 90/300 (30%) loss=0.1339 elapsed=48s eta=111s
  [full_method_F1v2] [epoch 54/100] batch 120/300 (40%) loss=0.1311 elapsed=64s eta=96s
  [full_method_F1v2] [epoch 54/100] batch 150/300 (50%) loss=0.1275 elapsed=79s eta=79s
  [full_method_F1v2] [epoch 54/100] batch 180/300 (60%) loss=0.1271 elapsed=96s eta=64s
  [full_method_F1v2] [epoch 54/100] batch 210/300 (70%) loss=0.1272 elapsed=111s eta=48s
  [full_method_F1v2] [epoch 54/100] batch 240/300 (80%) loss=0.1270 elapsed=126s eta=32s
  [full_method_F1v2] [epoch 54/100] batch 270/300 (90%) loss=0.1284 elapsed=142s eta=16s
  [full_method_F1v2] [epoch 54/100] batch 300/300 (100%) loss=0.1272 elapsed=158s eta=0s
[full_method_F1v2] [sampler] sampled: {0: 452, 1: 452, 2: 296} total=1200 spalling_ratio=24.83%
[full_method_F1v2] [sampler] unique: {0: 400, 1: 400, 2: 296} unique_total=1096 dup_ratio=1.09x
  difficulty: mean=0.000 std=1.778
[full_method_F1v2] [epoch 054/100] remain=46 epochs ep_eta=122.0min (avg 159s/ep)
[full_method_F1v2] [epoch 054/100] lr=0.000029  dt=158.4s
  train loss=0.1272  ce=0.0794 dice=0.1749  tversky=0.0000 bd=0.0000  cldice=0.0000
  val   skipped (next val at epoch 55)
[full_method_F1v2] [curriculum] epoch 55: c=0.893 target_weights={0:0.373, 1:0.373, 2:0.253}
  [full_method_F1v2] [epoch 55/100] batch 30/300 (10%) loss=0.1258 elapsed=16s eta=146s
  [full_method_F1v2] [epoch 55/100] batch 60/300 (20%) loss=0.1360 elapsed=32s eta=130s
  [full_method_F1v2] [epoch 55/100] batch 90/300 (30%) loss=0.1375 elapsed=48s eta=113s
  [full_method_F1v2] [epoch 55/100] batch 120/300 (40%) loss=0.1363 elapsed=64s eta=96s
  [full_method_F1v2] [epoch 55/100] batch 150/300 (50%) loss=0.1337 elapsed=80s eta=80s
  [full_method_F1v2] [epoch 55/100] batch 180/300 (60%) loss=0.1332 elapsed=96s eta=64s
  [full_method_F1v2] [epoch 55/100] batch 210/300 (70%) loss=0.1290 elapsed=111s eta=48s
  [full_method_F1v2] [epoch 55/100] batch 240/300 (80%) loss=0.1279 elapsed=126s eta=32s
  [full_method_F1v2] [epoch 55/100] batch 270/300 (90%) loss=0.1292 elapsed=142s eta=16s
  [full_method_F1v2] [epoch 55/100] batch 300/300 (100%) loss=0.1285 elapsed=157s eta=0s
[full_method_F1v2] [sampler] sampled: {0: 448, 1: 448, 2: 304} total=1200 spalling_ratio=24.83%
[full_method_F1v2] [sampler] unique: {0: 400, 1: 400, 2: 304} unique_total=1104 dup_ratio=1.09x
  difficulty: mean=0.000 std=1.774
[full_method_F1v2] [epoch 055/100] remain=45 epochs ep_eta=119.5min (avg 159s/ep)
[full_method_F1v2] [epoch 055/100] lr=0.000028  dt=166.7s
  train loss=0.1285  ce=0.0795 dice=0.1774  tversky=0.0000 bd=0.0000  cldice=0.0000
  val   loss=0.2508
  IoU   bg=0.9764  crack=0.5719  spalling=0.7758  | mIoU_fg=0.6738  pix_acc=0.9768
  Dice  bg=0.9880  crack=0.7276  spalling=0.8737
  BF1   crack=0.7477  spalling=0.6377  | BF1_fg_mean=0.6927
[full_method_F1v2] [curriculum] epoch 56: c=0.900 target_weights={0:0.370, 1:0.370, 2:0.259}
  [full_method_F1v2] [epoch 56/100] batch 30/300 (10%) loss=0.1269 elapsed=16s eta=148s
  [full_method_F1v2] [epoch 56/100] batch 60/300 (20%) loss=0.1305 elapsed=32s eta=127s
  [full_method_F1v2] [epoch 56/100] batch 90/300 (30%) loss=0.1310 elapsed=47s eta=110s
  [full_method_F1v2] [epoch 56/100] batch 120/300 (40%) loss=0.1287 elapsed=62s eta=93s
  [full_method_F1v2] [epoch 56/100] batch 150/300 (50%) loss=0.1293 elapsed=78s eta=78s
  [full_method_F1v2] [epoch 56/100] batch 180/300 (60%) loss=0.1313 elapsed=94s eta=63s
  [full_method_F1v2] [epoch 56/100] batch 210/300 (70%) loss=0.1293 elapsed=109s eta=47s
  [full_method_F1v2] [epoch 56/100] batch 240/300 (80%) loss=0.1293 elapsed=125s eta=31s
  [full_method_F1v2] [epoch 56/100] batch 270/300 (90%) loss=0.1297 elapsed=141s eta=16s
  [full_method_F1v2] [epoch 56/100] batch 300/300 (100%) loss=0.1281 elapsed=157s eta=0s
[full_method_F1v2] [sampler] sampled: {0: 445, 1: 444, 2: 311} total=1200 spalling_ratio=24.42%
[full_method_F1v2] [sampler] unique: {0: 400, 1: 400, 2: 311} unique_total=1111 dup_ratio=1.08x
  difficulty: mean=-0.000 std=1.771
[full_method_F1v2] [epoch 056/100] remain=44 epochs ep_eta=116.8min (avg 159s/ep)
[full_method_F1v2] [epoch 056/100] lr=0.000027  dt=157.2s
  train loss=0.1281  ce=0.0799 dice=0.1763  tversky=0.0000 bd=0.0000  cldice=0.0000
  val   skipped (next val at epoch 60)
[full_method_F1v2] [curriculum] epoch 57: c=0.907 target_weights={0:0.368, 1:0.368, 2:0.265}
  [full_method_F1v2] [epoch 57/100] batch 30/300 (10%) loss=0.1195 elapsed=16s eta=146s
  [full_method_F1v2] [epoch 57/100] batch 60/300 (20%) loss=0.1274 elapsed=32s eta=127s
  [full_method_F1v2] [epoch 57/100] batch 90/300 (30%) loss=0.1286 elapsed=47s eta=111s
  [full_method_F1v2] [epoch 57/100] batch 120/300 (40%) loss=0.1264 elapsed=63s eta=95s
  [full_method_F1v2] [epoch 57/100] batch 150/300 (50%) loss=0.1252 elapsed=78s eta=78s
  [full_method_F1v2] [epoch 57/100] batch 180/300 (60%) loss=0.1260 elapsed=94s eta=62s
  [full_method_F1v2] [epoch 57/100] batch 210/300 (70%) loss=0.1271 elapsed=109s eta=47s
  [full_method_F1v2] [epoch 57/100] batch 240/300 (80%) loss=0.1260 elapsed=124s eta=31s
  [full_method_F1v2] [epoch 57/100] batch 270/300 (90%) loss=0.1280 elapsed=140s eta=16s
  [full_method_F1v2] [epoch 57/100] batch 300/300 (100%) loss=0.1280 elapsed=155s eta=0s
[full_method_F1v2] [sampler] sampled: {0: 441, 1: 441, 2: 318} total=1200 spalling_ratio=24.83%
[full_method_F1v2] [sampler] unique: {0: 400, 1: 400, 2: 318} unique_total=1118 dup_ratio=1.07x
  difficulty: mean=-0.000 std=1.767
[full_method_F1v2] [epoch 057/100] remain=43 epochs ep_eta=114.1min (avg 159s/ep)
[full_method_F1v2] [epoch 057/100] lr=0.000026  dt=155.7s
  train loss=0.1280  ce=0.0803 dice=0.1757  tversky=0.0000 bd=0.0000  cldice=0.0000
  val   skipped (next val at epoch 60)
[full_method_F1v2] [curriculum] epoch 58: c=0.914 target_weights={0:0.365, 1:0.365, 2:0.270}
  [full_method_F1v2] [epoch 58/100] batch 30/300 (10%) loss=0.1275 elapsed=16s eta=144s
  [full_method_F1v2] [epoch 58/100] batch 60/300 (20%) loss=0.1260 elapsed=31s eta=126s
  [full_method_F1v2] [epoch 58/100] batch 90/300 (30%) loss=0.1245 elapsed=47s eta=109s
  [full_method_F1v2] [epoch 58/100] batch 120/300 (40%) loss=0.1255 elapsed=62s eta=92s
  [full_method_F1v2] [epoch 58/100] batch 150/300 (50%) loss=0.1273 elapsed=77s eta=77s
  [full_method_F1v2] [epoch 58/100] batch 180/300 (60%) loss=0.1297 elapsed=92s eta=62s
  [full_method_F1v2] [epoch 58/100] batch 210/300 (70%) loss=0.1290 elapsed=107s eta=46s
  [full_method_F1v2] [epoch 58/100] batch 240/300 (80%) loss=0.1302 elapsed=123s eta=31s
  [full_method_F1v2] [epoch 58/100] batch 270/300 (90%) loss=0.1298 elapsed=138s eta=15s
  [full_method_F1v2] [epoch 58/100] batch 300/300 (100%) loss=0.1299 elapsed=153s eta=0s
[full_method_F1v2] [sampler] sampled: {0: 438, 1: 438, 2: 324} total=1200 spalling_ratio=24.92%
[full_method_F1v2] [sampler] unique: {0: 400, 1: 400, 2: 324} unique_total=1124 dup_ratio=1.07x
  difficulty: mean=-0.000 std=1.764
[full_method_F1v2] [epoch 058/100] remain=42 epochs ep_eta=111.4min (avg 159s/ep)
[full_method_F1v2] [epoch 058/100] lr=0.000025  dt=153.2s
  train loss=0.1299  ce=0.0815 dice=0.1783  tversky=0.0000 bd=0.0000  cldice=0.0000
  val   skipped (next val at epoch 60)
[full_method_F1v2] [curriculum] epoch 59: c=0.921 target_weights={0:0.362, 1:0.362, 2:0.276}
  [full_method_F1v2] [epoch 59/100] batch 30/300 (10%) loss=0.1236 elapsed=16s eta=142s
  [full_method_F1v2] [epoch 59/100] batch 60/300 (20%) loss=0.1319 elapsed=31s eta=125s
  [full_method_F1v2] [epoch 59/100] batch 90/300 (30%) loss=0.1278 elapsed=47s eta=111s
  [full_method_F1v2] [epoch 59/100] batch 120/300 (40%) loss=0.1277 elapsed=62s eta=94s
  [full_method_F1v2] [epoch 59/100] batch 150/300 (50%) loss=0.1274 elapsed=79s eta=79s
  [full_method_F1v2] [epoch 59/100] batch 180/300 (60%) loss=0.1269 elapsed=94s eta=63s
  [full_method_F1v2] [epoch 59/100] batch 210/300 (70%) loss=0.1274 elapsed=109s eta=47s
  [full_method_F1v2] [epoch 59/100] batch 240/300 (80%) loss=0.1269 elapsed=124s eta=31s
  [full_method_F1v2] [epoch 59/100] batch 270/300 (90%) loss=0.1263 elapsed=140s eta=16s
  [full_method_F1v2] [epoch 59/100] batch 300/300 (100%) loss=0.1268 elapsed=155s eta=0s
[full_method_F1v2] [sampler] sampled: {0: 435, 1: 434, 2: 331} total=1200 spalling_ratio=24.42%
[full_method_F1v2] [sampler] unique: {0: 400, 1: 400, 2: 331} unique_total=1131 dup_ratio=1.06x
  difficulty: mean=-0.000 std=1.760
[full_method_F1v2] [epoch 059/100] remain=41 epochs ep_eta=108.7min (avg 159s/ep)
[full_method_F1v2] [epoch 059/100] lr=0.000024  dt=155.4s
  train loss=0.1268  ce=0.0797 dice=0.1740  tversky=0.0000 bd=0.0000  cldice=0.0000
  val   skipped (next val at epoch 60)
[full_method_F1v2] [curriculum] epoch 60: c=0.928 target_weights={0:0.359, 1:0.359, 2:0.281}
  [full_method_F1v2] [epoch 60/100] batch 30/300 (10%) loss=0.1324 elapsed=16s eta=148s
  [full_method_F1v2] [epoch 60/100] batch 60/300 (20%) loss=0.1314 elapsed=32s eta=127s
  [full_method_F1v2] [epoch 60/100] batch 90/300 (30%) loss=0.1257 elapsed=48s eta=111s
  [full_method_F1v2] [epoch 60/100] batch 120/300 (40%) loss=0.1307 elapsed=64s eta=96s
  [full_method_F1v2] [epoch 60/100] batch 150/300 (50%) loss=0.1353 elapsed=80s eta=80s
  [full_method_F1v2] [epoch 60/100] batch 180/300 (60%) loss=0.1348 elapsed=96s eta=64s
  [full_method_F1v2] [epoch 60/100] batch 210/300 (70%) loss=0.1353 elapsed=111s eta=48s
  [full_method_F1v2] [epoch 60/100] batch 240/300 (80%) loss=0.1345 elapsed=126s eta=32s
  [full_method_F1v2] [epoch 60/100] batch 270/300 (90%) loss=0.1358 elapsed=142s eta=16s
  [full_method_F1v2] [epoch 60/100] batch 300/300 (100%) loss=0.1361 elapsed=160s eta=0s
[full_method_F1v2] [sampler] sampled: {0: 431, 1: 431, 2: 338} total=1200 spalling_ratio=24.67%
[full_method_F1v2] [sampler] unique: {0: 400, 1: 400, 2: 338} unique_total=1138 dup_ratio=1.05x
  difficulty: mean=0.000 std=1.754
[full_method_F1v2] [epoch 060/100] remain=40 epochs ep_eta=106.2min (avg 159s/ep)
[full_method_F1v2] [epoch 060/100] lr=0.000023  dt=170.7s
  train loss=0.1361  ce=0.0815 dice=0.1746  tversky=0.0000 bd=0.0000  cldice=0.1614
  val   loss=0.2724
  IoU   bg=0.9758  crack=0.5694  spalling=0.7793  | mIoU_fg=0.6744  pix_acc=0.9762
  Dice  bg=0.9877  crack=0.7257  spalling=0.8760
  BF1   crack=0.7448  spalling=0.5976  | BF1_fg_mean=0.6712
[full_method_F1v2] [curriculum] epoch 61: c=0.934 target_weights={0:0.357, 1:0.357, 2:0.286}
  [full_method_F1v2] [epoch 61/100] batch 30/300 (10%) loss=0.1259 elapsed=17s eta=149s
  [full_method_F1v2] [epoch 61/100] batch 60/300 (20%) loss=0.1290 elapsed=33s eta=132s
  [full_method_F1v2] [epoch 61/100] batch 90/300 (30%) loss=0.1320 elapsed=50s eta=116s
  [full_method_F1v2] [epoch 61/100] batch 120/300 (40%) loss=0.1309 elapsed=65s eta=98s
  [full_method_F1v2] [epoch 61/100] batch 150/300 (50%) loss=0.1316 elapsed=82s eta=82s
  [full_method_F1v2] [epoch 61/100] batch 180/300 (60%) loss=0.1342 elapsed=99s eta=66s
  [full_method_F1v2] [epoch 61/100] batch 210/300 (70%) loss=0.1370 elapsed=115s eta=49s
  [full_method_F1v2] [epoch 61/100] batch 240/300 (80%) loss=0.1362 elapsed=131s eta=33s
  [full_method_F1v2] [epoch 61/100] batch 270/300 (90%) loss=0.1366 elapsed=147s eta=16s
  [full_method_F1v2] [epoch 61/100] batch 300/300 (100%) loss=0.1372 elapsed=164s eta=0s
[full_method_F1v2] [sampler] sampled: {0: 428, 1: 428, 2: 344} total=1200 spalling_ratio=24.58%
[full_method_F1v2] [sampler] unique: {0: 400, 1: 400, 2: 344} unique_total=1144 dup_ratio=1.05x
  difficulty: mean=0.000 std=1.747
[full_method_F1v2] [epoch 061/100] remain=39 epochs ep_eta=103.7min (avg 159s/ep)
[full_method_F1v2] [epoch 061/100] lr=0.000022  dt=164.1s
  train loss=0.1372  ce=0.0810 dice=0.1772  tversky=0.0000 bd=0.0000  cldice=0.1619
  val   skipped (next val at epoch 65)
[full_method_F1v2] [curriculum] epoch 62: c=0.941 target_weights={0:0.354, 1:0.354, 2:0.292}
  [full_method_F1v2] [epoch 62/100] batch 30/300 (10%) loss=0.1386 elapsed=16s eta=148s
  [full_method_F1v2] [epoch 62/100] batch 60/300 (20%) loss=0.1406 elapsed=32s eta=127s
  [full_method_F1v2] [epoch 62/100] batch 90/300 (30%) loss=0.1399 elapsed=47s eta=109s
  [full_method_F1v2] [epoch 62/100] batch 120/300 (40%) loss=0.1385 elapsed=62s eta=93s
  [full_method_F1v2] [epoch 62/100] batch 150/300 (50%) loss=0.1369 elapsed=78s eta=78s
  [full_method_F1v2] [epoch 62/100] batch 180/300 (60%) loss=0.1343 elapsed=93s eta=62s
  [full_method_F1v2] [epoch 62/100] batch 210/300 (70%) loss=0.1356 elapsed=110s eta=47s
  [full_method_F1v2] [epoch 62/100] batch 240/300 (80%) loss=0.1358 elapsed=126s eta=31s
  [full_method_F1v2] [epoch 62/100] batch 270/300 (90%) loss=0.1368 elapsed=141s eta=16s
  [full_method_F1v2] [epoch 62/100] batch 300/300 (100%) loss=0.1372 elapsed=157s eta=0s
[full_method_F1v2] [sampler] sampled: {0: 425, 1: 425, 2: 350} total=1200 spalling_ratio=24.33%
[full_method_F1v2] [sampler] unique: {0: 400, 1: 400, 2: 350} unique_total=1150 dup_ratio=1.04x
  difficulty: mean=0.000 std=1.741
[full_method_F1v2] [epoch 062/100] remain=38 epochs ep_eta=101.0min (avg 159s/ep)
[full_method_F1v2] [epoch 062/100] lr=0.000021  dt=157.1s
  train loss=0.1372  ce=0.0823 dice=0.1761  tversky=0.0000 bd=0.0000  cldice=0.1589
  val   skipped (next val at epoch 65)
[full_method_F1v2] [curriculum] epoch 63: c=0.948 target_weights={0:0.352, 1:0.352, 2:0.297}
  [full_method_F1v2] [epoch 63/100] batch 30/300 (10%) loss=0.1391 elapsed=17s eta=149s
  [full_method_F1v2] [epoch 63/100] batch 60/300 (20%) loss=0.1320 elapsed=32s eta=130s
  [full_method_F1v2] [epoch 63/100] batch 90/300 (30%) loss=0.1376 elapsed=48s eta=113s
  [full_method_F1v2] [epoch 63/100] batch 120/300 (40%) loss=0.1351 elapsed=65s eta=97s
  [full_method_F1v2] [epoch 63/100] batch 150/300 (50%) loss=0.1338 elapsed=81s eta=81s
  [full_method_F1v2] [epoch 63/100] batch 180/300 (60%) loss=0.1324 elapsed=97s eta=65s
  [full_method_F1v2] [epoch 63/100] batch 210/300 (70%) loss=0.1315 elapsed=113s eta=48s
  [full_method_F1v2] [epoch 63/100] batch 240/300 (80%) loss=0.1325 elapsed=129s eta=32s
  [full_method_F1v2] [epoch 63/100] batch 270/300 (90%) loss=0.1329 elapsed=146s eta=16s
  [full_method_F1v2] [epoch 63/100] batch 300/300 (100%) loss=0.1352 elapsed=161s eta=0s
[full_method_F1v2] [sampler] sampled: {0: 422, 1: 422, 2: 356} total=1200 spalling_ratio=24.42%
[full_method_F1v2] [sampler] unique: {0: 400, 1: 400, 2: 356} unique_total=1156 dup_ratio=1.04x
  difficulty: mean=0.000 std=1.736
[full_method_F1v2] [epoch 063/100] remain=37 epochs ep_eta=98.4min (avg 160s/ep)
[full_method_F1v2] [epoch 063/100] lr=0.000020  dt=161.4s
  train loss=0.1352  ce=0.0803 dice=0.1742  tversky=0.0000 bd=0.0000  cldice=0.1590
  val   skipped (next val at epoch 65)
[full_method_F1v2] [curriculum] epoch 64: c=0.955 target_weights={0:0.349, 1:0.349, 2:0.302}
  [full_method_F1v2] [epoch 64/100] batch 30/300 (10%) loss=0.1271 elapsed=17s eta=152s
  [full_method_F1v2] [epoch 64/100] batch 60/300 (20%) loss=0.1287 elapsed=34s eta=135s
  [full_method_F1v2] [epoch 64/100] batch 90/300 (30%) loss=0.1345 elapsed=50s eta=116s
  [full_method_F1v2] [epoch 64/100] batch 120/300 (40%) loss=0.1345 elapsed=66s eta=99s
  [full_method_F1v2] [epoch 64/100] batch 150/300 (50%) loss=0.1341 elapsed=82s eta=82s
  [full_method_F1v2] [epoch 64/100] batch 180/300 (60%) loss=0.1330 elapsed=98s eta=65s
  [full_method_F1v2] [epoch 64/100] batch 210/300 (70%) loss=0.1323 elapsed=115s eta=49s
  [full_method_F1v2] [epoch 64/100] batch 240/300 (80%) loss=0.1318 elapsed=130s eta=33s
  [full_method_F1v2] [epoch 64/100] batch 270/300 (90%) loss=0.1339 elapsed=146s eta=16s
  [full_method_F1v2] [epoch 64/100] batch 300/300 (100%) loss=0.1344 elapsed=162s eta=0s
[full_method_F1v2] [sampler] sampled: {0: 419, 1: 419, 2: 362} total=1200 spalling_ratio=24.33%
[full_method_F1v2] [sampler] unique: {0: 400, 1: 400, 2: 362} unique_total=1162 dup_ratio=1.03x
  difficulty: mean=0.000 std=1.728
[full_method_F1v2] [epoch 064/100] remain=36 epochs ep_eta=95.7min (avg 160s/ep)
[full_method_F1v2] [epoch 064/100] lr=0.000019  dt=162.2s
  train loss=0.1344  ce=0.0812 dice=0.1717  tversky=0.0000 bd=0.0000  cldice=0.1588
  val   skipped (next val at epoch 65)
[full_method_F1v2] [curriculum] epoch 65: c=0.961 target_weights={0:0.347, 1:0.347, 2:0.306}
  [full_method_F1v2] [epoch 65/100] batch 30/300 (10%) loss=0.1491 elapsed=17s eta=157s
  [full_method_F1v2] [epoch 65/100] batch 60/300 (20%) loss=0.1402 elapsed=34s eta=134s
  [full_method_F1v2] [epoch 65/100] batch 90/300 (30%) loss=0.1400 elapsed=50s eta=116s
  [full_method_F1v2] [epoch 65/100] batch 120/300 (40%) loss=0.1400 elapsed=66s eta=98s
  [full_method_F1v2] [epoch 65/100] batch 150/300 (50%) loss=0.1391 elapsed=82s eta=82s
  [full_method_F1v2] [epoch 65/100] batch 180/300 (60%) loss=0.1364 elapsed=97s eta=65s
  [full_method_F1v2] [epoch 65/100] batch 210/300 (70%) loss=0.1363 elapsed=113s eta=49s
  [full_method_F1v2] [epoch 65/100] batch 240/300 (80%) loss=0.1375 elapsed=129s eta=32s
  [full_method_F1v2] [epoch 65/100] batch 270/300 (90%) loss=0.1363 elapsed=145s eta=16s
  [full_method_F1v2] [epoch 65/100] batch 300/300 (100%) loss=0.1361 elapsed=161s eta=0s
[full_method_F1v2] [sampler] sampled: {0: 416, 1: 416, 2: 368} total=1200 spalling_ratio=24.42%
[full_method_F1v2] [sampler] unique: {0: 400, 1: 400, 2: 368} unique_total=1168 dup_ratio=1.03x
  difficulty: mean=-0.000 std=1.719
[full_method_F1v2] [epoch 065/100] remain=35 epochs ep_eta=93.2min (avg 160s/ep)
[full_method_F1v2] [epoch 065/100] lr=0.000018  dt=171.3s
  train loss=0.1361  ce=0.0815 dice=0.1750  tversky=0.0000 bd=0.0000  cldice=0.1567
  val   loss=0.2746
  IoU   bg=0.9763  crack=0.5711  spalling=0.7579  | mIoU_fg=0.6645  pix_acc=0.9767
  Dice  bg=0.9880  crack=0.7270  spalling=0.8623
  BF1   crack=0.7508  spalling=0.6279  | BF1_fg_mean=0.6893
[full_method_F1v2] [curriculum] epoch 66: c=0.968 target_weights={0:0.344, 1:0.344, 2:0.311}
  [full_method_F1v2] [epoch 66/100] batch 30/300 (10%) loss=0.1292 elapsed=17s eta=149s
  [full_method_F1v2] [epoch 66/100] batch 60/300 (20%) loss=0.1278 elapsed=33s eta=131s
  [full_method_F1v2] [epoch 66/100] batch 90/300 (30%) loss=0.1309 elapsed=49s eta=113s
  [full_method_F1v2] [epoch 66/100] batch 120/300 (40%) loss=0.1289 elapsed=65s eta=97s
  [full_method_F1v2] [epoch 66/100] batch 150/300 (50%) loss=0.1327 elapsed=80s eta=80s
  [full_method_F1v2] [epoch 66/100] batch 180/300 (60%) loss=0.1333 elapsed=97s eta=65s
  [full_method_F1v2] [epoch 66/100] batch 210/300 (70%) loss=0.1342 elapsed=114s eta=49s
  [full_method_F1v2] [epoch 66/100] batch 240/300 (80%) loss=0.1330 elapsed=130s eta=33s
  [full_method_F1v2] [epoch 66/100] batch 270/300 (90%) loss=0.1343 elapsed=147s eta=16s
  [full_method_F1v2] [epoch 66/100] batch 300/300 (100%) loss=0.1335 elapsed=163s eta=0s
[full_method_F1v2] [sampler] sampled: {0: 414, 1: 413, 2: 373} total=1200 spalling_ratio=24.75%
[full_method_F1v2] [sampler] unique: {0: 400, 1: 400, 2: 373} unique_total=1173 dup_ratio=1.02x
  difficulty: mean=0.000 std=1.713
[full_method_F1v2] [epoch 066/100] remain=34 epochs ep_eta=90.6min (avg 160s/ep)
[full_method_F1v2] [epoch 066/100] lr=0.000017  dt=163.3s
  train loss=0.1335  ce=0.0802 dice=0.1711  tversky=0.0000 bd=0.0000  cldice=0.1568
  val   skipped (next val at epoch 70)
[full_method_F1v2] [curriculum] epoch 67: c=0.974 target_weights={0:0.342, 1:0.342, 2:0.316}
  [full_method_F1v2] [epoch 67/100] batch 30/300 (10%) loss=0.1180 elapsed=17s eta=149s
  [full_method_F1v2] [epoch 67/100] batch 60/300 (20%) loss=0.1291 elapsed=33s eta=131s
  [full_method_F1v2] [epoch 67/100] batch 90/300 (30%) loss=0.1325 elapsed=49s eta=115s
  [full_method_F1v2] [epoch 67/100] batch 120/300 (40%) loss=0.1330 elapsed=66s eta=99s
  [full_method_F1v2] [epoch 67/100] batch 150/300 (50%) loss=0.1354 elapsed=81s eta=81s
  [full_method_F1v2] [epoch 67/100] batch 180/300 (60%) loss=0.1339 elapsed=97s eta=65s
  [full_method_F1v2] [epoch 67/100] batch 210/300 (70%) loss=0.1343 elapsed=113s eta=48s
  [full_method_F1v2] [epoch 67/100] batch 240/300 (80%) loss=0.1338 elapsed=129s eta=32s
  [full_method_F1v2] [epoch 67/100] batch 270/300 (90%) loss=0.1331 elapsed=146s eta=16s
  [full_method_F1v2] [epoch 67/100] batch 300/300 (100%) loss=0.1328 elapsed=162s eta=0s
[full_method_F1v2] [sampler] sampled: {0: 411, 1: 410, 2: 379} total=1200 spalling_ratio=24.33%
[full_method_F1v2] [sampler] unique: {0: 400, 1: 400, 2: 379} unique_total=1179 dup_ratio=1.02x
  difficulty: mean=-0.000 std=1.703
[full_method_F1v2] [epoch 067/100] remain=33 epochs ep_eta=87.9min (avg 160s/ep)
[full_method_F1v2] [epoch 067/100] lr=0.000016  dt=162.0s
  train loss=0.1328  ce=0.0804 dice=0.1696  tversky=0.0000 bd=0.0000  cldice=0.1556
  val   skipped (next val at epoch 70)
[full_method_F1v2] [curriculum] epoch 68: c=0.981 target_weights={0:0.340, 1:0.340, 2:0.320}
  [full_method_F1v2] [epoch 68/100] batch 30/300 (10%) loss=0.1399 elapsed=16s eta=144s
  [full_method_F1v2] [epoch 68/100] batch 60/300 (20%) loss=0.1433 elapsed=32s eta=129s
  [full_method_F1v2] [epoch 68/100] batch 90/300 (30%) loss=0.1406 elapsed=48s eta=112s
  [full_method_F1v2] [epoch 68/100] batch 120/300 (40%) loss=0.1406 elapsed=64s eta=96s
  [full_method_F1v2] [epoch 68/100] batch 150/300 (50%) loss=0.1380 elapsed=79s eta=79s
  [full_method_F1v2] [epoch 68/100] batch 180/300 (60%) loss=0.1379 elapsed=95s eta=63s
  [full_method_F1v2] [epoch 68/100] batch 210/300 (70%) loss=0.1381 elapsed=111s eta=47s
  [full_method_F1v2] [epoch 68/100] batch 240/300 (80%) loss=0.1372 elapsed=127s eta=32s
  [full_method_F1v2] [epoch 68/100] batch 270/300 (90%) loss=0.1382 elapsed=143s eta=16s
  [full_method_F1v2] [epoch 68/100] batch 300/300 (100%) loss=0.1372 elapsed=159s eta=0s
[full_method_F1v2] [sampler] sampled: {0: 408, 1: 408, 2: 384} total=1200 spalling_ratio=24.25%
[full_method_F1v2] [sampler] unique: {0: 400, 1: 400, 2: 384} unique_total=1184 dup_ratio=1.01x
  difficulty: mean=0.000 std=1.692
[full_method_F1v2] [epoch 068/100] remain=32 epochs ep_eta=85.3min (avg 160s/ep)
[full_method_F1v2] [epoch 068/100] lr=0.000015  dt=159.3s
  train loss=0.1372  ce=0.0820 dice=0.1766  tversky=0.0000 bd=0.0000  cldice=0.1572
  val   skipped (next val at epoch 70)
[full_method_F1v2] [curriculum] epoch 69: c=0.987 target_weights={0:0.338, 1:0.338, 2:0.325}
  [full_method_F1v2] [epoch 69/100] batch 30/300 (10%) loss=0.1444 elapsed=16s eta=146s
  [full_method_F1v2] [epoch 69/100] batch 60/300 (20%) loss=0.1369 elapsed=32s eta=128s
  [full_method_F1v2] [epoch 69/100] batch 90/300 (30%) loss=0.1351 elapsed=48s eta=112s
  [full_method_F1v2] [epoch 69/100] batch 120/300 (40%) loss=0.1336 elapsed=64s eta=96s
  [full_method_F1v2] [epoch 69/100] batch 150/300 (50%) loss=0.1337 elapsed=80s eta=80s
  [full_method_F1v2] [epoch 69/100] batch 180/300 (60%) loss=0.1339 elapsed=96s eta=64s
  [full_method_F1v2] [epoch 69/100] batch 210/300 (70%) loss=0.1342 elapsed=112s eta=48s
  [full_method_F1v2] [epoch 69/100] batch 240/300 (80%) loss=0.1333 elapsed=128s eta=32s
  [full_method_F1v2] [epoch 69/100] batch 270/300 (90%) loss=0.1342 elapsed=144s eta=16s
  [full_method_F1v2] [epoch 69/100] batch 300/300 (100%) loss=0.1362 elapsed=161s eta=0s
[full_method_F1v2] [sampler] sampled: {0: 405, 1: 405, 2: 390} total=1200 spalling_ratio=24.25%
[full_method_F1v2] [sampler] unique: {0: 400, 1: 400, 2: 390} unique_total=1190 dup_ratio=1.01x
  difficulty: mean=-0.000 std=1.676
[full_method_F1v2] [epoch 069/100] remain=31 epochs ep_eta=82.6min (avg 160s/ep)
[full_method_F1v2] [epoch 069/100] lr=0.000014  dt=161.0s
  train loss=0.1362  ce=0.0818 dice=0.1750  tversky=0.0000 bd=0.0000  cldice=0.1557
  val   skipped (next val at epoch 70)
[full_method_F1v2] [curriculum] epoch 70: c=0.994 target_weights={0:0.335, 1:0.335, 2:0.329}
  [full_method_F1v2] [epoch 70/100] batch 30/300 (10%) loss=0.1319 elapsed=16s eta=148s
  [full_method_F1v2] [epoch 70/100] batch 60/300 (20%) loss=0.1349 elapsed=32s eta=130s
  [full_method_F1v2] [epoch 70/100] batch 90/300 (30%) loss=0.1375 elapsed=49s eta=114s
  [full_method_F1v2] [epoch 70/100] batch 120/300 (40%) loss=0.1355 elapsed=65s eta=97s
  [full_method_F1v2] [epoch 70/100] batch 150/300 (50%) loss=0.1340 elapsed=81s eta=81s
  [full_method_F1v2] [epoch 70/100] batch 180/300 (60%) loss=0.1336 elapsed=97s eta=65s
  [full_method_F1v2] [epoch 70/100] batch 210/300 (70%) loss=0.1346 elapsed=113s eta=48s
  [full_method_F1v2] [epoch 70/100] batch 240/300 (80%) loss=0.1338 elapsed=129s eta=32s
  [full_method_F1v2] [epoch 70/100] batch 270/300 (90%) loss=0.1354 elapsed=144s eta=16s
  [full_method_F1v2] [epoch 70/100] batch 300/300 (100%) loss=0.1359 elapsed=161s eta=0s
[full_method_F1v2] [sampler] sampled: {0: 403, 1: 402, 2: 395} total=1200 spalling_ratio=24.42%
[full_method_F1v2] [sampler] unique: {0: 400, 1: 400, 2: 395} unique_total=1195 dup_ratio=1.00x
  difficulty: mean=-0.000 std=1.654
[full_method_F1v2] [epoch 070/100] remain=30 epochs ep_eta=80.0min (avg 160s/ep)
[full_method_F1v2] [epoch 070/100] lr=0.000014  dt=170.5s
  train loss=0.1359  ce=0.0821 dice=0.1740  tversky=0.0000 bd=0.0000  cldice=0.1570
  val   loss=0.2835
  IoU   bg=0.9762  crack=0.5718  spalling=0.7689  | mIoU_fg=0.6704  pix_acc=0.9766
  Dice  bg=0.9880  crack=0.7276  spalling=0.8694
  BF1   crack=0.7524  spalling=0.6491  | BF1_fg_mean=0.7008
[full_method_F1v2] [curriculum] epoch 71: c=1.000 target_weights={0:0.333, 1:0.333, 2:0.333}
  [full_method_F1v2] [epoch 71/100] batch 30/300 (10%) loss=0.1291 elapsed=17s eta=149s
  [full_method_F1v2] [epoch 71/100] batch 60/300 (20%) loss=0.1376 elapsed=33s eta=132s
  [full_method_F1v2] [epoch 71/100] batch 90/300 (30%) loss=0.1379 elapsed=48s eta=113s
  [full_method_F1v2] [epoch 71/100] batch 120/300 (40%) loss=0.1363 elapsed=64s eta=96s
  [full_method_F1v2] [epoch 71/100] batch 150/300 (50%) loss=0.1355 elapsed=79s eta=79s
  [full_method_F1v2] [epoch 71/100] batch 180/300 (60%) loss=0.1350 elapsed=95s eta=63s
  [full_method_F1v2] [epoch 71/100] batch 210/300 (70%) loss=0.1336 elapsed=111s eta=48s
  [full_method_F1v2] [epoch 71/100] batch 240/300 (80%) loss=0.1353 elapsed=127s eta=32s
  [full_method_F1v2] [epoch 71/100] batch 270/300 (90%) loss=0.1358 elapsed=143s eta=16s
  [full_method_F1v2] [epoch 71/100] batch 300/300 (100%) loss=0.1346 elapsed=159s eta=0s
[full_method_F1v2] [sampler] sampled: {0: 400, 1: 400, 2: 400} total=1200 spalling_ratio=24.33%
[full_method_F1v2] [sampler] unique: {0: 400, 1: 400, 2: 400} unique_total=1200 dup_ratio=1.00x
  difficulty: mean=0.000 std=1.605
[full_method_F1v2] [epoch 071/100] remain=29 epochs ep_eta=77.4min (avg 160s/ep)
[full_method_F1v2] [epoch 071/100] lr=0.000013  dt=159.2s
  train loss=0.1346  ce=0.0811 dice=0.1726  tversky=0.0000 bd=0.0000  cldice=0.1554
  val   skipped (next val at epoch 75)
[full_method_F1v2] [curriculum] epoch 72: c=1.000 target_weights={0:0.333, 1:0.333, 2:0.333}
  [full_method_F1v2] [epoch 72/100] batch 30/300 (10%) loss=0.1428 elapsed=16s eta=146s
  [full_method_F1v2] [epoch 72/100] batch 60/300 (20%) loss=0.1322 elapsed=32s eta=126s
  [full_method_F1v2] [epoch 72/100] batch 90/300 (30%) loss=0.1318 elapsed=48s eta=111s
  [full_method_F1v2] [epoch 72/100] batch 120/300 (40%) loss=0.1279 elapsed=63s eta=95s
  [full_method_F1v2] [epoch 72/100] batch 150/300 (50%) loss=0.1287 elapsed=78s eta=78s
  [full_method_F1v2] [epoch 72/100] batch 180/300 (60%) loss=0.1303 elapsed=94s eta=63s
  [full_method_F1v2] [epoch 72/100] batch 210/300 (70%) loss=0.1307 elapsed=110s eta=47s
  [full_method_F1v2] [epoch 72/100] batch 240/300 (80%) loss=0.1318 elapsed=125s eta=31s
  [full_method_F1v2] [epoch 72/100] batch 270/300 (90%) loss=0.1327 elapsed=141s eta=16s
  [full_method_F1v2] [epoch 72/100] batch 300/300 (100%) loss=0.1321 elapsed=156s eta=0s
[full_method_F1v2] [sampler] sampled: {0: 400, 1: 400, 2: 400} total=1200 spalling_ratio=24.33%
[full_method_F1v2] [sampler] unique: {0: 400, 1: 400, 2: 400} unique_total=1200 dup_ratio=1.00x
  difficulty: mean=0.000 std=1.607
[full_method_F1v2] [epoch 072/100] remain=28 epochs ep_eta=74.7min (avg 160s/ep)
[full_method_F1v2] [epoch 072/100] lr=0.000012  dt=156.5s
  train loss=0.1321  ce=0.0801 dice=0.1689  tversky=0.0000 bd=0.0000  cldice=0.1528
  val   skipped (next val at epoch 75)
[full_method_F1v2] [curriculum] epoch 73: c=1.000 target_weights={0:0.333, 1:0.333, 2:0.333}
  [full_method_F1v2] [epoch 73/100] batch 30/300 (10%) loss=0.1285 elapsed=16s eta=148s
  [full_method_F1v2] [epoch 73/100] batch 60/300 (20%) loss=0.1330 elapsed=32s eta=130s
  [full_method_F1v2] [epoch 73/100] batch 90/300 (30%) loss=0.1356 elapsed=48s eta=112s
  [full_method_F1v2] [epoch 73/100] batch 120/300 (40%) loss=0.1319 elapsed=64s eta=96s
  [full_method_F1v2] [epoch 73/100] batch 150/300 (50%) loss=0.1322 elapsed=80s eta=80s
  [full_method_F1v2] [epoch 73/100] batch 180/300 (60%) loss=0.1328 elapsed=96s eta=64s
  [full_method_F1v2] [epoch 73/100] batch 210/300 (70%) loss=0.1337 elapsed=112s eta=48s
  [full_method_F1v2] [epoch 73/100] batch 240/300 (80%) loss=0.1319 elapsed=128s eta=32s
  [full_method_F1v2] [epoch 73/100] batch 270/300 (90%) loss=0.1327 elapsed=144s eta=16s
  [full_method_F1v2] [epoch 73/100] batch 300/300 (100%) loss=0.1329 elapsed=161s eta=0s
[full_method_F1v2] [sampler] sampled: {0: 400, 1: 400, 2: 400} total=1200 spalling_ratio=24.33%
[full_method_F1v2] [sampler] unique: {0: 400, 1: 400, 2: 400} unique_total=1200 dup_ratio=1.00x
  difficulty: mean=0.000 std=1.608
[full_method_F1v2] [epoch 073/100] remain=27 epochs ep_eta=72.0min (avg 160s/ep)
[full_method_F1v2] [epoch 073/100] lr=0.000011  dt=160.9s
  train loss=0.1329  ce=0.0795 dice=0.1710  tversky=0.0000 bd=0.0000  cldice=0.1534
  val   skipped (next val at epoch 75)
[full_method_F1v2] [curriculum] epoch 74: c=1.000 target_weights={0:0.333, 1:0.333, 2:0.333}
  [full_method_F1v2] [epoch 74/100] batch 30/300 (10%) loss=0.1156 elapsed=16s eta=148s
  [full_method_F1v2] [epoch 74/100] batch 60/300 (20%) loss=0.1246 elapsed=31s eta=125s
  [full_method_F1v2] [epoch 74/100] batch 90/300 (30%) loss=0.1223 elapsed=47s eta=111s
  [full_method_F1v2] [epoch 74/100] batch 120/300 (40%) loss=0.1209 elapsed=63s eta=95s
  [full_method_F1v2] [epoch 74/100] batch 150/300 (50%) loss=0.1230 elapsed=79s eta=79s
  [full_method_F1v2] [epoch 74/100] batch 180/300 (60%) loss=0.1244 elapsed=95s eta=63s
  [full_method_F1v2] [epoch 74/100] batch 210/300 (70%) loss=0.1253 elapsed=110s eta=47s
  [full_method_F1v2] [epoch 74/100] batch 240/300 (80%) loss=0.1266 elapsed=126s eta=32s
  [full_method_F1v2] [epoch 74/100] batch 270/300 (90%) loss=0.1292 elapsed=141s eta=16s
  [full_method_F1v2] [epoch 74/100] batch 300/300 (100%) loss=0.1286 elapsed=156s eta=0s
[full_method_F1v2] [sampler] sampled: {0: 400, 1: 400, 2: 400} total=1200 spalling_ratio=24.33%
[full_method_F1v2] [sampler] unique: {0: 400, 1: 400, 2: 400} unique_total=1200 dup_ratio=1.00x
  difficulty: mean=0.000 std=1.610
[full_method_F1v2] [epoch 074/100] remain=26 epochs ep_eta=69.4min (avg 160s/ep)
[full_method_F1v2] [epoch 074/100] lr=0.000010  dt=156.3s
  train loss=0.1286  ce=0.0792 dice=0.1630  tversky=0.0000 bd=0.0000  cldice=0.1497
  val   skipped (next val at epoch 75)
[full_method_F1v2] [curriculum] epoch 75: c=1.000 target_weights={0:0.333, 1:0.333, 2:0.333}
  [full_method_F1v2] [epoch 75/100] batch 30/300 (10%) loss=0.1332 elapsed=16s eta=144s
  [full_method_F1v2] [epoch 75/100] batch 60/300 (20%) loss=0.1373 elapsed=31s eta=125s
  [full_method_F1v2] [epoch 75/100] batch 90/300 (30%) loss=0.1333 elapsed=46s eta=108s
  [full_method_F1v2] [epoch 75/100] batch 120/300 (40%) loss=0.1338 elapsed=62s eta=93s
  [full_method_F1v2] [epoch 75/100] batch 150/300 (50%) loss=0.1332 elapsed=77s eta=77s
  [full_method_F1v2] [epoch 75/100] batch 180/300 (60%) loss=0.1354 elapsed=93s eta=62s
  [full_method_F1v2] [epoch 75/100] batch 210/300 (70%) loss=0.1327 elapsed=108s eta=46s
  [full_method_F1v2] [epoch 75/100] batch 240/300 (80%) loss=0.1329 elapsed=124s eta=31s
  [full_method_F1v2] [epoch 75/100] batch 270/300 (90%) loss=0.1328 elapsed=140s eta=16s
  [full_method_F1v2] [epoch 75/100] batch 300/300 (100%) loss=0.1309 elapsed=156s eta=0s
[full_method_F1v2] [sampler] sampled: {0: 400, 1: 400, 2: 400} total=1200 spalling_ratio=24.33%
[full_method_F1v2] [sampler] unique: {0: 400, 1: 400, 2: 400} unique_total=1200 dup_ratio=1.00x
  difficulty: mean=0.000 std=1.612
[full_method_F1v2] [epoch 075/100] remain=25 epochs ep_eta=66.7min (avg 160s/ep)
[full_method_F1v2] [epoch 075/100] lr=0.000010  dt=165.7s
  train loss=0.1309  ce=0.0790 dice=0.1679  tversky=0.0000 bd=0.0000  cldice=0.1504
  val   loss=0.2750
  IoU   bg=0.9770  crack=0.5768  spalling=0.7767  | mIoU_fg=0.6768  pix_acc=0.9774
  Dice  bg=0.9884  crack=0.7316  spalling=0.8743
  BF1   crack=0.7580  spalling=0.6382  | BF1_fg_mean=0.6981
[full_method_F1v2] [curriculum] epoch 76: c=1.000 target_weights={0:0.333, 1:0.333, 2:0.333}
  [full_method_F1v2] [epoch 76/100] batch 30/300 (10%) loss=0.1375 elapsed=17s eta=152s
  [full_method_F1v2] [epoch 76/100] batch 60/300 (20%) loss=0.1302 elapsed=33s eta=131s
  [full_method_F1v2] [epoch 76/100] batch 90/300 (30%) loss=0.1342 elapsed=49s eta=114s
  [full_method_F1v2] [epoch 76/100] batch 120/300 (40%) loss=0.1327 elapsed=65s eta=97s
  [full_method_F1v2] [epoch 76/100] batch 150/300 (50%) loss=0.1289 elapsed=81s eta=81s
  [full_method_F1v2] [epoch 76/100] batch 180/300 (60%) loss=0.1292 elapsed=97s eta=65s
  [full_method_F1v2] [epoch 76/100] batch 210/300 (70%) loss=0.1280 elapsed=113s eta=48s
  [full_method_F1v2] [epoch 76/100] batch 240/300 (80%) loss=0.1306 elapsed=129s eta=32s
  [full_method_F1v2] [epoch 76/100] batch 270/300 (90%) loss=0.1301 elapsed=145s eta=16s
  [full_method_F1v2] [epoch 76/100] batch 300/300 (100%) loss=0.1288 elapsed=161s eta=0s
[full_method_F1v2] [sampler] sampled: {0: 400, 1: 400, 2: 400} total=1200 spalling_ratio=24.33%
[full_method_F1v2] [sampler] unique: {0: 400, 1: 400, 2: 400} unique_total=1200 dup_ratio=1.00x
  difficulty: mean=0.000 std=1.612
[full_method_F1v2] [epoch 076/100] remain=24 epochs ep_eta=64.1min (avg 160s/ep)
[full_method_F1v2] [epoch 076/100] lr=0.000009  dt=161.6s
  train loss=0.1288  ce=0.0772 dice=0.1655  tversky=0.0000 bd=0.0000  cldice=0.1492
  val   skipped (next val at epoch 80)
[full_method_F1v2] [curriculum] epoch 77: c=1.000 target_weights={0:0.333, 1:0.333, 2:0.333}
  [full_method_F1v2] [epoch 77/100] batch 30/300 (10%) loss=0.1291 elapsed=17s eta=151s
  [full_method_F1v2] [epoch 77/100] batch 60/300 (20%) loss=0.1269 elapsed=33s eta=133s
  [full_method_F1v2] [epoch 77/100] batch 90/300 (30%) loss=0.1288 elapsed=49s eta=114s
  [full_method_F1v2] [epoch 77/100] batch 120/300 (40%) loss=0.1313 elapsed=65s eta=98s
  [full_method_F1v2] [epoch 77/100] batch 150/300 (50%) loss=0.1300 elapsed=81s eta=81s
  [full_method_F1v2] [epoch 77/100] batch 180/300 (60%) loss=0.1323 elapsed=97s eta=65s
  [full_method_F1v2] [epoch 77/100] batch 210/300 (70%) loss=0.1316 elapsed=113s eta=49s
  [full_method_F1v2] [epoch 77/100] batch 240/300 (80%) loss=0.1301 elapsed=130s eta=33s
  [full_method_F1v2] [epoch 77/100] batch 270/300 (90%) loss=0.1295 elapsed=147s eta=16s
  [full_method_F1v2] [epoch 77/100] batch 300/300 (100%) loss=0.1282 elapsed=163s eta=0s
[full_method_F1v2] [sampler] sampled: {0: 400, 1: 400, 2: 400} total=1200 spalling_ratio=24.33%
[full_method_F1v2] [sampler] unique: {0: 400, 1: 400, 2: 400} unique_total=1200 dup_ratio=1.00x
  difficulty: mean=0.000 std=1.615
[full_method_F1v2] [epoch 077/100] remain=23 epochs ep_eta=61.4min (avg 160s/ep)
[full_method_F1v2] [epoch 077/100] lr=0.000008  dt=163.4s
  train loss=0.1282  ce=0.0775 dice=0.1640  tversky=0.0000 bd=0.0000  cldice=0.1495
  val   skipped (next val at epoch 80)
[full_method_F1v2] [curriculum] epoch 78: c=1.000 target_weights={0:0.333, 1:0.333, 2:0.333}
  [full_method_F1v2] [epoch 78/100] batch 30/300 (10%) loss=0.1284 elapsed=16s eta=144s
  [full_method_F1v2] [epoch 78/100] batch 60/300 (20%) loss=0.1261 elapsed=32s eta=126s
  [full_method_F1v2] [epoch 78/100] batch 90/300 (30%) loss=0.1284 elapsed=48s eta=111s
  [full_method_F1v2] [epoch 78/100] batch 120/300 (40%) loss=0.1290 elapsed=64s eta=96s
  [full_method_F1v2] [epoch 78/100] batch 150/300 (50%) loss=0.1312 elapsed=80s eta=80s
  [full_method_F1v2] [epoch 78/100] batch 180/300 (60%) loss=0.1292 elapsed=96s eta=64s
  [full_method_F1v2] [epoch 78/100] batch 210/300 (70%) loss=0.1279 elapsed=113s eta=48s
  [full_method_F1v2] [epoch 78/100] batch 240/300 (80%) loss=0.1268 elapsed=129s eta=32s
  [full_method_F1v2] [epoch 78/100] batch 270/300 (90%) loss=0.1280 elapsed=145s eta=16s
  [full_method_F1v2] [epoch 78/100] batch 300/300 (100%) loss=0.1279 elapsed=161s eta=0s
[full_method_F1v2] [sampler] sampled: {0: 400, 1: 400, 2: 400} total=1200 spalling_ratio=24.33%
[full_method_F1v2] [sampler] unique: {0: 400, 1: 400, 2: 400} unique_total=1200 dup_ratio=1.00x
  difficulty: mean=0.000 std=1.616
[full_method_F1v2] [epoch 078/100] remain=22 epochs ep_eta=58.8min (avg 160s/ep)
[full_method_F1v2] [epoch 078/100] lr=0.000008  dt=161.0s
  train loss=0.1279  ce=0.0768 dice=0.1642  tversky=0.0000 bd=0.0000  cldice=0.1480
  val   skipped (next val at epoch 80)
[full_method_F1v2] [curriculum] epoch 79: c=1.000 target_weights={0:0.333, 1:0.333, 2:0.333}
  [full_method_F1v2] [epoch 79/100] batch 30/300 (10%) loss=0.1197 elapsed=17s eta=152s
  [full_method_F1v2] [epoch 79/100] batch 60/300 (20%) loss=0.1201 elapsed=33s eta=133s
  [full_method_F1v2] [epoch 79/100] batch 90/300 (30%) loss=0.1251 elapsed=49s eta=115s
  [full_method_F1v2] [epoch 79/100] batch 120/300 (40%) loss=0.1264 elapsed=65s eta=98s
  [full_method_F1v2] [epoch 79/100] batch 150/300 (50%) loss=0.1260 elapsed=82s eta=82s
  [full_method_F1v2] [epoch 79/100] batch 180/300 (60%) loss=0.1293 elapsed=98s eta=65s
  [full_method_F1v2] [epoch 79/100] batch 210/300 (70%) loss=0.1288 elapsed=114s eta=49s
  [full_method_F1v2] [epoch 79/100] batch 240/300 (80%) loss=0.1277 elapsed=130s eta=33s
  [full_method_F1v2] [epoch 79/100] batch 270/300 (90%) loss=0.1279 elapsed=147s eta=16s
  [full_method_F1v2] [epoch 79/100] batch 300/300 (100%) loss=0.1276 elapsed=163s eta=0s
[full_method_F1v2] [sampler] sampled: {0: 400, 1: 400, 2: 400} total=1200 spalling_ratio=24.33%
[full_method_F1v2] [sampler] unique: {0: 400, 1: 400, 2: 400} unique_total=1200 dup_ratio=1.00x
  difficulty: mean=0.000 std=1.618
[full_method_F1v2] [epoch 079/100] remain=21 epochs ep_eta=56.1min (avg 160s/ep)
[full_method_F1v2] [epoch 079/100] lr=0.000007  dt=162.9s
  train loss=0.1276  ce=0.0761 dice=0.1644  tversky=0.0000 bd=0.0000  cldice=0.1468
  val   skipped (next val at epoch 80)
[full_method_F1v2] [curriculum] epoch 80: c=1.000 target_weights={0:0.333, 1:0.333, 2:0.333}
  [full_method_F1v2] [epoch 80/100] batch 30/300 (10%) loss=0.1259 elapsed=17s eta=152s
  [full_method_F1v2] [epoch 80/100] batch 60/300 (20%) loss=0.1324 elapsed=33s eta=131s
  [full_method_F1v2] [epoch 80/100] batch 90/300 (30%) loss=0.1301 elapsed=49s eta=114s
  [full_method_F1v2] [epoch 80/100] batch 120/300 (40%) loss=0.1280 elapsed=65s eta=97s
  [full_method_F1v2] [epoch 80/100] batch 150/300 (50%) loss=0.1257 elapsed=81s eta=81s
  [full_method_F1v2] [epoch 80/100] batch 180/300 (60%) loss=0.1270 elapsed=97s eta=65s
  [full_method_F1v2] [epoch 80/100] batch 210/300 (70%) loss=0.1276 elapsed=113s eta=48s
  [full_method_F1v2] [epoch 80/100] batch 240/300 (80%) loss=0.1259 elapsed=129s eta=32s
  [full_method_F1v2] [epoch 80/100] batch 270/300 (90%) loss=0.1272 elapsed=145s eta=16s
  [full_method_F1v2] [epoch 80/100] batch 300/300 (100%) loss=0.1269 elapsed=160s eta=0s
[full_method_F1v2] [sampler] sampled: {0: 400, 1: 400, 2: 400} total=1200 spalling_ratio=24.33%
[full_method_F1v2] [sampler] unique: {0: 400, 1: 400, 2: 400} unique_total=1200 dup_ratio=1.00x
  difficulty: mean=0.000 std=1.619
[full_method_F1v2] [epoch 080/100] remain=20 epochs ep_eta=53.5min (avg 160s/ep)
[full_method_F1v2] [epoch 080/100] lr=0.000006  dt=170.3s
  train loss=0.1269  ce=0.0771 dice=0.1619  tversky=0.0000 bd=0.0000  cldice=0.1485
  val   loss=0.2848
  IoU   bg=0.9769  crack=0.5741  spalling=0.7790  | mIoU_fg=0.6766  pix_acc=0.9772
  Dice  bg=0.9883  crack=0.7295  spalling=0.8758
  BF1   crack=0.7563  spalling=0.6438  | BF1_fg_mean=0.7000
[full_method_F1v2] [curriculum] epoch 81: c=1.000 target_weights={0:0.333, 1:0.333, 2:0.333}
  [full_method_F1v2] [epoch 81/100] batch 30/300 (10%) loss=0.1242 elapsed=16s eta=144s
  [full_method_F1v2] [epoch 81/100] batch 60/300 (20%) loss=0.1212 elapsed=32s eta=127s
  [full_method_F1v2] [epoch 81/100] batch 90/300 (30%) loss=0.1265 elapsed=47s eta=111s
  [full_method_F1v2] [epoch 81/100] batch 120/300 (40%) loss=0.1259 elapsed=64s eta=95s
  [full_method_F1v2] [epoch 81/100] batch 150/300 (50%) loss=0.1291 elapsed=80s eta=80s
  [full_method_F1v2] [epoch 81/100] batch 180/300 (60%) loss=0.1290 elapsed=95s eta=63s
  [full_method_F1v2] [epoch 81/100] batch 210/300 (70%) loss=0.1277 elapsed=111s eta=47s
  [full_method_F1v2] [epoch 81/100] batch 240/300 (80%) loss=0.1269 elapsed=126s eta=32s
  [full_method_F1v2] [epoch 81/100] batch 270/300 (90%) loss=0.1265 elapsed=142s eta=16s
  [full_method_F1v2] [epoch 81/100] batch 300/300 (100%) loss=0.1264 elapsed=158s eta=0s
[full_method_F1v2] [sampler] sampled: {0: 400, 1: 400, 2: 400} total=1200 spalling_ratio=24.33%
[full_method_F1v2] [sampler] unique: {0: 400, 1: 400, 2: 400} unique_total=1200 dup_ratio=1.00x
  difficulty: mean=0.000 std=1.620
[full_method_F1v2] [epoch 081/100] remain=19 epochs ep_eta=50.8min (avg 160s/ep)
[full_method_F1v2] [epoch 081/100] lr=0.000006  dt=158.4s
  train loss=0.1264  ce=0.0757 dice=0.1624  tversky=0.0000 bd=0.0000  cldice=0.1462
  val   skipped (next val at epoch 85)
[full_method_F1v2] [curriculum] epoch 82: c=1.000 target_weights={0:0.333, 1:0.333, 2:0.333}
  [full_method_F1v2] [epoch 82/100] batch 30/300 (10%) loss=0.1255 elapsed=17s eta=150s
  [full_method_F1v2] [epoch 82/100] batch 60/300 (20%) loss=0.1222 elapsed=33s eta=131s
  [full_method_F1v2] [epoch 82/100] batch 90/300 (30%) loss=0.1225 elapsed=48s eta=113s
  [full_method_F1v2] [epoch 82/100] batch 120/300 (40%) loss=0.1240 elapsed=64s eta=96s
  [full_method_F1v2] [epoch 82/100] batch 150/300 (50%) loss=0.1250 elapsed=79s eta=79s
  [full_method_F1v2] [epoch 82/100] batch 180/300 (60%) loss=0.1244 elapsed=94s eta=63s
  [full_method_F1v2] [epoch 82/100] batch 210/300 (70%) loss=0.1268 elapsed=109s eta=47s
  [full_method_F1v2] [epoch 82/100] batch 240/300 (80%) loss=0.1274 elapsed=125s eta=31s
  [full_method_F1v2] [epoch 82/100] batch 270/300 (90%) loss=0.1259 elapsed=140s eta=16s
  [full_method_F1v2] [epoch 82/100] batch 300/300 (100%) loss=0.1262 elapsed=156s eta=0s
[full_method_F1v2] [sampler] sampled: {0: 400, 1: 400, 2: 400} total=1200 spalling_ratio=24.33%
[full_method_F1v2] [sampler] unique: {0: 400, 1: 400, 2: 400} unique_total=1200 dup_ratio=1.00x
  difficulty: mean=0.000 std=1.621
[full_method_F1v2] [epoch 082/100] remain=18 epochs ep_eta=48.1min (avg 160s/ep)
[full_method_F1v2] [epoch 082/100] lr=0.000005  dt=156.2s
  train loss=0.1262  ce=0.0752 dice=0.1627  tversky=0.0000 bd=0.0000  cldice=0.1455
  val   skipped (next val at epoch 85)
[full_method_F1v2] [curriculum] epoch 83: c=1.000 target_weights={0:0.333, 1:0.333, 2:0.333}
  [full_method_F1v2] [epoch 83/100] batch 30/300 (10%) loss=0.1303 elapsed=17s eta=149s
  [full_method_F1v2] [epoch 83/100] batch 60/300 (20%) loss=0.1293 elapsed=32s eta=130s
  [full_method_F1v2] [epoch 83/100] batch 90/300 (30%) loss=0.1251 elapsed=49s eta=113s
  [full_method_F1v2] [epoch 83/100] batch 120/300 (40%) loss=0.1245 elapsed=64s eta=96s
  [full_method_F1v2] [epoch 83/100] batch 150/300 (50%) loss=0.1248 elapsed=80s eta=80s
  [full_method_F1v2] [epoch 83/100] batch 180/300 (60%) loss=0.1264 elapsed=95s eta=63s
  [full_method_F1v2] [epoch 83/100] batch 210/300 (70%) loss=0.1261 elapsed=112s eta=48s
  [full_method_F1v2] [epoch 83/100] batch 240/300 (80%) loss=0.1256 elapsed=128s eta=32s
  [full_method_F1v2] [epoch 83/100] batch 270/300 (90%) loss=0.1260 elapsed=143s eta=16s
  [full_method_F1v2] [epoch 83/100] batch 300/300 (100%) loss=0.1254 elapsed=159s eta=0s
[full_method_F1v2] [sampler] sampled: {0: 400, 1: 400, 2: 400} total=1200 spalling_ratio=24.33%
[full_method_F1v2] [sampler] unique: {0: 400, 1: 400, 2: 400} unique_total=1200 dup_ratio=1.00x
  difficulty: mean=0.000 std=1.622
[full_method_F1v2] [epoch 083/100] remain=17 epochs ep_eta=45.5min (avg 160s/ep)
[full_method_F1v2] [epoch 083/100] lr=0.000005  dt=159.5s
  train loss=0.1254  ce=0.0751 dice=0.1612  tversky=0.0000 bd=0.0000  cldice=0.1456
  val   skipped (next val at epoch 85)
[full_method_F1v2] [curriculum] epoch 84: c=1.000 target_weights={0:0.333, 1:0.333, 2:0.333}
  [full_method_F1v2] [epoch 84/100] batch 30/300 (10%) loss=0.1323 elapsed=16s eta=148s
  [full_method_F1v2] [epoch 84/100] batch 60/300 (20%) loss=0.1319 elapsed=32s eta=129s
  [full_method_F1v2] [epoch 84/100] batch 90/300 (30%) loss=0.1298 elapsed=48s eta=113s
  [full_method_F1v2] [epoch 84/100] batch 120/300 (40%) loss=0.1299 elapsed=64s eta=96s
  [full_method_F1v2] [epoch 84/100] batch 150/300 (50%) loss=0.1277 elapsed=80s eta=80s
  [full_method_F1v2] [epoch 84/100] batch 180/300 (60%) loss=0.1260 elapsed=96s eta=64s
  [full_method_F1v2] [epoch 84/100] batch 210/300 (70%) loss=0.1250 elapsed=112s eta=48s
  [full_method_F1v2] [epoch 84/100] batch 240/300 (80%) loss=0.1255 elapsed=129s eta=32s
  [full_method_F1v2] [epoch 84/100] batch 270/300 (90%) loss=0.1249 elapsed=145s eta=16s
  [full_method_F1v2] [epoch 84/100] batch 300/300 (100%) loss=0.1252 elapsed=161s eta=0s
[full_method_F1v2] [sampler] sampled: {0: 400, 1: 400, 2: 400} total=1200 spalling_ratio=24.33%
[full_method_F1v2] [sampler] unique: {0: 400, 1: 400, 2: 400} unique_total=1200 dup_ratio=1.00x
  difficulty: mean=0.000 std=1.622
[full_method_F1v2] [epoch 084/100] remain=16 epochs ep_eta=42.8min (avg 160s/ep)
[full_method_F1v2] [epoch 084/100] lr=0.000004  dt=160.8s
  train loss=0.1252  ce=0.0753 dice=0.1606  tversky=0.0000 bd=0.0000  cldice=0.1458
  val   skipped (next val at epoch 85)
[full_method_F1v2] [curriculum] epoch 85: c=1.000 target_weights={0:0.333, 1:0.333, 2:0.333}
  [full_method_F1v2] [epoch 85/100] batch 30/300 (10%) loss=0.1197 elapsed=16s eta=146s
  [full_method_F1v2] [epoch 85/100] batch 60/300 (20%) loss=0.1214 elapsed=33s eta=131s
  [full_method_F1v2] [epoch 85/100] batch 90/300 (30%) loss=0.1267 elapsed=49s eta=115s
  [full_method_F1v2] [epoch 85/100] batch 120/300 (40%) loss=0.1278 elapsed=65s eta=98s
  [full_method_F1v2] [epoch 85/100] batch 150/300 (50%) loss=0.1264 elapsed=81s eta=81s
  [full_method_F1v2] [epoch 85/100] batch 180/300 (60%) loss=0.1258 elapsed=97s eta=65s
  [full_method_F1v2] [epoch 85/100] batch 210/300 (70%) loss=0.1243 elapsed=114s eta=49s
  [full_method_F1v2] [epoch 85/100] batch 240/300 (80%) loss=0.1259 elapsed=130s eta=32s
  [full_method_F1v2] [epoch 85/100] batch 270/300 (90%) loss=0.1265 elapsed=145s eta=16s
  [full_method_F1v2] [epoch 85/100] batch 300/300 (100%) loss=0.1256 elapsed=161s eta=0s
[full_method_F1v2] [sampler] sampled: {0: 400, 1: 400, 2: 400} total=1200 spalling_ratio=24.33%
[full_method_F1v2] [sampler] unique: {0: 400, 1: 400, 2: 400} unique_total=1200 dup_ratio=1.00x
  difficulty: mean=0.000 std=1.622
[full_method_F1v2] [epoch 085/100] remain=15 epochs ep_eta=40.2min (avg 161s/ep)
[full_method_F1v2] [epoch 085/100] lr=0.000004  dt=171.1s
  train loss=0.1256  ce=0.0756 dice=0.1610  tversky=0.0000 bd=0.0000  cldice=0.1454
  val   loss=0.2908
  IoU   bg=0.9769  crack=0.5719  spalling=0.7754  | mIoU_fg=0.6737  pix_acc=0.9773
  Dice  bg=0.9883  crack=0.7277  spalling=0.8735
  BF1   crack=0.7573  spalling=0.6443  | BF1_fg_mean=0.7008
[full_method_F1v2] [curriculum] epoch 86: c=1.000 target_weights={0:0.333, 1:0.333, 2:0.333}
  [full_method_F1v2] [epoch 86/100] batch 30/300 (10%) loss=0.1258 elapsed=17s eta=152s
  [full_method_F1v2] [epoch 86/100] batch 60/300 (20%) loss=0.1282 elapsed=33s eta=131s
  [full_method_F1v2] [epoch 86/100] batch 90/300 (30%) loss=0.1249 elapsed=49s eta=114s
  [full_method_F1v2] [epoch 86/100] batch 120/300 (40%) loss=0.1231 elapsed=65s eta=97s
  [full_method_F1v2] [epoch 86/100] batch 150/300 (50%) loss=0.1242 elapsed=81s eta=81s
  [full_method_F1v2] [epoch 86/100] batch 180/300 (60%) loss=0.1237 elapsed=97s eta=65s
  [full_method_F1v2] [epoch 86/100] batch 210/300 (70%) loss=0.1243 elapsed=113s eta=49s
  [full_method_F1v2] [epoch 86/100] batch 240/300 (80%) loss=0.1235 elapsed=129s eta=32s
  [full_method_F1v2] [epoch 86/100] batch 270/300 (90%) loss=0.1237 elapsed=145s eta=16s
  [full_method_F1v2] [epoch 86/100] batch 300/300 (100%) loss=0.1236 elapsed=161s eta=0s
[full_method_F1v2] [sampler] sampled: {0: 400, 1: 400, 2: 400} total=1200 spalling_ratio=24.33%
[full_method_F1v2] [sampler] unique: {0: 400, 1: 400, 2: 400} unique_total=1200 dup_ratio=1.00x
  difficulty: mean=0.000 std=1.623
[full_method_F1v2] [epoch 086/100] remain=14 epochs ep_eta=37.5min (avg 161s/ep)
[full_method_F1v2] [epoch 086/100] lr=0.000003  dt=161.4s
  train loss=0.1236  ce=0.0742 dice=0.1587  tversky=0.0000 bd=0.0000  cldice=0.1431
  val   skipped (next val at epoch 90)
[full_method_F1v2] [curriculum] epoch 87: c=1.000 target_weights={0:0.333, 1:0.333, 2:0.333}
  [full_method_F1v2] [epoch 87/100] batch 30/300 (10%) loss=0.1247 elapsed=16s eta=147s
  [full_method_F1v2] [epoch 87/100] batch 60/300 (20%) loss=0.1232 elapsed=32s eta=129s
  [full_method_F1v2] [epoch 87/100] batch 90/300 (30%) loss=0.1235 elapsed=48s eta=112s
  [full_method_F1v2] [epoch 87/100] batch 120/300 (40%) loss=0.1248 elapsed=64s eta=97s
  [full_method_F1v2] [epoch 87/100] batch 150/300 (50%) loss=0.1231 elapsed=81s eta=81s
  [full_method_F1v2] [epoch 87/100] batch 180/300 (60%) loss=0.1231 elapsed=97s eta=65s
  [full_method_F1v2] [epoch 87/100] batch 210/300 (70%) loss=0.1228 elapsed=113s eta=49s
  [full_method_F1v2] [epoch 87/100] batch 240/300 (80%) loss=0.1237 elapsed=129s eta=32s
  [full_method_F1v2] [epoch 87/100] batch 270/300 (90%) loss=0.1246 elapsed=146s eta=16s
  [full_method_F1v2] [epoch 87/100] batch 300/300 (100%) loss=0.1251 elapsed=162s eta=0s
[full_method_F1v2] [sampler] sampled: {0: 400, 1: 400, 2: 400} total=1200 spalling_ratio=24.33%
[full_method_F1v2] [sampler] unique: {0: 400, 1: 400, 2: 400} unique_total=1200 dup_ratio=1.00x
  difficulty: mean=0.000 std=1.623
[full_method_F1v2] [epoch 087/100] remain=13 epochs ep_eta=34.8min (avg 161s/ep)
[full_method_F1v2] [epoch 087/100] lr=0.000003  dt=162.4s
  train loss=0.1251  ce=0.0746 dice=0.1614  tversky=0.0000 bd=0.0000  cldice=0.1431
  val   skipped (next val at epoch 90)
[full_method_F1v2] [curriculum] epoch 88: c=1.000 target_weights={0:0.333, 1:0.333, 2:0.333}
  [full_method_F1v2] [epoch 88/100] batch 30/300 (10%) loss=0.1238 elapsed=17s eta=152s
  [full_method_F1v2] [epoch 88/100] batch 60/300 (20%) loss=0.1242 elapsed=32s eta=129s
  [full_method_F1v2] [epoch 88/100] batch 90/300 (30%) loss=0.1212 elapsed=49s eta=113s
  [full_method_F1v2] [epoch 88/100] batch 120/300 (40%) loss=0.1204 elapsed=64s eta=97s
  [full_method_F1v2] [epoch 88/100] batch 150/300 (50%) loss=0.1198 elapsed=80s eta=80s
  [full_method_F1v2] [epoch 88/100] batch 180/300 (60%) loss=0.1227 elapsed=96s eta=64s
  [full_method_F1v2] [epoch 88/100] batch 210/300 (70%) loss=0.1248 elapsed=111s eta=48s
  [full_method_F1v2] [epoch 88/100] batch 240/300 (80%) loss=0.1262 elapsed=127s eta=32s
  [full_method_F1v2] [epoch 88/100] batch 270/300 (90%) loss=0.1257 elapsed=143s eta=16s
  [full_method_F1v2] [epoch 88/100] batch 300/300 (100%) loss=0.1246 elapsed=158s eta=0s
[full_method_F1v2] [sampler] sampled: {0: 400, 1: 400, 2: 400} total=1200 spalling_ratio=24.33%
[full_method_F1v2] [sampler] unique: {0: 400, 1: 400, 2: 400} unique_total=1200 dup_ratio=1.00x
  difficulty: mean=0.000 std=1.624
[full_method_F1v2] [epoch 088/100] remain=12 epochs ep_eta=32.1min (avg 161s/ep)
[full_method_F1v2] [epoch 088/100] lr=0.000002  dt=158.6s
  train loss=0.1246  ce=0.0744 dice=0.1605  tversky=0.0000 bd=0.0000  cldice=0.1430
  val   skipped (next val at epoch 90)
[full_method_F1v2] [curriculum] epoch 89: c=1.000 target_weights={0:0.333, 1:0.333, 2:0.333}
  [full_method_F1v2] [epoch 89/100] batch 30/300 (10%) loss=0.1225 elapsed=15s eta=139s
  [full_method_F1v2] [epoch 89/100] batch 60/300 (20%) loss=0.1208 elapsed=31s eta=124s
  [full_method_F1v2] [epoch 89/100] batch 90/300 (30%) loss=0.1244 elapsed=47s eta=109s
  [full_method_F1v2] [epoch 89/100] batch 120/300 (40%) loss=0.1236 elapsed=63s eta=94s
  [full_method_F1v2] [epoch 89/100] batch 150/300 (50%) loss=0.1243 elapsed=78s eta=78s
  [full_method_F1v2] [epoch 89/100] batch 180/300 (60%) loss=0.1225 elapsed=93s eta=62s
  [full_method_F1v2] [epoch 89/100] batch 210/300 (70%) loss=0.1233 elapsed=108s eta=46s
  [full_method_F1v2] [epoch 89/100] batch 240/300 (80%) loss=0.1238 elapsed=124s eta=31s
  [full_method_F1v2] [epoch 89/100] batch 270/300 (90%) loss=0.1239 elapsed=140s eta=16s
  [full_method_F1v2] [epoch 89/100] batch 300/300 (100%) loss=0.1235 elapsed=155s eta=0s
[full_method_F1v2] [sampler] sampled: {0: 400, 1: 400, 2: 400} total=1200 spalling_ratio=24.33%
[full_method_F1v2] [sampler] unique: {0: 400, 1: 400, 2: 400} unique_total=1200 dup_ratio=1.00x
  difficulty: mean=0.000 std=1.624
[full_method_F1v2] [epoch 089/100] remain=11 epochs ep_eta=29.4min (avg 161s/ep)
[full_method_F1v2] [epoch 089/100] lr=0.000002  dt=155.3s
  train loss=0.1235  ce=0.0739 dice=0.1587  tversky=0.0000 bd=0.0000  cldice=0.1433
  val   skipped (next val at epoch 90)
[full_method_F1v2] [curriculum] epoch 90: c=1.000 target_weights={0:0.333, 1:0.333, 2:0.333}
  [full_method_F1v2] [epoch 90/100] batch 30/300 (10%) loss=0.1268 elapsed=17s eta=151s
  [full_method_F1v2] [epoch 90/100] batch 60/300 (20%) loss=0.1237 elapsed=32s eta=130s
  [full_method_F1v2] [epoch 90/100] batch 90/300 (30%) loss=0.1266 elapsed=48s eta=111s
  [full_method_F1v2] [epoch 90/100] batch 120/300 (40%) loss=0.1281 elapsed=63s eta=95s
  [full_method_F1v2] [epoch 90/100] batch 150/300 (50%) loss=0.1285 elapsed=78s eta=78s
  [full_method_F1v2] [epoch 90/100] batch 180/300 (60%) loss=0.1284 elapsed=94s eta=63s
  [full_method_F1v2] [epoch 90/100] batch 210/300 (70%) loss=0.1259 elapsed=110s eta=47s
  [full_method_F1v2] [epoch 90/100] batch 240/300 (80%) loss=0.1267 elapsed=126s eta=31s
  [full_method_F1v2] [epoch 90/100] batch 270/300 (90%) loss=0.1250 elapsed=141s eta=16s
  [full_method_F1v2] [epoch 90/100] batch 300/300 (100%) loss=0.1249 elapsed=157s eta=0s
[full_method_F1v2] [sampler] sampled: {0: 400, 1: 400, 2: 400} total=1200 spalling_ratio=24.33%
[full_method_F1v2] [sampler] unique: {0: 400, 1: 400, 2: 400} unique_total=1200 dup_ratio=1.00x
  difficulty: mean=0.000 std=1.625
[full_method_F1v2] [epoch 090/100] remain=10 epochs ep_eta=26.8min (avg 161s/ep)
[full_method_F1v2] [epoch 090/100] lr=0.000002  dt=166.5s
  train loss=0.1249  ce=0.0743 dice=0.1613  tversky=0.0000 bd=0.0000  cldice=0.1425
  val   loss=0.2913
  IoU   bg=0.9766  crack=0.5722  spalling=0.7731  | mIoU_fg=0.6726  pix_acc=0.9770
  Dice  bg=0.9882  crack=0.7279  spalling=0.8720
  BF1   crack=0.7523  spalling=0.6427  | BF1_fg_mean=0.6975
[full_method_F1v2] [curriculum] epoch 91: c=1.000 target_weights={0:0.333, 1:0.333, 2:0.333}
  [full_method_F1v2] [epoch 91/100] batch 30/300 (10%) loss=0.1357 elapsed=17s eta=153s
  [full_method_F1v2] [epoch 91/100] batch 60/300 (20%) loss=0.1298 elapsed=34s eta=134s
  [full_method_F1v2] [epoch 91/100] batch 90/300 (30%) loss=0.1266 elapsed=50s eta=118s
  [full_method_F1v2] [epoch 91/100] batch 120/300 (40%) loss=0.1277 elapsed=66s eta=99s
  [full_method_F1v2] [epoch 91/100] batch 150/300 (50%) loss=0.1240 elapsed=82s eta=82s
  [full_method_F1v2] [epoch 91/100] batch 180/300 (60%) loss=0.1260 elapsed=98s eta=66s
  [full_method_F1v2] [epoch 91/100] batch 210/300 (70%) loss=0.1256 elapsed=115s eta=49s
  [full_method_F1v2] [epoch 91/100] batch 240/300 (80%) loss=0.1259 elapsed=132s eta=33s
  [full_method_F1v2] [epoch 91/100] batch 270/300 (90%) loss=0.1227 elapsed=148s eta=16s
  [full_method_F1v2] [epoch 91/100] batch 300/300 (100%) loss=0.1219 elapsed=164s eta=0s
[full_method_F1v2] [sampler] sampled: {0: 400, 1: 400, 2: 400} total=1200 spalling_ratio=24.33%
[full_method_F1v2] [sampler] unique: {0: 400, 1: 400, 2: 400} unique_total=1200 dup_ratio=1.00x
  difficulty: mean=0.000 std=1.625
[full_method_F1v2] [epoch 091/100] remain=9 epochs ep_eta=24.1min (avg 161s/ep)
[full_method_F1v2] [epoch 091/100] lr=0.000001  dt=173.5s
  train loss=0.1219  ce=0.0734 dice=0.1563  tversky=0.0000 bd=0.0000  cldice=0.1422
  val   loss=0.2936
  IoU   bg=0.9766  crack=0.5712  spalling=0.7734  | mIoU_fg=0.6723  pix_acc=0.9770
  Dice  bg=0.9881  crack=0.7271  spalling=0.8722
  BF1   crack=0.7525  spalling=0.6325  | BF1_fg_mean=0.6925
[full_method_F1v2] [curriculum] epoch 92: c=1.000 target_weights={0:0.333, 1:0.333, 2:0.333}
  [full_method_F1v2] [epoch 92/100] batch 30/300 (10%) loss=0.1392 elapsed=17s eta=156s
  [full_method_F1v2] [epoch 92/100] batch 60/300 (20%) loss=0.1307 elapsed=34s eta=136s
  [full_method_F1v2] [epoch 92/100] batch 90/300 (30%) loss=0.1271 elapsed=51s eta=119s
  [full_method_F1v2] [epoch 92/100] batch 120/300 (40%) loss=0.1262 elapsed=67s eta=101s
  [full_method_F1v2] [epoch 92/100] batch 150/300 (50%) loss=0.1246 elapsed=84s eta=84s
  [full_method_F1v2] [epoch 92/100] batch 180/300 (60%) loss=0.1252 elapsed=99s eta=66s
  [full_method_F1v2] [epoch 92/100] batch 210/300 (70%) loss=0.1242 elapsed=115s eta=49s
  [full_method_F1v2] [epoch 92/100] batch 240/300 (80%) loss=0.1237 elapsed=130s eta=33s
  [full_method_F1v2] [epoch 92/100] batch 270/300 (90%) loss=0.1243 elapsed=146s eta=16s
  [full_method_F1v2] [epoch 92/100] batch 300/300 (100%) loss=0.1236 elapsed=163s eta=0s
[full_method_F1v2] [sampler] sampled: {0: 400, 1: 400, 2: 400} total=1200 spalling_ratio=24.33%
[full_method_F1v2] [sampler] unique: {0: 400, 1: 400, 2: 400} unique_total=1200 dup_ratio=1.00x
  difficulty: mean=0.000 std=1.625
[full_method_F1v2] [epoch 092/100] remain=8 epochs ep_eta=21.5min (avg 161s/ep)
[full_method_F1v2] [epoch 092/100] lr=0.000001  dt=172.8s
  train loss=0.1236  ce=0.0739 dice=0.1592  tversky=0.0000 bd=0.0000  cldice=0.1421
  val   loss=0.2933
  IoU   bg=0.9766  crack=0.5721  spalling=0.7755  | mIoU_fg=0.6738  pix_acc=0.9770
  Dice  bg=0.9881  crack=0.7278  spalling=0.8736
  BF1   crack=0.7556  spalling=0.6375  | BF1_fg_mean=0.6965
[full_method_F1v2] [curriculum] epoch 93: c=1.000 target_weights={0:0.333, 1:0.333, 2:0.333}
  [full_method_F1v2] [epoch 93/100] batch 30/300 (10%) loss=0.1233 elapsed=17s eta=155s
  [full_method_F1v2] [epoch 93/100] batch 60/300 (20%) loss=0.1186 elapsed=33s eta=132s
  [full_method_F1v2] [epoch 93/100] batch 90/300 (30%) loss=0.1242 elapsed=49s eta=115s
  [full_method_F1v2] [epoch 93/100] batch 120/300 (40%) loss=0.1244 elapsed=66s eta=99s
  [full_method_F1v2] [epoch 93/100] batch 150/300 (50%) loss=0.1248 elapsed=83s eta=83s
  [full_method_F1v2] [epoch 93/100] batch 180/300 (60%) loss=0.1260 elapsed=100s eta=67s
  [full_method_F1v2] [epoch 93/100] batch 210/300 (70%) loss=0.1257 elapsed=117s eta=50s
  [full_method_F1v2] [epoch 93/100] batch 240/300 (80%) loss=0.1259 elapsed=134s eta=33s
  [full_method_F1v2] [epoch 93/100] batch 270/300 (90%) loss=0.1252 elapsed=149s eta=17s
  [full_method_F1v2] [epoch 93/100] batch 300/300 (100%) loss=0.1242 elapsed=165s eta=0s
[full_method_F1v2] [sampler] sampled: {0: 400, 1: 400, 2: 400} total=1200 spalling_ratio=24.33%
[full_method_F1v2] [sampler] unique: {0: 400, 1: 400, 2: 400} unique_total=1200 dup_ratio=1.00x
  difficulty: mean=0.000 std=1.626
[full_method_F1v2] [epoch 093/100] remain=7 epochs ep_eta=18.8min (avg 161s/ep)
[full_method_F1v2] [epoch 093/100] lr=0.000001  dt=174.7s
  train loss=0.1242  ce=0.0736 dice=0.1607  tversky=0.0000 bd=0.0000  cldice=0.1414
  val   loss=0.2920
  IoU   bg=0.9768  crack=0.5717  spalling=0.7764  | mIoU_fg=0.6741  pix_acc=0.9772
  Dice  bg=0.9883  crack=0.7275  spalling=0.8742
  BF1   crack=0.7567  spalling=0.6311  | BF1_fg_mean=0.6939
[full_method_F1v2] [curriculum] epoch 94: c=1.000 target_weights={0:0.333, 1:0.333, 2:0.333}
  [full_method_F1v2] [epoch 94/100] batch 30/300 (10%) loss=0.1289 elapsed=16s eta=146s
  [full_method_F1v2] [epoch 94/100] batch 60/300 (20%) loss=0.1290 elapsed=32s eta=129s
  [full_method_F1v2] [epoch 94/100] batch 90/300 (30%) loss=0.1261 elapsed=49s eta=114s
  [full_method_F1v2] [epoch 94/100] batch 120/300 (40%) loss=0.1235 elapsed=65s eta=97s
  [full_method_F1v2] [epoch 94/100] batch 150/300 (50%) loss=0.1237 elapsed=81s eta=81s
  [full_method_F1v2] [epoch 94/100] batch 180/300 (60%) loss=0.1247 elapsed=97s eta=65s
  [full_method_F1v2] [epoch 94/100] batch 210/300 (70%) loss=0.1236 elapsed=113s eta=48s
  [full_method_F1v2] [epoch 94/100] batch 240/300 (80%) loss=0.1236 elapsed=129s eta=32s
  [full_method_F1v2] [epoch 94/100] batch 270/300 (90%) loss=0.1243 elapsed=144s eta=16s
  [full_method_F1v2] [epoch 94/100] batch 300/300 (100%) loss=0.1235 elapsed=160s eta=0s
[full_method_F1v2] [sampler] sampled: {0: 400, 1: 400, 2: 400} total=1200 spalling_ratio=24.33%
[full_method_F1v2] [sampler] unique: {0: 400, 1: 400, 2: 400} unique_total=1200 dup_ratio=1.00x
  difficulty: mean=0.000 std=1.625
[full_method_F1v2] [epoch 094/100] remain=6 epochs ep_eta=16.1min (avg 161s/ep)
[full_method_F1v2] [epoch 094/100] lr=0.000001  dt=170.1s
  train loss=0.1235  ce=0.0746 dice=0.1579  tversky=0.0000 bd=0.0000  cldice=0.1441
  val   loss=0.2934
  IoU   bg=0.9767  crack=0.5717  spalling=0.7756  | mIoU_fg=0.6737  pix_acc=0.9771
  Dice  bg=0.9882  crack=0.7275  spalling=0.8736
  BF1   crack=0.7552  spalling=0.6336  | BF1_fg_mean=0.6944
[full_method_F1v2] [curriculum] epoch 95: c=1.000 target_weights={0:0.333, 1:0.333, 2:0.333}
  [full_method_F1v2] [epoch 95/100] batch 30/300 (10%) loss=0.1142 elapsed=17s eta=149s
  [full_method_F1v2] [epoch 95/100] batch 60/300 (20%) loss=0.1242 elapsed=33s eta=131s
  [full_method_F1v2] [epoch 95/100] batch 90/300 (30%) loss=0.1243 elapsed=49s eta=113s
  [full_method_F1v2] [epoch 95/100] batch 120/300 (40%) loss=0.1221 elapsed=65s eta=97s
  [full_method_F1v2] [epoch 95/100] batch 150/300 (50%) loss=0.1216 elapsed=80s eta=80s
  [full_method_F1v2] [epoch 95/100] batch 180/300 (60%) loss=0.1227 elapsed=96s eta=64s
  [full_method_F1v2] [epoch 95/100] batch 210/300 (70%) loss=0.1229 elapsed=111s eta=48s
  [full_method_F1v2] [epoch 95/100] batch 240/300 (80%) loss=0.1228 elapsed=127s eta=32s
  [full_method_F1v2] [epoch 95/100] batch 270/300 (90%) loss=0.1224 elapsed=143s eta=16s
  [full_method_F1v2] [epoch 95/100] batch 300/300 (100%) loss=0.1230 elapsed=158s eta=0s
[full_method_F1v2] [sampler] sampled: {0: 400, 1: 400, 2: 400} total=1200 spalling_ratio=24.33%
[full_method_F1v2] [sampler] unique: {0: 400, 1: 400, 2: 400} unique_total=1200 dup_ratio=1.00x
  difficulty: mean=0.000 std=1.626
[full_method_F1v2] [epoch 095/100] remain=5 epochs ep_eta=13.4min (avg 161s/ep)
[full_method_F1v2] [epoch 095/100] lr=0.000000  dt=167.7s
  train loss=0.1230  ce=0.0741 dice=0.1576  tversky=0.0000 bd=0.0000  cldice=0.1431
  val   loss=0.2932
  IoU   bg=0.9766  crack=0.5707  spalling=0.7765  | mIoU_fg=0.6736  pix_acc=0.9770
  Dice  bg=0.9882  crack=0.7267  spalling=0.8742
  BF1   crack=0.7537  spalling=0.6378  | BF1_fg_mean=0.6958
[full_method_F1v2] [curriculum] epoch 96: c=1.000 target_weights={0:0.333, 1:0.333, 2:0.333}
  [full_method_F1v2] [epoch 96/100] batch 30/300 (10%) loss=0.1196 elapsed=17s eta=149s
  [full_method_F1v2] [epoch 96/100] batch 60/300 (20%) loss=0.1215 elapsed=32s eta=130s
  [full_method_F1v2] [epoch 96/100] batch 90/300 (30%) loss=0.1232 elapsed=48s eta=113s
  [full_method_F1v2] [epoch 96/100] batch 120/300 (40%) loss=0.1230 elapsed=65s eta=98s
  [full_method_F1v2] [epoch 96/100] batch 150/300 (50%) loss=0.1221 elapsed=81s eta=81s
  [full_method_F1v2] [epoch 96/100] batch 180/300 (60%) loss=0.1226 elapsed=96s eta=64s
  [full_method_F1v2] [epoch 96/100] batch 210/300 (70%) loss=0.1237 elapsed=113s eta=48s
  [full_method_F1v2] [epoch 96/100] batch 240/300 (80%) loss=0.1235 elapsed=128s eta=32s
  [full_method_F1v2] [epoch 96/100] batch 270/300 (90%) loss=0.1226 elapsed=144s eta=16s
  [full_method_F1v2] [epoch 96/100] batch 300/300 (100%) loss=0.1234 elapsed=160s eta=0s
[full_method_F1v2] [sampler] sampled: {0: 400, 1: 400, 2: 400} total=1200 spalling_ratio=24.33%
[full_method_F1v2] [sampler] unique: {0: 400, 1: 400, 2: 400} unique_total=1200 dup_ratio=1.00x
  difficulty: mean=0.000 std=1.626
[full_method_F1v2] [epoch 096/100] remain=4 epochs ep_eta=10.8min (avg 161s/ep)
[full_method_F1v2] [epoch 096/100] lr=0.000000  dt=169.7s
  train loss=0.1234  ce=0.0735 dice=0.1592  tversky=0.0000 bd=0.0000  cldice=0.1423
  val   loss=0.2979
  IoU   bg=0.9768  crack=0.5715  spalling=0.7769  | mIoU_fg=0.6742  pix_acc=0.9772
  Dice  bg=0.9882  crack=0.7273  spalling=0.8745
  BF1   crack=0.7559  spalling=0.6404  | BF1_fg_mean=0.6981
[full_method_F1v2] [curriculum] epoch 97: c=1.000 target_weights={0:0.333, 1:0.333, 2:0.333}
  [full_method_F1v2] [epoch 97/100] batch 30/300 (10%) loss=0.1218 elapsed=16s eta=141s
  [full_method_F1v2] [epoch 97/100] batch 60/300 (20%) loss=0.1273 elapsed=31s eta=126s
  [full_method_F1v2] [epoch 97/100] batch 90/300 (30%) loss=0.1286 elapsed=47s eta=109s
  [full_method_F1v2] [epoch 97/100] batch 120/300 (40%) loss=0.1250 elapsed=63s eta=94s
  [full_method_F1v2] [epoch 97/100] batch 150/300 (50%) loss=0.1250 elapsed=79s eta=79s
  [full_method_F1v2] [epoch 97/100] batch 180/300 (60%) loss=0.1252 elapsed=95s eta=63s
  [full_method_F1v2] [epoch 97/100] batch 210/300 (70%) loss=0.1242 elapsed=112s eta=48s
  [full_method_F1v2] [epoch 97/100] batch 240/300 (80%) loss=0.1241 elapsed=128s eta=32s
  [full_method_F1v2] [epoch 97/100] batch 270/300 (90%) loss=0.1243 elapsed=144s eta=16s
  [full_method_F1v2] [epoch 97/100] batch 300/300 (100%) loss=0.1244 elapsed=159s eta=0s
[full_method_F1v2] [sampler] sampled: {0: 400, 1: 400, 2: 400} total=1200 spalling_ratio=24.33%
[full_method_F1v2] [sampler] unique: {0: 400, 1: 400, 2: 400} unique_total=1200 dup_ratio=1.00x
  difficulty: mean=0.000 std=1.627
[full_method_F1v2] [epoch 097/100] remain=3 epochs ep_eta=8.1min (avg 162s/ep)
[full_method_F1v2] [epoch 097/100] lr=0.000000  dt=169.3s
  train loss=0.1244  ce=0.0733 dice=0.1613  tversky=0.0000 bd=0.0000  cldice=0.1422
  val   loss=0.2946
  IoU   bg=0.9765  crack=0.5707  spalling=0.7763  | mIoU_fg=0.6735  pix_acc=0.9769
  Dice  bg=0.9881  crack=0.7267  spalling=0.8740
  BF1   crack=0.7544  spalling=0.6384  | BF1_fg_mean=0.6964
[full_method_F1v2] [curriculum] epoch 98: c=1.000 target_weights={0:0.333, 1:0.333, 2:0.333}
  [full_method_F1v2] [epoch 98/100] batch 30/300 (10%) loss=0.1234 elapsed=16s eta=147s
  [full_method_F1v2] [epoch 98/100] batch 60/300 (20%) loss=0.1200 elapsed=31s eta=126s
  [full_method_F1v2] [epoch 98/100] batch 90/300 (30%) loss=0.1200 elapsed=47s eta=111s
  [full_method_F1v2] [epoch 98/100] batch 120/300 (40%) loss=0.1216 elapsed=63s eta=95s
  [full_method_F1v2] [epoch 98/100] batch 150/300 (50%) loss=0.1211 elapsed=79s eta=79s
  [full_method_F1v2] [epoch 98/100] batch 180/300 (60%) loss=0.1217 elapsed=95s eta=64s
  [full_method_F1v2] [epoch 98/100] batch 210/300 (70%) loss=0.1221 elapsed=112s eta=48s
  [full_method_F1v2] [epoch 98/100] batch 240/300 (80%) loss=0.1216 elapsed=128s eta=32s
  [full_method_F1v2] [epoch 98/100] batch 270/300 (90%) loss=0.1208 elapsed=143s eta=16s
  [full_method_F1v2] [epoch 98/100] batch 300/300 (100%) loss=0.1218 elapsed=159s eta=0s
[full_method_F1v2] [sampler] sampled: {0: 400, 1: 400, 2: 400} total=1200 spalling_ratio=24.33%
[full_method_F1v2] [sampler] unique: {0: 400, 1: 400, 2: 400} unique_total=1200 dup_ratio=1.00x
  difficulty: mean=0.000 std=1.628
[full_method_F1v2] [epoch 098/100] remain=2 epochs ep_eta=5.4min (avg 162s/ep)
[full_method_F1v2] [epoch 098/100] lr=0.000000  dt=168.8s
  train loss=0.1218  ce=0.0727 dice=0.1568  tversky=0.0000 bd=0.0000  cldice=0.1408
  val   loss=0.2956
  IoU   bg=0.9765  crack=0.5709  spalling=0.7762  | mIoU_fg=0.6735  pix_acc=0.9769
  Dice  bg=0.9881  crack=0.7268  spalling=0.8740
  BF1   crack=0.7542  spalling=0.6400  | BF1_fg_mean=0.6971
[full_method_F1v2] [curriculum] epoch 99: c=1.000 target_weights={0:0.333, 1:0.333, 2:0.333}
  [full_method_F1v2] [epoch 99/100] batch 30/300 (10%) loss=0.1301 elapsed=16s eta=148s
  [full_method_F1v2] [epoch 99/100] batch 60/300 (20%) loss=0.1274 elapsed=33s eta=131s
  [full_method_F1v2] [epoch 99/100] batch 90/300 (30%) loss=0.1279 elapsed=49s eta=115s
  [full_method_F1v2] [epoch 99/100] batch 120/300 (40%) loss=0.1271 elapsed=66s eta=98s
  [full_method_F1v2] [epoch 99/100] batch 150/300 (50%) loss=0.1251 elapsed=82s eta=82s
  [full_method_F1v2] [epoch 99/100] batch 180/300 (60%) loss=0.1252 elapsed=98s eta=65s
  [full_method_F1v2] [epoch 99/100] batch 210/300 (70%) loss=0.1237 elapsed=113s eta=48s
  [full_method_F1v2] [epoch 99/100] batch 240/300 (80%) loss=0.1241 elapsed=129s eta=32s
  [full_method_F1v2] [epoch 99/100] batch 270/300 (90%) loss=0.1234 elapsed=145s eta=16s
  [full_method_F1v2] [epoch 99/100] batch 300/300 (100%) loss=0.1227 elapsed=162s eta=0s
[full_method_F1v2] [sampler] sampled: {0: 400, 1: 400, 2: 400} total=1200 spalling_ratio=24.33%
[full_method_F1v2] [sampler] unique: {0: 400, 1: 400, 2: 400} unique_total=1200 dup_ratio=1.00x
  difficulty: mean=0.000 std=1.628
[full_method_F1v2] [epoch 099/100] remain=1 epochs ep_eta=2.7min (avg 162s/ep)
[full_method_F1v2] [epoch 099/100] lr=0.000000  dt=171.4s
  train loss=0.1227  ce=0.0737 dice=0.1574  tversky=0.0000 bd=0.0000  cldice=0.1424
  val   loss=0.2944
  IoU   bg=0.9768  crack=0.5713  spalling=0.7767  | mIoU_fg=0.6740  pix_acc=0.9771
  Dice  bg=0.9882  crack=0.7272  spalling=0.8743
  BF1   crack=0.7558  spalling=0.6364  | BF1_fg_mean=0.6961
[full_method_F1v2] [curriculum] epoch 100: c=1.000 target_weights={0:0.333, 1:0.333, 2:0.333}
  [full_method_F1v2] [epoch 100/100] batch 30/300 (10%) loss=0.1260 elapsed=17s eta=150s
  [full_method_F1v2] [epoch 100/100] batch 60/300 (20%) loss=0.1228 elapsed=33s eta=131s
  [full_method_F1v2] [epoch 100/100] batch 90/300 (30%) loss=0.1241 elapsed=49s eta=113s
  [full_method_F1v2] [epoch 100/100] batch 120/300 (40%) loss=0.1255 elapsed=65s eta=97s
  [full_method_F1v2] [epoch 100/100] batch 150/300 (50%) loss=0.1240 elapsed=80s eta=80s
  [full_method_F1v2] [epoch 100/100] batch 180/300 (60%) loss=0.1245 elapsed=96s eta=64s
  [full_method_F1v2] [epoch 100/100] batch 210/300 (70%) loss=0.1218 elapsed=112s eta=48s
  [full_method_F1v2] [epoch 100/100] batch 240/300 (80%) loss=0.1229 elapsed=128s eta=32s
  [full_method_F1v2] [epoch 100/100] batch 270/300 (90%) loss=0.1233 elapsed=143s eta=16s
  [full_method_F1v2] [epoch 100/100] batch 300/300 (100%) loss=0.1228 elapsed=158s eta=0s
[full_method_F1v2] [sampler] sampled: {0: 400, 1: 400, 2: 400} total=1200 spalling_ratio=24.33%
[full_method_F1v2] [sampler] unique: {0: 400, 1: 400, 2: 400} unique_total=1200 dup_ratio=1.00x
  difficulty: mean=0.000 std=1.628
[full_method_F1v2] [epoch 100/100] remain=0 epochs ep_eta=0.0min (avg 162s/ep)
[full_method_F1v2] [epoch 100/100] lr=0.000000  dt=168.4s
  train loss=0.1228  ce=0.0727 dice=0.1588  tversky=0.0000 bd=0.0000  cldice=0.1419
  val   loss=0.2947
  IoU   bg=0.9766  crack=0.5704  spalling=0.7761  | mIoU_fg=0.6732  pix_acc=0.9769
  Dice  bg=0.9881  crack=0.7264  spalling=0.8739
  BF1   crack=0.7541  spalling=0.6350  | BF1_fg_mean=0.6946

[train] final test eval using best checkpoint
IoU   bg=0.9744  crack=0.5456  spalling=0.8517  | mIoU_fg=0.6987  pix_acc=0.9752
Dice  bg=0.9870  crack=0.7060  spalling=0.9199
BF1   crack=0.7137  spalling=0.6556  | BF1_fg_mean=0.6846
clDice crack=0.8132
[train] wrote /workspace/dam-segmentation-baselines/full_method/runs/full_method_F1v2/test_report.txt
[train] wrote /workspace/dam-segmentation-baselines/full_method/runs/full_method_F1v2/curves.png
