[G0] Already trained, skipping.
=== Training KD_T1_fair (kd_t1only_fair) ===
Some weights of SegformerForSemanticSegmentation were not initialized from the model checkpoint at nvidia/segformer-b2-finetuned-ade-512-512 and are newly initialized because the shapes did not match:
- decode_head.classifier.weight: found shape torch.Size([150, 768, 1, 1]) in the checkpoint and torch.Size([3, 768, 1, 1]) in the model instantiated
- decode_head.classifier.bias: found shape torch.Size([150]) in the checkpoint and torch.Size([3]) in the model instantiated
You should probably TRAIN this model on a down-stream task to be able to use it for predictions and inference.
Some weights of SegformerForSemanticSegmentation were not initialized from the model checkpoint at nvidia/segformer-b2-finetuned-ade-512-512 and are newly initialized because the shapes did not match:
- decode_head.classifier.weight: found shape torch.Size([150, 768, 1, 1]) in the checkpoint and torch.Size([3, 768, 1, 1]) in the model instantiated
- decode_head.classifier.bias: found shape torch.Size([150]) in the checkpoint and torch.Size([3]) in the model instantiated
You should probably TRAIN this model on a down-stream task to be able to use it for predictions and inference.
[train] cuDNN warmup OK
[train] full_method (kd_t1only_fair)
[train] device=cuda  torch=2.6.0+cu124  transformers=4.44.2
[train] cfg: pretrained=nvidia/segformer-b2-finetuned-ade-512-512 img=512 bs=4 grad_accum=1 epochs=100 lr=6e-05 warmup=5
[train] difficulty: alpha=1.0 beta=0.5 gamma=0.3 delta=0.3 ema=0.9 tau=0.5
[train] bonuses: spalling=0.3 late_hard_crack=0.4
[train] ablation switches: dynamic_difficulty=False class_sampling_bonus=False class_loss_schedule=False boundary_loss=False tversky_loss=False
[train] new switches: soft_curriculum=False softmax_sampling=False dynamic_loss_reweight=False (lambda=0.5) soft_boundary=False (start=0.6 max=0.1)
[train] cldice: use=False weight=0.15 start_epoch=40 iters=7
[train] srl: use=False weight=0.15 start_epoch=40
[train] snake_aux: use=False weight=0.1
[train] model_type=dscformer snake_channels=64 snake_kernel=9
[train] no_curriculum=True
[train] competence: hard=False soft=False c0=0.333 duration=70 floors=[0.05,0.02,0.0]
[train] DGACL: use=False w_disagree=0.5 w_gap=0.3 w_loss=0.2 lambda=1.0 pixel_kd=True phase2_lr=1e-05 warmup=3
[train] MAC: use=False morph_diff=False adaptive_pacing=False class_loss=False diff_gamma=0.5 weights=[0.4,0.3,0.2,0.1]
[train] sizes: train=1200 val=150 test=150
[train] building records (scanning masks for has_spalling) ...
[train] records: {0: 400, 1: 400, 2: 400}  has_spalling=292/1200
[train] raw pixel frequency: {'background': 0.952165391031901, 'crack': 0.03423014119466146, 'spalling': 0.0136044677734375}
[train] clipped weights    : {'background': 0.25, 'crack': 1.080772481700143, 'spalling': 1.7143055384148256}
[train] running OOM probe ...
[train] OOM probe OK
[train] mixed precision (AMP) enabled
[train] viz samples (6):
    Hard/H (99).jpg
    Hard/H (365).jpg
    Medium/M (127).jpg
    Medium/M (422).jpg
    Hard/H (431).jpg
    Hard/H (476).jpg
[KD] loading teacher 1 from /workspace/dam-segmentation-baselines/full_method/runs/dscformer_srl_G1/best.pt
[KD] teacher 1 loaded (epoch=90, val_mIoU_fg=0.6853293144115854)
[KD] alpha=0.5 temperature=4.0
[KD] loading teacher 2 from /workspace/dam-segmentation-baselines/full_method/runs/sam_lora_srl_SAM2/best.pt
[TopoLoRA-SAM] loaded SAM ViT-B from sam_vit_b_01ec64.pth
[TopoLoRA-SAM] injected LoRA into 48 layers (rank=16)
[TopoLoRA-SAM] total params: 95.8M, trainable: 6.1M (6.4%)
[KD] teacher 2 loaded (epoch=40, val_mIoU_fg=0.6982195181523473)
[KD] dual-teacher mode: equal-weight (t1=1.0, t2=0.0)
[kd_t1only_fair] [curriculum] epoch 1: stage=0 tiers=[0] pool={0: 400, 1: 0, 2: 0}
  [kd_t1only_fair] [epoch 1/100] batch 30/300 (10%) loss=1709998.0792 elapsed=22s eta=196s
  [kd_t1only_fair] [epoch 1/100] batch 60/300 (20%) loss=1724785.0271 elapsed=42s eta=169s
  [kd_t1only_fair] [epoch 1/100] batch 90/300 (30%) loss=1728584.7750 elapsed=63s eta=146s
  [kd_t1only_fair] [epoch 1/100] batch 120/300 (40%) loss=1731012.0490 elapsed=83s eta=124s
  [kd_t1only_fair] [epoch 1/100] batch 150/300 (50%) loss=1731571.9767 elapsed=103s eta=103s
  [kd_t1only_fair] [epoch 1/100] batch 180/300 (60%) loss=1731110.1924 elapsed=123s eta=82s
  [kd_t1only_fair] [epoch 1/100] batch 210/300 (70%) loss=1729236.4845 elapsed=144s eta=62s
  [kd_t1only_fair] [epoch 1/100] batch 240/300 (80%) loss=1728052.8792 elapsed=164s eta=41s
  [kd_t1only_fair] [epoch 1/100] batch 270/300 (90%) loss=1726725.7560 elapsed=184s eta=20s
  [kd_t1only_fair] [epoch 1/100] batch 300/300 (100%) loss=1724039.8125 elapsed=204s eta=0s
[kd_t1only_fair] [sampler] sampled: {0: 400, 1: 400, 2: 400} total=1200 spalling_ratio=24.33%
[kd_t1only_fair] [sampler] unique: {0: 400, 1: 400, 2: 400} unique_total=1200 dup_ratio=1.00x
[kd_t1only_fair] [epoch 001/100] remain=99 epochs ep_eta=354.9min (avg 215s/ep)
[kd_t1only_fair] [epoch 001/100] lr=0.000012  dt=215.1s
  train loss=1724039.8125  ce=1.0924 dice=0.9442  tversky=0.0000 bd=0.0000  cldice=0.0000 snake=0.0000
  val   loss=1.0088
  IoU   bg=0.4516  crack=0.0515  spalling=0.0128  | mIoU_fg=0.0321  pix_acc=0.4611
  Dice  bg=0.6223  crack=0.0979  spalling=0.0252
  BF1   crack=0.1198  spalling=0.0143  | BF1_fg_mean=0.0671
  [kd_t1only_fair] [best] mIoU_fg=0.0321  saved -> best.pt
[kd_t1only_fair] [curriculum] epoch 2: stage=0 tiers=[0] pool={0: 400, 1: 0, 2: 0}
  [kd_t1only_fair] [epoch 2/100] batch 30/300 (10%) loss=1697808.3333 elapsed=21s eta=186s
  [kd_t1only_fair] [epoch 2/100] batch 60/300 (20%) loss=1661175.9271 elapsed=40s eta=161s
  [kd_t1only_fair] [epoch 2/100] batch 90/300 (30%) loss=1640222.2847 elapsed=60s eta=140s
  [kd_t1only_fair] [epoch 2/100] batch 120/300 (40%) loss=1614057.7542 elapsed=80s eta=119s
  [kd_t1only_fair] [epoch 2/100] batch 150/300 (50%) loss=1591703.5683 elapsed=99s eta=99s
  [kd_t1only_fair] [epoch 2/100] batch 180/300 (60%) loss=1566872.5569 elapsed=118s eta=79s
  [kd_t1only_fair] [epoch 2/100] batch 210/300 (70%) loss=1540165.6048 elapsed=137s eta=59s
  [kd_t1only_fair] [epoch 2/100] batch 240/300 (80%) loss=1514966.8703 elapsed=156s eta=39s
  [kd_t1only_fair] [epoch 2/100] batch 270/300 (90%) loss=1488384.5782 elapsed=176s eta=20s
  [kd_t1only_fair] [epoch 2/100] batch 300/300 (100%) loss=1462545.2263 elapsed=195s eta=0s
[kd_t1only_fair] [sampler] sampled: {0: 400, 1: 400, 2: 400} total=1200 spalling_ratio=24.33%
[kd_t1only_fair] [sampler] unique: {0: 400, 1: 400, 2: 400} unique_total=1200 dup_ratio=1.00x
[kd_t1only_fair] [epoch 002/100] remain=98 epochs ep_eta=338.7min (avg 207s/ep)
[kd_t1only_fair] [epoch 002/100] lr=0.000024  dt=195.2s
  train loss=1462545.2263  ce=0.7267 dice=0.9050  tversky=0.0000 bd=0.0000  cldice=0.0000 snake=0.0000
  val   skipped (next val at epoch 5)
[kd_t1only_fair] [curriculum] epoch 3: stage=0 tiers=[0] pool={0: 400, 1: 0, 2: 0}
  [kd_t1only_fair] [epoch 3/100] batch 30/300 (10%) loss=1169003.2854 elapsed=20s eta=178s
  [kd_t1only_fair] [epoch 3/100] batch 60/300 (20%) loss=1133268.6802 elapsed=39s eta=156s
  [kd_t1only_fair] [epoch 3/100] batch 90/300 (30%) loss=1095425.5778 elapsed=58s eta=135s
  [kd_t1only_fair] [epoch 3/100] batch 120/300 (40%) loss=1058588.4333 elapsed=77s eta=115s
  [kd_t1only_fair] [epoch 3/100] batch 150/300 (50%) loss=1024647.2996 elapsed=96s eta=96s
  [kd_t1only_fair] [epoch 3/100] batch 180/300 (60%) loss=991462.7142 elapsed=114s eta=76s
  [kd_t1only_fair] [epoch 3/100] batch 210/300 (70%) loss=964177.0330 elapsed=133s eta=57s
  [kd_t1only_fair] [epoch 3/100] batch 240/300 (80%) loss=938522.3417 elapsed=152s eta=38s
  [kd_t1only_fair] [epoch 3/100] batch 270/300 (90%) loss=913299.1405 elapsed=170s eta=19s
  [kd_t1only_fair] [epoch 3/100] batch 300/300 (100%) loss=890776.0821 elapsed=189s eta=0s
[kd_t1only_fair] [sampler] sampled: {0: 400, 1: 400, 2: 400} total=1200 spalling_ratio=24.33%
[kd_t1only_fair] [sampler] unique: {0: 400, 1: 400, 2: 400} unique_total=1200 dup_ratio=1.00x
[kd_t1only_fair] [epoch 003/100] remain=97 epochs ep_eta=326.0min (avg 202s/ep)
[kd_t1only_fair] [epoch 003/100] lr=0.000036  dt=188.8s
  train loss=890776.0821  ce=0.4492 dice=0.7903  tversky=0.0000 bd=0.0000  cldice=0.0000 snake=0.0000
  val   skipped (next val at epoch 5)
[kd_t1only_fair] [curriculum] epoch 4: stage=0 tiers=[0] pool={0: 400, 1: 0, 2: 0}
  [kd_t1only_fair] [epoch 4/100] batch 30/300 (10%) loss=645272.5312 elapsed=19s eta=167s
  [kd_t1only_fair] [epoch 4/100] batch 60/300 (20%) loss=633201.3917 elapsed=37s eta=147s
  [kd_t1only_fair] [epoch 4/100] batch 90/300 (30%) loss=615547.9160 elapsed=55s eta=129s
  [kd_t1only_fair] [epoch 4/100] batch 120/300 (40%) loss=595900.7531 elapsed=74s eta=110s
  [kd_t1only_fair] [epoch 4/100] batch 150/300 (50%) loss=580428.1017 elapsed=92s eta=92s
  [kd_t1only_fair] [epoch 4/100] batch 180/300 (60%) loss=567780.2649 elapsed=110s eta=74s
  [kd_t1only_fair] [epoch 4/100] batch 210/300 (70%) loss=552975.3760 elapsed=129s eta=55s
  [kd_t1only_fair] [epoch 4/100] batch 240/300 (80%) loss=539685.3897 elapsed=147s eta=37s
  [kd_t1only_fair] [epoch 4/100] batch 270/300 (90%) loss=526406.6634 elapsed=166s eta=18s
  [kd_t1only_fair] [epoch 4/100] batch 300/300 (100%) loss=514728.5041 elapsed=184s eta=0s
[kd_t1only_fair] [sampler] sampled: {0: 400, 1: 400, 2: 400} total=1200 spalling_ratio=24.33%
[kd_t1only_fair] [sampler] unique: {0: 400, 1: 400, 2: 400} unique_total=1200 dup_ratio=1.00x
[kd_t1only_fair] [epoch 004/100] remain=96 epochs ep_eta=316.2min (avg 198s/ep)
[kd_t1only_fair] [epoch 004/100] lr=0.000048  dt=184.5s
  train loss=514728.5041  ce=0.4533 dice=0.7048  tversky=0.0000 bd=0.0000  cldice=0.0000 snake=0.0000
  val   skipped (next val at epoch 5)
[kd_t1only_fair] [curriculum] epoch 5: stage=0 tiers=[0] pool={0: 400, 1: 0, 2: 0}
  [kd_t1only_fair] [epoch 5/100] batch 30/300 (10%) loss=385902.0865 elapsed=19s eta=172s
  [kd_t1only_fair] [epoch 5/100] batch 60/300 (20%) loss=372782.1401 elapsed=38s eta=150s
  [kd_t1only_fair] [epoch 5/100] batch 90/300 (30%) loss=361349.8937 elapsed=56s eta=131s
  [kd_t1only_fair] [epoch 5/100] batch 120/300 (40%) loss=349968.0703 elapsed=75s eta=112s
  [kd_t1only_fair] [epoch 5/100] batch 150/300 (50%) loss=341392.1182 elapsed=93s eta=93s
  [kd_t1only_fair] [epoch 5/100] batch 180/300 (60%) loss=332595.6997 elapsed=112s eta=74s
  [kd_t1only_fair] [epoch 5/100] batch 210/300 (70%) loss=322777.6071 elapsed=130s eta=56s
  [kd_t1only_fair] [epoch 5/100] batch 240/300 (80%) loss=314785.0312 elapsed=149s eta=37s
  [kd_t1only_fair] [epoch 5/100] batch 270/300 (90%) loss=307424.4347 elapsed=167s eta=19s
  [kd_t1only_fair] [epoch 5/100] batch 300/300 (100%) loss=300097.6736 elapsed=186s eta=0s
[kd_t1only_fair] [sampler] sampled: {0: 400, 1: 400, 2: 400} total=1200 spalling_ratio=24.33%
[kd_t1only_fair] [sampler] unique: {0: 400, 1: 400, 2: 400} unique_total=1200 dup_ratio=1.00x
/usr/local/lib/python3.11/dist-packages/torch/optim/lr_scheduler.py:243: UserWarning: The epoch parameter in `scheduler.step()` was not necessary and is being deprecated where possible. Please use `scheduler.step()` to step the scheduler. During the deprecation, if epoch is different from None, the closed form is used instead of the new chainable form, where available. Please open an issue if you are unable to replicate your use case: https://github.com/pytorch/pytorch/issues/new/choose.
  warnings.warn(EPOCH_DEPRECATION_WARNING, UserWarning)
[kd_t1only_fair] [epoch 005/100] remain=95 epochs ep_eta=312.8min (avg 198s/ep)
[kd_t1only_fair] [epoch 005/100] lr=0.000060  dt=195.2s
  train loss=300097.6736  ce=0.3890 dice=0.5773  tversky=0.0000 bd=0.0000  cldice=0.0000 snake=0.0000
  val   loss=0.4176
  IoU   bg=0.9688  crack=0.4121  spalling=0.5682  | mIoU_fg=0.4902  pix_acc=0.9693
  Dice  bg=0.9842  crack=0.5836  spalling=0.7247
  BF1   crack=0.5631  spalling=0.1313  | BF1_fg_mean=0.3472
  [kd_t1only_fair] [best] mIoU_fg=0.4902  saved -> best.pt
[kd_t1only_fair] [curriculum] epoch 6: stage=0 tiers=[0] pool={0: 400, 1: 0, 2: 0}
  [kd_t1only_fair] [epoch 6/100] batch 30/300 (10%) loss=226839.7672 elapsed=19s eta=170s
  [kd_t1only_fair] [epoch 6/100] batch 60/300 (20%) loss=219046.6732 elapsed=37s eta=150s
  [kd_t1only_fair] [epoch 6/100] batch 90/300 (30%) loss=210661.8705 elapsed=56s eta=130s
  [kd_t1only_fair] [epoch 6/100] batch 120/300 (40%) loss=205524.7646 elapsed=75s eta=112s
  [kd_t1only_fair] [epoch 6/100] batch 150/300 (50%) loss=200325.0143 elapsed=94s eta=94s
  [kd_t1only_fair] [epoch 6/100] batch 180/300 (60%) loss=195716.3544 elapsed=112s eta=75s
  [kd_t1only_fair] [epoch 6/100] batch 210/300 (70%) loss=189219.4526 elapsed=131s eta=56s
  [kd_t1only_fair] [epoch 6/100] batch 240/300 (80%) loss=184193.3176 elapsed=149s eta=37s
  [kd_t1only_fair] [epoch 6/100] batch 270/300 (90%) loss=179215.7767 elapsed=168s eta=19s
  [kd_t1only_fair] [epoch 6/100] batch 300/300 (100%) loss=175576.0307 elapsed=186s eta=0s
[kd_t1only_fair] [sampler] sampled: {0: 400, 1: 400, 2: 400} total=1200 spalling_ratio=24.33%
[kd_t1only_fair] [sampler] unique: {0: 400, 1: 400, 2: 400} unique_total=1200 dup_ratio=1.00x
[kd_t1only_fair] [epoch 006/100] remain=94 epochs ep_eta=307.9min (avg 197s/ep)
[kd_t1only_fair] [epoch 006/100] lr=0.000060  dt=186.7s
  train loss=175576.0307  ce=0.3191 dice=0.4867  tversky=0.0000 bd=0.0000  cldice=0.0000 snake=0.0000
  val   skipped (next val at epoch 10)
[kd_t1only_fair] [curriculum] epoch 7: stage=0 tiers=[0] pool={0: 400, 1: 0, 2: 0}
  [kd_t1only_fair] [epoch 7/100] batch 30/300 (10%) loss=132384.4779 elapsed=19s eta=173s
  [kd_t1only_fair] [epoch 7/100] batch 60/300 (20%) loss=126994.4892 elapsed=38s eta=151s
  [kd_t1only_fair] [epoch 7/100] batch 90/300 (30%) loss=124752.1422 elapsed=56s eta=131s
  [kd_t1only_fair] [epoch 7/100] batch 120/300 (40%) loss=122687.5443 elapsed=75s eta=113s
  [kd_t1only_fair] [epoch 7/100] batch 150/300 (50%) loss=119753.0558 elapsed=94s eta=94s
  [kd_t1only_fair] [epoch 7/100] batch 180/300 (60%) loss=116439.3849 elapsed=112s eta=75s
  [kd_t1only_fair] [epoch 7/100] batch 210/300 (70%) loss=114257.4086 elapsed=131s eta=56s
  [kd_t1only_fair] [epoch 7/100] batch 240/300 (80%) loss=112829.4644 elapsed=150s eta=37s
  [kd_t1only_fair] [epoch 7/100] batch 270/300 (90%) loss=110930.2631 elapsed=168s eta=19s
  [kd_t1only_fair] [epoch 7/100] batch 300/300 (100%) loss=112053.6512 elapsed=187s eta=0s
[kd_t1only_fair] [sampler] sampled: {0: 400, 1: 400, 2: 400} total=1200 spalling_ratio=24.33%
[kd_t1only_fair] [sampler] unique: {0: 400, 1: 400, 2: 400} unique_total=1200 dup_ratio=1.00x
[kd_t1only_fair] [epoch 007/100] remain=93 epochs ep_eta=302.9min (avg 195s/ep)
[kd_t1only_fair] [epoch 007/100] lr=0.000060  dt=187.5s
  train loss=112053.6512  ce=0.2768 dice=0.4260  tversky=0.0000 bd=0.0000  cldice=0.0000 snake=0.0000
  val   skipped (next val at epoch 10)
[kd_t1only_fair] [curriculum] epoch 8: stage=0 tiers=[0] pool={0: 400, 1: 0, 2: 0}
  [kd_t1only_fair] [epoch 8/100] batch 30/300 (10%) loss=126529.9948 elapsed=20s eta=176s
  [kd_t1only_fair] [epoch 8/100] batch 60/300 (20%) loss=112400.7017 elapsed=39s eta=154s
  [kd_t1only_fair] [epoch 8/100] batch 90/300 (30%) loss=102804.2322 elapsed=57s eta=134s
  [kd_t1only_fair] [epoch 8/100] batch 120/300 (40%) loss=99919.1334 elapsed=76s eta=114s
  [kd_t1only_fair] [epoch 8/100] batch 150/300 (50%) loss=97965.6395 elapsed=95s eta=95s
  [kd_t1only_fair] [epoch 8/100] batch 180/300 (60%) loss=94449.8302 elapsed=114s eta=76s
  [kd_t1only_fair] [epoch 8/100] batch 210/300 (70%) loss=91694.0286 elapsed=132s eta=57s
  [kd_t1only_fair] [epoch 8/100] batch 240/300 (80%) loss=91193.3264 elapsed=151s eta=38s
  [kd_t1only_fair] [epoch 8/100] batch 270/300 (90%) loss=90176.1273 elapsed=170s eta=19s
  [kd_t1only_fair] [epoch 8/100] batch 300/300 (100%) loss=87935.7398 elapsed=189s eta=0s
[kd_t1only_fair] [sampler] sampled: {0: 400, 1: 400, 2: 400} total=1200 spalling_ratio=24.33%
[kd_t1only_fair] [sampler] unique: {0: 400, 1: 400, 2: 400} unique_total=1200 dup_ratio=1.00x
[kd_t1only_fair] [epoch 008/100] remain=92 epochs ep_eta=298.7min (avg 195s/ep)
[kd_t1only_fair] [epoch 008/100] lr=0.000060  dt=188.9s
  train loss=87935.7398  ce=0.2673 dice=0.3999  tversky=0.0000 bd=0.0000  cldice=0.0000 snake=0.0000
  val   skipped (next val at epoch 10)
[kd_t1only_fair] [curriculum] epoch 9: stage=0 tiers=[0] pool={0: 400, 1: 0, 2: 0}
  [kd_t1only_fair] [epoch 9/100] batch 30/300 (10%) loss=65202.2293 elapsed=19s eta=175s
  [kd_t1only_fair] [epoch 9/100] batch 60/300 (20%) loss=66034.0777 elapsed=38s eta=153s
  [kd_t1only_fair] [epoch 9/100] batch 90/300 (30%) loss=66454.9791 elapsed=57s eta=133s
  [kd_t1only_fair] [epoch 9/100] batch 120/300 (40%) loss=68369.9555 elapsed=76s eta=114s
  [kd_t1only_fair] [epoch 9/100] batch 150/300 (50%) loss=67869.4492 elapsed=95s eta=95s
  [kd_t1only_fair] [epoch 9/100] batch 180/300 (60%) loss=68652.1366 elapsed=114s eta=76s
  [kd_t1only_fair] [epoch 9/100] batch 210/300 (70%) loss=69687.0100 elapsed=133s eta=57s
  [kd_t1only_fair] [epoch 9/100] batch 240/300 (80%) loss=68881.9413 elapsed=152s eta=38s
  [kd_t1only_fair] [epoch 9/100] batch 270/300 (90%) loss=68568.3180 elapsed=170s eta=19s
  [kd_t1only_fair] [epoch 9/100] batch 300/300 (100%) loss=67942.3319 elapsed=189s eta=0s
[kd_t1only_fair] [sampler] sampled: {0: 400, 1: 400, 2: 400} total=1200 spalling_ratio=24.33%
[kd_t1only_fair] [sampler] unique: {0: 400, 1: 400, 2: 400} unique_total=1200 dup_ratio=1.00x
[kd_t1only_fair] [epoch 009/100] remain=91 epochs ep_eta=294.7min (avg 194s/ep)
[kd_t1only_fair] [epoch 009/100] lr=0.000060  dt=189.4s
  train loss=67942.3319  ce=0.2321 dice=0.3457  tversky=0.0000 bd=0.0000  cldice=0.0000 snake=0.0000
  val   skipped (next val at epoch 10)
[kd_t1only_fair] [curriculum] epoch 10: stage=0 tiers=[0] pool={0: 400, 1: 0, 2: 0}
  [kd_t1only_fair] [epoch 10/100] batch 30/300 (10%) loss=67087.8843 elapsed=20s eta=176s
  [kd_t1only_fair] [epoch 10/100] batch 60/300 (20%) loss=59031.4777 elapsed=38s eta=154s
  [kd_t1only_fair] [epoch 10/100] batch 90/300 (30%) loss=57924.3374 elapsed=57s eta=134s
  [kd_t1only_fair] [epoch 10/100] batch 120/300 (40%) loss=61193.7908 elapsed=76s eta=115s
  [kd_t1only_fair] [epoch 10/100] batch 150/300 (50%) loss=60764.9934 elapsed=96s eta=96s
  [kd_t1only_fair] [epoch 10/100] batch 180/300 (60%) loss=60537.7053 elapsed=114s eta=76s
  [kd_t1only_fair] [epoch 10/100] batch 210/300 (70%) loss=59187.2652 elapsed=133s eta=57s
  [kd_t1only_fair] [epoch 10/100] batch 240/300 (80%) loss=58125.7264 elapsed=152s eta=38s
  [kd_t1only_fair] [epoch 10/100] batch 270/300 (90%) loss=57883.5973 elapsed=171s eta=19s
  [kd_t1only_fair] [epoch 10/100] batch 300/300 (100%) loss=56753.4746 elapsed=190s eta=0s
[kd_t1only_fair] [sampler] sampled: {0: 400, 1: 400, 2: 400} total=1200 spalling_ratio=24.33%
[kd_t1only_fair] [sampler] unique: {0: 400, 1: 400, 2: 400} unique_total=1200 dup_ratio=1.00x
[kd_t1only_fair] [epoch 010/100] remain=90 epochs ep_eta=292.4min (avg 195s/ep)
[kd_t1only_fair] [epoch 010/100] lr=0.000060  dt=199.0s
  train loss=56753.4746  ce=0.2165 dice=0.3155  tversky=0.0000 bd=0.0000  cldice=0.0000 snake=0.0000
  val   loss=0.2803
  IoU   bg=0.9741  crack=0.5380  spalling=0.7575  | mIoU_fg=0.6477  pix_acc=0.9747
  Dice  bg=0.9869  crack=0.6996  spalling=0.8620
  BF1   crack=0.6912  spalling=0.4863  | BF1_fg_mean=0.5887
  [kd_t1only_fair] [best] mIoU_fg=0.6477  saved -> best.pt
[kd_t1only_fair] [curriculum] epoch 11: stage=0 tiers=[0] pool={0: 400, 1: 0, 2: 0}
  [kd_t1only_fair] [epoch 11/100] batch 30/300 (10%) loss=43446.8063 elapsed=19s eta=174s
  [kd_t1only_fair] [epoch 11/100] batch 60/300 (20%) loss=47546.6271 elapsed=38s eta=152s
  [kd_t1only_fair] [epoch 11/100] batch 90/300 (30%) loss=48038.4049 elapsed=57s eta=132s
  [kd_t1only_fair] [epoch 11/100] batch 120/300 (40%) loss=48223.1585 elapsed=75s eta=113s
  [kd_t1only_fair] [epoch 11/100] batch 150/300 (50%) loss=48232.6035 elapsed=94s eta=94s
  [kd_t1only_fair] [epoch 11/100] batch 180/300 (60%) loss=48682.5189 elapsed=113s eta=75s
  [kd_t1only_fair] [epoch 11/100] batch 210/300 (70%) loss=48935.1382 elapsed=131s eta=56s
  [kd_t1only_fair] [epoch 11/100] batch 240/300 (80%) loss=48754.7575 elapsed=150s eta=37s
  [kd_t1only_fair] [epoch 11/100] batch 270/300 (90%) loss=48536.8297 elapsed=169s eta=19s
  [kd_t1only_fair] [epoch 11/100] batch 300/300 (100%) loss=48300.7624 elapsed=188s eta=0s
[kd_t1only_fair] [sampler] sampled: {0: 400, 1: 400, 2: 400} total=1200 spalling_ratio=24.33%
[kd_t1only_fair] [sampler] unique: {0: 400, 1: 400, 2: 400} unique_total=1200 dup_ratio=1.00x
[kd_t1only_fair] [epoch 011/100] remain=89 epochs ep_eta=288.8min (avg 195s/ep)
[kd_t1only_fair] [epoch 011/100] lr=0.000059  dt=187.8s
  train loss=48300.7624  ce=0.1934 dice=0.3014  tversky=0.0000 bd=0.0000  cldice=0.0000 snake=0.0000
  val   skipped (next val at epoch 15)
[kd_t1only_fair] [curriculum] epoch 12: stage=0 tiers=[0] pool={0: 400, 1: 0, 2: 0}
  [kd_t1only_fair] [epoch 12/100] batch 30/300 (10%) loss=47481.1301 elapsed=19s eta=175s
  [kd_t1only_fair] [epoch 12/100] batch 60/300 (20%) loss=44946.6265 elapsed=38s eta=153s
  [kd_t1only_fair] [epoch 12/100] batch 90/300 (30%) loss=45371.1274 elapsed=57s eta=133s
  [kd_t1only_fair] [epoch 12/100] batch 120/300 (40%) loss=45390.7557 elapsed=76s eta=114s
  [kd_t1only_fair] [epoch 12/100] batch 150/300 (50%) loss=44438.0888 elapsed=94s eta=94s
  [kd_t1only_fair] [epoch 12/100] batch 180/300 (60%) loss=43967.3647 elapsed=113s eta=75s
  [kd_t1only_fair] [epoch 12/100] batch 210/300 (70%) loss=44051.0421 elapsed=132s eta=56s
  [kd_t1only_fair] [epoch 12/100] batch 240/300 (80%) loss=43607.5219 elapsed=150s eta=38s
  [kd_t1only_fair] [epoch 12/100] batch 270/300 (90%) loss=43502.0454 elapsed=169s eta=19s
  [kd_t1only_fair] [epoch 12/100] batch 300/300 (100%) loss=43415.8105 elapsed=188s eta=0s
[kd_t1only_fair] [sampler] sampled: {0: 400, 1: 400, 2: 400} total=1200 spalling_ratio=24.33%
[kd_t1only_fair] [sampler] unique: {0: 400, 1: 400, 2: 400} unique_total=1200 dup_ratio=1.00x
[kd_t1only_fair] [epoch 012/100] remain=88 epochs ep_eta=284.9min (avg 194s/ep)
[kd_t1only_fair] [epoch 012/100] lr=0.000059  dt=187.8s
  train loss=43415.8105  ce=0.1855 dice=0.2806  tversky=0.0000 bd=0.0000  cldice=0.0000 snake=0.0000
  val   skipped (next val at epoch 15)
[kd_t1only_fair] [curriculum] epoch 13: stage=0 tiers=[0] pool={0: 400, 1: 0, 2: 0}
  [kd_t1only_fair] [epoch 13/100] batch 30/300 (10%) loss=37241.4467 elapsed=20s eta=178s
  [kd_t1only_fair] [epoch 13/100] batch 60/300 (20%) loss=37188.5471 elapsed=39s eta=154s
  [kd_t1only_fair] [epoch 13/100] batch 90/300 (30%) loss=37533.5925 elapsed=57s eta=133s
  [kd_t1only_fair] [epoch 13/100] batch 120/300 (40%) loss=37797.3848 elapsed=76s eta=114s
  [kd_t1only_fair] [epoch 13/100] batch 150/300 (50%) loss=37731.3521 elapsed=95s eta=95s
  [kd_t1only_fair] [epoch 13/100] batch 180/300 (60%) loss=37959.9339 elapsed=113s eta=76s
  [kd_t1only_fair] [epoch 13/100] batch 210/300 (70%) loss=37664.1304 elapsed=132s eta=57s
  [kd_t1only_fair] [epoch 13/100] batch 240/300 (80%) loss=37689.6737 elapsed=151s eta=38s
  [kd_t1only_fair] [epoch 13/100] batch 270/300 (90%) loss=38166.4512 elapsed=170s eta=19s
  [kd_t1only_fair] [epoch 13/100] batch 300/300 (100%) loss=37998.3116 elapsed=189s eta=0s
[kd_t1only_fair] [sampler] sampled: {0: 400, 1: 400, 2: 400} total=1200 spalling_ratio=24.33%
[kd_t1only_fair] [sampler] unique: {0: 400, 1: 400, 2: 400} unique_total=1200 dup_ratio=1.00x
[kd_t1only_fair] [epoch 013/100] remain=87 epochs ep_eta=281.2min (avg 194s/ep)
[kd_t1only_fair] [epoch 013/100] lr=0.000059  dt=188.8s
  train loss=37998.3116  ce=0.1731 dice=0.2641  tversky=0.0000 bd=0.0000  cldice=0.0000 snake=0.0000
  val   skipped (next val at epoch 15)
[kd_t1only_fair] [curriculum] epoch 14: stage=0 tiers=[0] pool={0: 400, 1: 0, 2: 0}
  [kd_t1only_fair] [epoch 14/100] batch 30/300 (10%) loss=32756.6643 elapsed=20s eta=176s
  [kd_t1only_fair] [epoch 14/100] batch 60/300 (20%) loss=35404.3355 elapsed=38s eta=154s
  [kd_t1only_fair] [epoch 14/100] batch 90/300 (30%) loss=34191.4662 elapsed=57s eta=133s
  [kd_t1only_fair] [epoch 14/100] batch 120/300 (40%) loss=34173.5929 elapsed=76s eta=114s
  [kd_t1only_fair] [epoch 14/100] batch 150/300 (50%) loss=34910.2870 elapsed=95s eta=95s
  [kd_t1only_fair] [epoch 14/100] batch 180/300 (60%) loss=34308.2017 elapsed=114s eta=76s
  [kd_t1only_fair] [epoch 14/100] batch 210/300 (70%) loss=34715.3983 elapsed=133s eta=57s
  [kd_t1only_fair] [epoch 14/100] batch 240/300 (80%) loss=34649.9467 elapsed=151s eta=38s
  [kd_t1only_fair] [epoch 14/100] batch 270/300 (90%) loss=34530.2728 elapsed=170s eta=19s
  [kd_t1only_fair] [epoch 14/100] batch 300/300 (100%) loss=34275.1551 elapsed=189s eta=0s
[kd_t1only_fair] [sampler] sampled: {0: 400, 1: 400, 2: 400} total=1200 spalling_ratio=24.33%
[kd_t1only_fair] [sampler] unique: {0: 400, 1: 400, 2: 400} unique_total=1200 dup_ratio=1.00x
[kd_t1only_fair] [epoch 014/100] remain=86 epochs ep_eta=277.7min (avg 194s/ep)
[kd_t1only_fair] [epoch 014/100] lr=0.000059  dt=189.5s
  train loss=34275.1551  ce=0.1666 dice=0.2579  tversky=0.0000 bd=0.0000  cldice=0.0000 snake=0.0000
  val   skipped (next val at epoch 15)
[kd_t1only_fair] [curriculum] epoch 15: stage=0 tiers=[0] pool={0: 400, 1: 0, 2: 0}
  [kd_t1only_fair] [epoch 15/100] batch 30/300 (10%) loss=34641.2955 elapsed=20s eta=179s
  [kd_t1only_fair] [epoch 15/100] batch 60/300 (20%) loss=33358.6320 elapsed=39s eta=155s
  [kd_t1only_fair] [epoch 15/100] batch 90/300 (30%) loss=33473.9595 elapsed=58s eta=135s
  [kd_t1only_fair] [epoch 15/100] batch 120/300 (40%) loss=33018.2333 elapsed=77s eta=115s
  [kd_t1only_fair] [epoch 15/100] batch 150/300 (50%) loss=32914.9256 elapsed=96s eta=96s
  [kd_t1only_fair] [epoch 15/100] batch 180/300 (60%) loss=31883.3663 elapsed=114s eta=76s
  [kd_t1only_fair] [epoch 15/100] batch 210/300 (70%) loss=32081.7660 elapsed=133s eta=57s
  [kd_t1only_fair] [epoch 15/100] batch 240/300 (80%) loss=32402.2346 elapsed=151s eta=38s
  [kd_t1only_fair] [epoch 15/100] batch 270/300 (90%) loss=33109.0065 elapsed=170s eta=19s
  [kd_t1only_fair] [epoch 15/100] batch 300/300 (100%) loss=32891.7792 elapsed=189s eta=0s
[kd_t1only_fair] [sampler] sampled: {0: 400, 1: 400, 2: 400} total=1200 spalling_ratio=24.33%
[kd_t1only_fair] [sampler] unique: {0: 400, 1: 400, 2: 400} unique_total=1200 dup_ratio=1.00x
[kd_t1only_fair] [epoch 015/100] remain=85 epochs ep_eta=275.0min (avg 194s/ep)
[kd_t1only_fair] [epoch 015/100] lr=0.000058  dt=198.6s
  train loss=32891.7792  ce=0.1674 dice=0.2576  tversky=0.0000 bd=0.0000  cldice=0.0000 snake=0.0000
  val   loss=0.2587
  IoU   bg=0.9767  crack=0.5530  spalling=0.7898  | mIoU_fg=0.6714  pix_acc=0.9771
  Dice  bg=0.9882  crack=0.7122  spalling=0.8825
  BF1   crack=0.7190  spalling=0.5799  | BF1_fg_mean=0.6495
  [kd_t1only_fair] [best] mIoU_fg=0.6714  saved -> best.pt
[kd_t1only_fair] [curriculum] epoch 16: stage=0 tiers=[0] pool={0: 400, 1: 0, 2: 0}
  [kd_t1only_fair] [epoch 16/100] batch 30/300 (10%) loss=27274.3012 elapsed=19s eta=175s
  [kd_t1only_fair] [epoch 16/100] batch 60/300 (20%) loss=27333.1908 elapsed=38s eta=153s
  [kd_t1only_fair] [epoch 16/100] batch 90/300 (30%) loss=29880.9219 elapsed=57s eta=133s
  [kd_t1only_fair] [epoch 16/100] batch 120/300 (40%) loss=29028.6890 elapsed=75s eta=113s
  [kd_t1only_fair] [epoch 16/100] batch 150/300 (50%) loss=28559.3414 elapsed=94s eta=94s
  [kd_t1only_fair] [epoch 16/100] batch 180/300 (60%) loss=28725.6567 elapsed=113s eta=75s
  [kd_t1only_fair] [epoch 16/100] batch 210/300 (70%) loss=28779.0424 elapsed=131s eta=56s
  [kd_t1only_fair] [epoch 16/100] batch 240/300 (80%) loss=29355.0237 elapsed=150s eta=37s
  [kd_t1only_fair] [epoch 16/100] batch 270/300 (90%) loss=29292.5143 elapsed=169s eta=19s
  [kd_t1only_fair] [epoch 16/100] batch 300/300 (100%) loss=29506.4530 elapsed=187s eta=0s
[kd_t1only_fair] [sampler] sampled: {0: 400, 1: 400, 2: 400} total=1200 spalling_ratio=24.33%
[kd_t1only_fair] [sampler] unique: {0: 400, 1: 400, 2: 400} unique_total=1200 dup_ratio=1.00x
[kd_t1only_fair] [epoch 016/100] remain=84 epochs ep_eta=271.6min (avg 194s/ep)
[kd_t1only_fair] [epoch 016/100] lr=0.000058  dt=187.4s
  train loss=29506.4530  ce=0.1549 dice=0.2473  tversky=0.0000 bd=0.0000  cldice=0.0000 snake=0.0000
  val   skipped (next val at epoch 20)
[kd_t1only_fair] [curriculum] epoch 17: stage=0 tiers=[0] pool={0: 400, 1: 0, 2: 0}
  [kd_t1only_fair] [epoch 17/100] batch 30/300 (10%) loss=27437.0542 elapsed=19s eta=173s
  [kd_t1only_fair] [epoch 17/100] batch 60/300 (20%) loss=27744.5202 elapsed=38s eta=152s
  [kd_t1only_fair] [epoch 17/100] batch 90/300 (30%) loss=27121.8711 elapsed=56s eta=132s
  [kd_t1only_fair] [epoch 17/100] batch 120/300 (40%) loss=27011.2688 elapsed=75s eta=113s
  [kd_t1only_fair] [epoch 17/100] batch 150/300 (50%) loss=26727.2746 elapsed=94s eta=94s
  [kd_t1only_fair] [epoch 17/100] batch 180/300 (60%) loss=26107.9169 elapsed=112s eta=75s
  [kd_t1only_fair] [epoch 17/100] batch 210/300 (70%) loss=26557.2588 elapsed=131s eta=56s
  [kd_t1only_fair] [epoch 17/100] batch 240/300 (80%) loss=26364.5140 elapsed=150s eta=37s
  [kd_t1only_fair] [epoch 17/100] batch 270/300 (90%) loss=26522.1332 elapsed=168s eta=19s
  [kd_t1only_fair] [epoch 17/100] batch 300/300 (100%) loss=26687.2551 elapsed=187s eta=0s
[kd_t1only_fair] [sampler] sampled: {0: 400, 1: 400, 2: 400} total=1200 spalling_ratio=24.33%
[kd_t1only_fair] [sampler] unique: {0: 400, 1: 400, 2: 400} unique_total=1200 dup_ratio=1.00x
[kd_t1only_fair] [epoch 017/100] remain=83 epochs ep_eta=267.9min (avg 194s/ep)
[kd_t1only_fair] [epoch 017/100] lr=0.000058  dt=186.9s
  train loss=26687.2551  ce=0.1490 dice=0.2367  tversky=0.0000 bd=0.0000  cldice=0.0000 snake=0.0000
  val   skipped (next val at epoch 20)
[kd_t1only_fair] [curriculum] epoch 18: stage=0 tiers=[0] pool={0: 400, 1: 0, 2: 0}
  [kd_t1only_fair] [epoch 18/100] batch 30/300 (10%) loss=22308.1206 elapsed=19s eta=171s
  [kd_t1only_fair] [epoch 18/100] batch 60/300 (20%) loss=24142.9585 elapsed=38s eta=150s
  [kd_t1only_fair] [epoch 18/100] batch 90/300 (30%) loss=25017.8782 elapsed=56s eta=132s
  [kd_t1only_fair] [epoch 18/100] batch 120/300 (40%) loss=24208.1521 elapsed=75s eta=112s
  [kd_t1only_fair] [epoch 18/100] batch 150/300 (50%) loss=25148.3523 elapsed=94s eta=94s
  [kd_t1only_fair] [epoch 18/100] batch 180/300 (60%) loss=25322.4450 elapsed=112s eta=75s
  [kd_t1only_fair] [epoch 18/100] batch 210/300 (70%) loss=25545.7786 elapsed=131s eta=56s
  [kd_t1only_fair] [epoch 18/100] batch 240/300 (80%) loss=25366.5727 elapsed=150s eta=37s
  [kd_t1only_fair] [epoch 18/100] batch 270/300 (90%) loss=27197.3436 elapsed=168s eta=19s
  [kd_t1only_fair] [epoch 18/100] batch 300/300 (100%) loss=28874.4603 elapsed=187s eta=0s
[kd_t1only_fair] [sampler] sampled: {0: 400, 1: 400, 2: 400} total=1200 spalling_ratio=24.33%
[kd_t1only_fair] [sampler] unique: {0: 400, 1: 400, 2: 400} unique_total=1200 dup_ratio=1.00x
[kd_t1only_fair] [epoch 018/100] remain=82 epochs ep_eta=264.3min (avg 193s/ep)
[kd_t1only_fair] [epoch 018/100] lr=0.000057  dt=187.2s
  train loss=28874.4603  ce=0.1661 dice=0.2561  tversky=0.0000 bd=0.0000  cldice=0.0000 snake=0.0000
  val   skipped (next val at epoch 20)
[kd_t1only_fair] [curriculum] epoch 19: stage=0 tiers=[0] pool={0: 400, 1: 0, 2: 0}
  [kd_t1only_fair] [epoch 19/100] batch 30/300 (10%) loss=32062.9265 elapsed=19s eta=175s
  [kd_t1only_fair] [epoch 19/100] batch 60/300 (20%) loss=31546.7013 elapsed=38s eta=152s
  [kd_t1only_fair] [epoch 19/100] batch 90/300 (30%) loss=30944.9197 elapsed=57s eta=132s
  [kd_t1only_fair] [epoch 19/100] batch 120/300 (40%) loss=35816.4974 elapsed=75s eta=113s
  [kd_t1only_fair] [epoch 19/100] batch 150/300 (50%) loss=35933.2470 elapsed=94s eta=94s
  [kd_t1only_fair] [epoch 19/100] batch 180/300 (60%) loss=34577.0684 elapsed=113s eta=75s
  [kd_t1only_fair] [epoch 19/100] batch 210/300 (70%) loss=33128.0804 elapsed=131s eta=56s
  [kd_t1only_fair] [epoch 19/100] batch 240/300 (80%) loss=32343.1346 elapsed=150s eta=37s
  [kd_t1only_fair] [epoch 19/100] batch 270/300 (90%) loss=31352.9532 elapsed=169s eta=19s
  [kd_t1only_fair] [epoch 19/100] batch 300/300 (100%) loss=30658.0311 elapsed=187s eta=0s
[kd_t1only_fair] [sampler] sampled: {0: 400, 1: 400, 2: 400} total=1200 spalling_ratio=24.33%
[kd_t1only_fair] [sampler] unique: {0: 400, 1: 400, 2: 400} unique_total=1200 dup_ratio=1.00x
[kd_t1only_fair] [epoch 019/100] remain=81 epochs ep_eta=260.8min (avg 193s/ep)
[kd_t1only_fair] [epoch 019/100] lr=0.000057  dt=187.5s
  train loss=30658.0311  ce=0.1641 dice=0.2409  tversky=0.0000 bd=0.0000  cldice=0.0000 snake=0.0000
  val   skipped (next val at epoch 20)
[kd_t1only_fair] [curriculum] epoch 20: stage=0 tiers=[0] pool={0: 400, 1: 0, 2: 0}
  [kd_t1only_fair] [epoch 20/100] batch 30/300 (10%) loss=26027.8198 elapsed=20s eta=176s
  [kd_t1only_fair] [epoch 20/100] batch 60/300 (20%) loss=23643.9153 elapsed=38s eta=154s
  [kd_t1only_fair] [epoch 20/100] batch 90/300 (30%) loss=23382.5535 elapsed=57s eta=133s
  [kd_t1only_fair] [epoch 20/100] batch 120/300 (40%) loss=23352.0594 elapsed=76s eta=113s
  [kd_t1only_fair] [epoch 20/100] batch 150/300 (50%) loss=23312.6082 elapsed=94s eta=94s
  [kd_t1only_fair] [epoch 20/100] batch 180/300 (60%) loss=23074.3427 elapsed=113s eta=75s
  [kd_t1only_fair] [epoch 20/100] batch 210/300 (70%) loss=22912.8836 elapsed=132s eta=56s
  [kd_t1only_fair] [epoch 20/100] batch 240/300 (80%) loss=23144.2283 elapsed=150s eta=38s
  [kd_t1only_fair] [epoch 20/100] batch 270/300 (90%) loss=22896.5690 elapsed=169s eta=19s
  [kd_t1only_fair] [epoch 20/100] batch 300/300 (100%) loss=22848.8493 elapsed=188s eta=0s
[kd_t1only_fair] [sampler] sampled: {0: 400, 1: 400, 2: 400} total=1200 spalling_ratio=24.33%
[kd_t1only_fair] [sampler] unique: {0: 400, 1: 400, 2: 400} unique_total=1200 dup_ratio=1.00x
[kd_t1only_fair] [epoch 020/100] remain=80 epochs ep_eta=257.9min (avg 193s/ep)
[kd_t1only_fair] [epoch 020/100] lr=0.000056  dt=197.1s
  train loss=22848.8493  ce=0.1375 dice=0.2323  tversky=0.0000 bd=0.0000  cldice=0.0000 snake=0.0000
  val   loss=0.2535
  IoU   bg=0.9760  crack=0.5581  spalling=0.8110  | mIoU_fg=0.6846  pix_acc=0.9765
  Dice  bg=0.9879  crack=0.7164  spalling=0.8957
  BF1   crack=0.7276  spalling=0.5763  | BF1_fg_mean=0.6519
  [kd_t1only_fair] [best] mIoU_fg=0.6846  saved -> best.pt
[kd_t1only_fair] [curriculum] epoch 21: stage=0 tiers=[0] pool={0: 400, 1: 0, 2: 0}
  [kd_t1only_fair] [epoch 21/100] batch 30/300 (10%) loss=21652.8267 elapsed=19s eta=175s
  [kd_t1only_fair] [epoch 21/100] batch 60/300 (20%) loss=20857.7583 elapsed=38s eta=152s
  [kd_t1only_fair] [epoch 21/100] batch 90/300 (30%) loss=21789.1562 elapsed=57s eta=133s
  [kd_t1only_fair] [epoch 21/100] batch 120/300 (40%) loss=21667.2456 elapsed=75s eta=113s
  [kd_t1only_fair] [epoch 21/100] batch 150/300 (50%) loss=21500.4177 elapsed=94s eta=94s
  [kd_t1only_fair] [epoch 21/100] batch 180/300 (60%) loss=21075.2645 elapsed=113s eta=75s
  [kd_t1only_fair] [epoch 21/100] batch 210/300 (70%) loss=21128.6143 elapsed=131s eta=56s
  [kd_t1only_fair] [epoch 21/100] batch 240/300 (80%) loss=21080.9833 elapsed=150s eta=37s
  [kd_t1only_fair] [epoch 21/100] batch 270/300 (90%) loss=21201.8397 elapsed=168s eta=19s
  [kd_t1only_fair] [epoch 21/100] batch 300/300 (100%) loss=21089.3478 elapsed=187s eta=0s
[kd_t1only_fair] [sampler] sampled: {0: 400, 1: 400, 2: 400} total=1200 spalling_ratio=24.33%
[kd_t1only_fair] [sampler] unique: {0: 400, 1: 400, 2: 400} unique_total=1200 dup_ratio=1.00x
[kd_t1only_fair] [epoch 021/100] remain=79 epochs ep_eta=254.6min (avg 193s/ep)
[kd_t1only_fair] [epoch 021/100] lr=0.000056  dt=187.3s
  train loss=21089.3478  ce=0.1322 dice=0.2180  tversky=0.0000 bd=0.0000  cldice=0.0000 snake=0.0000
  val   skipped (next val at epoch 25)
[kd_t1only_fair] [curriculum] epoch 22: stage=0 tiers=[0] pool={0: 400, 1: 0, 2: 0}
  [kd_t1only_fair] [epoch 22/100] batch 30/300 (10%) loss=19109.0598 elapsed=19s eta=173s
  [kd_t1only_fair] [epoch 22/100] batch 60/300 (20%) loss=19277.1228 elapsed=38s eta=151s
  [kd_t1only_fair] [epoch 22/100] batch 90/300 (30%) loss=19401.6864 elapsed=57s eta=132s
  [kd_t1only_fair] [epoch 22/100] batch 120/300 (40%) loss=19502.9798 elapsed=75s eta=113s
  [kd_t1only_fair] [epoch 22/100] batch 150/300 (50%) loss=19044.1463 elapsed=94s eta=94s
  [kd_t1only_fair] [epoch 22/100] batch 180/300 (60%) loss=18915.5588 elapsed=113s eta=76s
  [kd_t1only_fair] [epoch 22/100] batch 210/300 (70%) loss=18945.3684 elapsed=132s eta=57s
  [kd_t1only_fair] [epoch 22/100] batch 240/300 (80%) loss=19055.8009 elapsed=151s eta=38s
  [kd_t1only_fair] [epoch 22/100] batch 270/300 (90%) loss=19405.4742 elapsed=170s eta=19s
  [kd_t1only_fair] [epoch 22/100] batch 300/300 (100%) loss=19581.6710 elapsed=189s eta=0s
[kd_t1only_fair] [sampler] sampled: {0: 400, 1: 400, 2: 400} total=1200 spalling_ratio=24.33%
[kd_t1only_fair] [sampler] unique: {0: 400, 1: 400, 2: 400} unique_total=1200 dup_ratio=1.00x
[kd_t1only_fair] [epoch 022/100] remain=78 epochs ep_eta=251.2min (avg 193s/ep)
[kd_t1only_fair] [epoch 022/100] lr=0.000055  dt=189.4s
  train loss=19581.6710  ce=0.1293 dice=0.2139  tversky=0.0000 bd=0.0000  cldice=0.0000 snake=0.0000
  val   skipped (next val at epoch 25)
[kd_t1only_fair] [curriculum] epoch 23: stage=0 tiers=[0] pool={0: 400, 1: 0, 2: 0}
  [kd_t1only_fair] [epoch 23/100] batch 30/300 (10%) loss=18835.7118 elapsed=20s eta=176s
  [kd_t1only_fair] [epoch 23/100] batch 60/300 (20%) loss=18315.5068 elapsed=38s eta=153s
  [kd_t1only_fair] [epoch 23/100] batch 90/300 (30%) loss=19190.6990 elapsed=57s eta=133s
  [kd_t1only_fair] [epoch 23/100] batch 120/300 (40%) loss=20216.7603 elapsed=76s eta=113s
  [kd_t1only_fair] [epoch 23/100] batch 150/300 (50%) loss=19773.8776 elapsed=94s eta=94s
  [kd_t1only_fair] [epoch 23/100] batch 180/300 (60%) loss=19625.3525 elapsed=113s eta=75s
  [kd_t1only_fair] [epoch 23/100] batch 210/300 (70%) loss=19575.7807 elapsed=132s eta=56s
  [kd_t1only_fair] [epoch 23/100] batch 240/300 (80%) loss=19438.9886 elapsed=150s eta=38s
  [kd_t1only_fair] [epoch 23/100] batch 270/300 (90%) loss=19259.0235 elapsed=169s eta=19s
  [kd_t1only_fair] [epoch 23/100] batch 300/300 (100%) loss=19243.0348 elapsed=187s eta=0s
[kd_t1only_fair] [sampler] sampled: {0: 400, 1: 400, 2: 400} total=1200 spalling_ratio=24.33%
[kd_t1only_fair] [sampler] unique: {0: 400, 1: 400, 2: 400} unique_total=1200 dup_ratio=1.00x
[kd_t1only_fair] [epoch 023/100] remain=77 epochs ep_eta=247.8min (avg 193s/ep)
[kd_t1only_fair] [epoch 023/100] lr=0.000055  dt=187.6s
  train loss=19243.0348  ce=0.1268 dice=0.2174  tversky=0.0000 bd=0.0000  cldice=0.0000 snake=0.0000
  val   skipped (next val at epoch 25)
[kd_t1only_fair] [curriculum] epoch 24: stage=0 tiers=[0] pool={0: 400, 1: 0, 2: 0}
  [kd_t1only_fair] [epoch 24/100] batch 30/300 (10%) loss=18031.4739 elapsed=19s eta=171s
  [kd_t1only_fair] [epoch 24/100] batch 60/300 (20%) loss=16379.3966 elapsed=38s eta=150s
  [kd_t1only_fair] [epoch 24/100] batch 90/300 (30%) loss=16691.8054 elapsed=56s eta=132s
  [kd_t1only_fair] [epoch 24/100] batch 120/300 (40%) loss=16609.1305 elapsed=75s eta=113s
  [kd_t1only_fair] [epoch 24/100] batch 150/300 (50%) loss=17076.9425 elapsed=94s eta=94s
  [kd_t1only_fair] [epoch 24/100] batch 180/300 (60%) loss=17238.2161 elapsed=113s eta=75s
  [kd_t1only_fair] [epoch 24/100] batch 210/300 (70%) loss=17121.1900 elapsed=131s eta=56s
  [kd_t1only_fair] [epoch 24/100] batch 240/300 (80%) loss=17092.6423 elapsed=150s eta=37s
  [kd_t1only_fair] [epoch 24/100] batch 270/300 (90%) loss=17049.4445 elapsed=169s eta=19s
  [kd_t1only_fair] [epoch 24/100] batch 300/300 (100%) loss=16897.5402 elapsed=187s eta=0s
[kd_t1only_fair] [sampler] sampled: {0: 400, 1: 400, 2: 400} total=1200 spalling_ratio=24.33%
[kd_t1only_fair] [sampler] unique: {0: 400, 1: 400, 2: 400} unique_total=1200 dup_ratio=1.00x
[kd_t1only_fair] [epoch 024/100] remain=76 epochs ep_eta=244.3min (avg 193s/ep)
[kd_t1only_fair] [epoch 024/100] lr=0.000054  dt=187.7s
  train loss=16897.5402  ce=0.1189 dice=0.2050  tversky=0.0000 bd=0.0000  cldice=0.0000 snake=0.0000
  val   skipped (next val at epoch 25)
[kd_t1only_fair] [curriculum] epoch 25: stage=0 tiers=[0] pool={0: 400, 1: 0, 2: 0}
  [kd_t1only_fair] [epoch 25/100] batch 30/300 (10%) loss=16868.1032 elapsed=19s eta=174s
  [kd_t1only_fair] [epoch 25/100] batch 60/300 (20%) loss=17676.3202 elapsed=38s eta=153s
  [kd_t1only_fair] [epoch 25/100] batch 90/300 (30%) loss=17141.9868 elapsed=57s eta=133s
  [kd_t1only_fair] [epoch 25/100] batch 120/300 (40%) loss=17745.4193 elapsed=76s eta=114s
  [kd_t1only_fair] [epoch 25/100] batch 150/300 (50%) loss=17373.7962 elapsed=95s eta=95s
  [kd_t1only_fair] [epoch 25/100] batch 180/300 (60%) loss=17779.5297 elapsed=114s eta=76s
  [kd_t1only_fair] [epoch 25/100] batch 210/300 (70%) loss=17704.4446 elapsed=133s eta=57s
  [kd_t1only_fair] [epoch 25/100] batch 240/300 (80%) loss=17663.2886 elapsed=152s eta=38s
  [kd_t1only_fair] [epoch 25/100] batch 270/300 (90%) loss=17668.6248 elapsed=170s eta=19s
  [kd_t1only_fair] [epoch 25/100] batch 300/300 (100%) loss=17702.1338 elapsed=189s eta=0s
[kd_t1only_fair] [sampler] sampled: {0: 400, 1: 400, 2: 400} total=1200 spalling_ratio=24.33%
[kd_t1only_fair] [sampler] unique: {0: 400, 1: 400, 2: 400} unique_total=1200 dup_ratio=1.00x
[kd_t1only_fair] [epoch 025/100] remain=75 epochs ep_eta=241.5min (avg 193s/ep)
[kd_t1only_fair] [epoch 025/100] lr=0.000054  dt=198.6s
  train loss=17702.1338  ce=0.1233 dice=0.2147  tversky=0.0000 bd=0.0000  cldice=0.0000 snake=0.0000
  val   loss=0.2559
  IoU   bg=0.9764  crack=0.5609  spalling=0.8068  | mIoU_fg=0.6838  pix_acc=0.9770
  Dice  bg=0.9881  crack=0.7187  spalling=0.8931
  BF1   crack=0.7280  spalling=0.5802  | BF1_fg_mean=0.6541
[kd_t1only_fair] [curriculum] epoch 26: stage=0 tiers=[0] pool={0: 400, 1: 0, 2: 0}
  [kd_t1only_fair] [epoch 26/100] batch 30/300 (10%) loss=16740.5336 elapsed=19s eta=174s
  [kd_t1only_fair] [epoch 26/100] batch 60/300 (20%) loss=17934.9018 elapsed=38s eta=153s
  [kd_t1only_fair] [epoch 26/100] batch 90/300 (30%) loss=17815.4852 elapsed=57s eta=133s
  [kd_t1only_fair] [epoch 26/100] batch 120/300 (40%) loss=17587.0741 elapsed=76s eta=113s
  [kd_t1only_fair] [epoch 26/100] batch 150/300 (50%) loss=17250.3811 elapsed=94s eta=94s
  [kd_t1only_fair] [epoch 26/100] batch 180/300 (60%) loss=16987.8842 elapsed=113s eta=76s
  [kd_t1only_fair] [epoch 26/100] batch 210/300 (70%) loss=16859.2320 elapsed=132s eta=57s
  [kd_t1only_fair] [epoch 26/100] batch 240/300 (80%) loss=16659.5627 elapsed=151s eta=38s
  [kd_t1only_fair] [epoch 26/100] batch 270/300 (90%) loss=16670.1015 elapsed=169s eta=19s
  [kd_t1only_fair] [epoch 26/100] batch 300/300 (100%) loss=16611.7108 elapsed=188s eta=0s
[kd_t1only_fair] [sampler] sampled: {0: 400, 1: 400, 2: 400} total=1200 spalling_ratio=24.33%
[kd_t1only_fair] [sampler] unique: {0: 400, 1: 400, 2: 400} unique_total=1200 dup_ratio=1.00x
[kd_t1only_fair] [epoch 026/100] remain=74 epochs ep_eta=238.2min (avg 193s/ep)
[kd_t1only_fair] [epoch 026/100] lr=0.000053  dt=188.3s
  train loss=16611.7108  ce=0.1185 dice=0.2098  tversky=0.0000 bd=0.0000  cldice=0.0000 snake=0.0000
  val   skipped (next val at epoch 30)
[kd_t1only_fair] [curriculum] epoch 27: stage=0 tiers=[0] pool={0: 400, 1: 0, 2: 0}
  [kd_t1only_fair] [epoch 27/100] batch 30/300 (10%) loss=13824.6535 elapsed=19s eta=172s
  [kd_t1only_fair] [epoch 27/100] batch 60/300 (20%) loss=14471.9213 elapsed=38s eta=152s
  [kd_t1only_fair] [epoch 27/100] batch 90/300 (30%) loss=14331.0220 elapsed=57s eta=133s
  [kd_t1only_fair] [epoch 27/100] batch 120/300 (40%) loss=14939.4155 elapsed=75s eta=113s
  [kd_t1only_fair] [epoch 27/100] batch 150/300 (50%) loss=15111.2190 elapsed=94s eta=94s
  [kd_t1only_fair] [epoch 27/100] batch 180/300 (60%) loss=14976.7100 elapsed=113s eta=75s
  [kd_t1only_fair] [epoch 27/100] batch 210/300 (70%) loss=14891.1201 elapsed=132s eta=56s
  [kd_t1only_fair] [epoch 27/100] batch 240/300 (80%) loss=14809.5668 elapsed=150s eta=38s
  [kd_t1only_fair] [epoch 27/100] batch 270/300 (90%) loss=14784.7327 elapsed=169s eta=19s
  [kd_t1only_fair] [epoch 27/100] batch 300/300 (100%) loss=14912.4997 elapsed=188s eta=0s
[kd_t1only_fair] [sampler] sampled: {0: 400, 1: 400, 2: 400} total=1200 spalling_ratio=24.33%
[kd_t1only_fair] [sampler] unique: {0: 400, 1: 400, 2: 400} unique_total=1200 dup_ratio=1.00x
[kd_t1only_fair] [epoch 027/100] remain=73 epochs ep_eta=234.8min (avg 193s/ep)
[kd_t1only_fair] [epoch 027/100] lr=0.000052  dt=188.6s
  train loss=14912.4997  ce=0.1136 dice=0.2003  tversky=0.0000 bd=0.0000  cldice=0.0000 snake=0.0000
  val   skipped (next val at epoch 30)
[kd_t1only_fair] [curriculum] epoch 28: stage=0 tiers=[0] pool={0: 400, 1: 0, 2: 0}
  [kd_t1only_fair] [epoch 28/100] batch 30/300 (10%) loss=14799.7153 elapsed=19s eta=174s
  [kd_t1only_fair] [epoch 28/100] batch 60/300 (20%) loss=14341.2494 elapsed=38s eta=153s
  [kd_t1only_fair] [epoch 28/100] batch 90/300 (30%) loss=14353.7704 elapsed=57s eta=133s
  [kd_t1only_fair] [epoch 28/100] batch 120/300 (40%) loss=14381.0315 elapsed=76s eta=113s
  [kd_t1only_fair] [epoch 28/100] batch 150/300 (50%) loss=14267.5397 elapsed=94s eta=94s
  [kd_t1only_fair] [epoch 28/100] batch 180/300 (60%) loss=14254.4911 elapsed=113s eta=75s
  [kd_t1only_fair] [epoch 28/100] batch 210/300 (70%) loss=14088.2319 elapsed=132s eta=56s
  [kd_t1only_fair] [epoch 28/100] batch 240/300 (80%) loss=14328.2327 elapsed=150s eta=38s
  [kd_t1only_fair] [epoch 28/100] batch 270/300 (90%) loss=14459.8371 elapsed=169s eta=19s
  [kd_t1only_fair] [epoch 28/100] batch 300/300 (100%) loss=14472.7621 elapsed=188s eta=0s
[kd_t1only_fair] [sampler] sampled: {0: 400, 1: 400, 2: 400} total=1200 spalling_ratio=24.33%
[kd_t1only_fair] [sampler] unique: {0: 400, 1: 400, 2: 400} unique_total=1200 dup_ratio=1.00x
[kd_t1only_fair] [epoch 028/100] remain=72 epochs ep_eta=231.5min (avg 193s/ep)
[kd_t1only_fair] [epoch 028/100] lr=0.000052  dt=187.8s
  train loss=14472.7621  ce=0.1119 dice=0.1999  tversky=0.0000 bd=0.0000  cldice=0.0000 snake=0.0000
  val   skipped (next val at epoch 30)
[kd_t1only_fair] [curriculum] epoch 29: stage=0 tiers=[0] pool={0: 400, 1: 0, 2: 0}
  [kd_t1only_fair] [epoch 29/100] batch 30/300 (10%) loss=15812.5197 elapsed=20s eta=177s
  [kd_t1only_fair] [epoch 29/100] batch 60/300 (20%) loss=14881.7292 elapsed=38s eta=153s
  [kd_t1only_fair] [epoch 29/100] batch 90/300 (30%) loss=14582.8346 elapsed=57s eta=133s
  [kd_t1only_fair] [epoch 29/100] batch 120/300 (40%) loss=14634.7241 elapsed=76s eta=114s
  [kd_t1only_fair] [epoch 29/100] batch 150/300 (50%) loss=14697.1401 elapsed=95s eta=95s
  [kd_t1only_fair] [epoch 29/100] batch 180/300 (60%) loss=14492.3593 elapsed=113s eta=76s
  [kd_t1only_fair] [epoch 29/100] batch 210/300 (70%) loss=14334.8410 elapsed=132s eta=57s
  [kd_t1only_fair] [epoch 29/100] batch 240/300 (80%) loss=14388.7214 elapsed=151s eta=38s
  [kd_t1only_fair] [epoch 29/100] batch 270/300 (90%) loss=14321.2478 elapsed=169s eta=19s
  [kd_t1only_fair] [epoch 29/100] batch 300/300 (100%) loss=14343.6873 elapsed=188s eta=0s
[kd_t1only_fair] [sampler] sampled: {0: 400, 1: 400, 2: 400} total=1200 spalling_ratio=24.33%
[kd_t1only_fair] [sampler] unique: {0: 400, 1: 400, 2: 400} unique_total=1200 dup_ratio=1.00x
[kd_t1only_fair] [epoch 029/100] remain=71 epochs ep_eta=228.1min (avg 193s/ep)
[kd_t1only_fair] [epoch 029/100] lr=0.000051  dt=188.1s
  train loss=14343.6873  ce=0.1114 dice=0.2027  tversky=0.0000 bd=0.0000  cldice=0.0000 snake=0.0000
  val   skipped (next val at epoch 30)
[kd_t1only_fair] [curriculum] epoch 30: stage=1 tiers=[0, 1] pool={0: 400, 1: 400, 2: 0}
  [kd_t1only_fair] [epoch 30/100] batch 30/300 (10%) loss=13319.5312 elapsed=19s eta=174s
  [kd_t1only_fair] [epoch 30/100] batch 60/300 (20%) loss=13785.8301 elapsed=38s eta=152s
  [kd_t1only_fair] [epoch 30/100] batch 90/300 (30%) loss=14095.9075 elapsed=57s eta=132s
  [kd_t1only_fair] [epoch 30/100] batch 120/300 (40%) loss=13696.1252 elapsed=75s eta=113s
  [kd_t1only_fair] [epoch 30/100] batch 150/300 (50%) loss=13424.7475 elapsed=94s eta=94s
  [kd_t1only_fair] [epoch 30/100] batch 180/300 (60%) loss=13432.6949 elapsed=112s eta=75s
  [kd_t1only_fair] [epoch 30/100] batch 210/300 (70%) loss=13215.6517 elapsed=131s eta=56s
  [kd_t1only_fair] [epoch 30/100] batch 240/300 (80%) loss=13307.0815 elapsed=150s eta=37s
  [kd_t1only_fair] [epoch 30/100] batch 270/300 (90%) loss=13524.0186 elapsed=168s eta=19s
  [kd_t1only_fair] [epoch 30/100] batch 300/300 (100%) loss=13549.1314 elapsed=187s eta=0s
[kd_t1only_fair] [sampler] sampled: {0: 400, 1: 400, 2: 400} total=1200 spalling_ratio=24.33%
[kd_t1only_fair] [sampler] unique: {0: 400, 1: 400, 2: 400} unique_total=1200 dup_ratio=1.00x
[kd_t1only_fair] [epoch 030/100] remain=70 epochs ep_eta=225.1min (avg 193s/ep)
[kd_t1only_fair] [epoch 030/100] lr=0.000050  dt=196.2s
  train loss=13549.1314  ce=0.1089 dice=0.1962  tversky=0.0000 bd=0.0000  cldice=0.0000 snake=0.0000
  val   loss=0.2868
  IoU   bg=0.9758  crack=0.5727  spalling=0.7270  | mIoU_fg=0.6499  pix_acc=0.9764
  Dice  bg=0.9877  crack=0.7283  spalling=0.8420
  BF1   crack=0.7418  spalling=0.6028  | BF1_fg_mean=0.6723
[kd_t1only_fair] [curriculum] epoch 31: stage=1 tiers=[0, 1] pool={0: 400, 1: 400, 2: 0}
  [kd_t1only_fair] [epoch 31/100] batch 30/300 (10%) loss=12507.4197 elapsed=19s eta=173s
  [kd_t1only_fair] [epoch 31/100] batch 60/300 (20%) loss=12267.7326 elapsed=38s eta=153s
  [kd_t1only_fair] [epoch 31/100] batch 90/300 (30%) loss=12699.4946 elapsed=57s eta=133s
  [kd_t1only_fair] [epoch 31/100] batch 120/300 (40%) loss=12769.5182 elapsed=76s eta=114s
  [kd_t1only_fair] [epoch 31/100] batch 150/300 (50%) loss=13225.2095 elapsed=95s eta=95s
  [kd_t1only_fair] [epoch 31/100] batch 180/300 (60%) loss=13058.3809 elapsed=114s eta=76s
  [kd_t1only_fair] [epoch 31/100] batch 210/300 (70%) loss=13041.6042 elapsed=132s eta=57s
  [kd_t1only_fair] [epoch 31/100] batch 240/300 (80%) loss=12983.0358 elapsed=151s eta=38s
  [kd_t1only_fair] [epoch 31/100] batch 270/300 (90%) loss=12999.8842 elapsed=170s eta=19s
  [kd_t1only_fair] [epoch 31/100] batch 300/300 (100%) loss=12899.4130 elapsed=189s eta=0s
[kd_t1only_fair] [sampler] sampled: {0: 400, 1: 400, 2: 400} total=1200 spalling_ratio=24.33%
[kd_t1only_fair] [sampler] unique: {0: 400, 1: 400, 2: 400} unique_total=1200 dup_ratio=1.00x
[kd_t1only_fair] [epoch 031/100] remain=69 epochs ep_eta=221.9min (avg 193s/ep)
[kd_t1only_fair] [epoch 031/100] lr=0.000050  dt=189.5s
  train loss=12899.4130  ce=0.1061 dice=0.1960  tversky=0.0000 bd=0.0000  cldice=0.0000 snake=0.0000
  val   skipped (next val at epoch 35)
[kd_t1only_fair] [curriculum] epoch 32: stage=1 tiers=[0, 1] pool={0: 400, 1: 400, 2: 0}
  [kd_t1only_fair] [epoch 32/100] batch 30/300 (10%) loss=12873.1727 elapsed=20s eta=178s
  [kd_t1only_fair] [epoch 32/100] batch 60/300 (20%) loss=12537.0028 elapsed=39s eta=155s
  [kd_t1only_fair] [epoch 32/100] batch 90/300 (30%) loss=12225.7303 elapsed=57s eta=134s
  [kd_t1only_fair] [epoch 32/100] batch 120/300 (40%) loss=12307.9815 elapsed=76s eta=114s
  [kd_t1only_fair] [epoch 32/100] batch 150/300 (50%) loss=12357.6930 elapsed=95s eta=95s
  [kd_t1only_fair] [epoch 32/100] batch 180/300 (60%) loss=12385.4258 elapsed=113s eta=76s
  [kd_t1only_fair] [epoch 32/100] batch 210/300 (70%) loss=12189.0886 elapsed=132s eta=57s
  [kd_t1only_fair] [epoch 32/100] batch 240/300 (80%) loss=12248.9393 elapsed=151s eta=38s
  [kd_t1only_fair] [epoch 32/100] batch 270/300 (90%) loss=12495.4605 elapsed=169s eta=19s
  [kd_t1only_fair] [epoch 32/100] batch 300/300 (100%) loss=12512.2168 elapsed=188s eta=0s
[kd_t1only_fair] [sampler] sampled: {0: 400, 1: 400, 2: 400} total=1200 spalling_ratio=24.33%
[kd_t1only_fair] [sampler] unique: {0: 400, 1: 400, 2: 400} unique_total=1200 dup_ratio=1.00x
[kd_t1only_fair] [epoch 032/100] remain=68 epochs ep_eta=218.5min (avg 193s/ep)
[kd_t1only_fair] [epoch 032/100] lr=0.000049  dt=188.4s
  train loss=12512.2168  ce=0.1062 dice=0.1915  tversky=0.0000 bd=0.0000  cldice=0.0000 snake=0.0000
  val   skipped (next val at epoch 35)
[kd_t1only_fair] [curriculum] epoch 33: stage=1 tiers=[0, 1] pool={0: 400, 1: 400, 2: 0}
  [kd_t1only_fair] [epoch 33/100] batch 30/300 (10%) loss=12217.9656 elapsed=20s eta=176s
  [kd_t1only_fair] [epoch 33/100] batch 60/300 (20%) loss=12336.6598 elapsed=38s eta=153s
  [kd_t1only_fair] [epoch 33/100] batch 90/300 (30%) loss=12160.6256 elapsed=57s eta=133s
  [kd_t1only_fair] [epoch 33/100] batch 120/300 (40%) loss=12488.8735 elapsed=76s eta=113s
  [kd_t1only_fair] [epoch 33/100] batch 150/300 (50%) loss=13104.0120 elapsed=94s eta=94s
  [kd_t1only_fair] [epoch 33/100] batch 180/300 (60%) loss=13135.3842 elapsed=113s eta=75s
  [kd_t1only_fair] [epoch 33/100] batch 210/300 (70%) loss=12993.3228 elapsed=132s eta=56s
  [kd_t1only_fair] [epoch 33/100] batch 240/300 (80%) loss=12942.2047 elapsed=151s eta=38s
  [kd_t1only_fair] [epoch 33/100] batch 270/300 (90%) loss=12709.1078 elapsed=169s eta=19s
  [kd_t1only_fair] [epoch 33/100] batch 300/300 (100%) loss=12539.1040 elapsed=188s eta=0s
[kd_t1only_fair] [sampler] sampled: {0: 400, 1: 400, 2: 400} total=1200 spalling_ratio=24.33%
[kd_t1only_fair] [sampler] unique: {0: 400, 1: 400, 2: 400} unique_total=1200 dup_ratio=1.00x
[kd_t1only_fair] [epoch 033/100] remain=67 epochs ep_eta=215.2min (avg 193s/ep)
[kd_t1only_fair] [epoch 033/100] lr=0.000048  dt=187.9s
  train loss=12539.1040  ce=0.1064 dice=0.1983  tversky=0.0000 bd=0.0000  cldice=0.0000 snake=0.0000
  val   skipped (next val at epoch 35)
[kd_t1only_fair] [curriculum] epoch 34: stage=1 tiers=[0, 1] pool={0: 400, 1: 400, 2: 0}
  [kd_t1only_fair] [epoch 34/100] batch 30/300 (10%) loss=11428.6837 elapsed=19s eta=174s
  [kd_t1only_fair] [epoch 34/100] batch 60/300 (20%) loss=10793.8304 elapsed=38s eta=151s
  [kd_t1only_fair] [epoch 34/100] batch 90/300 (30%) loss=10926.6345 elapsed=56s eta=131s
  [kd_t1only_fair] [epoch 34/100] batch 120/300 (40%) loss=11360.7515 elapsed=75s eta=113s
  [kd_t1only_fair] [epoch 34/100] batch 150/300 (50%) loss=12123.9033 elapsed=94s eta=94s
  [kd_t1only_fair] [epoch 34/100] batch 180/300 (60%) loss=12708.1331 elapsed=112s eta=75s
  [kd_t1only_fair] [epoch 34/100] batch 210/300 (70%) loss=13262.8779 elapsed=131s eta=56s
  [kd_t1only_fair] [epoch 34/100] batch 240/300 (80%) loss=13491.7603 elapsed=150s eta=38s
  [kd_t1only_fair] [epoch 34/100] batch 270/300 (90%) loss=13602.2936 elapsed=169s eta=19s
  [kd_t1only_fair] [epoch 34/100] batch 300/300 (100%) loss=13680.0333 elapsed=188s eta=0s
[kd_t1only_fair] [sampler] sampled: {0: 400, 1: 400, 2: 400} total=1200 spalling_ratio=24.33%
[kd_t1only_fair] [sampler] unique: {0: 400, 1: 400, 2: 400} unique_total=1200 dup_ratio=1.00x
[kd_t1only_fair] [epoch 034/100] remain=66 epochs ep_eta=211.9min (avg 193s/ep)
[kd_t1only_fair] [epoch 034/100] lr=0.000047  dt=187.8s
  train loss=13680.0333  ce=0.1119 dice=0.1997  tversky=0.0000 bd=0.0000  cldice=0.0000 snake=0.0000
  val   skipped (next val at epoch 35)
[kd_t1only_fair] [curriculum] epoch 35: stage=1 tiers=[0, 1] pool={0: 400, 1: 400, 2: 0}
  [kd_t1only_fair] [epoch 35/100] batch 30/300 (10%) loss=13211.1426 elapsed=19s eta=173s
  [kd_t1only_fair] [epoch 35/100] batch 60/300 (20%) loss=12441.2356 elapsed=38s eta=151s
  [kd_t1only_fair] [epoch 35/100] batch 90/300 (30%) loss=12016.1394 elapsed=57s eta=132s
  [kd_t1only_fair] [epoch 35/100] batch 120/300 (40%) loss=11696.3472 elapsed=75s eta=113s
  [kd_t1only_fair] [epoch 35/100] batch 150/300 (50%) loss=11667.4426 elapsed=94s eta=94s
  [kd_t1only_fair] [epoch 35/100] batch 180/300 (60%) loss=11512.0357 elapsed=113s eta=75s
  [kd_t1only_fair] [epoch 35/100] batch 210/300 (70%) loss=11433.5099 elapsed=131s eta=56s
  [kd_t1only_fair] [epoch 35/100] batch 240/300 (80%) loss=11432.6097 elapsed=150s eta=38s
  [kd_t1only_fair] [epoch 35/100] batch 270/300 (90%) loss=11588.1425 elapsed=169s eta=19s
  [kd_t1only_fair] [epoch 35/100] batch 300/300 (100%) loss=11790.2666 elapsed=188s eta=0s
[kd_t1only_fair] [sampler] sampled: {0: 400, 1: 400, 2: 400} total=1200 spalling_ratio=24.33%
[kd_t1only_fair] [sampler] unique: {0: 400, 1: 400, 2: 400} unique_total=1200 dup_ratio=1.00x
[kd_t1only_fair] [epoch 035/100] remain=65 epochs ep_eta=208.8min (avg 193s/ep)
[kd_t1only_fair] [epoch 035/100] lr=0.000046  dt=197.1s
  train loss=11790.2666  ce=0.1034 dice=0.1864  tversky=0.0000 bd=0.0000  cldice=0.0000 snake=0.0000
  val   loss=0.3077
  IoU   bg=0.9743  crack=0.5720  spalling=0.6860  | mIoU_fg=0.6290  pix_acc=0.9750
  Dice  bg=0.9870  crack=0.7278  spalling=0.8137
  BF1   crack=0.7409  spalling=0.6869  | BF1_fg_mean=0.7139
[kd_t1only_fair] [curriculum] epoch 36: stage=1 tiers=[0, 1] pool={0: 400, 1: 400, 2: 0}
  [kd_t1only_fair] [epoch 36/100] batch 30/300 (10%) loss=12118.4881 elapsed=19s eta=174s
  [kd_t1only_fair] [epoch 36/100] batch 60/300 (20%) loss=13486.5734 elapsed=38s eta=152s
  [kd_t1only_fair] [epoch 36/100] batch 90/300 (30%) loss=14135.3082 elapsed=57s eta=132s
  [kd_t1only_fair] [epoch 36/100] batch 120/300 (40%) loss=14147.8202 elapsed=75s eta=113s
  [kd_t1only_fair] [epoch 36/100] batch 150/300 (50%) loss=13924.2176 elapsed=94s eta=94s
  [kd_t1only_fair] [epoch 36/100] batch 180/300 (60%) loss=13492.0387 elapsed=113s eta=75s
  [kd_t1only_fair] [epoch 36/100] batch 210/300 (70%) loss=13174.8061 elapsed=131s eta=56s
  [kd_t1only_fair] [epoch 36/100] batch 240/300 (80%) loss=12862.1343 elapsed=150s eta=38s
  [kd_t1only_fair] [epoch 36/100] batch 270/300 (90%) loss=12520.8291 elapsed=169s eta=19s
  [kd_t1only_fair] [epoch 36/100] batch 300/300 (100%) loss=12420.2088 elapsed=187s eta=0s
[kd_t1only_fair] [sampler] sampled: {0: 400, 1: 400, 2: 400} total=1200 spalling_ratio=24.33%
[kd_t1only_fair] [sampler] unique: {0: 400, 1: 400, 2: 400} unique_total=1200 dup_ratio=1.00x
[kd_t1only_fair] [epoch 036/100] remain=64 epochs ep_eta=205.6min (avg 193s/ep)
[kd_t1only_fair] [epoch 036/100] lr=0.000046  dt=187.4s
  train loss=12420.2088  ce=0.1046 dice=0.1910  tversky=0.0000 bd=0.0000  cldice=0.0000 snake=0.0000
  val   skipped (next val at epoch 40)
[kd_t1only_fair] [curriculum] epoch 37: stage=1 tiers=[0, 1] pool={0: 400, 1: 400, 2: 0}
  [kd_t1only_fair] [epoch 37/100] batch 30/300 (10%) loss=12032.9280 elapsed=20s eta=177s
  [kd_t1only_fair] [epoch 37/100] batch 60/300 (20%) loss=11471.8687 elapsed=38s eta=153s
  [kd_t1only_fair] [epoch 37/100] batch 90/300 (30%) loss=11488.1580 elapsed=57s eta=132s
  [kd_t1only_fair] [epoch 37/100] batch 120/300 (40%) loss=11588.6336 elapsed=75s eta=113s
  [kd_t1only_fair] [epoch 37/100] batch 150/300 (50%) loss=11628.0858 elapsed=94s eta=94s
  [kd_t1only_fair] [epoch 37/100] batch 180/300 (60%) loss=11298.7916 elapsed=113s eta=75s
  [kd_t1only_fair] [epoch 37/100] batch 210/300 (70%) loss=11049.9527 elapsed=131s eta=56s
  [kd_t1only_fair] [epoch 37/100] batch 240/300 (80%) loss=11129.9568 elapsed=150s eta=38s
  [kd_t1only_fair] [epoch 37/100] batch 270/300 (90%) loss=13867.5289 elapsed=169s eta=19s
  [kd_t1only_fair] [epoch 37/100] batch 300/300 (100%) loss=14151.6057 elapsed=187s eta=0s
[kd_t1only_fair] [sampler] sampled: {0: 400, 1: 400, 2: 400} total=1200 spalling_ratio=24.33%
[kd_t1only_fair] [sampler] unique: {0: 400, 1: 400, 2: 400} unique_total=1200 dup_ratio=1.00x
[kd_t1only_fair] [epoch 037/100] remain=63 epochs ep_eta=202.2min (avg 193s/ep)
[kd_t1only_fair] [epoch 037/100] lr=0.000045  dt=187.4s
  train loss=14151.6057  ce=0.1223 dice=0.1985  tversky=0.0000 bd=0.0000  cldice=0.0000 snake=0.0000
  val   skipped (next val at epoch 40)
[kd_t1only_fair] [curriculum] epoch 38: stage=1 tiers=[0, 1] pool={0: 400, 1: 400, 2: 0}
  [kd_t1only_fair] [epoch 38/100] batch 30/300 (10%) loss=12927.5765 elapsed=19s eta=174s
  [kd_t1only_fair] [epoch 38/100] batch 60/300 (20%) loss=18349.6850 elapsed=38s eta=153s
  [kd_t1only_fair] [epoch 38/100] batch 90/300 (30%) loss=15971.2138 elapsed=57s eta=133s
  [kd_t1only_fair] [epoch 38/100] batch 120/300 (40%) loss=14885.9110 elapsed=76s eta=114s
  [kd_t1only_fair] [epoch 38/100] batch 150/300 (50%) loss=13767.7918 elapsed=94s eta=94s
  [kd_t1only_fair] [epoch 38/100] batch 180/300 (60%) loss=13137.0828 elapsed=113s eta=75s
  [kd_t1only_fair] [epoch 38/100] batch 210/300 (70%) loss=12531.6507 elapsed=132s eta=56s
  [kd_t1only_fair] [epoch 38/100] batch 240/300 (80%) loss=12293.2298 elapsed=151s eta=38s
  [kd_t1only_fair] [epoch 38/100] batch 270/300 (90%) loss=12099.6884 elapsed=169s eta=19s
  [kd_t1only_fair] [epoch 38/100] batch 300/300 (100%) loss=11939.2025 elapsed=188s eta=0s
[kd_t1only_fair] [sampler] sampled: {0: 400, 1: 400, 2: 400} total=1200 spalling_ratio=24.33%
[kd_t1only_fair] [sampler] unique: {0: 400, 1: 400, 2: 400} unique_total=1200 dup_ratio=1.00x
[kd_t1only_fair] [epoch 038/100] remain=62 epochs ep_eta=199.0min (avg 193s/ep)
[kd_t1only_fair] [epoch 038/100] lr=0.000044  dt=188.4s
  train loss=11939.2025  ce=0.1098 dice=0.1897  tversky=0.0000 bd=0.0000  cldice=0.0000 snake=0.0000
  val   skipped (next val at epoch 40)
[kd_t1only_fair] [curriculum] epoch 39: stage=1 tiers=[0, 1] pool={0: 400, 1: 400, 2: 0}
  [kd_t1only_fair] [epoch 39/100] batch 30/300 (10%) loss=11400.1039 elapsed=19s eta=175s
  [kd_t1only_fair] [epoch 39/100] batch 60/300 (20%) loss=11078.6664 elapsed=38s eta=153s
  [kd_t1only_fair] [epoch 39/100] batch 90/300 (30%) loss=10786.7242 elapsed=57s eta=133s
  [kd_t1only_fair] [epoch 39/100] batch 120/300 (40%) loss=10291.4784 elapsed=76s eta=113s
  [kd_t1only_fair] [epoch 39/100] batch 150/300 (50%) loss=10150.6789 elapsed=94s eta=94s
  [kd_t1only_fair] [epoch 39/100] batch 180/300 (60%) loss=9905.5958 elapsed=113s eta=75s
  [kd_t1only_fair] [epoch 39/100] batch 210/300 (70%) loss=9957.2065 elapsed=132s eta=56s
  [kd_t1only_fair] [epoch 39/100] batch 240/300 (80%) loss=9958.2694 elapsed=151s eta=38s
  [kd_t1only_fair] [epoch 39/100] batch 270/300 (90%) loss=9923.5842 elapsed=169s eta=19s
  [kd_t1only_fair] [epoch 39/100] batch 300/300 (100%) loss=9963.8560 elapsed=188s eta=0s
[kd_t1only_fair] [sampler] sampled: {0: 400, 1: 400, 2: 400} total=1200 spalling_ratio=24.33%
[kd_t1only_fair] [sampler] unique: {0: 400, 1: 400, 2: 400} unique_total=1200 dup_ratio=1.00x
[kd_t1only_fair] [epoch 039/100] remain=61 epochs ep_eta=195.7min (avg 192s/ep)
[kd_t1only_fair] [epoch 039/100] lr=0.000043  dt=188.4s
  train loss=9963.8560  ce=0.0973 dice=0.1809  tversky=0.0000 bd=0.0000  cldice=0.0000 snake=0.0000
  val   skipped (next val at epoch 40)
[kd_t1only_fair] [curriculum] epoch 40: stage=1 tiers=[0, 1] pool={0: 400, 1: 400, 2: 0}
  [kd_t1only_fair] [epoch 40/100] batch 30/300 (10%) loss=10003.3340 elapsed=19s eta=174s
  [kd_t1only_fair] [epoch 40/100] batch 60/300 (20%) loss=9827.0715 elapsed=38s eta=153s
  [kd_t1only_fair] [epoch 40/100] batch 90/300 (30%) loss=10142.5201 elapsed=57s eta=133s
  [kd_t1only_fair] [epoch 40/100] batch 120/300 (40%) loss=9923.8642 elapsed=76s eta=113s
  [kd_t1only_fair] [epoch 40/100] batch 150/300 (50%) loss=9827.3245 elapsed=94s eta=94s
  [kd_t1only_fair] [epoch 40/100] batch 180/300 (60%) loss=9793.8893 elapsed=113s eta=75s
  [kd_t1only_fair] [epoch 40/100] batch 210/300 (70%) loss=9855.3412 elapsed=132s eta=57s
  [kd_t1only_fair] [epoch 40/100] batch 240/300 (80%) loss=9925.0805 elapsed=151s eta=38s
  [kd_t1only_fair] [epoch 40/100] batch 270/300 (90%) loss=9880.8721 elapsed=169s eta=19s
  [kd_t1only_fair] [epoch 40/100] batch 300/300 (100%) loss=9780.4190 elapsed=188s eta=0s
[kd_t1only_fair] [sampler] sampled: {0: 400, 1: 400, 2: 400} total=1200 spalling_ratio=24.33%
[kd_t1only_fair] [sampler] unique: {0: 400, 1: 400, 2: 400} unique_total=1200 dup_ratio=1.00x
[kd_t1only_fair] [epoch 040/100] remain=60 epochs ep_eta=192.6min (avg 193s/ep)
[kd_t1only_fair] [epoch 040/100] lr=0.000042  dt=197.6s
  train loss=9780.4190  ce=0.0966 dice=0.1843  tversky=0.0000 bd=0.0000  cldice=0.0000 snake=0.0000
  val   loss=0.2806
  IoU   bg=0.9765  crack=0.5729  spalling=0.7749  | mIoU_fg=0.6739  pix_acc=0.9770
  Dice  bg=0.9881  crack=0.7285  spalling=0.8732
  BF1   crack=0.7447  spalling=0.6319  | BF1_fg_mean=0.6883
[kd_t1only_fair] [curriculum] epoch 41: stage=1 tiers=[0, 1] pool={0: 400, 1: 400, 2: 0}
  [kd_t1only_fair] [epoch 41/100] batch 30/300 (10%) loss=7985.3998 elapsed=19s eta=175s
  [kd_t1only_fair] [epoch 41/100] batch 60/300 (20%) loss=8818.7415 elapsed=38s eta=152s
  [kd_t1only_fair] [epoch 41/100] batch 90/300 (30%) loss=8712.9166 elapsed=57s eta=132s
  [kd_t1only_fair] [epoch 41/100] batch 120/300 (40%) loss=8905.7388 elapsed=75s eta=113s
  [kd_t1only_fair] [epoch 41/100] batch 150/300 (50%) loss=8929.6130 elapsed=94s eta=94s
  [kd_t1only_fair] [epoch 41/100] batch 180/300 (60%) loss=8945.8886 elapsed=113s eta=75s
  [kd_t1only_fair] [epoch 41/100] batch 210/300 (70%) loss=8853.5000 elapsed=131s eta=56s
  [kd_t1only_fair] [epoch 41/100] batch 240/300 (80%) loss=8915.6024 elapsed=150s eta=38s
  [kd_t1only_fair] [epoch 41/100] batch 270/300 (90%) loss=8909.6764 elapsed=169s eta=19s
  [kd_t1only_fair] [epoch 41/100] batch 300/300 (100%) loss=8892.2517 elapsed=188s eta=0s
[kd_t1only_fair] [sampler] sampled: {0: 400, 1: 400, 2: 400} total=1200 spalling_ratio=24.33%
[kd_t1only_fair] [sampler] unique: {0: 400, 1: 400, 2: 400} unique_total=1200 dup_ratio=1.00x
[kd_t1only_fair] [epoch 041/100] remain=59 epochs ep_eta=189.4min (avg 193s/ep)
[kd_t1only_fair] [epoch 041/100] lr=0.000041  dt=187.8s
  train loss=8892.2517  ce=0.0923 dice=0.1764  tversky=0.0000 bd=0.0000  cldice=0.0000 snake=0.0000
  val   skipped (next val at epoch 45)
[kd_t1only_fair] [curriculum] epoch 42: stage=1 tiers=[0, 1] pool={0: 400, 1: 400, 2: 0}
  [kd_t1only_fair] [epoch 42/100] batch 30/300 (10%) loss=8184.9592 elapsed=20s eta=176s
  [kd_t1only_fair] [epoch 42/100] batch 60/300 (20%) loss=8497.7367 elapsed=38s eta=153s
  [kd_t1only_fair] [epoch 42/100] batch 90/300 (30%) loss=8583.3569 elapsed=57s eta=133s
  [kd_t1only_fair] [epoch 42/100] batch 120/300 (40%) loss=8994.1127 elapsed=76s eta=113s
  [kd_t1only_fair] [epoch 42/100] batch 150/300 (50%) loss=10528.7081 elapsed=94s eta=94s
  [kd_t1only_fair] [epoch 42/100] batch 180/300 (60%) loss=10884.2740 elapsed=113s eta=75s
  [kd_t1only_fair] [epoch 42/100] batch 210/300 (70%) loss=10834.3592 elapsed=132s eta=56s
  [kd_t1only_fair] [epoch 42/100] batch 240/300 (80%) loss=10760.9569 elapsed=150s eta=38s
  [kd_t1only_fair] [epoch 42/100] batch 270/300 (90%) loss=10743.4438 elapsed=169s eta=19s
  [kd_t1only_fair] [epoch 42/100] batch 300/300 (100%) loss=10581.6174 elapsed=188s eta=0s
[kd_t1only_fair] [sampler] sampled: {0: 400, 1: 400, 2: 400} total=1200 spalling_ratio=24.33%
[kd_t1only_fair] [sampler] unique: {0: 400, 1: 400, 2: 400} unique_total=1200 dup_ratio=1.00x
[kd_t1only_fair] [epoch 042/100] remain=58 epochs ep_eta=186.1min (avg 193s/ep)
[kd_t1only_fair] [epoch 042/100] lr=0.000040  dt=188.4s
  train loss=10581.6174  ce=0.0981 dice=0.1812  tversky=0.0000 bd=0.0000  cldice=0.0000 snake=0.0000
  val   skipped (next val at epoch 45)
[kd_t1only_fair] [curriculum] epoch 43: stage=1 tiers=[0, 1] pool={0: 400, 1: 400, 2: 0}
  [kd_t1only_fair] [epoch 43/100] batch 30/300 (10%) loss=8360.1153 elapsed=20s eta=176s
  [kd_t1only_fair] [epoch 43/100] batch 60/300 (20%) loss=9038.4718 elapsed=38s eta=153s
  [kd_t1only_fair] [epoch 43/100] batch 90/300 (30%) loss=9236.5869 elapsed=57s eta=133s
  [kd_t1only_fair] [epoch 43/100] batch 120/300 (40%) loss=9371.7080 elapsed=76s eta=114s
  [kd_t1only_fair] [epoch 43/100] batch 150/300 (50%) loss=9265.9828 elapsed=95s eta=95s
  [kd_t1only_fair] [epoch 43/100] batch 180/300 (60%) loss=9268.7067 elapsed=113s eta=76s
  [kd_t1only_fair] [epoch 43/100] batch 210/300 (70%) loss=9195.1406 elapsed=132s eta=57s
  [kd_t1only_fair] [epoch 43/100] batch 240/300 (80%) loss=9061.5579 elapsed=151s eta=38s
  [kd_t1only_fair] [epoch 43/100] batch 270/300 (90%) loss=9040.6931 elapsed=169s eta=19s
  [kd_t1only_fair] [epoch 43/100] batch 300/300 (100%) loss=8937.2796 elapsed=188s eta=0s
[kd_t1only_fair] [sampler] sampled: {0: 400, 1: 400, 2: 400} total=1200 spalling_ratio=24.33%
[kd_t1only_fair] [sampler] unique: {0: 400, 1: 400, 2: 400} unique_total=1200 dup_ratio=1.00x
[kd_t1only_fair] [epoch 043/100] remain=57 epochs ep_eta=182.8min (avg 192s/ep)
[kd_t1only_fair] [epoch 043/100] lr=0.000039  dt=188.1s
  train loss=8937.2796  ce=0.0930 dice=0.1778  tversky=0.0000 bd=0.0000  cldice=0.0000 snake=0.0000
  val   skipped (next val at epoch 45)
[kd_t1only_fair] [curriculum] epoch 44: stage=1 tiers=[0, 1] pool={0: 400, 1: 400, 2: 0}
  [kd_t1only_fair] [epoch 44/100] batch 30/300 (10%) loss=8255.9019 elapsed=19s eta=173s
  [kd_t1only_fair] [epoch 44/100] batch 60/300 (20%) loss=8785.0578 elapsed=38s eta=152s
  [kd_t1only_fair] [epoch 44/100] batch 90/300 (30%) loss=8684.1410 elapsed=57s eta=132s
  [kd_t1only_fair] [epoch 44/100] batch 120/300 (40%) loss=8498.2385 elapsed=75s eta=113s
  [kd_t1only_fair] [epoch 44/100] batch 150/300 (50%) loss=8431.4291 elapsed=94s eta=94s
  [kd_t1only_fair] [epoch 44/100] batch 180/300 (60%) loss=8526.9415 elapsed=113s eta=75s
  [kd_t1only_fair] [epoch 44/100] batch 210/300 (70%) loss=8531.0382 elapsed=131s eta=56s
  [kd_t1only_fair] [epoch 44/100] batch 240/300 (80%) loss=8587.3174 elapsed=150s eta=38s
  [kd_t1only_fair] [epoch 44/100] batch 270/300 (90%) loss=8817.3497 elapsed=169s eta=19s
  [kd_t1only_fair] [epoch 44/100] batch 300/300 (100%) loss=8835.8510 elapsed=188s eta=0s
[kd_t1only_fair] [sampler] sampled: {0: 400, 1: 400, 2: 400} total=1200 spalling_ratio=24.33%
[kd_t1only_fair] [sampler] unique: {0: 400, 1: 400, 2: 400} unique_total=1200 dup_ratio=1.00x
[kd_t1only_fair] [epoch 044/100] remain=56 epochs ep_eta=179.6min (avg 192s/ep)
[kd_t1only_fair] [epoch 044/100] lr=0.000038  dt=187.9s
  train loss=8835.8510  ce=0.0929 dice=0.1799  tversky=0.0000 bd=0.0000  cldice=0.0000 snake=0.0000
  val   skipped (next val at epoch 45)
[kd_t1only_fair] [curriculum] epoch 45: stage=1 tiers=[0, 1] pool={0: 400, 1: 400, 2: 0}
  [kd_t1only_fair] [epoch 45/100] batch 30/300 (10%) loss=8176.3444 elapsed=19s eta=175s
  [kd_t1only_fair] [epoch 45/100] batch 60/300 (20%) loss=9495.5355 elapsed=38s eta=153s
  [kd_t1only_fair] [epoch 45/100] batch 90/300 (30%) loss=9368.5922 elapsed=57s eta=133s
  [kd_t1only_fair] [epoch 45/100] batch 120/300 (40%) loss=9187.7547 elapsed=76s eta=114s
  [kd_t1only_fair] [epoch 45/100] batch 150/300 (50%) loss=9157.8436 elapsed=95s eta=95s
  [kd_t1only_fair] [epoch 45/100] batch 180/300 (60%) loss=9135.5434 elapsed=113s eta=76s
  [kd_t1only_fair] [epoch 45/100] batch 210/300 (70%) loss=8960.2571 elapsed=132s eta=57s
  [kd_t1only_fair] [epoch 45/100] batch 240/300 (80%) loss=8935.7467 elapsed=151s eta=38s
  [kd_t1only_fair] [epoch 45/100] batch 270/300 (90%) loss=8825.1107 elapsed=169s eta=19s
  [kd_t1only_fair] [epoch 45/100] batch 300/300 (100%) loss=8761.4026 elapsed=188s eta=0s
[kd_t1only_fair] [sampler] sampled: {0: 400, 1: 400, 2: 400} total=1200 spalling_ratio=24.33%
[kd_t1only_fair] [sampler] unique: {0: 400, 1: 400, 2: 400} unique_total=1200 dup_ratio=1.00x
[kd_t1only_fair] [epoch 045/100] remain=55 epochs ep_eta=176.5min (avg 193s/ep)
[kd_t1only_fair] [epoch 045/100] lr=0.000037  dt=197.7s
  train loss=8761.4026  ce=0.0926 dice=0.1756  tversky=0.0000 bd=0.0000  cldice=0.0000 snake=0.0000
  val   loss=0.2699
  IoU   bg=0.9760  crack=0.5691  spalling=0.7806  | mIoU_fg=0.6749  pix_acc=0.9766
  Dice  bg=0.9879  crack=0.7254  spalling=0.8768
  BF1   crack=0.7419  spalling=0.6385  | BF1_fg_mean=0.6902
[kd_t1only_fair] [curriculum] epoch 46: stage=1 tiers=[0, 1] pool={0: 400, 1: 400, 2: 0}
  [kd_t1only_fair] [epoch 46/100] batch 30/300 (10%) loss=8181.2524 elapsed=19s eta=172s
  [kd_t1only_fair] [epoch 46/100] batch 60/300 (20%) loss=8116.7670 elapsed=38s eta=151s
  [kd_t1only_fair] [epoch 46/100] batch 90/300 (30%) loss=7782.8979 elapsed=56s eta=131s
  [kd_t1only_fair] [epoch 46/100] batch 120/300 (40%) loss=8019.3495 elapsed=75s eta=112s
  [kd_t1only_fair] [epoch 46/100] batch 150/300 (50%) loss=8013.0519 elapsed=93s eta=93s
  [kd_t1only_fair] [epoch 46/100] batch 180/300 (60%) loss=8079.9167 elapsed=112s eta=75s
  [kd_t1only_fair] [epoch 46/100] batch 210/300 (70%) loss=8026.3037 elapsed=131s eta=56s
  [kd_t1only_fair] [epoch 46/100] batch 240/300 (80%) loss=8026.0352 elapsed=149s eta=37s
  [kd_t1only_fair] [epoch 46/100] batch 270/300 (90%) loss=8014.4587 elapsed=168s eta=19s
  [kd_t1only_fair] [epoch 46/100] batch 300/300 (100%) loss=8082.5039 elapsed=187s eta=0s
[kd_t1only_fair] [sampler] sampled: {0: 400, 1: 400, 2: 400} total=1200 spalling_ratio=24.33%
[kd_t1only_fair] [sampler] unique: {0: 400, 1: 400, 2: 400} unique_total=1200 dup_ratio=1.00x
[kd_t1only_fair] [epoch 046/100] remain=54 epochs ep_eta=173.2min (avg 192s/ep)
[kd_t1only_fair] [epoch 046/100] lr=0.000036  dt=186.9s
  train loss=8082.5039  ce=0.0891 dice=0.1743  tversky=0.0000 bd=0.0000  cldice=0.0000 snake=0.0000
  val   skipped (next val at epoch 50)
[kd_t1only_fair] [curriculum] epoch 47: stage=1 tiers=[0, 1] pool={0: 400, 1: 400, 2: 0}
  [kd_t1only_fair] [epoch 47/100] batch 30/300 (10%) loss=7144.4388 elapsed=19s eta=175s
  [kd_t1only_fair] [epoch 47/100] batch 60/300 (20%) loss=7909.5569 elapsed=38s eta=154s
  [kd_t1only_fair] [epoch 47/100] batch 90/300 (30%) loss=8160.6720 elapsed=57s eta=133s
  [kd_t1only_fair] [epoch 47/100] batch 120/300 (40%) loss=8187.6829 elapsed=76s eta=113s
  [kd_t1only_fair] [epoch 47/100] batch 150/300 (50%) loss=8087.5447 elapsed=94s eta=94s
  [kd_t1only_fair] [epoch 47/100] batch 180/300 (60%) loss=7986.9499 elapsed=113s eta=75s
  [kd_t1only_fair] [epoch 47/100] batch 210/300 (70%) loss=7909.6625 elapsed=131s eta=56s
  [kd_t1only_fair] [epoch 47/100] batch 240/300 (80%) loss=7867.2952 elapsed=150s eta=38s
  [kd_t1only_fair] [epoch 47/100] batch 270/300 (90%) loss=7787.4416 elapsed=169s eta=19s
  [kd_t1only_fair] [epoch 47/100] batch 300/300 (100%) loss=7847.6395 elapsed=187s eta=0s
[kd_t1only_fair] [sampler] sampled: {0: 400, 1: 400, 2: 400} total=1200 spalling_ratio=24.33%
[kd_t1only_fair] [sampler] unique: {0: 400, 1: 400, 2: 400} unique_total=1200 dup_ratio=1.00x
[kd_t1only_fair] [epoch 047/100] remain=53 epochs ep_eta=170.0min (avg 192s/ep)
[kd_t1only_fair] [epoch 047/100] lr=0.000035  dt=187.7s
  train loss=7847.6395  ce=0.0890 dice=0.1782  tversky=0.0000 bd=0.0000  cldice=0.0000 snake=0.0000
  val   skipped (next val at epoch 50)
[kd_t1only_fair] [curriculum] epoch 48: stage=1 tiers=[0, 1] pool={0: 400, 1: 400, 2: 0}
  [kd_t1only_fair] [epoch 48/100] batch 30/300 (10%) loss=7267.6388 elapsed=20s eta=176s
  [kd_t1only_fair] [epoch 48/100] batch 60/300 (20%) loss=7236.3731 elapsed=38s eta=153s
  [kd_t1only_fair] [epoch 48/100] batch 90/300 (30%) loss=7091.9541 elapsed=57s eta=133s
  [kd_t1only_fair] [epoch 48/100] batch 120/300 (40%) loss=7091.6511 elapsed=76s eta=113s
  [kd_t1only_fair] [epoch 48/100] batch 150/300 (50%) loss=7222.2330 elapsed=95s eta=95s
  [kd_t1only_fair] [epoch 48/100] batch 180/300 (60%) loss=7316.0368 elapsed=113s eta=75s
  [kd_t1only_fair] [epoch 48/100] batch 210/300 (70%) loss=7374.8250 elapsed=132s eta=57s
  [kd_t1only_fair] [epoch 48/100] batch 240/300 (80%) loss=7353.8716 elapsed=151s eta=38s
  [kd_t1only_fair] [epoch 48/100] batch 270/300 (90%) loss=7440.7308 elapsed=169s eta=19s
  [kd_t1only_fair] [epoch 48/100] batch 300/300 (100%) loss=7485.9091 elapsed=188s eta=0s
[kd_t1only_fair] [sampler] sampled: {0: 400, 1: 400, 2: 400} total=1200 spalling_ratio=24.33%
[kd_t1only_fair] [sampler] unique: {0: 400, 1: 400, 2: 400} unique_total=1200 dup_ratio=1.00x
[kd_t1only_fair] [epoch 048/100] remain=52 epochs ep_eta=166.7min (avg 192s/ep)
[kd_t1only_fair] [epoch 048/100] lr=0.000034  dt=187.9s
  train loss=7485.9091  ce=0.0886 dice=0.1797  tversky=0.0000 bd=0.0000  cldice=0.0000 snake=0.0000
  val   skipped (next val at epoch 50)
[kd_t1only_fair] [curriculum] epoch 49: stage=1 tiers=[0, 1] pool={0: 400, 1: 400, 2: 0}
  [kd_t1only_fair] [epoch 49/100] batch 30/300 (10%) loss=7369.3947 elapsed=19s eta=173s
  [kd_t1only_fair] [epoch 49/100] batch 60/300 (20%) loss=7811.7767 elapsed=38s eta=153s
  [kd_t1only_fair] [epoch 49/100] batch 90/300 (30%) loss=7562.0690 elapsed=57s eta=133s
  [kd_t1only_fair] [epoch 49/100] batch 120/300 (40%) loss=7611.1317 elapsed=76s eta=113s
  [kd_t1only_fair] [epoch 49/100] batch 150/300 (50%) loss=7508.5106 elapsed=94s eta=94s
  [kd_t1only_fair] [epoch 49/100] batch 180/300 (60%) loss=7380.7174 elapsed=113s eta=75s
  [kd_t1only_fair] [epoch 49/100] batch 210/300 (70%) loss=7393.7612 elapsed=132s eta=56s
  [kd_t1only_fair] [epoch 49/100] batch 240/300 (80%) loss=7447.5706 elapsed=150s eta=38s
  [kd_t1only_fair] [epoch 49/100] batch 270/300 (90%) loss=7418.2807 elapsed=169s eta=19s
  [kd_t1only_fair] [epoch 49/100] batch 300/300 (100%) loss=7498.3769 elapsed=188s eta=0s
[kd_t1only_fair] [sampler] sampled: {0: 400, 1: 400, 2: 400} total=1200 spalling_ratio=24.33%
[kd_t1only_fair] [sampler] unique: {0: 400, 1: 400, 2: 400} unique_total=1200 dup_ratio=1.00x
[kd_t1only_fair] [epoch 049/100] remain=51 epochs ep_eta=163.5min (avg 192s/ep)
[kd_t1only_fair] [epoch 049/100] lr=0.000033  dt=188.1s
  train loss=7498.3769  ce=0.0886 dice=0.1785  tversky=0.0000 bd=0.0000  cldice=0.0000 snake=0.0000
  val   skipped (next val at epoch 50)
[kd_t1only_fair] [curriculum] epoch 50: stage=1 tiers=[0, 1] pool={0: 400, 1: 400, 2: 0}
  [kd_t1only_fair] [epoch 50/100] batch 30/300 (10%) loss=6963.5297 elapsed=19s eta=175s
  [kd_t1only_fair] [epoch 50/100] batch 60/300 (20%) loss=7295.6583 elapsed=38s eta=153s
  [kd_t1only_fair] [epoch 50/100] batch 90/300 (30%) loss=7087.0123 elapsed=57s eta=133s
  [kd_t1only_fair] [epoch 50/100] batch 120/300 (40%) loss=7014.4702 elapsed=75s eta=113s
  [kd_t1only_fair] [epoch 50/100] batch 150/300 (50%) loss=6921.1917 elapsed=94s eta=94s
  [kd_t1only_fair] [epoch 50/100] batch 180/300 (60%) loss=7012.3733 elapsed=113s eta=75s
  [kd_t1only_fair] [epoch 50/100] batch 210/300 (70%) loss=6998.7059 elapsed=132s eta=56s
  [kd_t1only_fair] [epoch 50/100] batch 240/300 (80%) loss=7102.2223 elapsed=150s eta=38s
  [kd_t1only_fair] [epoch 50/100] batch 270/300 (90%) loss=7144.7405 elapsed=169s eta=19s
  [kd_t1only_fair] [epoch 50/100] batch 300/300 (100%) loss=7184.0654 elapsed=188s eta=0s
[kd_t1only_fair] [sampler] sampled: {0: 400, 1: 400, 2: 400} total=1200 spalling_ratio=24.33%
[kd_t1only_fair] [sampler] unique: {0: 400, 1: 400, 2: 400} unique_total=1200 dup_ratio=1.00x
[kd_t1only_fair] [epoch 050/100] remain=50 epochs ep_eta=160.4min (avg 192s/ep)
[kd_t1only_fair] [epoch 050/100] lr=0.000032  dt=197.4s
  train loss=7184.0654  ce=0.0869 dice=0.1726  tversky=0.0000 bd=0.0000  cldice=0.0000 snake=0.0000
  val   loss=0.2697
  IoU   bg=0.9761  crack=0.5747  spalling=0.7901  | mIoU_fg=0.6824  pix_acc=0.9768
  Dice  bg=0.9879  crack=0.7299  spalling=0.8827
  BF1   crack=0.7435  spalling=0.6174  | BF1_fg_mean=0.6804
[kd_t1only_fair] [curriculum] epoch 51: stage=1 tiers=[0, 1] pool={0: 400, 1: 400, 2: 0}
  [kd_t1only_fair] [epoch 51/100] batch 30/300 (10%) loss=7212.0979 elapsed=19s eta=174s
  [kd_t1only_fair] [epoch 51/100] batch 60/300 (20%) loss=6836.6425 elapsed=38s eta=152s
  [kd_t1only_fair] [epoch 51/100] batch 90/300 (30%) loss=6857.7065 elapsed=57s eta=132s
  [kd_t1only_fair] [epoch 51/100] batch 120/300 (40%) loss=6820.3631 elapsed=75s eta=113s
  [kd_t1only_fair] [epoch 51/100] batch 150/300 (50%) loss=6898.8886 elapsed=94s eta=94s
  [kd_t1only_fair] [epoch 51/100] batch 180/300 (60%) loss=6988.6018 elapsed=113s eta=75s
  [kd_t1only_fair] [epoch 51/100] batch 210/300 (70%) loss=6920.5783 elapsed=131s eta=56s
  [kd_t1only_fair] [epoch 51/100] batch 240/300 (80%) loss=6937.6370 elapsed=150s eta=37s
  [kd_t1only_fair] [epoch 51/100] batch 270/300 (90%) loss=7006.2356 elapsed=168s eta=19s
  [kd_t1only_fair] [epoch 51/100] batch 300/300 (100%) loss=6951.6404 elapsed=187s eta=0s
[kd_t1only_fair] [sampler] sampled: {0: 400, 1: 400, 2: 400} total=1200 spalling_ratio=24.33%
[kd_t1only_fair] [sampler] unique: {0: 400, 1: 400, 2: 400} unique_total=1200 dup_ratio=1.00x
[kd_t1only_fair] [epoch 051/100] remain=49 epochs ep_eta=157.1min (avg 192s/ep)
[kd_t1only_fair] [epoch 051/100] lr=0.000031  dt=187.2s
  train loss=6951.6404  ce=0.0864 dice=0.1706  tversky=0.0000 bd=0.0000  cldice=0.0000 snake=0.0000
  val   skipped (next val at epoch 55)
[kd_t1only_fair] [curriculum] epoch 52: stage=1 tiers=[0, 1] pool={0: 400, 1: 400, 2: 0}
  [kd_t1only_fair] [epoch 52/100] batch 30/300 (10%) loss=7531.6777 elapsed=19s eta=175s
  [kd_t1only_fair] [epoch 52/100] batch 60/300 (20%) loss=7353.2823 elapsed=38s eta=152s
  [kd_t1only_fair] [epoch 52/100] batch 90/300 (30%) loss=7114.9399 elapsed=57s eta=132s
  [kd_t1only_fair] [epoch 52/100] batch 120/300 (40%) loss=7084.5999 elapsed=75s eta=113s
  [kd_t1only_fair] [epoch 52/100] batch 150/300 (50%) loss=7066.1137 elapsed=94s eta=94s
  [kd_t1only_fair] [epoch 52/100] batch 180/300 (60%) loss=7092.2001 elapsed=113s eta=75s
  [kd_t1only_fair] [epoch 52/100] batch 210/300 (70%) loss=7133.0054 elapsed=131s eta=56s
  [kd_t1only_fair] [epoch 52/100] batch 240/300 (80%) loss=7103.8577 elapsed=150s eta=37s
  [kd_t1only_fair] [epoch 52/100] batch 270/300 (90%) loss=7112.5834 elapsed=169s eta=19s
  [kd_t1only_fair] [epoch 52/100] batch 300/300 (100%) loss=7111.1842 elapsed=187s eta=0s
[kd_t1only_fair] [sampler] sampled: {0: 400, 1: 400, 2: 400} total=1200 spalling_ratio=24.33%
[kd_t1only_fair] [sampler] unique: {0: 400, 1: 400, 2: 400} unique_total=1200 dup_ratio=1.00x
[kd_t1only_fair] [epoch 052/100] remain=48 epochs ep_eta=153.9min (avg 192s/ep)
[kd_t1only_fair] [epoch 052/100] lr=0.000030  dt=187.6s
  train loss=7111.1842  ce=0.0862 dice=0.1766  tversky=0.0000 bd=0.0000  cldice=0.0000 snake=0.0000
  val   skipped (next val at epoch 55)
[kd_t1only_fair] [curriculum] epoch 53: stage=1 tiers=[0, 1] pool={0: 400, 1: 400, 2: 0}
  [kd_t1only_fair] [epoch 53/100] batch 30/300 (10%) loss=7124.2251 elapsed=19s eta=174s
  [kd_t1only_fair] [epoch 53/100] batch 60/300 (20%) loss=7432.8023 elapsed=38s eta=152s
  [kd_t1only_fair] [epoch 53/100] batch 90/300 (30%) loss=7339.4045 elapsed=57s eta=132s
  [kd_t1only_fair] [epoch 53/100] batch 120/300 (40%) loss=7303.0188 elapsed=75s eta=113s
  [kd_t1only_fair] [epoch 53/100] batch 150/300 (50%) loss=7212.3570 elapsed=94s eta=94s
  [kd_t1only_fair] [epoch 53/100] batch 180/300 (60%) loss=7118.2068 elapsed=113s eta=75s
  [kd_t1only_fair] [epoch 53/100] batch 210/300 (70%) loss=7014.7738 elapsed=132s eta=56s
  [kd_t1only_fair] [epoch 53/100] batch 240/300 (80%) loss=7057.6915 elapsed=150s eta=38s
  [kd_t1only_fair] [epoch 53/100] batch 270/300 (90%) loss=7042.6730 elapsed=169s eta=19s
  [kd_t1only_fair] [epoch 53/100] batch 300/300 (100%) loss=7055.7142 elapsed=187s eta=0s
[kd_t1only_fair] [sampler] sampled: {0: 400, 1: 400, 2: 400} total=1200 spalling_ratio=24.33%
[kd_t1only_fair] [sampler] unique: {0: 400, 1: 400, 2: 400} unique_total=1200 dup_ratio=1.00x
[kd_t1only_fair] [epoch 053/100] remain=47 epochs ep_eta=150.6min (avg 192s/ep)
[kd_t1only_fair] [epoch 053/100] lr=0.000030  dt=187.6s
  train loss=7055.7142  ce=0.0867 dice=0.1767  tversky=0.0000 bd=0.0000  cldice=0.0000 snake=0.0000
  val   skipped (next val at epoch 55)
[kd_t1only_fair] [curriculum] epoch 54: stage=1 tiers=[0, 1] pool={0: 400, 1: 400, 2: 0}
  [kd_t1only_fair] [epoch 54/100] batch 30/300 (10%) loss=6729.6619 elapsed=19s eta=173s
  [kd_t1only_fair] [epoch 54/100] batch 60/300 (20%) loss=6542.1063 elapsed=38s eta=152s
  [kd_t1only_fair] [epoch 54/100] batch 90/300 (30%) loss=6682.0905 elapsed=57s eta=132s
  [kd_t1only_fair] [epoch 54/100] batch 120/300 (40%) loss=6683.2004 elapsed=75s eta=113s
  [kd_t1only_fair] [epoch 54/100] batch 150/300 (50%) loss=6579.5605 elapsed=94s eta=94s
  [kd_t1only_fair] [epoch 54/100] batch 180/300 (60%) loss=6467.6867 elapsed=112s eta=75s
  [kd_t1only_fair] [epoch 54/100] batch 210/300 (70%) loss=6490.8212 elapsed=131s eta=56s
  [kd_t1only_fair] [epoch 54/100] batch 240/300 (80%) loss=6555.9850 elapsed=150s eta=37s
  [kd_t1only_fair] [epoch 54/100] batch 270/300 (90%) loss=6597.1691 elapsed=169s eta=19s
  [kd_t1only_fair] [epoch 54/100] batch 300/300 (100%) loss=6754.8475 elapsed=187s eta=0s
[kd_t1only_fair] [sampler] sampled: {0: 400, 1: 400, 2: 400} total=1200 spalling_ratio=24.33%
[kd_t1only_fair] [sampler] unique: {0: 400, 1: 400, 2: 400} unique_total=1200 dup_ratio=1.00x
[kd_t1only_fair] [epoch 054/100] remain=46 epochs ep_eta=147.4min (avg 192s/ep)
[kd_t1only_fair] [epoch 054/100] lr=0.000029  dt=187.7s
  train loss=6754.8475  ce=0.0851 dice=0.1740  tversky=0.0000 bd=0.0000  cldice=0.0000 snake=0.0000
  val   skipped (next val at epoch 55)
[kd_t1only_fair] [curriculum] epoch 55: stage=1 tiers=[0, 1] pool={0: 400, 1: 400, 2: 0}
  [kd_t1only_fair] [epoch 55/100] batch 30/300 (10%) loss=8202.8652 elapsed=20s eta=176s
  [kd_t1only_fair] [epoch 55/100] batch 60/300 (20%) loss=7847.0633 elapsed=38s eta=153s
  [kd_t1only_fair] [epoch 55/100] batch 90/300 (30%) loss=7590.4058 elapsed=57s eta=133s
  [kd_t1only_fair] [epoch 55/100] batch 120/300 (40%) loss=7514.0069 elapsed=76s eta=114s
  [kd_t1only_fair] [epoch 55/100] batch 150/300 (50%) loss=7335.6257 elapsed=95s eta=95s
  [kd_t1only_fair] [epoch 55/100] batch 180/300 (60%) loss=7269.2602 elapsed=113s eta=75s
  [kd_t1only_fair] [epoch 55/100] batch 210/300 (70%) loss=7125.4344 elapsed=132s eta=56s
  [kd_t1only_fair] [epoch 55/100] batch 240/300 (80%) loss=7058.5281 elapsed=151s eta=38s
  [kd_t1only_fair] [epoch 55/100] batch 270/300 (90%) loss=6995.1144 elapsed=169s eta=19s
  [kd_t1only_fair] [epoch 55/100] batch 300/300 (100%) loss=6940.9674 elapsed=188s eta=0s
[kd_t1only_fair] [sampler] sampled: {0: 400, 1: 400, 2: 400} total=1200 spalling_ratio=24.33%
[kd_t1only_fair] [sampler] unique: {0: 400, 1: 400, 2: 400} unique_total=1200 dup_ratio=1.00x
[kd_t1only_fair] [epoch 055/100] remain=45 epochs ep_eta=144.2min (avg 192s/ep)
[kd_t1only_fair] [epoch 055/100] lr=0.000028  dt=197.6s
  train loss=6940.9674  ce=0.0866 dice=0.1719  tversky=0.0000 bd=0.0000  cldice=0.0000 snake=0.0000
  val   loss=0.2533
  IoU   bg=0.9765  crack=0.5722  spalling=0.8048  | mIoU_fg=0.6885  pix_acc=0.9771
  Dice  bg=0.9881  crack=0.7279  spalling=0.8919
  BF1   crack=0.7393  spalling=0.6440  | BF1_fg_mean=0.6917
  [kd_t1only_fair] [best] mIoU_fg=0.6885  saved -> best.pt
[kd_t1only_fair] [curriculum] epoch 56: stage=1 tiers=[0, 1] pool={0: 400, 1: 400, 2: 0}
  [kd_t1only_fair] [epoch 56/100] batch 30/300 (10%) loss=7077.8303 elapsed=19s eta=172s
  [kd_t1only_fair] [epoch 56/100] batch 60/300 (20%) loss=6694.7561 elapsed=38s eta=151s
  [kd_t1only_fair] [epoch 56/100] batch 90/300 (30%) loss=6924.7380 elapsed=56s eta=131s
  [kd_t1only_fair] [epoch 56/100] batch 120/300 (40%) loss=7044.5667 elapsed=75s eta=113s
  [kd_t1only_fair] [epoch 56/100] batch 150/300 (50%) loss=6977.3282 elapsed=94s eta=94s
  [kd_t1only_fair] [epoch 56/100] batch 180/300 (60%) loss=6821.2478 elapsed=113s eta=75s
  [kd_t1only_fair] [epoch 56/100] batch 210/300 (70%) loss=6759.4410 elapsed=131s eta=56s
  [kd_t1only_fair] [epoch 56/100] batch 240/300 (80%) loss=6917.3905 elapsed=150s eta=37s
  [kd_t1only_fair] [epoch 56/100] batch 270/300 (90%) loss=6900.2442 elapsed=168s eta=19s
  [kd_t1only_fair] [epoch 56/100] batch 300/300 (100%) loss=6887.0332 elapsed=187s eta=0s
[kd_t1only_fair] [sampler] sampled: {0: 400, 1: 400, 2: 400} total=1200 spalling_ratio=24.33%
[kd_t1only_fair] [sampler] unique: {0: 400, 1: 400, 2: 400} unique_total=1200 dup_ratio=1.00x
[kd_t1only_fair] [epoch 056/100] remain=44 epochs ep_eta=141.0min (avg 192s/ep)
[kd_t1only_fair] [epoch 056/100] lr=0.000027  dt=187.3s
  train loss=6887.0332  ce=0.0854 dice=0.1707  tversky=0.0000 bd=0.0000  cldice=0.0000 snake=0.0000
  val   skipped (next val at epoch 60)
[kd_t1only_fair] [curriculum] epoch 57: stage=1 tiers=[0, 1] pool={0: 400, 1: 400, 2: 0}
  [kd_t1only_fair] [epoch 57/100] batch 30/300 (10%) loss=6849.8655 elapsed=20s eta=178s
  [kd_t1only_fair] [epoch 57/100] batch 60/300 (20%) loss=6720.7634 elapsed=39s eta=154s
  [kd_t1only_fair] [epoch 57/100] batch 90/300 (30%) loss=6600.8817 elapsed=57s eta=133s
  [kd_t1only_fair] [epoch 57/100] batch 120/300 (40%) loss=6622.0372 elapsed=76s eta=114s
  [kd_t1only_fair] [epoch 57/100] batch 150/300 (50%) loss=6584.5455 elapsed=95s eta=95s
  [kd_t1only_fair] [epoch 57/100] batch 180/300 (60%) loss=6602.2546 elapsed=114s eta=76s
  [kd_t1only_fair] [epoch 57/100] batch 210/300 (70%) loss=6548.9097 elapsed=132s eta=57s
  [kd_t1only_fair] [epoch 57/100] batch 240/300 (80%) loss=6473.1134 elapsed=151s eta=38s
  [kd_t1only_fair] [epoch 57/100] batch 270/300 (90%) loss=6378.9047 elapsed=169s eta=19s
  [kd_t1only_fair] [epoch 57/100] batch 300/300 (100%) loss=6444.9662 elapsed=188s eta=0s
[kd_t1only_fair] [sampler] sampled: {0: 400, 1: 400, 2: 400} total=1200 spalling_ratio=24.33%
[kd_t1only_fair] [sampler] unique: {0: 400, 1: 400, 2: 400} unique_total=1200 dup_ratio=1.00x
[kd_t1only_fair] [epoch 057/100] remain=43 epochs ep_eta=137.8min (avg 192s/ep)
[kd_t1only_fair] [epoch 057/100] lr=0.000026  dt=188.6s
  train loss=6444.9662  ce=0.0851 dice=0.1683  tversky=0.0000 bd=0.0000  cldice=0.0000 snake=0.0000
  val   skipped (next val at epoch 60)
[kd_t1only_fair] [curriculum] epoch 58: stage=1 tiers=[0, 1] pool={0: 400, 1: 400, 2: 0}
  [kd_t1only_fair] [epoch 58/100] batch 30/300 (10%) loss=5841.2697 elapsed=19s eta=174s
  [kd_t1only_fair] [epoch 58/100] batch 60/300 (20%) loss=6298.3288 elapsed=38s eta=152s
  [kd_t1only_fair] [epoch 58/100] batch 90/300 (30%) loss=6266.1633 elapsed=57s eta=133s
  [kd_t1only_fair] [epoch 58/100] batch 120/300 (40%) loss=6298.1745 elapsed=76s eta=113s
  [kd_t1only_fair] [epoch 58/100] batch 150/300 (50%) loss=6309.1925 elapsed=94s eta=94s
  [kd_t1only_fair] [epoch 58/100] batch 180/300 (60%) loss=6346.8557 elapsed=113s eta=75s
  [kd_t1only_fair] [epoch 58/100] batch 210/300 (70%) loss=6286.5598 elapsed=132s eta=56s
  [kd_t1only_fair] [epoch 58/100] batch 240/300 (80%) loss=6303.1394 elapsed=150s eta=38s
  [kd_t1only_fair] [epoch 58/100] batch 270/300 (90%) loss=6268.2038 elapsed=169s eta=19s
  [kd_t1only_fair] [epoch 58/100] batch 300/300 (100%) loss=6245.3507 elapsed=188s eta=0s
[kd_t1only_fair] [sampler] sampled: {0: 400, 1: 400, 2: 400} total=1200 spalling_ratio=24.33%
[kd_t1only_fair] [sampler] unique: {0: 400, 1: 400, 2: 400} unique_total=1200 dup_ratio=1.00x
[kd_t1only_fair] [epoch 058/100] remain=42 epochs ep_eta=134.6min (avg 192s/ep)
[kd_t1only_fair] [epoch 058/100] lr=0.000025  dt=188.2s
  train loss=6245.3507  ce=0.0834 dice=0.1710  tversky=0.0000 bd=0.0000  cldice=0.0000 snake=0.0000
  val   skipped (next val at epoch 60)
[kd_t1only_fair] [curriculum] epoch 59: stage=1 tiers=[0, 1] pool={0: 400, 1: 400, 2: 0}
  [kd_t1only_fair] [epoch 59/100] batch 30/300 (10%) loss=6747.6280 elapsed=19s eta=172s
  [kd_t1only_fair] [epoch 59/100] batch 60/300 (20%) loss=6247.2971 elapsed=38s eta=152s
  [kd_t1only_fair] [epoch 59/100] batch 90/300 (30%) loss=6113.5139 elapsed=56s eta=132s
  [kd_t1only_fair] [epoch 59/100] batch 120/300 (40%) loss=6083.7872 elapsed=75s eta=113s
  [kd_t1only_fair] [epoch 59/100] batch 150/300 (50%) loss=5952.5778 elapsed=94s eta=94s
  [kd_t1only_fair] [epoch 59/100] batch 180/300 (60%) loss=5972.6967 elapsed=113s eta=75s
  [kd_t1only_fair] [epoch 59/100] batch 210/300 (70%) loss=6024.5773 elapsed=132s eta=56s
  [kd_t1only_fair] [epoch 59/100] batch 240/300 (80%) loss=6008.0204 elapsed=150s eta=38s
  [kd_t1only_fair] [epoch 59/100] batch 270/300 (90%) loss=5960.7494 elapsed=169s eta=19s
  [kd_t1only_fair] [epoch 59/100] batch 300/300 (100%) loss=5981.5658 elapsed=188s eta=0s
[kd_t1only_fair] [sampler] sampled: {0: 400, 1: 400, 2: 400} total=1200 spalling_ratio=24.33%
[kd_t1only_fair] [sampler] unique: {0: 400, 1: 400, 2: 400} unique_total=1200 dup_ratio=1.00x
[kd_t1only_fair] [epoch 059/100] remain=41 epochs ep_eta=131.3min (avg 192s/ep)
[kd_t1only_fair] [epoch 059/100] lr=0.000024  dt=188.0s
  train loss=5981.5658  ce=0.0826 dice=0.1666  tversky=0.0000 bd=0.0000  cldice=0.0000 snake=0.0000
  val   skipped (next val at epoch 60)
[kd_t1only_fair] [curriculum] epoch 60: stage=1 tiers=[0, 1] pool={0: 400, 1: 400, 2: 0}
  [kd_t1only_fair] [epoch 60/100] batch 30/300 (10%) loss=5447.4778 elapsed=19s eta=175s
  [kd_t1only_fair] [epoch 60/100] batch 60/300 (20%) loss=5625.8763 elapsed=38s eta=153s
  [kd_t1only_fair] [epoch 60/100] batch 90/300 (30%) loss=5710.0343 elapsed=57s eta=133s
  [kd_t1only_fair] [epoch 60/100] batch 120/300 (40%) loss=5798.7599 elapsed=76s eta=113s
  [kd_t1only_fair] [epoch 60/100] batch 150/300 (50%) loss=5898.1965 elapsed=94s eta=94s
  [kd_t1only_fair] [epoch 60/100] batch 180/300 (60%) loss=5816.8470 elapsed=113s eta=75s
  [kd_t1only_fair] [epoch 60/100] batch 210/300 (70%) loss=5893.0972 elapsed=132s eta=56s
  [kd_t1only_fair] [epoch 60/100] batch 240/300 (80%) loss=5925.8028 elapsed=150s eta=38s
  [kd_t1only_fair] [epoch 60/100] batch 270/300 (90%) loss=5927.4446 elapsed=169s eta=19s
  [kd_t1only_fair] [epoch 60/100] batch 300/300 (100%) loss=5891.1650 elapsed=188s eta=0s
[kd_t1only_fair] [sampler] sampled: {0: 400, 1: 400, 2: 400} total=1200 spalling_ratio=24.33%
[kd_t1only_fair] [sampler] unique: {0: 400, 1: 400, 2: 400} unique_total=1200 dup_ratio=1.00x
[kd_t1only_fair] [epoch 060/100] remain=40 epochs ep_eta=128.2min (avg 192s/ep)
[kd_t1only_fair] [epoch 060/100] lr=0.000023  dt=197.6s
  train loss=5891.1650  ce=0.0821 dice=0.1670  tversky=0.0000 bd=0.0000  cldice=0.0000 snake=0.0000
  val   loss=0.2720
  IoU   bg=0.9767  crack=0.5737  spalling=0.7861  | mIoU_fg=0.6799  pix_acc=0.9772
  Dice  bg=0.9882  crack=0.7291  spalling=0.8802
  BF1   crack=0.7503  spalling=0.6596  | BF1_fg_mean=0.7049
[kd_t1only_fair] [curriculum] epoch 61: stage=1 tiers=[0, 1] pool={0: 400, 1: 400, 2: 0}
  [kd_t1only_fair] [epoch 61/100] batch 30/300 (10%) loss=5477.5162 elapsed=20s eta=176s
  [kd_t1only_fair] [epoch 61/100] batch 60/300 (20%) loss=5781.8146 elapsed=38s eta=152s
  [kd_t1only_fair] [epoch 61/100] batch 90/300 (30%) loss=5813.2344 elapsed=57s eta=132s
  [kd_t1only_fair] [epoch 61/100] batch 120/300 (40%) loss=5801.7560 elapsed=75s eta=113s
  [kd_t1only_fair] [epoch 61/100] batch 150/300 (50%) loss=5742.5502 elapsed=94s eta=94s
  [kd_t1only_fair] [epoch 61/100] batch 180/300 (60%) loss=5681.4592 elapsed=112s eta=75s
  [kd_t1only_fair] [epoch 61/100] batch 210/300 (70%) loss=5720.5159 elapsed=131s eta=56s
  [kd_t1only_fair] [epoch 61/100] batch 240/300 (80%) loss=5656.0511 elapsed=149s eta=37s
  [kd_t1only_fair] [epoch 61/100] batch 270/300 (90%) loss=5691.7252 elapsed=168s eta=19s
  [kd_t1only_fair] [epoch 61/100] batch 300/300 (100%) loss=5761.9656 elapsed=187s eta=0s
[kd_t1only_fair] [sampler] sampled: {0: 400, 1: 400, 2: 400} total=1200 spalling_ratio=24.33%
[kd_t1only_fair] [sampler] unique: {0: 400, 1: 400, 2: 400} unique_total=1200 dup_ratio=1.00x
[kd_t1only_fair] [epoch 061/100] remain=39 epochs ep_eta=125.0min (avg 192s/ep)
[kd_t1only_fair] [epoch 061/100] lr=0.000022  dt=186.9s
  train loss=5761.9656  ce=0.0820 dice=0.1652  tversky=0.0000 bd=0.0000  cldice=0.0000 snake=0.0000
  val   skipped (next val at epoch 65)
[kd_t1only_fair] [curriculum] epoch 62: stage=1 tiers=[0, 1] pool={0: 400, 1: 400, 2: 0}
  [kd_t1only_fair] [epoch 62/100] batch 30/300 (10%) loss=6541.8799 elapsed=19s eta=174s
  [kd_t1only_fair] [epoch 62/100] batch 60/300 (20%) loss=6571.2920 elapsed=38s eta=151s
  [kd_t1only_fair] [epoch 62/100] batch 90/300 (30%) loss=6452.6305 elapsed=56s eta=132s
  [kd_t1only_fair] [epoch 62/100] batch 120/300 (40%) loss=6346.0761 elapsed=75s eta=113s
  [kd_t1only_fair] [epoch 62/100] batch 150/300 (50%) loss=6216.7082 elapsed=94s eta=94s
  [kd_t1only_fair] [epoch 62/100] batch 180/300 (60%) loss=6189.7914 elapsed=113s eta=75s
  [kd_t1only_fair] [epoch 62/100] batch 210/300 (70%) loss=6081.9041 elapsed=131s eta=56s
  [kd_t1only_fair] [epoch 62/100] batch 240/300 (80%) loss=6017.9758 elapsed=150s eta=37s
  [kd_t1only_fair] [epoch 62/100] batch 270/300 (90%) loss=6114.3812 elapsed=168s eta=19s
  [kd_t1only_fair] [epoch 62/100] batch 300/300 (100%) loss=6030.0564 elapsed=187s eta=0s
[kd_t1only_fair] [sampler] sampled: {0: 400, 1: 400, 2: 400} total=1200 spalling_ratio=24.33%
[kd_t1only_fair] [sampler] unique: {0: 400, 1: 400, 2: 400} unique_total=1200 dup_ratio=1.00x
[kd_t1only_fair] [epoch 062/100] remain=38 epochs ep_eta=121.7min (avg 192s/ep)
[kd_t1only_fair] [epoch 062/100] lr=0.000021  dt=187.4s
  train loss=6030.0564  ce=0.0828 dice=0.1658  tversky=0.0000 bd=0.0000  cldice=0.0000 snake=0.0000
  val   skipped (next val at epoch 65)
[kd_t1only_fair] [curriculum] epoch 63: stage=1 tiers=[0, 1] pool={0: 400, 1: 400, 2: 0}
  [kd_t1only_fair] [epoch 63/100] batch 30/300 (10%) loss=5924.8682 elapsed=19s eta=172s
  [kd_t1only_fair] [epoch 63/100] batch 60/300 (20%) loss=5583.7119 elapsed=38s eta=153s
  [kd_t1only_fair] [epoch 63/100] batch 90/300 (30%) loss=5434.8142 elapsed=57s eta=133s
  [kd_t1only_fair] [epoch 63/100] batch 120/300 (40%) loss=5515.6886 elapsed=75s eta=113s
  [kd_t1only_fair] [epoch 63/100] batch 150/300 (50%) loss=5447.4130 elapsed=94s eta=94s
  [kd_t1only_fair] [epoch 63/100] batch 180/300 (60%) loss=5415.4834 elapsed=113s eta=75s
  [kd_t1only_fair] [epoch 63/100] batch 210/300 (70%) loss=5449.8417 elapsed=131s eta=56s
  [kd_t1only_fair] [epoch 63/100] batch 240/300 (80%) loss=5458.0460 elapsed=150s eta=38s
  [kd_t1only_fair] [epoch 63/100] batch 270/300 (90%) loss=5512.8332 elapsed=169s eta=19s
  [kd_t1only_fair] [epoch 63/100] batch 300/300 (100%) loss=5487.9035 elapsed=188s eta=0s
[kd_t1only_fair] [sampler] sampled: {0: 400, 1: 400, 2: 400} total=1200 spalling_ratio=24.33%
[kd_t1only_fair] [sampler] unique: {0: 400, 1: 400, 2: 400} unique_total=1200 dup_ratio=1.00x
[kd_t1only_fair] [epoch 063/100] remain=37 epochs ep_eta=118.5min (avg 192s/ep)
[kd_t1only_fair] [epoch 063/100] lr=0.000020  dt=188.0s
  train loss=5487.9035  ce=0.0811 dice=0.1671  tversky=0.0000 bd=0.0000  cldice=0.0000 snake=0.0000
  val   skipped (next val at epoch 65)
[kd_t1only_fair] [curriculum] epoch 64: stage=1 tiers=[0, 1] pool={0: 400, 1: 400, 2: 0}
  [kd_t1only_fair] [epoch 64/100] batch 30/300 (10%) loss=5141.7044 elapsed=19s eta=175s
  [kd_t1only_fair] [epoch 64/100] batch 60/300 (20%) loss=5363.4254 elapsed=38s eta=152s
  [kd_t1only_fair] [epoch 64/100] batch 90/300 (30%) loss=5558.4690 elapsed=57s eta=133s
  [kd_t1only_fair] [epoch 64/100] batch 120/300 (40%) loss=5425.7809 elapsed=76s eta=113s
  [kd_t1only_fair] [epoch 64/100] batch 150/300 (50%) loss=5403.2187 elapsed=94s eta=94s
  [kd_t1only_fair] [epoch 64/100] batch 180/300 (60%) loss=5382.3930 elapsed=113s eta=75s
  [kd_t1only_fair] [epoch 64/100] batch 210/300 (70%) loss=5451.5316 elapsed=132s eta=56s
  [kd_t1only_fair] [epoch 64/100] batch 240/300 (80%) loss=5455.2126 elapsed=151s eta=38s
  [kd_t1only_fair] [epoch 64/100] batch 270/300 (90%) loss=5492.3769 elapsed=169s eta=19s
  [kd_t1only_fair] [epoch 64/100] batch 300/300 (100%) loss=5603.8312 elapsed=188s eta=0s
[kd_t1only_fair] [sampler] sampled: {0: 400, 1: 400, 2: 400} total=1200 spalling_ratio=24.33%
[kd_t1only_fair] [sampler] unique: {0: 400, 1: 400, 2: 400} unique_total=1200 dup_ratio=1.00x
[kd_t1only_fair] [epoch 064/100] remain=36 epochs ep_eta=115.3min (avg 192s/ep)
[kd_t1only_fair] [epoch 064/100] lr=0.000019  dt=188.3s
  train loss=5603.8312  ce=0.0817 dice=0.1689  tversky=0.0000 bd=0.0000  cldice=0.0000 snake=0.0000
  val   skipped (next val at epoch 65)
[kd_t1only_fair] [curriculum] epoch 65: stage=1 tiers=[0, 1] pool={0: 400, 1: 400, 2: 0}
  [kd_t1only_fair] [epoch 65/100] batch 30/300 (10%) loss=6020.8317 elapsed=20s eta=176s
  [kd_t1only_fair] [epoch 65/100] batch 60/300 (20%) loss=5651.0906 elapsed=38s eta=152s
  [kd_t1only_fair] [epoch 65/100] batch 90/300 (30%) loss=5387.9523 elapsed=57s eta=132s
  [kd_t1only_fair] [epoch 65/100] batch 120/300 (40%) loss=5360.7942 elapsed=75s eta=113s
  [kd_t1only_fair] [epoch 65/100] batch 150/300 (50%) loss=5396.9237 elapsed=94s eta=94s
  [kd_t1only_fair] [epoch 65/100] batch 180/300 (60%) loss=5428.7853 elapsed=113s eta=75s
  [kd_t1only_fair] [epoch 65/100] batch 210/300 (70%) loss=5414.3542 elapsed=132s eta=57s
  [kd_t1only_fair] [epoch 65/100] batch 240/300 (80%) loss=5432.1947 elapsed=151s eta=38s
  [kd_t1only_fair] [epoch 65/100] batch 270/300 (90%) loss=5407.9812 elapsed=169s eta=19s
  [kd_t1only_fair] [epoch 65/100] batch 300/300 (100%) loss=5473.3244 elapsed=188s eta=0s
[kd_t1only_fair] [sampler] sampled: {0: 400, 1: 400, 2: 400} total=1200 spalling_ratio=24.33%
[kd_t1only_fair] [sampler] unique: {0: 400, 1: 400, 2: 400} unique_total=1200 dup_ratio=1.00x
[kd_t1only_fair] [epoch 065/100] remain=35 epochs ep_eta=112.1min (avg 192s/ep)
[kd_t1only_fair] [epoch 065/100] lr=0.000018  dt=197.5s
  train loss=5473.3244  ce=0.0810 dice=0.1673  tversky=0.0000 bd=0.0000  cldice=0.0000 snake=0.0000
  val   loss=0.2715
  IoU   bg=0.9767  crack=0.5755  spalling=0.7877  | mIoU_fg=0.6816  pix_acc=0.9773
  Dice  bg=0.9882  crack=0.7306  spalling=0.8813
  BF1   crack=0.7511  spalling=0.6424  | BF1_fg_mean=0.6968
[kd_t1only_fair] [curriculum] epoch 66: stage=1 tiers=[0, 1] pool={0: 400, 1: 400, 2: 0}
  [kd_t1only_fair] [epoch 66/100] batch 30/300 (10%) loss=5916.2962 elapsed=19s eta=174s
  [kd_t1only_fair] [epoch 66/100] batch 60/300 (20%) loss=5893.9059 elapsed=38s eta=152s
  [kd_t1only_fair] [epoch 66/100] batch 90/300 (30%) loss=5901.1217 elapsed=57s eta=132s
  [kd_t1only_fair] [epoch 66/100] batch 120/300 (40%) loss=5885.9657 elapsed=75s eta=113s
  [kd_t1only_fair] [epoch 66/100] batch 150/300 (50%) loss=5837.9270 elapsed=94s eta=94s
  [kd_t1only_fair] [epoch 66/100] batch 180/300 (60%) loss=5728.5389 elapsed=112s eta=75s
  [kd_t1only_fair] [epoch 66/100] batch 210/300 (70%) loss=5642.0197 elapsed=131s eta=56s
  [kd_t1only_fair] [epoch 66/100] batch 240/300 (80%) loss=5570.1813 elapsed=150s eta=37s
  [kd_t1only_fair] [epoch 66/100] batch 270/300 (90%) loss=5563.2030 elapsed=168s eta=19s
  [kd_t1only_fair] [epoch 66/100] batch 300/300 (100%) loss=5533.8670 elapsed=187s eta=0s
[kd_t1only_fair] [sampler] sampled: {0: 400, 1: 400, 2: 400} total=1200 spalling_ratio=24.33%
[kd_t1only_fair] [sampler] unique: {0: 400, 1: 400, 2: 400} unique_total=1200 dup_ratio=1.00x
[kd_t1only_fair] [epoch 066/100] remain=34 epochs ep_eta=108.9min (avg 192s/ep)
[kd_t1only_fair] [epoch 066/100] lr=0.000017  dt=187.4s
  train loss=5533.8670  ce=0.0809 dice=0.1677  tversky=0.0000 bd=0.0000  cldice=0.0000 snake=0.0000
  val   skipped (next val at epoch 70)
[kd_t1only_fair] [curriculum] epoch 67: stage=1 tiers=[0, 1] pool={0: 400, 1: 400, 2: 0}
  [kd_t1only_fair] [epoch 67/100] batch 30/300 (10%) loss=5064.8851 elapsed=19s eta=173s
  [kd_t1only_fair] [epoch 67/100] batch 60/300 (20%) loss=4887.0238 elapsed=38s eta=153s
  [kd_t1only_fair] [epoch 67/100] batch 90/300 (30%) loss=5037.9254 elapsed=57s eta=132s
  [kd_t1only_fair] [epoch 67/100] batch 120/300 (40%) loss=4890.2325 elapsed=75s eta=113s
  [kd_t1only_fair] [epoch 67/100] batch 150/300 (50%) loss=4894.7631 elapsed=94s eta=94s
  [kd_t1only_fair] [epoch 67/100] batch 180/300 (60%) loss=5079.1296 elapsed=112s eta=75s
  [kd_t1only_fair] [epoch 67/100] batch 210/300 (70%) loss=5155.0502 elapsed=131s eta=56s
  [kd_t1only_fair] [epoch 67/100] batch 240/300 (80%) loss=5302.5412 elapsed=150s eta=37s
  [kd_t1only_fair] [epoch 67/100] batch 270/300 (90%) loss=5383.7334 elapsed=168s eta=19s
  [kd_t1only_fair] [epoch 67/100] batch 300/300 (100%) loss=5405.1780 elapsed=187s eta=0s
[kd_t1only_fair] [sampler] sampled: {0: 400, 1: 400, 2: 400} total=1200 spalling_ratio=24.33%
[kd_t1only_fair] [sampler] unique: {0: 400, 1: 400, 2: 400} unique_total=1200 dup_ratio=1.00x
[kd_t1only_fair] [epoch 067/100] remain=33 epochs ep_eta=105.7min (avg 192s/ep)
[kd_t1only_fair] [epoch 067/100] lr=0.000016  dt=187.2s
  train loss=5405.1780  ce=0.0807 dice=0.1663  tversky=0.0000 bd=0.0000  cldice=0.0000 snake=0.0000
  val   skipped (next val at epoch 70)
[kd_t1only_fair] [curriculum] epoch 68: stage=1 tiers=[0, 1] pool={0: 400, 1: 400, 2: 0}
  [kd_t1only_fair] [epoch 68/100] batch 30/300 (10%) loss=5317.1615 elapsed=20s eta=176s
  [kd_t1only_fair] [epoch 68/100] batch 60/300 (20%) loss=5428.8423 elapsed=38s eta=153s
  [kd_t1only_fair] [epoch 68/100] batch 90/300 (30%) loss=5496.5190 elapsed=57s eta=132s
  [kd_t1only_fair] [epoch 68/100] batch 120/300 (40%) loss=5438.0894 elapsed=76s eta=113s
  [kd_t1only_fair] [epoch 68/100] batch 150/300 (50%) loss=5358.4142 elapsed=94s eta=94s
  [kd_t1only_fair] [epoch 68/100] batch 180/300 (60%) loss=5367.4679 elapsed=113s eta=75s
  [kd_t1only_fair] [epoch 68/100] batch 210/300 (70%) loss=5345.9036 elapsed=131s eta=56s
  [kd_t1only_fair] [epoch 68/100] batch 240/300 (80%) loss=5326.2584 elapsed=150s eta=37s
  [kd_t1only_fair] [epoch 68/100] batch 270/300 (90%) loss=5336.6135 elapsed=168s eta=19s
  [kd_t1only_fair] [epoch 68/100] batch 300/300 (100%) loss=5302.4997 elapsed=187s eta=0s
[kd_t1only_fair] [sampler] sampled: {0: 400, 1: 400, 2: 400} total=1200 spalling_ratio=24.33%
[kd_t1only_fair] [sampler] unique: {0: 400, 1: 400, 2: 400} unique_total=1200 dup_ratio=1.00x
[kd_t1only_fair] [epoch 068/100] remain=32 epochs ep_eta=102.5min (avg 192s/ep)
[kd_t1only_fair] [epoch 068/100] lr=0.000015  dt=187.4s
  train loss=5302.4997  ce=0.0803 dice=0.1635  tversky=0.0000 bd=0.0000  cldice=0.0000 snake=0.0000
  val   skipped (next val at epoch 70)
[kd_t1only_fair] [curriculum] epoch 69: stage=1 tiers=[0, 1] pool={0: 400, 1: 400, 2: 0}
  [kd_t1only_fair] [epoch 69/100] batch 30/300 (10%) loss=4761.7438 elapsed=19s eta=175s
  [kd_t1only_fair] [epoch 69/100] batch 60/300 (20%) loss=4726.3613 elapsed=38s eta=151s
  [kd_t1only_fair] [epoch 69/100] batch 90/300 (30%) loss=4817.9528 elapsed=56s eta=132s
  [kd_t1only_fair] [epoch 69/100] batch 120/300 (40%) loss=5603.5162 elapsed=75s eta=112s
  [kd_t1only_fair] [epoch 69/100] batch 150/300 (50%) loss=5492.7409 elapsed=94s eta=94s
  [kd_t1only_fair] [epoch 69/100] batch 180/300 (60%) loss=5415.3218 elapsed=112s eta=75s
  [kd_t1only_fair] [epoch 69/100] batch 210/300 (70%) loss=5384.2349 elapsed=131s eta=56s
  [kd_t1only_fair] [epoch 69/100] batch 240/300 (80%) loss=5358.7089 elapsed=150s eta=37s
  [kd_t1only_fair] [epoch 69/100] batch 270/300 (90%) loss=5348.1103 elapsed=168s eta=19s
  [kd_t1only_fair] [epoch 69/100] batch 300/300 (100%) loss=5351.0971 elapsed=187s eta=0s
[kd_t1only_fair] [sampler] sampled: {0: 400, 1: 400, 2: 400} total=1200 spalling_ratio=24.33%
[kd_t1only_fair] [sampler] unique: {0: 400, 1: 400, 2: 400} unique_total=1200 dup_ratio=1.00x
[kd_t1only_fair] [epoch 069/100] remain=31 epochs ep_eta=99.2min (avg 192s/ep)
[kd_t1only_fair] [epoch 069/100] lr=0.000014  dt=187.2s
  train loss=5351.0971  ce=0.0820 dice=0.1648  tversky=0.0000 bd=0.0000  cldice=0.0000 snake=0.0000
  val   skipped (next val at epoch 70)
[kd_t1only_fair] [curriculum] epoch 70: stage=2 tiers=[0, 1, 2] pool={0: 400, 1: 400, 2: 400}
  [kd_t1only_fair] [epoch 70/100] batch 30/300 (10%) loss=4815.6528 elapsed=19s eta=172s
  [kd_t1only_fair] [epoch 70/100] batch 60/300 (20%) loss=4808.5939 elapsed=38s eta=152s
  [kd_t1only_fair] [epoch 70/100] batch 90/300 (30%) loss=4940.3797 elapsed=57s eta=133s
  [kd_t1only_fair] [epoch 70/100] batch 120/300 (40%) loss=5010.6447 elapsed=76s eta=114s
  [kd_t1only_fair] [epoch 70/100] batch 150/300 (50%) loss=5035.6711 elapsed=95s eta=95s
  [kd_t1only_fair] [epoch 70/100] batch 180/300 (60%) loss=4986.0738 elapsed=113s eta=75s
  [kd_t1only_fair] [epoch 70/100] batch 210/300 (70%) loss=4995.3499 elapsed=132s eta=57s
  [kd_t1only_fair] [epoch 70/100] batch 240/300 (80%) loss=5036.5570 elapsed=151s eta=38s
  [kd_t1only_fair] [epoch 70/100] batch 270/300 (90%) loss=5054.2782 elapsed=169s eta=19s
  [kd_t1only_fair] [epoch 70/100] batch 300/300 (100%) loss=5051.0357 elapsed=188s eta=0s
[kd_t1only_fair] [sampler] sampled: {0: 400, 1: 400, 2: 400} total=1200 spalling_ratio=24.33%
[kd_t1only_fair] [sampler] unique: {0: 400, 1: 400, 2: 400} unique_total=1200 dup_ratio=1.00x
[kd_t1only_fair] [epoch 070/100] remain=30 epochs ep_eta=96.1min (avg 192s/ep)
[kd_t1only_fair] [epoch 070/100] lr=0.000014  dt=197.5s
  train loss=5051.0357  ce=0.0792 dice=0.1656  tversky=0.0000 bd=0.0000  cldice=0.0000 snake=0.0000
  val   loss=0.2714
  IoU   bg=0.9765  crack=0.5729  spalling=0.7878  | mIoU_fg=0.6804  pix_acc=0.9770
  Dice  bg=0.9881  crack=0.7285  spalling=0.8813
  BF1   crack=0.7483  spalling=0.6574  | BF1_fg_mean=0.7029
[kd_t1only_fair] [curriculum] epoch 71: stage=2 tiers=[0, 1, 2] pool={0: 400, 1: 400, 2: 400}
  [kd_t1only_fair] [epoch 71/100] batch 30/300 (10%) loss=4623.7579 elapsed=19s eta=172s
  [kd_t1only_fair] [epoch 71/100] batch 60/300 (20%) loss=4757.5507 elapsed=38s eta=150s
  [kd_t1only_fair] [epoch 71/100] batch 90/300 (30%) loss=4851.4933 elapsed=56s eta=130s
  [kd_t1only_fair] [epoch 71/100] batch 120/300 (40%) loss=4943.7924 elapsed=74s eta=112s
  [kd_t1only_fair] [epoch 71/100] batch 150/300 (50%) loss=4992.6114 elapsed=93s eta=93s
  [kd_t1only_fair] [epoch 71/100] batch 180/300 (60%) loss=5114.1200 elapsed=112s eta=74s
  [kd_t1only_fair] [epoch 71/100] batch 210/300 (70%) loss=5154.3655 elapsed=130s eta=56s
  [kd_t1only_fair] [epoch 71/100] batch 240/300 (80%) loss=5096.6160 elapsed=149s eta=37s
  [kd_t1only_fair] [epoch 71/100] batch 270/300 (90%) loss=5064.6088 elapsed=168s eta=19s
  [kd_t1only_fair] [epoch 71/100] batch 300/300 (100%) loss=5020.7974 elapsed=186s eta=0s
[kd_t1only_fair] [sampler] sampled: {0: 400, 1: 400, 2: 400} total=1200 spalling_ratio=24.33%
[kd_t1only_fair] [sampler] unique: {0: 400, 1: 400, 2: 400} unique_total=1200 dup_ratio=1.00x
[kd_t1only_fair] [epoch 071/100] remain=29 epochs ep_eta=92.9min (avg 192s/ep)
[kd_t1only_fair] [epoch 071/100] lr=0.000013  dt=186.5s
  train loss=5020.7974  ce=0.0793 dice=0.1663  tversky=0.0000 bd=0.0000  cldice=0.0000 snake=0.0000
  val   skipped (next val at epoch 75)
[kd_t1only_fair] [curriculum] epoch 72: stage=2 tiers=[0, 1, 2] pool={0: 400, 1: 400, 2: 400}
  [kd_t1only_fair] [epoch 72/100] batch 30/300 (10%) loss=4834.9857 elapsed=19s eta=173s
  [kd_t1only_fair] [epoch 72/100] batch 60/300 (20%) loss=4625.1956 elapsed=38s eta=152s
  [kd_t1only_fair] [epoch 72/100] batch 90/300 (30%) loss=4659.0946 elapsed=57s eta=132s
  [kd_t1only_fair] [epoch 72/100] batch 120/300 (40%) loss=4698.4172 elapsed=75s eta=113s
  [kd_t1only_fair] [epoch 72/100] batch 150/300 (50%) loss=4914.4913 elapsed=94s eta=94s
  [kd_t1only_fair] [epoch 72/100] batch 180/300 (60%) loss=4902.3614 elapsed=113s eta=75s
  [kd_t1only_fair] [epoch 72/100] batch 210/300 (70%) loss=4964.6111 elapsed=131s eta=56s
  [kd_t1only_fair] [epoch 72/100] batch 240/300 (80%) loss=4928.2540 elapsed=150s eta=38s
  [kd_t1only_fair] [epoch 72/100] batch 270/300 (90%) loss=4927.3225 elapsed=170s eta=19s
  [kd_t1only_fair] [epoch 72/100] batch 300/300 (100%) loss=4873.9263 elapsed=189s eta=0s
[kd_t1only_fair] [sampler] sampled: {0: 400, 1: 400, 2: 400} total=1200 spalling_ratio=24.33%
[kd_t1only_fair] [sampler] unique: {0: 400, 1: 400, 2: 400} unique_total=1200 dup_ratio=1.00x
[kd_t1only_fair] [epoch 072/100] remain=28 epochs ep_eta=89.6min (avg 192s/ep)
[kd_t1only_fair] [epoch 072/100] lr=0.000012  dt=189.2s
  train loss=4873.9263  ce=0.0789 dice=0.1659  tversky=0.0000 bd=0.0000  cldice=0.0000 snake=0.0000
  val   skipped (next val at epoch 75)
[kd_t1only_fair] [curriculum] epoch 73: stage=2 tiers=[0, 1, 2] pool={0: 400, 1: 400, 2: 400}
  [kd_t1only_fair] [epoch 73/100] batch 30/300 (10%) loss=4340.8696 elapsed=19s eta=175s
  [kd_t1only_fair] [epoch 73/100] batch 60/300 (20%) loss=4431.9579 elapsed=38s eta=153s
  [kd_t1only_fair] [epoch 73/100] batch 90/300 (30%) loss=4385.8210 elapsed=57s eta=133s
  [kd_t1only_fair] [epoch 73/100] batch 120/300 (40%) loss=4540.4084 elapsed=76s eta=114s
  [kd_t1only_fair] [epoch 73/100] batch 150/300 (50%) loss=4746.2309 elapsed=95s eta=95s
  [kd_t1only_fair] [epoch 73/100] batch 180/300 (60%) loss=4880.4817 elapsed=114s eta=76s
  [kd_t1only_fair] [epoch 73/100] batch 210/300 (70%) loss=4917.7601 elapsed=133s eta=57s
  [kd_t1only_fair] [epoch 73/100] batch 240/300 (80%) loss=4986.4725 elapsed=152s eta=38s
  [kd_t1only_fair] [epoch 73/100] batch 270/300 (90%) loss=5002.5744 elapsed=171s eta=19s
  [kd_t1only_fair] [epoch 73/100] batch 300/300 (100%) loss=4967.4949 elapsed=190s eta=0s
[kd_t1only_fair] [sampler] sampled: {0: 400, 1: 400, 2: 400} total=1200 spalling_ratio=24.33%
[kd_t1only_fair] [sampler] unique: {0: 400, 1: 400, 2: 400} unique_total=1200 dup_ratio=1.00x
[kd_t1only_fair] [epoch 073/100] remain=27 epochs ep_eta=86.4min (avg 192s/ep)
[kd_t1only_fair] [epoch 073/100] lr=0.000011  dt=190.6s
  train loss=4967.4949  ce=0.0793 dice=0.1664  tversky=0.0000 bd=0.0000  cldice=0.0000 snake=0.0000
  val   skipped (next val at epoch 75)
[kd_t1only_fair] [curriculum] epoch 74: stage=2 tiers=[0, 1, 2] pool={0: 400, 1: 400, 2: 400}
  [kd_t1only_fair] [epoch 74/100] batch 30/300 (10%) loss=4912.4867 elapsed=19s eta=175s
  [kd_t1only_fair] [epoch 74/100] batch 60/300 (20%) loss=5048.0416 elapsed=38s eta=153s
  [kd_t1only_fair] [epoch 74/100] batch 90/300 (30%) loss=4853.2019 elapsed=58s eta=134s
  [kd_t1only_fair] [epoch 74/100] batch 120/300 (40%) loss=5023.0540 elapsed=77s eta=115s
  [kd_t1only_fair] [epoch 74/100] batch 150/300 (50%) loss=4965.2839 elapsed=95s eta=95s
  [kd_t1only_fair] [epoch 74/100] batch 180/300 (60%) loss=4906.6160 elapsed=114s eta=76s
  [kd_t1only_fair] [epoch 74/100] batch 210/300 (70%) loss=4863.7857 elapsed=133s eta=57s
  [kd_t1only_fair] [epoch 74/100] batch 240/300 (80%) loss=4881.8863 elapsed=152s eta=38s
  [kd_t1only_fair] [epoch 74/100] batch 270/300 (90%) loss=4900.8890 elapsed=171s eta=19s
  [kd_t1only_fair] [epoch 74/100] batch 300/300 (100%) loss=4868.4038 elapsed=190s eta=0s
[kd_t1only_fair] [sampler] sampled: {0: 400, 1: 400, 2: 400} total=1200 spalling_ratio=24.33%
[kd_t1only_fair] [sampler] unique: {0: 400, 1: 400, 2: 400} unique_total=1200 dup_ratio=1.00x
[kd_t1only_fair] [epoch 074/100] remain=26 epochs ep_eta=83.2min (avg 192s/ep)
[kd_t1only_fair] [epoch 074/100] lr=0.000010  dt=190.5s
  train loss=4868.4038  ce=0.0787 dice=0.1635  tversky=0.0000 bd=0.0000  cldice=0.0000 snake=0.0000
  val   skipped (next val at epoch 75)
[kd_t1only_fair] [curriculum] epoch 75: stage=2 tiers=[0, 1, 2] pool={0: 400, 1: 400, 2: 400}
  [kd_t1only_fair] [epoch 75/100] batch 30/300 (10%) loss=4729.1807 elapsed=20s eta=177s
  [kd_t1only_fair] [epoch 75/100] batch 60/300 (20%) loss=4781.2846 elapsed=39s eta=155s
  [kd_t1only_fair] [epoch 75/100] batch 90/300 (30%) loss=4766.9425 elapsed=58s eta=135s
  [kd_t1only_fair] [epoch 75/100] batch 120/300 (40%) loss=4636.7801 elapsed=76s eta=115s
  [kd_t1only_fair] [epoch 75/100] batch 150/300 (50%) loss=4833.1590 elapsed=95s eta=95s
  [kd_t1only_fair] [epoch 75/100] batch 180/300 (60%) loss=4825.6927 elapsed=114s eta=76s
  [kd_t1only_fair] [epoch 75/100] batch 210/300 (70%) loss=4867.4794 elapsed=133s eta=57s
  [kd_t1only_fair] [epoch 75/100] batch 240/300 (80%) loss=4853.2746 elapsed=152s eta=38s
  [kd_t1only_fair] [epoch 75/100] batch 270/300 (90%) loss=4851.3957 elapsed=171s eta=19s
  [kd_t1only_fair] [epoch 75/100] batch 300/300 (100%) loss=4797.0874 elapsed=190s eta=0s
[kd_t1only_fair] [sampler] sampled: {0: 400, 1: 400, 2: 400} total=1200 spalling_ratio=24.33%
[kd_t1only_fair] [sampler] unique: {0: 400, 1: 400, 2: 400} unique_total=1200 dup_ratio=1.00x
[kd_t1only_fair] [epoch 075/100] remain=25 epochs ep_eta=80.1min (avg 192s/ep)
[kd_t1only_fair] [epoch 075/100] lr=0.000010  dt=199.7s
  train loss=4797.0874  ce=0.0784 dice=0.1649  tversky=0.0000 bd=0.0000  cldice=0.0000 snake=0.0000
  val   loss=0.2654
  IoU   bg=0.9768  crack=0.5759  spalling=0.7934  | mIoU_fg=0.6847  pix_acc=0.9774
  Dice  bg=0.9883  crack=0.7309  spalling=0.8848
  BF1   crack=0.7527  spalling=0.6886  | BF1_fg_mean=0.7206
[kd_t1only_fair] [curriculum] epoch 76: stage=2 tiers=[0, 1, 2] pool={0: 400, 1: 400, 2: 400}
  [kd_t1only_fair] [epoch 76/100] batch 30/300 (10%) loss=4165.1443 elapsed=19s eta=174s
  [kd_t1only_fair] [epoch 76/100] batch 60/300 (20%) loss=4324.7110 elapsed=38s eta=152s
  [kd_t1only_fair] [epoch 76/100] batch 90/300 (30%) loss=4392.3790 elapsed=57s eta=133s
  [kd_t1only_fair] [epoch 76/100] batch 120/300 (40%) loss=4620.5146 elapsed=76s eta=113s
  [kd_t1only_fair] [epoch 76/100] batch 150/300 (50%) loss=4617.6982 elapsed=95s eta=95s
  [kd_t1only_fair] [epoch 76/100] batch 180/300 (60%) loss=4560.7828 elapsed=114s eta=76s
  [kd_t1only_fair] [epoch 76/100] batch 210/300 (70%) loss=4621.4349 elapsed=133s eta=57s
  [kd_t1only_fair] [epoch 76/100] batch 240/300 (80%) loss=4573.4259 elapsed=151s eta=38s
  [kd_t1only_fair] [epoch 76/100] batch 270/300 (90%) loss=4575.6780 elapsed=170s eta=19s
  [kd_t1only_fair] [epoch 76/100] batch 300/300 (100%) loss=4563.1572 elapsed=189s eta=0s
[kd_t1only_fair] [sampler] sampled: {0: 400, 1: 400, 2: 400} total=1200 spalling_ratio=24.33%
[kd_t1only_fair] [sampler] unique: {0: 400, 1: 400, 2: 400} unique_total=1200 dup_ratio=1.00x
[kd_t1only_fair] [epoch 076/100] remain=24 epochs ep_eta=76.9min (avg 192s/ep)
[kd_t1only_fair] [epoch 076/100] lr=0.000009  dt=189.2s
  train loss=4563.1572  ce=0.0777 dice=0.1633  tversky=0.0000 bd=0.0000  cldice=0.0000 snake=0.0000
  val   skipped (next val at epoch 80)
[kd_t1only_fair] [curriculum] epoch 77: stage=2 tiers=[0, 1, 2] pool={0: 400, 1: 400, 2: 400}
  [kd_t1only_fair] [epoch 77/100] batch 30/300 (10%) loss=5079.0618 elapsed=19s eta=175s
  [kd_t1only_fair] [epoch 77/100] batch 60/300 (20%) loss=4754.7728 elapsed=39s eta=154s
  [kd_t1only_fair] [epoch 77/100] batch 90/300 (30%) loss=4652.4106 elapsed=57s eta=134s
  [kd_t1only_fair] [epoch 77/100] batch 120/300 (40%) loss=4529.7373 elapsed=76s eta=114s
  [kd_t1only_fair] [epoch 77/100] batch 150/300 (50%) loss=4574.2396 elapsed=95s eta=95s
  [kd_t1only_fair] [epoch 77/100] batch 180/300 (60%) loss=4508.7102 elapsed=113s eta=76s
  [kd_t1only_fair] [epoch 77/100] batch 210/300 (70%) loss=4516.2272 elapsed=132s eta=57s
  [kd_t1only_fair] [epoch 77/100] batch 240/300 (80%) loss=4537.2139 elapsed=151s eta=38s
  [kd_t1only_fair] [epoch 77/100] batch 270/300 (90%) loss=4548.4326 elapsed=170s eta=19s
  [kd_t1only_fair] [epoch 77/100] batch 300/300 (100%) loss=4552.4825 elapsed=189s eta=0s
[kd_t1only_fair] [sampler] sampled: {0: 400, 1: 400, 2: 400} total=1200 spalling_ratio=24.33%
[kd_t1only_fair] [sampler] unique: {0: 400, 1: 400, 2: 400} unique_total=1200 dup_ratio=1.00x
[kd_t1only_fair] [epoch 077/100] remain=23 epochs ep_eta=73.7min (avg 192s/ep)
[kd_t1only_fair] [epoch 077/100] lr=0.000008  dt=189.2s
  train loss=4552.4825  ce=0.0777 dice=0.1624  tversky=0.0000 bd=0.0000  cldice=0.0000 snake=0.0000
  val   skipped (next val at epoch 80)
[kd_t1only_fair] [curriculum] epoch 78: stage=2 tiers=[0, 1, 2] pool={0: 400, 1: 400, 2: 400}
  [kd_t1only_fair] [epoch 78/100] batch 30/300 (10%) loss=4697.8332 elapsed=19s eta=175s
  [kd_t1only_fair] [epoch 78/100] batch 60/300 (20%) loss=4693.3073 elapsed=38s eta=154s
  [kd_t1only_fair] [epoch 78/100] batch 90/300 (30%) loss=4583.2514 elapsed=57s eta=134s
  [kd_t1only_fair] [epoch 78/100] batch 120/300 (40%) loss=4590.8590 elapsed=76s eta=114s
  [kd_t1only_fair] [epoch 78/100] batch 150/300 (50%) loss=4524.9874 elapsed=95s eta=95s
  [kd_t1only_fair] [epoch 78/100] batch 180/300 (60%) loss=4533.5291 elapsed=114s eta=76s
  [kd_t1only_fair] [epoch 78/100] batch 210/300 (70%) loss=4545.4620 elapsed=133s eta=57s
  [kd_t1only_fair] [epoch 78/100] batch 240/300 (80%) loss=4517.0902 elapsed=152s eta=38s
  [kd_t1only_fair] [epoch 78/100] batch 270/300 (90%) loss=4534.7068 elapsed=170s eta=19s
  [kd_t1only_fair] [epoch 78/100] batch 300/300 (100%) loss=4548.5486 elapsed=189s eta=0s
[kd_t1only_fair] [sampler] sampled: {0: 400, 1: 400, 2: 400} total=1200 spalling_ratio=24.33%
[kd_t1only_fair] [sampler] unique: {0: 400, 1: 400, 2: 400} unique_total=1200 dup_ratio=1.00x
[kd_t1only_fair] [epoch 078/100] remain=22 epochs ep_eta=70.5min (avg 192s/ep)
[kd_t1only_fair] [epoch 078/100] lr=0.000008  dt=189.4s
  train loss=4548.5486  ce=0.0778 dice=0.1623  tversky=0.0000 bd=0.0000  cldice=0.0000 snake=0.0000
  val   skipped (next val at epoch 80)
[kd_t1only_fair] [curriculum] epoch 79: stage=2 tiers=[0, 1, 2] pool={0: 400, 1: 400, 2: 400}
  [kd_t1only_fair] [epoch 79/100] batch 30/300 (10%) loss=5150.8651 elapsed=19s eta=174s
  [kd_t1only_fair] [epoch 79/100] batch 60/300 (20%) loss=4866.0334 elapsed=38s eta=153s
  [kd_t1only_fair] [epoch 79/100] batch 90/300 (30%) loss=4828.3184 elapsed=57s eta=133s
  [kd_t1only_fair] [epoch 79/100] batch 120/300 (40%) loss=4769.3038 elapsed=76s eta=114s
  [kd_t1only_fair] [epoch 79/100] batch 150/300 (50%) loss=4729.4831 elapsed=95s eta=95s
  [kd_t1only_fair] [epoch 79/100] batch 180/300 (60%) loss=4714.7929 elapsed=114s eta=76s
  [kd_t1only_fair] [epoch 79/100] batch 210/300 (70%) loss=4632.7121 elapsed=133s eta=57s
  [kd_t1only_fair] [epoch 79/100] batch 240/300 (80%) loss=4583.6180 elapsed=152s eta=38s
  [kd_t1only_fair] [epoch 79/100] batch 270/300 (90%) loss=4529.7872 elapsed=171s eta=19s
  [kd_t1only_fair] [epoch 79/100] batch 300/300 (100%) loss=4524.4164 elapsed=189s eta=0s
[kd_t1only_fair] [sampler] sampled: {0: 400, 1: 400, 2: 400} total=1200 spalling_ratio=24.33%
[kd_t1only_fair] [sampler] unique: {0: 400, 1: 400, 2: 400} unique_total=1200 dup_ratio=1.00x
[kd_t1only_fair] [epoch 079/100] remain=21 epochs ep_eta=67.3min (avg 192s/ep)
[kd_t1only_fair] [epoch 079/100] lr=0.000007  dt=189.6s
  train loss=4524.4164  ce=0.0777 dice=0.1654  tversky=0.0000 bd=0.0000  cldice=0.0000 snake=0.0000
  val   skipped (next val at epoch 80)
[kd_t1only_fair] [curriculum] epoch 80: stage=2 tiers=[0, 1, 2] pool={0: 400, 1: 400, 2: 400}
  [kd_t1only_fair] [epoch 80/100] batch 30/300 (10%) loss=4329.5233 elapsed=19s eta=175s
  [kd_t1only_fair] [epoch 80/100] batch 60/300 (20%) loss=4658.9997 elapsed=38s eta=153s
  [kd_t1only_fair] [epoch 80/100] batch 90/300 (30%) loss=4646.9804 elapsed=57s eta=134s
  [kd_t1only_fair] [epoch 80/100] batch 120/300 (40%) loss=4627.1642 elapsed=76s eta=114s
  [kd_t1only_fair] [epoch 80/100] batch 150/300 (50%) loss=4580.9820 elapsed=95s eta=95s
  [kd_t1only_fair] [epoch 80/100] batch 180/300 (60%) loss=4531.4002 elapsed=114s eta=76s
  [kd_t1only_fair] [epoch 80/100] batch 210/300 (70%) loss=4599.3281 elapsed=133s eta=57s
  [kd_t1only_fair] [epoch 80/100] batch 240/300 (80%) loss=4625.3599 elapsed=152s eta=38s
  [kd_t1only_fair] [epoch 80/100] batch 270/300 (90%) loss=4602.3793 elapsed=171s eta=19s
  [kd_t1only_fair] [epoch 80/100] batch 300/300 (100%) loss=4593.0986 elapsed=190s eta=0s
[kd_t1only_fair] [sampler] sampled: {0: 400, 1: 400, 2: 400} total=1200 spalling_ratio=24.33%
[kd_t1only_fair] [sampler] unique: {0: 400, 1: 400, 2: 400} unique_total=1200 dup_ratio=1.00x
[kd_t1only_fair] [epoch 080/100] remain=20 epochs ep_eta=64.1min (avg 192s/ep)
[kd_t1only_fair] [epoch 080/100] lr=0.000006  dt=199.4s
  train loss=4593.0986  ce=0.0773 dice=0.1656  tversky=0.0000 bd=0.0000  cldice=0.0000 snake=0.0000
  val   loss=0.2700
  IoU   bg=0.9769  crack=0.5757  spalling=0.7917  | mIoU_fg=0.6837  pix_acc=0.9774
  Dice  bg=0.9883  crack=0.7308  spalling=0.8837
  BF1   crack=0.7552  spalling=0.6489  | BF1_fg_mean=0.7021
[kd_t1only_fair] [curriculum] epoch 81: stage=2 tiers=[0, 1, 2] pool={0: 400, 1: 400, 2: 400}
  [kd_t1only_fair] [epoch 81/100] batch 30/300 (10%) loss=4363.7407 elapsed=20s eta=177s
  [kd_t1only_fair] [epoch 81/100] batch 60/300 (20%) loss=4723.8812 elapsed=39s eta=154s
  [kd_t1only_fair] [epoch 81/100] batch 90/300 (30%) loss=4681.3542 elapsed=58s eta=134s
  [kd_t1only_fair] [epoch 81/100] batch 120/300 (40%) loss=4615.7117 elapsed=76s eta=115s
  [kd_t1only_fair] [epoch 81/100] batch 150/300 (50%) loss=4527.6532 elapsed=95s eta=95s
  [kd_t1only_fair] [epoch 81/100] batch 180/300 (60%) loss=4590.2237 elapsed=114s eta=76s
  [kd_t1only_fair] [epoch 81/100] batch 210/300 (70%) loss=4580.4682 elapsed=133s eta=57s
  [kd_t1only_fair] [epoch 81/100] batch 240/300 (80%) loss=4631.8668 elapsed=152s eta=38s
  [kd_t1only_fair] [epoch 81/100] batch 270/300 (90%) loss=4605.6018 elapsed=171s eta=19s
  [kd_t1only_fair] [epoch 81/100] batch 300/300 (100%) loss=4610.7008 elapsed=190s eta=0s
[kd_t1only_fair] [sampler] sampled: {0: 400, 1: 400, 2: 400} total=1200 spalling_ratio=24.33%
[kd_t1only_fair] [sampler] unique: {0: 400, 1: 400, 2: 400} unique_total=1200 dup_ratio=1.00x
[kd_t1only_fair] [epoch 081/100] remain=19 epochs ep_eta=60.9min (avg 192s/ep)
[kd_t1only_fair] [epoch 081/100] lr=0.000006  dt=190.3s
  train loss=4610.7008  ce=0.0778 dice=0.1607  tversky=0.0000 bd=0.0000  cldice=0.0000 snake=0.0000
  val   skipped (next val at epoch 85)
[kd_t1only_fair] [curriculum] epoch 82: stage=2 tiers=[0, 1, 2] pool={0: 400, 1: 400, 2: 400}
  [kd_t1only_fair] [epoch 82/100] batch 30/300 (10%) loss=4296.1309 elapsed=20s eta=176s
  [kd_t1only_fair] [epoch 82/100] batch 60/300 (20%) loss=4251.4566 elapsed=39s eta=155s
  [kd_t1only_fair] [epoch 82/100] batch 90/300 (30%) loss=4296.0218 elapsed=58s eta=135s
  [kd_t1only_fair] [epoch 82/100] batch 120/300 (40%) loss=4335.2220 elapsed=77s eta=115s
  [kd_t1only_fair] [epoch 82/100] batch 150/300 (50%) loss=4326.8466 elapsed=96s eta=96s
  [kd_t1only_fair] [epoch 82/100] batch 180/300 (60%) loss=4387.6843 elapsed=115s eta=76s
  [kd_t1only_fair] [epoch 82/100] batch 210/300 (70%) loss=4466.0842 elapsed=134s eta=57s
  [kd_t1only_fair] [epoch 82/100] batch 240/300 (80%) loss=4437.2503 elapsed=153s eta=38s
  [kd_t1only_fair] [epoch 82/100] batch 270/300 (90%) loss=4473.6325 elapsed=172s eta=19s
  [kd_t1only_fair] [epoch 82/100] batch 300/300 (100%) loss=4466.3030 elapsed=190s eta=0s
[kd_t1only_fair] [sampler] sampled: {0: 400, 1: 400, 2: 400} total=1200 spalling_ratio=24.33%
[kd_t1only_fair] [sampler] unique: {0: 400, 1: 400, 2: 400} unique_total=1200 dup_ratio=1.00x
[kd_t1only_fair] [epoch 082/100] remain=18 epochs ep_eta=57.7min (avg 192s/ep)
[kd_t1only_fair] [epoch 082/100] lr=0.000005  dt=190.6s
  train loss=4466.3030  ce=0.0775 dice=0.1659  tversky=0.0000 bd=0.0000  cldice=0.0000 snake=0.0000
  val   skipped (next val at epoch 85)
[kd_t1only_fair] [curriculum] epoch 83: stage=2 tiers=[0, 1, 2] pool={0: 400, 1: 400, 2: 400}
  [kd_t1only_fair] [epoch 83/100] batch 30/300 (10%) loss=4460.6475 elapsed=20s eta=176s
  [kd_t1only_fair] [epoch 83/100] batch 60/300 (20%) loss=4402.1739 elapsed=38s eta=154s
  [kd_t1only_fair] [epoch 83/100] batch 90/300 (30%) loss=4348.6057 elapsed=58s eta=134s
  [kd_t1only_fair] [epoch 83/100] batch 120/300 (40%) loss=4329.6771 elapsed=77s eta=115s
  [kd_t1only_fair] [epoch 83/100] batch 150/300 (50%) loss=4342.4759 elapsed=95s eta=95s
  [kd_t1only_fair] [epoch 83/100] batch 180/300 (60%) loss=4442.1149 elapsed=114s eta=76s
  [kd_t1only_fair] [epoch 83/100] batch 210/300 (70%) loss=4480.9715 elapsed=133s eta=57s
  [kd_t1only_fair] [epoch 83/100] batch 240/300 (80%) loss=4446.0940 elapsed=152s eta=38s
  [kd_t1only_fair] [epoch 83/100] batch 270/300 (90%) loss=4386.9796 elapsed=171s eta=19s
  [kd_t1only_fair] [epoch 83/100] batch 300/300 (100%) loss=4369.4758 elapsed=190s eta=0s
[kd_t1only_fair] [sampler] sampled: {0: 400, 1: 400, 2: 400} total=1200 spalling_ratio=24.33%
[kd_t1only_fair] [sampler] unique: {0: 400, 1: 400, 2: 400} unique_total=1200 dup_ratio=1.00x
[kd_t1only_fair] [epoch 083/100] remain=17 epochs ep_eta=54.5min (avg 192s/ep)
[kd_t1only_fair] [epoch 083/100] lr=0.000005  dt=189.8s
  train loss=4369.4758  ce=0.0768 dice=0.1645  tversky=0.0000 bd=0.0000  cldice=0.0000 snake=0.0000
  val   skipped (next val at epoch 85)
[kd_t1only_fair] [curriculum] epoch 84: stage=2 tiers=[0, 1, 2] pool={0: 400, 1: 400, 2: 400}
  [kd_t1only_fair] [epoch 84/100] batch 30/300 (10%) loss=4277.6862 elapsed=20s eta=176s
  [kd_t1only_fair] [epoch 84/100] batch 60/300 (20%) loss=4209.6635 elapsed=38s eta=154s
  [kd_t1only_fair] [epoch 84/100] batch 90/300 (30%) loss=4168.8978 elapsed=57s eta=133s
  [kd_t1only_fair] [epoch 84/100] batch 120/300 (40%) loss=4253.0254 elapsed=76s eta=114s
  [kd_t1only_fair] [epoch 84/100] batch 150/300 (50%) loss=4431.7199 elapsed=95s eta=95s
  [kd_t1only_fair] [epoch 84/100] batch 180/300 (60%) loss=4458.8055 elapsed=114s eta=76s
  [kd_t1only_fair] [epoch 84/100] batch 210/300 (70%) loss=4398.8753 elapsed=133s eta=57s
  [kd_t1only_fair] [epoch 84/100] batch 240/300 (80%) loss=4435.3630 elapsed=152s eta=38s
  [kd_t1only_fair] [epoch 84/100] batch 270/300 (90%) loss=4467.4195 elapsed=171s eta=19s
  [kd_t1only_fair] [epoch 84/100] batch 300/300 (100%) loss=4425.9932 elapsed=190s eta=0s
[kd_t1only_fair] [sampler] sampled: {0: 400, 1: 400, 2: 400} total=1200 spalling_ratio=24.33%
[kd_t1only_fair] [sampler] unique: {0: 400, 1: 400, 2: 400} unique_total=1200 dup_ratio=1.00x
[kd_t1only_fair] [epoch 084/100] remain=16 epochs ep_eta=51.3min (avg 192s/ep)
[kd_t1only_fair] [epoch 084/100] lr=0.000004  dt=189.9s
  train loss=4425.9932  ce=0.0773 dice=0.1643  tversky=0.0000 bd=0.0000  cldice=0.0000 snake=0.0000
  val   skipped (next val at epoch 85)
[kd_t1only_fair] [curriculum] epoch 85: stage=2 tiers=[0, 1, 2] pool={0: 400, 1: 400, 2: 400}
  [kd_t1only_fair] [epoch 85/100] batch 30/300 (10%) loss=4393.6575 elapsed=20s eta=177s
  [kd_t1only_fair] [epoch 85/100] batch 60/300 (20%) loss=4321.8176 elapsed=39s eta=154s
  [kd_t1only_fair] [epoch 85/100] batch 90/300 (30%) loss=4209.5789 elapsed=57s eta=134s
  [kd_t1only_fair] [epoch 85/100] batch 120/300 (40%) loss=4284.3625 elapsed=76s eta=114s
  [kd_t1only_fair] [epoch 85/100] batch 150/300 (50%) loss=4386.4793 elapsed=95s eta=95s
  [kd_t1only_fair] [epoch 85/100] batch 180/300 (60%) loss=4414.1391 elapsed=114s eta=76s
  [kd_t1only_fair] [epoch 85/100] batch 210/300 (70%) loss=4440.9922 elapsed=133s eta=57s
  [kd_t1only_fair] [epoch 85/100] batch 240/300 (80%) loss=4398.7883 elapsed=152s eta=38s
  [kd_t1only_fair] [epoch 85/100] batch 270/300 (90%) loss=4341.0198 elapsed=171s eta=19s
  [kd_t1only_fair] [epoch 85/100] batch 300/300 (100%) loss=4323.6538 elapsed=190s eta=0s
[kd_t1only_fair] [sampler] sampled: {0: 400, 1: 400, 2: 400} total=1200 spalling_ratio=24.33%
[kd_t1only_fair] [sampler] unique: {0: 400, 1: 400, 2: 400} unique_total=1200 dup_ratio=1.00x
[kd_t1only_fair] [epoch 085/100] remain=15 epochs ep_eta=48.1min (avg 192s/ep)
[kd_t1only_fair] [epoch 085/100] lr=0.000004  dt=199.4s
  train loss=4323.6538  ce=0.0766 dice=0.1620  tversky=0.0000 bd=0.0000  cldice=0.0000 snake=0.0000
  val   loss=0.2654
  IoU   bg=0.9769  crack=0.5772  spalling=0.7928  | mIoU_fg=0.6850  pix_acc=0.9774
  Dice  bg=0.9883  crack=0.7319  spalling=0.8844
  BF1   crack=0.7563  spalling=0.6562  | BF1_fg_mean=0.7062
[kd_t1only_fair] [curriculum] epoch 86: stage=2 tiers=[0, 1, 2] pool={0: 400, 1: 400, 2: 400}
  [kd_t1only_fair] [epoch 86/100] batch 30/300 (10%) loss=3923.0545 elapsed=19s eta=174s
  [kd_t1only_fair] [epoch 86/100] batch 60/300 (20%) loss=4025.0870 elapsed=38s eta=153s
  [kd_t1only_fair] [epoch 86/100] batch 90/300 (30%) loss=4001.3580 elapsed=57s eta=133s
  [kd_t1only_fair] [epoch 86/100] batch 120/300 (40%) loss=4179.0828 elapsed=76s eta=114s
  [kd_t1only_fair] [epoch 86/100] batch 150/300 (50%) loss=4120.1662 elapsed=95s eta=95s
  [kd_t1only_fair] [epoch 86/100] batch 180/300 (60%) loss=4122.5843 elapsed=114s eta=76s
  [kd_t1only_fair] [epoch 86/100] batch 210/300 (70%) loss=4333.5086 elapsed=133s eta=57s
  [kd_t1only_fair] [epoch 86/100] batch 240/300 (80%) loss=4309.2162 elapsed=151s eta=38s
  [kd_t1only_fair] [epoch 86/100] batch 270/300 (90%) loss=4272.1187 elapsed=170s eta=19s
  [kd_t1only_fair] [epoch 86/100] batch 300/300 (100%) loss=4329.9278 elapsed=189s eta=0s
[kd_t1only_fair] [sampler] sampled: {0: 400, 1: 400, 2: 400} total=1200 spalling_ratio=24.33%
[kd_t1only_fair] [sampler] unique: {0: 400, 1: 400, 2: 400} unique_total=1200 dup_ratio=1.00x
[kd_t1only_fair] [epoch 086/100] remain=14 epochs ep_eta=44.9min (avg 192s/ep)
[kd_t1only_fair] [epoch 086/100] lr=0.000003  dt=189.5s
  train loss=4329.9278  ce=0.0769 dice=0.1620  tversky=0.0000 bd=0.0000  cldice=0.0000 snake=0.0000
  val   skipped (next val at epoch 90)
[kd_t1only_fair] [curriculum] epoch 87: stage=2 tiers=[0, 1, 2] pool={0: 400, 1: 400, 2: 400}
  [kd_t1only_fair] [epoch 87/100] batch 30/300 (10%) loss=4427.8406 elapsed=20s eta=176s
  [kd_t1only_fair] [epoch 87/100] batch 60/300 (20%) loss=4443.7400 elapsed=38s eta=154s
  [kd_t1only_fair] [epoch 87/100] batch 90/300 (30%) loss=4386.1235 elapsed=57s eta=134s
  [kd_t1only_fair] [epoch 87/100] batch 120/300 (40%) loss=4304.3430 elapsed=76s eta=114s
  [kd_t1only_fair] [epoch 87/100] batch 150/300 (50%) loss=4226.8791 elapsed=95s eta=95s
  [kd_t1only_fair] [epoch 87/100] batch 180/300 (60%) loss=4250.0137 elapsed=114s eta=76s
  [kd_t1only_fair] [epoch 87/100] batch 210/300 (70%) loss=4278.1066 elapsed=133s eta=57s
  [kd_t1only_fair] [epoch 87/100] batch 240/300 (80%) loss=4295.5761 elapsed=152s eta=38s
  [kd_t1only_fair] [epoch 87/100] batch 270/300 (90%) loss=4257.8744 elapsed=171s eta=19s
  [kd_t1only_fair] [epoch 87/100] batch 300/300 (100%) loss=4266.0049 elapsed=189s eta=0s
[kd_t1only_fair] [sampler] sampled: {0: 400, 1: 400, 2: 400} total=1200 spalling_ratio=24.33%
[kd_t1only_fair] [sampler] unique: {0: 400, 1: 400, 2: 400} unique_total=1200 dup_ratio=1.00x
[kd_t1only_fair] [epoch 087/100] remain=13 epochs ep_eta=41.7min (avg 192s/ep)
[kd_t1only_fair] [epoch 087/100] lr=0.000003  dt=189.7s
  train loss=4266.0049  ce=0.0763 dice=0.1580  tversky=0.0000 bd=0.0000  cldice=0.0000 snake=0.0000
  val   skipped (next val at epoch 90)
[kd_t1only_fair] [curriculum] epoch 88: stage=2 tiers=[0, 1, 2] pool={0: 400, 1: 400, 2: 400}
  [kd_t1only_fair] [epoch 88/100] batch 30/300 (10%) loss=4428.0451 elapsed=20s eta=176s
  [kd_t1only_fair] [epoch 88/100] batch 60/300 (20%) loss=4302.8421 elapsed=39s eta=154s
  [kd_t1only_fair] [epoch 88/100] batch 90/300 (30%) loss=4250.3573 elapsed=57s eta=134s
  [kd_t1only_fair] [epoch 88/100] batch 120/300 (40%) loss=4239.7629 elapsed=76s eta=114s
  [kd_t1only_fair] [epoch 88/100] batch 150/300 (50%) loss=4315.4169 elapsed=95s eta=95s
  [kd_t1only_fair] [epoch 88/100] batch 180/300 (60%) loss=4360.2106 elapsed=114s eta=76s
  [kd_t1only_fair] [epoch 88/100] batch 210/300 (70%) loss=4405.4069 elapsed=133s eta=57s
  [kd_t1only_fair] [epoch 88/100] batch 240/300 (80%) loss=4423.4991 elapsed=152s eta=38s
  [kd_t1only_fair] [epoch 88/100] batch 270/300 (90%) loss=4374.2440 elapsed=171s eta=19s
  [kd_t1only_fair] [epoch 88/100] batch 300/300 (100%) loss=4343.4038 elapsed=190s eta=0s
[kd_t1only_fair] [sampler] sampled: {0: 400, 1: 400, 2: 400} total=1200 spalling_ratio=24.33%
[kd_t1only_fair] [sampler] unique: {0: 400, 1: 400, 2: 400} unique_total=1200 dup_ratio=1.00x
[kd_t1only_fair] [epoch 088/100] remain=12 epochs ep_eta=38.5min (avg 192s/ep)
[kd_t1only_fair] [epoch 088/100] lr=0.000002  dt=190.3s
  train loss=4343.4038  ce=0.0771 dice=0.1624  tversky=0.0000 bd=0.0000  cldice=0.0000 snake=0.0000
  val   skipped (next val at epoch 90)
[kd_t1only_fair] [curriculum] epoch 89: stage=2 tiers=[0, 1, 2] pool={0: 400, 1: 400, 2: 400}
  [kd_t1only_fair] [epoch 89/100] batch 30/300 (10%) loss=4444.3923 elapsed=20s eta=178s
  [kd_t1only_fair] [epoch 89/100] batch 60/300 (20%) loss=4446.6263 elapsed=39s eta=155s
  [kd_t1only_fair] [epoch 89/100] batch 90/300 (30%) loss=4318.9656 elapsed=57s eta=134s
  [kd_t1only_fair] [epoch 89/100] batch 120/300 (40%) loss=4297.6003 elapsed=76s eta=115s
  [kd_t1only_fair] [epoch 89/100] batch 150/300 (50%) loss=4251.1589 elapsed=95s eta=95s
  [kd_t1only_fair] [epoch 89/100] batch 180/300 (60%) loss=4275.0538 elapsed=114s eta=76s
  [kd_t1only_fair] [epoch 89/100] batch 210/300 (70%) loss=4316.1969 elapsed=133s eta=57s
  [kd_t1only_fair] [epoch 89/100] batch 240/300 (80%) loss=4339.4365 elapsed=153s eta=38s
  [kd_t1only_fair] [epoch 89/100] batch 270/300 (90%) loss=4335.3045 elapsed=171s eta=19s
  [kd_t1only_fair] [epoch 89/100] batch 300/300 (100%) loss=4310.8470 elapsed=190s eta=0s
[kd_t1only_fair] [sampler] sampled: {0: 400, 1: 400, 2: 400} total=1200 spalling_ratio=24.33%
[kd_t1only_fair] [sampler] unique: {0: 400, 1: 400, 2: 400} unique_total=1200 dup_ratio=1.00x
[kd_t1only_fair] [epoch 089/100] remain=11 epochs ep_eta=35.3min (avg 192s/ep)
[kd_t1only_fair] [epoch 089/100] lr=0.000002  dt=190.1s
  train loss=4310.8470  ce=0.0765 dice=0.1616  tversky=0.0000 bd=0.0000  cldice=0.0000 snake=0.0000
  val   skipped (next val at epoch 90)
[kd_t1only_fair] [curriculum] epoch 90: stage=2 tiers=[0, 1, 2] pool={0: 400, 1: 400, 2: 400}
  [kd_t1only_fair] [epoch 90/100] batch 30/300 (10%) loss=4410.9118 elapsed=19s eta=175s
  [kd_t1only_fair] [epoch 90/100] batch 60/300 (20%) loss=4243.5779 elapsed=38s eta=153s
  [kd_t1only_fair] [epoch 90/100] batch 90/300 (30%) loss=4156.4147 elapsed=57s eta=134s
  [kd_t1only_fair] [epoch 90/100] batch 120/300 (40%) loss=4150.2876 elapsed=76s eta=114s
  [kd_t1only_fair] [epoch 90/100] batch 150/300 (50%) loss=4092.3880 elapsed=95s eta=95s
  [kd_t1only_fair] [epoch 90/100] batch 180/300 (60%) loss=4184.4300 elapsed=114s eta=76s
  [kd_t1only_fair] [epoch 90/100] batch 210/300 (70%) loss=4165.8765 elapsed=133s eta=57s
  [kd_t1only_fair] [epoch 90/100] batch 240/300 (80%) loss=4206.1314 elapsed=152s eta=38s
  [kd_t1only_fair] [epoch 90/100] batch 270/300 (90%) loss=4200.2798 elapsed=171s eta=19s
  [kd_t1only_fair] [epoch 90/100] batch 300/300 (100%) loss=4206.5522 elapsed=190s eta=0s
[kd_t1only_fair] [sampler] sampled: {0: 400, 1: 400, 2: 400} total=1200 spalling_ratio=24.33%
[kd_t1only_fair] [sampler] unique: {0: 400, 1: 400, 2: 400} unique_total=1200 dup_ratio=1.00x
[kd_t1only_fair] [epoch 090/100] remain=10 epochs ep_eta=32.1min (avg 192s/ep)
[kd_t1only_fair] [epoch 090/100] lr=0.000002  dt=199.7s
  train loss=4206.5522  ce=0.0766 dice=0.1630  tversky=0.0000 bd=0.0000  cldice=0.0000 snake=0.0000
  val   loss=0.2675
  IoU   bg=0.9769  crack=0.5784  spalling=0.7937  | mIoU_fg=0.6861  pix_acc=0.9774
  Dice  bg=0.9883  crack=0.7329  spalling=0.8850
  BF1   crack=0.7569  spalling=0.6589  | BF1_fg_mean=0.7079
[kd_t1only_fair] [curriculum] epoch 91: stage=2 tiers=[0, 1, 2] pool={0: 400, 1: 400, 2: 400}
  [kd_t1only_fair] [epoch 91/100] batch 30/300 (10%) loss=4346.1148 elapsed=19s eta=174s
  [kd_t1only_fair] [epoch 91/100] batch 60/300 (20%) loss=4017.2072 elapsed=38s eta=154s
  [kd_t1only_fair] [epoch 91/100] batch 90/300 (30%) loss=3970.3837 elapsed=57s eta=134s
  [kd_t1only_fair] [epoch 91/100] batch 120/300 (40%) loss=4118.2534 elapsed=76s eta=115s
  [kd_t1only_fair] [epoch 91/100] batch 150/300 (50%) loss=4122.1316 elapsed=95s eta=95s
  [kd_t1only_fair] [epoch 91/100] batch 180/300 (60%) loss=4194.5406 elapsed=114s eta=76s
  [kd_t1only_fair] [epoch 91/100] batch 210/300 (70%) loss=4193.5349 elapsed=133s eta=57s
  [kd_t1only_fair] [epoch 91/100] batch 240/300 (80%) loss=4211.8594 elapsed=152s eta=38s
  [kd_t1only_fair] [epoch 91/100] batch 270/300 (90%) loss=4239.0587 elapsed=171s eta=19s
  [kd_t1only_fair] [epoch 91/100] batch 300/300 (100%) loss=4212.8054 elapsed=190s eta=0s
[kd_t1only_fair] [sampler] sampled: {0: 400, 1: 400, 2: 400} total=1200 spalling_ratio=24.33%
[kd_t1only_fair] [sampler] unique: {0: 400, 1: 400, 2: 400} unique_total=1200 dup_ratio=1.00x
[kd_t1only_fair] [epoch 091/100] remain=9 epochs ep_eta=28.9min (avg 193s/ep)
[kd_t1only_fair] [epoch 091/100] lr=0.000001  dt=199.9s
  train loss=4212.8054  ce=0.0766 dice=0.1641  tversky=0.0000 bd=0.0000  cldice=0.0000 snake=0.0000
  val   loss=0.2650
  IoU   bg=0.9767  crack=0.5778  spalling=0.7940  | mIoU_fg=0.6859  pix_acc=0.9773
  Dice  bg=0.9882  crack=0.7324  spalling=0.8852
  BF1   crack=0.7566  spalling=0.6550  | BF1_fg_mean=0.7058
[kd_t1only_fair] [curriculum] epoch 92: stage=2 tiers=[0, 1, 2] pool={0: 400, 1: 400, 2: 400}
  [kd_t1only_fair] [epoch 92/100] batch 30/300 (10%) loss=4031.8396 elapsed=20s eta=177s
  [kd_t1only_fair] [epoch 92/100] batch 60/300 (20%) loss=3970.4449 elapsed=39s eta=154s
  [kd_t1only_fair] [epoch 92/100] batch 90/300 (30%) loss=4035.3654 elapsed=57s eta=134s
  [kd_t1only_fair] [epoch 92/100] batch 120/300 (40%) loss=4394.8297 elapsed=76s eta=114s
  [kd_t1only_fair] [epoch 92/100] batch 150/300 (50%) loss=4295.4877 elapsed=95s eta=95s
  [kd_t1only_fair] [epoch 92/100] batch 180/300 (60%) loss=4278.7276 elapsed=115s eta=76s
  [kd_t1only_fair] [epoch 92/100] batch 210/300 (70%) loss=4233.2046 elapsed=133s eta=57s
  [kd_t1only_fair] [epoch 92/100] batch 240/300 (80%) loss=4241.3088 elapsed=152s eta=38s
  [kd_t1only_fair] [epoch 92/100] batch 270/300 (90%) loss=4217.1637 elapsed=171s eta=19s
  [kd_t1only_fair] [epoch 92/100] batch 300/300 (100%) loss=4206.7679 elapsed=190s eta=0s
[kd_t1only_fair] [sampler] sampled: {0: 400, 1: 400, 2: 400} total=1200 spalling_ratio=24.33%
[kd_t1only_fair] [sampler] unique: {0: 400, 1: 400, 2: 400} unique_total=1200 dup_ratio=1.00x
[kd_t1only_fair] [epoch 092/100] remain=8 epochs ep_eta=25.7min (avg 193s/ep)
[kd_t1only_fair] [epoch 092/100] lr=0.000001  dt=199.7s
  train loss=4206.7679  ce=0.0762 dice=0.1591  tversky=0.0000 bd=0.0000  cldice=0.0000 snake=0.0000
  val   loss=0.2681
  IoU   bg=0.9767  crack=0.5784  spalling=0.7923  | mIoU_fg=0.6853  pix_acc=0.9772
  Dice  bg=0.9882  crack=0.7329  spalling=0.8841
  BF1   crack=0.7564  spalling=0.6544  | BF1_fg_mean=0.7054
[kd_t1only_fair] [curriculum] epoch 93: stage=2 tiers=[0, 1, 2] pool={0: 400, 1: 400, 2: 400}
  [kd_t1only_fair] [epoch 93/100] batch 30/300 (10%) loss=4284.1219 elapsed=20s eta=177s
  [kd_t1only_fair] [epoch 93/100] batch 60/300 (20%) loss=4331.7782 elapsed=39s eta=155s
  [kd_t1only_fair] [epoch 93/100] batch 90/300 (30%) loss=4285.4990 elapsed=58s eta=134s
  [kd_t1only_fair] [epoch 93/100] batch 120/300 (40%) loss=4312.1581 elapsed=77s eta=115s
  [kd_t1only_fair] [epoch 93/100] batch 150/300 (50%) loss=4272.2793 elapsed=96s eta=96s
  [kd_t1only_fair] [epoch 93/100] batch 180/300 (60%) loss=4206.1316 elapsed=114s eta=76s
  [kd_t1only_fair] [epoch 93/100] batch 210/300 (70%) loss=4224.4195 elapsed=133s eta=57s
  [kd_t1only_fair] [epoch 93/100] batch 240/300 (80%) loss=4213.3054 elapsed=152s eta=38s
  [kd_t1only_fair] [epoch 93/100] batch 270/300 (90%) loss=4171.0757 elapsed=171s eta=19s
  [kd_t1only_fair] [epoch 93/100] batch 300/300 (100%) loss=4188.8750 elapsed=190s eta=0s
[kd_t1only_fair] [sampler] sampled: {0: 400, 1: 400, 2: 400} total=1200 spalling_ratio=24.33%
[kd_t1only_fair] [sampler] unique: {0: 400, 1: 400, 2: 400} unique_total=1200 dup_ratio=1.00x
[kd_t1only_fair] [epoch 093/100] remain=7 epochs ep_eta=22.5min (avg 193s/ep)
[kd_t1only_fair] [epoch 093/100] lr=0.000001  dt=199.9s
  train loss=4188.8750  ce=0.0768 dice=0.1608  tversky=0.0000 bd=0.0000  cldice=0.0000 snake=0.0000
  val   loss=0.2652
  IoU   bg=0.9767  crack=0.5778  spalling=0.7942  | mIoU_fg=0.6860  pix_acc=0.9772
  Dice  bg=0.9882  crack=0.7324  spalling=0.8853
  BF1   crack=0.7558  spalling=0.6614  | BF1_fg_mean=0.7086
[kd_t1only_fair] [curriculum] epoch 94: stage=2 tiers=[0, 1, 2] pool={0: 400, 1: 400, 2: 400}
  [kd_t1only_fair] [epoch 94/100] batch 30/300 (10%) loss=3939.4586 elapsed=20s eta=176s
  [kd_t1only_fair] [epoch 94/100] batch 60/300 (20%) loss=4241.6212 elapsed=38s eta=153s
  [kd_t1only_fair] [epoch 94/100] batch 90/300 (30%) loss=4217.0925 elapsed=57s eta=133s
  [kd_t1only_fair] [epoch 94/100] batch 120/300 (40%) loss=4370.4656 elapsed=76s eta=115s
  [kd_t1only_fair] [epoch 94/100] batch 150/300 (50%) loss=4296.7004 elapsed=95s eta=95s
  [kd_t1only_fair] [epoch 94/100] batch 180/300 (60%) loss=4266.8606 elapsed=114s eta=76s
  [kd_t1only_fair] [epoch 94/100] batch 210/300 (70%) loss=4562.2305 elapsed=133s eta=57s
  [kd_t1only_fair] [epoch 94/100] batch 240/300 (80%) loss=4553.8596 elapsed=152s eta=38s
  [kd_t1only_fair] [epoch 94/100] batch 270/300 (90%) loss=4508.1241 elapsed=171s eta=19s
  [kd_t1only_fair] [epoch 94/100] batch 300/300 (100%) loss=4525.8894 elapsed=190s eta=0s
[kd_t1only_fair] [sampler] sampled: {0: 400, 1: 400, 2: 400} total=1200 spalling_ratio=24.33%
[kd_t1only_fair] [sampler] unique: {0: 400, 1: 400, 2: 400} unique_total=1200 dup_ratio=1.00x
[kd_t1only_fair] [epoch 094/100] remain=6 epochs ep_eta=19.3min (avg 193s/ep)
[kd_t1only_fair] [epoch 094/100] lr=0.000001  dt=199.3s
  train loss=4525.8894  ce=0.0790 dice=0.1643  tversky=0.0000 bd=0.0000  cldice=0.0000 snake=0.0000
  val   loss=0.2652
  IoU   bg=0.9769  crack=0.5792  spalling=0.7946  | mIoU_fg=0.6869  pix_acc=0.9774
  Dice  bg=0.9883  crack=0.7335  spalling=0.8855
  BF1   crack=0.7571  spalling=0.6709  | BF1_fg_mean=0.7140
[kd_t1only_fair] [curriculum] epoch 95: stage=2 tiers=[0, 1, 2] pool={0: 400, 1: 400, 2: 400}
  [kd_t1only_fair] [epoch 95/100] batch 30/300 (10%) loss=4036.6301 elapsed=20s eta=177s
  [kd_t1only_fair] [epoch 95/100] batch 60/300 (20%) loss=4302.4871 elapsed=39s eta=155s
  [kd_t1only_fair] [epoch 95/100] batch 90/300 (30%) loss=4316.7676 elapsed=58s eta=135s
  [kd_t1only_fair] [epoch 95/100] batch 120/300 (40%) loss=4236.3894 elapsed=77s eta=115s
  [kd_t1only_fair] [epoch 95/100] batch 150/300 (50%) loss=4218.6038 elapsed=96s eta=96s
  [kd_t1only_fair] [epoch 95/100] batch 180/300 (60%) loss=4243.6549 elapsed=115s eta=76s
  [kd_t1only_fair] [epoch 95/100] batch 210/300 (70%) loss=4249.0007 elapsed=134s eta=57s
  [kd_t1only_fair] [epoch 95/100] batch 240/300 (80%) loss=4261.0193 elapsed=153s eta=38s
  [kd_t1only_fair] [epoch 95/100] batch 270/300 (90%) loss=4296.6414 elapsed=172s eta=19s
  [kd_t1only_fair] [epoch 95/100] batch 300/300 (100%) loss=4325.5270 elapsed=191s eta=0s
[kd_t1only_fair] [sampler] sampled: {0: 400, 1: 400, 2: 400} total=1200 spalling_ratio=24.33%
[kd_t1only_fair] [sampler] unique: {0: 400, 1: 400, 2: 400} unique_total=1200 dup_ratio=1.00x
[kd_t1only_fair] [epoch 095/100] remain=5 epochs ep_eta=16.1min (avg 193s/ep)
[kd_t1only_fair] [epoch 095/100] lr=0.000000  dt=200.4s
  train loss=4325.5270  ce=0.0770 dice=0.1625  tversky=0.0000 bd=0.0000  cldice=0.0000 snake=0.0000
  val   loss=0.2641
  IoU   bg=0.9767  crack=0.5781  spalling=0.7946  | mIoU_fg=0.6864  pix_acc=0.9773
  Dice  bg=0.9882  crack=0.7327  spalling=0.8856
  BF1   crack=0.7569  spalling=0.6738  | BF1_fg_mean=0.7154
[kd_t1only_fair] [curriculum] epoch 96: stage=2 tiers=[0, 1, 2] pool={0: 400, 1: 400, 2: 400}
  [kd_t1only_fair] [epoch 96/100] batch 30/300 (10%) loss=4142.5200 elapsed=19s eta=174s
  [kd_t1only_fair] [epoch 96/100] batch 60/300 (20%) loss=3984.9037 elapsed=38s eta=153s
  [kd_t1only_fair] [epoch 96/100] batch 90/300 (30%) loss=4045.2458 elapsed=57s eta=133s
  [kd_t1only_fair] [epoch 96/100] batch 120/300 (40%) loss=4093.4307 elapsed=76s eta=114s
  [kd_t1only_fair] [epoch 96/100] batch 150/300 (50%) loss=4030.4037 elapsed=95s eta=95s
  [kd_t1only_fair] [epoch 96/100] batch 180/300 (60%) loss=4106.5276 elapsed=114s eta=76s
  [kd_t1only_fair] [epoch 96/100] batch 210/300 (70%) loss=4099.7560 elapsed=132s eta=57s
  [kd_t1only_fair] [epoch 96/100] batch 240/300 (80%) loss=4132.7272 elapsed=151s eta=38s
  [kd_t1only_fair] [epoch 96/100] batch 270/300 (90%) loss=4109.8130 elapsed=170s eta=19s
  [kd_t1only_fair] [epoch 96/100] batch 300/300 (100%) loss=4159.5278 elapsed=189s eta=0s
[kd_t1only_fair] [sampler] sampled: {0: 400, 1: 400, 2: 400} total=1200 spalling_ratio=24.33%
[kd_t1only_fair] [sampler] unique: {0: 400, 1: 400, 2: 400} unique_total=1200 dup_ratio=1.00x
[kd_t1only_fair] [epoch 096/100] remain=4 epochs ep_eta=12.9min (avg 193s/ep)
[kd_t1only_fair] [epoch 096/100] lr=0.000000  dt=198.2s
  train loss=4159.5278  ce=0.0763 dice=0.1658  tversky=0.0000 bd=0.0000  cldice=0.0000 snake=0.0000
  val   loss=0.2646
  IoU   bg=0.9767  crack=0.5781  spalling=0.7943  | mIoU_fg=0.6862  pix_acc=0.9773
  Dice  bg=0.9882  crack=0.7327  spalling=0.8853
  BF1   crack=0.7565  spalling=0.6708  | BF1_fg_mean=0.7137
[kd_t1only_fair] [curriculum] epoch 97: stage=2 tiers=[0, 1, 2] pool={0: 400, 1: 400, 2: 400}
  [kd_t1only_fair] [epoch 97/100] batch 30/300 (10%) loss=4219.3491 elapsed=19s eta=175s
  [kd_t1only_fair] [epoch 97/100] batch 60/300 (20%) loss=4413.1738 elapsed=39s eta=154s
  [kd_t1only_fair] [epoch 97/100] batch 90/300 (30%) loss=4457.2334 elapsed=58s eta=134s
  [kd_t1only_fair] [epoch 97/100] batch 120/300 (40%) loss=4362.6366 elapsed=76s eta=115s
  [kd_t1only_fair] [epoch 97/100] batch 150/300 (50%) loss=4362.3151 elapsed=95s eta=95s
  [kd_t1only_fair] [epoch 97/100] batch 180/300 (60%) loss=4406.6378 elapsed=114s eta=76s
  [kd_t1only_fair] [epoch 97/100] batch 210/300 (70%) loss=4491.9189 elapsed=133s eta=57s
  [kd_t1only_fair] [epoch 97/100] batch 240/300 (80%) loss=4394.8298 elapsed=152s eta=38s
  [kd_t1only_fair] [epoch 97/100] batch 270/300 (90%) loss=4352.1205 elapsed=171s eta=19s
  [kd_t1only_fair] [epoch 97/100] batch 300/300 (100%) loss=4301.9965 elapsed=190s eta=0s
[kd_t1only_fair] [sampler] sampled: {0: 400, 1: 400, 2: 400} total=1200 spalling_ratio=24.33%
[kd_t1only_fair] [sampler] unique: {0: 400, 1: 400, 2: 400} unique_total=1200 dup_ratio=1.00x
[kd_t1only_fair] [epoch 097/100] remain=3 epochs ep_eta=9.7min (avg 193s/ep)
[kd_t1only_fair] [epoch 097/100] lr=0.000000  dt=199.2s
  train loss=4301.9965  ce=0.0768 dice=0.1636  tversky=0.0000 bd=0.0000  cldice=0.0000 snake=0.0000
  val   loss=0.2655
  IoU   bg=0.9769  crack=0.5788  spalling=0.7940  | mIoU_fg=0.6864  pix_acc=0.9774
  Dice  bg=0.9883  crack=0.7333  spalling=0.8852
  BF1   crack=0.7577  spalling=0.6715  | BF1_fg_mean=0.7146
[kd_t1only_fair] [curriculum] epoch 98: stage=2 tiers=[0, 1, 2] pool={0: 400, 1: 400, 2: 400}
  [kd_t1only_fair] [epoch 98/100] batch 30/300 (10%) loss=4702.1113 elapsed=20s eta=177s
  [kd_t1only_fair] [epoch 98/100] batch 60/300 (20%) loss=4290.6609 elapsed=39s eta=154s
  [kd_t1only_fair] [epoch 98/100] batch 90/300 (30%) loss=4110.0627 elapsed=57s eta=134s
  [kd_t1only_fair] [epoch 98/100] batch 120/300 (40%) loss=4070.8778 elapsed=76s eta=114s
  [kd_t1only_fair] [epoch 98/100] batch 150/300 (50%) loss=4077.9653 elapsed=95s eta=95s
  [kd_t1only_fair] [epoch 98/100] batch 180/300 (60%) loss=4014.1364 elapsed=114s eta=76s
  [kd_t1only_fair] [epoch 98/100] batch 210/300 (70%) loss=4061.2595 elapsed=133s eta=57s
  [kd_t1only_fair] [epoch 98/100] batch 240/300 (80%) loss=4071.7914 elapsed=152s eta=38s
  [kd_t1only_fair] [epoch 98/100] batch 270/300 (90%) loss=4049.7747 elapsed=170s eta=19s
  [kd_t1only_fair] [epoch 98/100] batch 300/300 (100%) loss=4025.5867 elapsed=189s eta=0s
[kd_t1only_fair] [sampler] sampled: {0: 400, 1: 400, 2: 400} total=1200 spalling_ratio=24.33%
[kd_t1only_fair] [sampler] unique: {0: 400, 1: 400, 2: 400} unique_total=1200 dup_ratio=1.00x
[kd_t1only_fair] [epoch 098/100] remain=2 epochs ep_eta=6.4min (avg 193s/ep)
[kd_t1only_fair] [epoch 098/100] lr=0.000000  dt=198.9s
  train loss=4025.5867  ce=0.0762 dice=0.1614  tversky=0.0000 bd=0.0000  cldice=0.0000 snake=0.0000
  val   loss=0.2658
  IoU   bg=0.9768  crack=0.5782  spalling=0.7942  | mIoU_fg=0.6862  pix_acc=0.9773
  Dice  bg=0.9882  crack=0.7327  spalling=0.8853
  BF1   crack=0.7567  spalling=0.6676  | BF1_fg_mean=0.7122
[kd_t1only_fair] [curriculum] epoch 99: stage=2 tiers=[0, 1, 2] pool={0: 400, 1: 400, 2: 400}
  [kd_t1only_fair] [epoch 99/100] batch 30/300 (10%) loss=4594.3290 elapsed=19s eta=175s
  [kd_t1only_fair] [epoch 99/100] batch 60/300 (20%) loss=4127.3290 elapsed=38s eta=153s
  [kd_t1only_fair] [epoch 99/100] batch 90/300 (30%) loss=4092.1301 elapsed=57s eta=134s
  [kd_t1only_fair] [epoch 99/100] batch 120/300 (40%) loss=4155.2089 elapsed=76s eta=114s
  [kd_t1only_fair] [epoch 99/100] batch 150/300 (50%) loss=4238.8931 elapsed=95s eta=95s
  [kd_t1only_fair] [epoch 99/100] batch 180/300 (60%) loss=4219.5886 elapsed=114s eta=76s
  [kd_t1only_fair] [epoch 99/100] batch 210/300 (70%) loss=4240.2908 elapsed=133s eta=57s
  [kd_t1only_fair] [epoch 99/100] batch 240/300 (80%) loss=4167.5361 elapsed=152s eta=38s
  [kd_t1only_fair] [epoch 99/100] batch 270/300 (90%) loss=4186.3188 elapsed=171s eta=19s
  [kd_t1only_fair] [epoch 99/100] batch 300/300 (100%) loss=4180.1621 elapsed=190s eta=0s
[kd_t1only_fair] [sampler] sampled: {0: 400, 1: 400, 2: 400} total=1200 spalling_ratio=24.33%
[kd_t1only_fair] [sampler] unique: {0: 400, 1: 400, 2: 400} unique_total=1200 dup_ratio=1.00x
[kd_t1only_fair] [epoch 099/100] remain=1 epochs ep_eta=3.2min (avg 193s/ep)
[kd_t1only_fair] [epoch 099/100] lr=0.000000  dt=199.3s
  train loss=4180.1621  ce=0.0765 dice=0.1641  tversky=0.0000 bd=0.0000  cldice=0.0000 snake=0.0000
  val   loss=0.2655
  IoU   bg=0.9768  crack=0.5783  spalling=0.7943  | mIoU_fg=0.6863  pix_acc=0.9773
  Dice  bg=0.9882  crack=0.7328  spalling=0.8854
  BF1   crack=0.7563  spalling=0.6679  | BF1_fg_mean=0.7121
[kd_t1only_fair] [curriculum] epoch 100: stage=2 tiers=[0, 1, 2] pool={0: 400, 1: 400, 2: 400}
  [kd_t1only_fair] [epoch 100/100] batch 30/300 (10%) loss=4414.8227 elapsed=20s eta=177s
  [kd_t1only_fair] [epoch 100/100] batch 60/300 (20%) loss=4130.1849 elapsed=38s eta=154s
  [kd_t1only_fair] [epoch 100/100] batch 90/300 (30%) loss=4134.3820 elapsed=57s eta=134s
  [kd_t1only_fair] [epoch 100/100] batch 120/300 (40%) loss=4118.5505 elapsed=76s eta=115s
  [kd_t1only_fair] [epoch 100/100] batch 150/300 (50%) loss=4202.7858 elapsed=95s eta=95s
  [kd_t1only_fair] [epoch 100/100] batch 180/300 (60%) loss=4201.3271 elapsed=114s eta=76s
  [kd_t1only_fair] [epoch 100/100] batch 210/300 (70%) loss=4149.6700 elapsed=133s eta=57s
  [kd_t1only_fair] [epoch 100/100] batch 240/300 (80%) loss=4224.9943 elapsed=152s eta=38s
  [kd_t1only_fair] [epoch 100/100] batch 270/300 (90%) loss=4195.4904 elapsed=171s eta=19s
  [kd_t1only_fair] [epoch 100/100] batch 300/300 (100%) loss=4183.7047 elapsed=190s eta=0s
[kd_t1only_fair] [sampler] sampled: {0: 400, 1: 400, 2: 400} total=1200 spalling_ratio=24.33%
[kd_t1only_fair] [sampler] unique: {0: 400, 1: 400, 2: 400} unique_total=1200 dup_ratio=1.00x
[kd_t1only_fair] [epoch 100/100] remain=0 epochs ep_eta=0.0min (avg 193s/ep)
[kd_t1only_fair] [epoch 100/100] lr=0.000000  dt=199.1s
  train loss=4183.7047  ce=0.0762 dice=0.1605  tversky=0.0000 bd=0.0000  cldice=0.0000 snake=0.0000
  val   loss=0.2653
  IoU   bg=0.9767  crack=0.5782  spalling=0.7946  | mIoU_fg=0.6864  pix_acc=0.9773
  Dice  bg=0.9882  crack=0.7327  spalling=0.8855
  BF1   crack=0.7564  spalling=0.6683  | BF1_fg_mean=0.7123

[train] final test eval using best checkpoint
IoU   bg=0.9753  crack=0.5645  spalling=0.8153  | mIoU_fg=0.6899  pix_acc=0.9759
Dice  bg=0.9875  crack=0.7216  spalling=0.8982
BF1   crack=0.7288  spalling=0.6385  | BF1_fg_mean=0.6837
clDice crack=0.8180
[train] wrote /workspace/dam-segmentation-baselines/full_method/runs/kd_t1only_fair/test_report.txt
[train] wrote /workspace/dam-segmentation-baselines/full_method/runs/kd_t1only_fair/curves.png
=== Training KD_T2_fair (kd_t2only_fair) ===
Some weights of SegformerForSemanticSegmentation were not initialized from the model checkpoint at nvidia/segformer-b2-finetuned-ade-512-512 and are newly initialized because the shapes did not match:
- decode_head.classifier.weight: found shape torch.Size([150, 768, 1, 1]) in the checkpoint and torch.Size([3, 768, 1, 1]) in the model instantiated
- decode_head.classifier.bias: found shape torch.Size([150]) in the checkpoint and torch.Size([3]) in the model instantiated
You should probably TRAIN this model on a down-stream task to be able to use it for predictions and inference.
Some weights of SegformerForSemanticSegmentation were not initialized from the model checkpoint at nvidia/segformer-b2-finetuned-ade-512-512 and are newly initialized because the shapes did not match:
- decode_head.classifier.weight: found shape torch.Size([150, 768, 1, 1]) in the checkpoint and torch.Size([3, 768, 1, 1]) in the model instantiated
- decode_head.classifier.bias: found shape torch.Size([150]) in the checkpoint and torch.Size([3]) in the model instantiated
You should probably TRAIN this model on a down-stream task to be able to use it for predictions and inference.
[train] cuDNN warmup OK
[train] full_method (kd_t2only_fair)
[train] device=cuda  torch=2.6.0+cu124  transformers=4.44.2
[train] cfg: pretrained=nvidia/segformer-b2-finetuned-ade-512-512 img=512 bs=4 grad_accum=1 epochs=100 lr=6e-05 warmup=5
[train] difficulty: alpha=1.0 beta=0.5 gamma=0.3 delta=0.3 ema=0.9 tau=0.5
[train] bonuses: spalling=0.3 late_hard_crack=0.4
[train] ablation switches: dynamic_difficulty=False class_sampling_bonus=False class_loss_schedule=False boundary_loss=False tversky_loss=False
[train] new switches: soft_curriculum=False softmax_sampling=False dynamic_loss_reweight=False (lambda=0.5) soft_boundary=False (start=0.6 max=0.1)
[train] cldice: use=False weight=0.15 start_epoch=40 iters=7
[train] srl: use=False weight=0.15 start_epoch=40
[train] snake_aux: use=False weight=0.1
[train] model_type=dscformer snake_channels=64 snake_kernel=9
[train] no_curriculum=True
[train] competence: hard=False soft=False c0=0.333 duration=70 floors=[0.05,0.02,0.0]
[train] DGACL: use=False w_disagree=0.5 w_gap=0.3 w_loss=0.2 lambda=1.0 pixel_kd=True phase2_lr=1e-05 warmup=3
[train] MAC: use=False morph_diff=False adaptive_pacing=False class_loss=False diff_gamma=0.5 weights=[0.4,0.3,0.2,0.1]
[train] sizes: train=1200 val=150 test=150
[train] building records (scanning masks for has_spalling) ...
[train] records: {0: 400, 1: 400, 2: 400}  has_spalling=292/1200
[train] raw pixel frequency: {'background': 0.952165391031901, 'crack': 0.03423014119466146, 'spalling': 0.0136044677734375}
[train] clipped weights    : {'background': 0.25, 'crack': 1.080772481700143, 'spalling': 1.7143055384148256}
[train] running OOM probe ...
[train] OOM probe OK
[train] mixed precision (AMP) enabled
[train] viz samples (6):
    Hard/H (99).jpg
    Hard/H (365).jpg
    Medium/M (127).jpg
    Medium/M (422).jpg
    Hard/H (431).jpg
    Hard/H (476).jpg
[KD] loading teacher 1 from /workspace/dam-segmentation-baselines/full_method/runs/dscformer_srl_G1/best.pt
[KD] teacher 1 loaded (epoch=90, val_mIoU_fg=0.6853293144115854)
[KD] alpha=0.5 temperature=4.0
[KD] loading teacher 2 from /workspace/dam-segmentation-baselines/full_method/runs/sam_lora_srl_SAM2/best.pt
[TopoLoRA-SAM] loaded SAM ViT-B from sam_vit_b_01ec64.pth
[TopoLoRA-SAM] injected LoRA into 48 layers (rank=16)
[TopoLoRA-SAM] total params: 95.8M, trainable: 6.1M (6.4%)
[KD] teacher 2 loaded (epoch=40, val_mIoU_fg=0.6982195181523473)
[KD] dual-teacher mode: equal-weight (t1=0.0, t2=1.0)
[kd_t2only_fair] [curriculum] epoch 1: stage=0 tiers=[0] pool={0: 400, 1: 0, 2: 0}
  [kd_t2only_fair] [epoch 1/100] batch 30/300 (10%) loss=1683713.8208 elapsed=22s eta=194s
  [kd_t2only_fair] [epoch 1/100] batch 60/300 (20%) loss=1693231.6417 elapsed=42s eta=169s
  [kd_t2only_fair] [epoch 1/100] batch 90/300 (30%) loss=1696100.0403 elapsed=62s eta=145s
  [kd_t2only_fair] [epoch 1/100] batch 120/300 (40%) loss=1706194.2135 elapsed=82s eta=124s
  [kd_t2only_fair] [epoch 1/100] batch 150/300 (50%) loss=1707185.2292 elapsed=103s eta=103s
  [kd_t2only_fair] [epoch 1/100] batch 180/300 (60%) loss=1709633.4403 elapsed=123s eta=82s
  [kd_t2only_fair] [epoch 1/100] batch 210/300 (70%) loss=1707428.9887 elapsed=143s eta=61s
  [kd_t2only_fair] [epoch 1/100] batch 240/300 (80%) loss=1704704.4906 elapsed=163s eta=41s
  [kd_t2only_fair] [epoch 1/100] batch 270/300 (90%) loss=1704414.6745 elapsed=183s eta=20s
  [kd_t2only_fair] [epoch 1/100] batch 300/300 (100%) loss=1703407.0442 elapsed=204s eta=0s
[kd_t2only_fair] [sampler] sampled: {0: 400, 1: 400, 2: 400} total=1200 spalling_ratio=24.33%
[kd_t2only_fair] [sampler] unique: {0: 400, 1: 400, 2: 400} unique_total=1200 dup_ratio=1.00x
[kd_t2only_fair] [epoch 001/100] remain=99 epochs ep_eta=354.7min (avg 215s/ep)
[kd_t2only_fair] [epoch 001/100] lr=0.000012  dt=215.0s
  train loss=1703407.0442  ce=1.0921 dice=0.9441  tversky=0.0000 bd=0.0000  cldice=0.0000 snake=0.0000
  val   loss=1.0098
  IoU   bg=0.4419  crack=0.0511  spalling=0.0127  | mIoU_fg=0.0319  pix_acc=0.4518
  Dice  bg=0.6129  crack=0.0973  spalling=0.0252
  BF1   crack=0.1188  spalling=0.0145  | BF1_fg_mean=0.0667
  [kd_t2only_fair] [best] mIoU_fg=0.0319  saved -> best.pt
[kd_t2only_fair] [curriculum] epoch 2: stage=0 tiers=[0] pool={0: 400, 1: 0, 2: 0}
  [kd_t2only_fair] [epoch 2/100] batch 30/300 (10%) loss=1670538.8292 elapsed=21s eta=188s
  [kd_t2only_fair] [epoch 2/100] batch 60/300 (20%) loss=1640274.4312 elapsed=41s eta=162s
  [kd_t2only_fair] [epoch 2/100] batch 90/300 (30%) loss=1615695.9194 elapsed=60s eta=141s
  [kd_t2only_fair] [epoch 2/100] batch 120/300 (40%) loss=1591281.1146 elapsed=80s eta=120s
  [kd_t2only_fair] [epoch 2/100] batch 150/300 (50%) loss=1564985.7775 elapsed=99s eta=99s
  [kd_t2only_fair] [epoch 2/100] batch 180/300 (60%) loss=1542362.0243 elapsed=119s eta=79s
  [kd_t2only_fair] [epoch 2/100] batch 210/300 (70%) loss=1516067.3262 elapsed=138s eta=59s
  [kd_t2only_fair] [epoch 2/100] batch 240/300 (80%) loss=1492409.9438 elapsed=157s eta=39s
  [kd_t2only_fair] [epoch 2/100] batch 270/300 (90%) loss=1464228.7005 elapsed=177s eta=20s
  [kd_t2only_fair] [epoch 2/100] batch 300/300 (100%) loss=1439478.5871 elapsed=196s eta=0s
[kd_t2only_fair] [sampler] sampled: {0: 400, 1: 400, 2: 400} total=1200 spalling_ratio=24.33%
[kd_t2only_fair] [sampler] unique: {0: 400, 1: 400, 2: 400} unique_total=1200 dup_ratio=1.00x
[kd_t2only_fair] [epoch 002/100] remain=98 epochs ep_eta=339.9min (avg 208s/ep)
[kd_t2only_fair] [epoch 002/100] lr=0.000024  dt=196.1s
  train loss=1439478.5871  ce=0.7282 dice=0.9037  tversky=0.0000 bd=0.0000  cldice=0.0000 snake=0.0000
  val   skipped (next val at epoch 5)
[kd_t2only_fair] [curriculum] epoch 3: stage=0 tiers=[0] pool={0: 400, 1: 0, 2: 0}
  [kd_t2only_fair] [epoch 3/100] batch 30/300 (10%) loss=1151802.0021 elapsed=20s eta=179s
  [kd_t2only_fair] [epoch 3/100] batch 60/300 (20%) loss=1112496.1687 elapsed=39s eta=156s
  [kd_t2only_fair] [epoch 3/100] batch 90/300 (30%) loss=1070648.8188 elapsed=58s eta=136s
  [kd_t2only_fair] [epoch 3/100] batch 120/300 (40%) loss=1036198.2411 elapsed=77s eta=116s
  [kd_t2only_fair] [epoch 3/100] batch 150/300 (50%) loss=1001972.5792 elapsed=96s eta=96s
  [kd_t2only_fair] [epoch 3/100] batch 180/300 (60%) loss=970053.6066 elapsed=115s eta=77s
  [kd_t2only_fair] [epoch 3/100] batch 210/300 (70%) loss=939908.3792 elapsed=134s eta=57s
  [kd_t2only_fair] [epoch 3/100] batch 240/300 (80%) loss=912720.7346 elapsed=153s eta=38s
  [kd_t2only_fair] [epoch 3/100] batch 270/300 (90%) loss=890687.0850 elapsed=171s eta=19s
  [kd_t2only_fair] [epoch 3/100] batch 300/300 (100%) loss=869279.4154 elapsed=189s eta=0s
[kd_t2only_fair] [sampler] sampled: {0: 400, 1: 400, 2: 400} total=1200 spalling_ratio=24.33%
[kd_t2only_fair] [sampler] unique: {0: 400, 1: 400, 2: 400} unique_total=1200 dup_ratio=1.00x
[kd_t2only_fair] [epoch 003/100] remain=97 epochs ep_eta=326.8min (avg 202s/ep)
[kd_t2only_fair] [epoch 003/100] lr=0.000036  dt=189.0s
  train loss=869279.4154  ce=0.4284 dice=0.7807  tversky=0.0000 bd=0.0000  cldice=0.0000 snake=0.0000
  val   skipped (next val at epoch 5)
[kd_t2only_fair] [curriculum] epoch 4: stage=0 tiers=[0] pool={0: 400, 1: 0, 2: 0}
  [kd_t2only_fair] [epoch 4/100] batch 30/300 (10%) loss=627300.9792 elapsed=19s eta=168s
  [kd_t2only_fair] [epoch 4/100] batch 60/300 (20%) loss=609754.2135 elapsed=37s eta=147s
  [kd_t2only_fair] [epoch 4/100] batch 90/300 (30%) loss=591365.7844 elapsed=55s eta=128s
  [kd_t2only_fair] [epoch 4/100] batch 120/300 (40%) loss=573822.3263 elapsed=73s eta=109s
  [kd_t2only_fair] [epoch 4/100] batch 150/300 (50%) loss=559557.6202 elapsed=91s eta=91s
  [kd_t2only_fair] [epoch 4/100] batch 180/300 (60%) loss=544876.8700 elapsed=109s eta=73s
  [kd_t2only_fair] [epoch 4/100] batch 210/300 (70%) loss=531176.2970 elapsed=127s eta=54s
  [kd_t2only_fair] [epoch 4/100] batch 240/300 (80%) loss=517492.8039 elapsed=145s eta=36s
  [kd_t2only_fair] [epoch 4/100] batch 270/300 (90%) loss=503795.7806 elapsed=163s eta=18s
  [kd_t2only_fair] [epoch 4/100] batch 300/300 (100%) loss=491641.9293 elapsed=181s eta=0s
[kd_t2only_fair] [sampler] sampled: {0: 400, 1: 400, 2: 400} total=1200 spalling_ratio=24.33%
[kd_t2only_fair] [sampler] unique: {0: 400, 1: 400, 2: 400} unique_total=1200 dup_ratio=1.00x
[kd_t2only_fair] [epoch 004/100] remain=96 epochs ep_eta=315.9min (avg 197s/ep)
[kd_t2only_fair] [epoch 004/100] lr=0.000048  dt=181.7s
  train loss=491641.9293  ce=0.4261 dice=0.7073  tversky=0.0000 bd=0.0000  cldice=0.0000 snake=0.0000
  val   skipped (next val at epoch 5)
[kd_t2only_fair] [curriculum] epoch 5: stage=0 tiers=[0] pool={0: 400, 1: 0, 2: 0}
  [kd_t2only_fair] [epoch 5/100] batch 30/300 (10%) loss=348876.9385 elapsed=19s eta=172s
  [kd_t2only_fair] [epoch 5/100] batch 60/300 (20%) loss=341570.2161 elapsed=37s eta=149s
  [kd_t2only_fair] [epoch 5/100] batch 90/300 (30%) loss=333037.0073 elapsed=56s eta=130s
  [kd_t2only_fair] [epoch 5/100] batch 120/300 (40%) loss=322857.9625 elapsed=74s eta=111s
  [kd_t2only_fair] [epoch 5/100] batch 150/300 (50%) loss=313003.2018 elapsed=92s eta=92s
  [kd_t2only_fair] [epoch 5/100] batch 180/300 (60%) loss=304535.3704 elapsed=111s eta=74s
  [kd_t2only_fair] [epoch 5/100] batch 210/300 (70%) loss=295827.2696 elapsed=129s eta=55s
  [kd_t2only_fair] [epoch 5/100] batch 240/300 (80%) loss=289464.0294 elapsed=147s eta=37s
  [kd_t2only_fair] [epoch 5/100] batch 270/300 (90%) loss=282579.9364 elapsed=166s eta=18s
  [kd_t2only_fair] [epoch 5/100] batch 300/300 (100%) loss=275989.8521 elapsed=184s eta=0s
[kd_t2only_fair] [sampler] sampled: {0: 400, 1: 400, 2: 400} total=1200 spalling_ratio=24.33%
[kd_t2only_fair] [sampler] unique: {0: 400, 1: 400, 2: 400} unique_total=1200 dup_ratio=1.00x
/usr/local/lib/python3.11/dist-packages/torch/optim/lr_scheduler.py:243: UserWarning: The epoch parameter in `scheduler.step()` was not necessary and is being deprecated where possible. Please use `scheduler.step()` to step the scheduler. During the deprecation, if epoch is different from None, the closed form is used instead of the new chainable form, where available. Please open an issue if you are unable to replicate your use case: https://github.com/pytorch/pytorch/issues/new/choose.
  warnings.warn(EPOCH_DEPRECATION_WARNING, UserWarning)
[kd_t2only_fair] [epoch 005/100] remain=95 epochs ep_eta=311.8min (avg 197s/ep)
[kd_t2only_fair] [epoch 005/100] lr=0.000060  dt=193.6s
  train loss=275989.8521  ce=0.3413 dice=0.5641  tversky=0.0000 bd=0.0000  cldice=0.0000 snake=0.0000
  val   loss=0.3752
  IoU   bg=0.9640  crack=0.4404  spalling=0.5363  | mIoU_fg=0.4884  pix_acc=0.9649
  Dice  bg=0.9817  crack=0.6115  spalling=0.6982
  BF1   crack=0.5948  spalling=0.1250  | BF1_fg_mean=0.3599
  [kd_t2only_fair] [best] mIoU_fg=0.4884  saved -> best.pt
[kd_t2only_fair] [curriculum] epoch 6: stage=0 tiers=[0] pool={0: 400, 1: 0, 2: 0}
  [kd_t2only_fair] [epoch 6/100] batch 30/300 (10%) loss=197117.7760 elapsed=19s eta=170s
  [kd_t2only_fair] [epoch 6/100] batch 60/300 (20%) loss=191481.6831 elapsed=37s eta=149s
  [kd_t2only_fair] [epoch 6/100] batch 90/300 (30%) loss=185480.9623 elapsed=56s eta=130s
  [kd_t2only_fair] [epoch 6/100] batch 120/300 (40%) loss=180225.3664 elapsed=75s eta=112s
  [kd_t2only_fair] [epoch 6/100] batch 150/300 (50%) loss=175119.8579 elapsed=93s eta=93s
  [kd_t2only_fair] [epoch 6/100] batch 180/300 (60%) loss=171552.2352 elapsed=112s eta=75s
  [kd_t2only_fair] [epoch 6/100] batch 210/300 (70%) loss=166501.2811 elapsed=130s eta=56s
  [kd_t2only_fair] [epoch 6/100] batch 240/300 (80%) loss=162383.1782 elapsed=149s eta=37s
  [kd_t2only_fair] [epoch 6/100] batch 270/300 (90%) loss=158029.4485 elapsed=167s eta=19s
  [kd_t2only_fair] [epoch 6/100] batch 300/300 (100%) loss=154134.7673 elapsed=186s eta=0s
[kd_t2only_fair] [sampler] sampled: {0: 400, 1: 400, 2: 400} total=1200 spalling_ratio=24.33%
[kd_t2only_fair] [sampler] unique: {0: 400, 1: 400, 2: 400} unique_total=1200 dup_ratio=1.00x
[kd_t2only_fair] [epoch 006/100] remain=94 epochs ep_eta=306.8min (avg 196s/ep)
[kd_t2only_fair] [epoch 006/100] lr=0.000060  dt=186.0s
  train loss=154134.7673  ce=0.2777 dice=0.4787  tversky=0.0000 bd=0.0000  cldice=0.0000 snake=0.0000
  val   skipped (next val at epoch 10)
[kd_t2only_fair] [curriculum] epoch 7: stage=0 tiers=[0] pool={0: 400, 1: 0, 2: 0}
  [kd_t2only_fair] [epoch 7/100] batch 30/300 (10%) loss=117409.9695 elapsed=19s eta=172s
  [kd_t2only_fair] [epoch 7/100] batch 60/300 (20%) loss=112151.1772 elapsed=38s eta=150s
  [kd_t2only_fair] [epoch 7/100] batch 90/300 (30%) loss=110692.6750 elapsed=56s eta=131s
  [kd_t2only_fair] [epoch 7/100] batch 120/300 (40%) loss=108725.4551 elapsed=75s eta=112s
  [kd_t2only_fair] [epoch 7/100] batch 150/300 (50%) loss=105145.6883 elapsed=93s eta=93s
  [kd_t2only_fair] [epoch 7/100] batch 180/300 (60%) loss=102261.3565 elapsed=112s eta=74s
  [kd_t2only_fair] [epoch 7/100] batch 210/300 (70%) loss=100292.9576 elapsed=130s eta=56s
  [kd_t2only_fair] [epoch 7/100] batch 240/300 (80%) loss=98577.0889 elapsed=149s eta=37s
  [kd_t2only_fair] [epoch 7/100] batch 270/300 (90%) loss=97194.2715 elapsed=167s eta=19s
  [kd_t2only_fair] [epoch 7/100] batch 300/300 (100%) loss=96647.3543 elapsed=186s eta=0s
[kd_t2only_fair] [sampler] sampled: {0: 400, 1: 400, 2: 400} total=1200 spalling_ratio=24.33%
[kd_t2only_fair] [sampler] unique: {0: 400, 1: 400, 2: 400} unique_total=1200 dup_ratio=1.00x
[kd_t2only_fair] [epoch 007/100] remain=93 epochs ep_eta=301.7min (avg 195s/ep)
[kd_t2only_fair] [epoch 007/100] lr=0.000060  dt=186.2s
  train loss=96647.3543  ce=0.2388 dice=0.4215  tversky=0.0000 bd=0.0000  cldice=0.0000 snake=0.0000
  val   skipped (next val at epoch 10)
[kd_t2only_fair] [curriculum] epoch 8: stage=0 tiers=[0] pool={0: 400, 1: 0, 2: 0}
  [kd_t2only_fair] [epoch 8/100] batch 30/300 (10%) loss=108520.0820 elapsed=19s eta=173s
  [kd_t2only_fair] [epoch 8/100] batch 60/300 (20%) loss=101789.7288 elapsed=38s eta=152s
  [kd_t2only_fair] [epoch 8/100] batch 90/300 (30%) loss=92243.4148 elapsed=57s eta=132s
  [kd_t2only_fair] [epoch 8/100] batch 120/300 (40%) loss=87815.7572 elapsed=75s eta=113s
  [kd_t2only_fair] [epoch 8/100] batch 150/300 (50%) loss=87503.4666 elapsed=94s eta=94s
  [kd_t2only_fair] [epoch 8/100] batch 180/300 (60%) loss=88233.3362 elapsed=112s eta=75s
  [kd_t2only_fair] [epoch 8/100] batch 210/300 (70%) loss=86284.3187 elapsed=130s eta=56s
  [kd_t2only_fair] [epoch 8/100] batch 240/300 (80%) loss=86239.7624 elapsed=149s eta=37s
  [kd_t2only_fair] [epoch 8/100] batch 270/300 (90%) loss=85373.0225 elapsed=167s eta=19s
  [kd_t2only_fair] [epoch 8/100] batch 300/300 (100%) loss=83373.0791 elapsed=186s eta=0s
[kd_t2only_fair] [sampler] sampled: {0: 400, 1: 400, 2: 400} total=1200 spalling_ratio=24.33%
[kd_t2only_fair] [sampler] unique: {0: 400, 1: 400, 2: 400} unique_total=1200 dup_ratio=1.00x
[kd_t2only_fair] [epoch 008/100] remain=92 epochs ep_eta=297.1min (avg 194s/ep)
[kd_t2only_fair] [epoch 008/100] lr=0.000060  dt=186.0s
  train loss=83373.0791  ce=0.2868 dice=0.4247  tversky=0.0000 bd=0.0000  cldice=0.0000 snake=0.0000
  val   skipped (next val at epoch 10)
[kd_t2only_fair] [curriculum] epoch 9: stage=0 tiers=[0] pool={0: 400, 1: 0, 2: 0}
  [kd_t2only_fair] [epoch 9/100] batch 30/300 (10%) loss=62177.5234 elapsed=19s eta=172s
  [kd_t2only_fair] [epoch 9/100] batch 60/300 (20%) loss=60631.1560 elapsed=38s eta=150s
  [kd_t2only_fair] [epoch 9/100] batch 90/300 (30%) loss=60094.3118 elapsed=56s eta=131s
  [kd_t2only_fair] [epoch 9/100] batch 120/300 (40%) loss=61934.8770 elapsed=75s eta=112s
  [kd_t2only_fair] [epoch 9/100] batch 150/300 (50%) loss=61222.1495 elapsed=93s eta=93s
  [kd_t2only_fair] [epoch 9/100] batch 180/300 (60%) loss=61490.8961 elapsed=112s eta=75s
  [kd_t2only_fair] [epoch 9/100] batch 210/300 (70%) loss=60972.4516 elapsed=131s eta=56s
  [kd_t2only_fair] [epoch 9/100] batch 240/300 (80%) loss=60312.5828 elapsed=149s eta=37s
  [kd_t2only_fair] [epoch 9/100] batch 270/300 (90%) loss=59833.4653 elapsed=168s eta=19s
  [kd_t2only_fair] [epoch 9/100] batch 300/300 (100%) loss=59078.8214 elapsed=187s eta=0s
[kd_t2only_fair] [sampler] sampled: {0: 400, 1: 400, 2: 400} total=1200 spalling_ratio=24.33%
[kd_t2only_fair] [sampler] unique: {0: 400, 1: 400, 2: 400} unique_total=1200 dup_ratio=1.00x
[kd_t2only_fair] [epoch 009/100] remain=91 epochs ep_eta=292.9min (avg 193s/ep)
[kd_t2only_fair] [epoch 009/100] lr=0.000060  dt=186.8s
  train loss=59078.8214  ce=0.2010 dice=0.3569  tversky=0.0000 bd=0.0000  cldice=0.0000 snake=0.0000
  val   skipped (next val at epoch 10)
[kd_t2only_fair] [curriculum] epoch 10: stage=0 tiers=[0] pool={0: 400, 1: 0, 2: 0}
  [kd_t2only_fair] [epoch 10/100] batch 30/300 (10%) loss=56579.1171 elapsed=19s eta=174s
  [kd_t2only_fair] [epoch 10/100] batch 60/300 (20%) loss=52015.0802 elapsed=38s eta=152s
  [kd_t2only_fair] [epoch 10/100] batch 90/300 (30%) loss=51450.4814 elapsed=57s eta=132s
  [kd_t2only_fair] [epoch 10/100] batch 120/300 (40%) loss=52466.9613 elapsed=75s eta=113s
  [kd_t2only_fair] [epoch 10/100] batch 150/300 (50%) loss=52533.0981 elapsed=94s eta=94s
  [kd_t2only_fair] [epoch 10/100] batch 180/300 (60%) loss=52333.5927 elapsed=113s eta=75s
  [kd_t2only_fair] [epoch 10/100] batch 210/300 (70%) loss=51568.8486 elapsed=131s eta=56s
  [kd_t2only_fair] [epoch 10/100] batch 240/300 (80%) loss=50970.7959 elapsed=150s eta=38s
  [kd_t2only_fair] [epoch 10/100] batch 270/300 (90%) loss=50409.1308 elapsed=169s eta=19s
  [kd_t2only_fair] [epoch 10/100] batch 300/300 (100%) loss=49682.2046 elapsed=187s eta=0s
[kd_t2only_fair] [sampler] sampled: {0: 400, 1: 400, 2: 400} total=1200 spalling_ratio=24.33%
[kd_t2only_fair] [sampler] unique: {0: 400, 1: 400, 2: 400} unique_total=1200 dup_ratio=1.00x
[kd_t2only_fair] [epoch 010/100] remain=90 epochs ep_eta=290.5min (avg 194s/ep)
[kd_t2only_fair] [epoch 010/100] lr=0.000060  dt=196.9s
  train loss=49682.2046  ce=0.1790 dice=0.3138  tversky=0.0000 bd=0.0000  cldice=0.0000 snake=0.0000
  val   loss=0.2438
  IoU   bg=0.9716  crack=0.5218  spalling=0.7916  | mIoU_fg=0.6567  pix_acc=0.9722
  Dice  bg=0.9856  crack=0.6857  spalling=0.8837
  BF1   crack=0.6666  spalling=0.5391  | BF1_fg_mean=0.6028
  [kd_t2only_fair] [best] mIoU_fg=0.6567  saved -> best.pt
[kd_t2only_fair] [curriculum] epoch 11: stage=0 tiers=[0] pool={0: 400, 1: 0, 2: 0}
  [kd_t2only_fair] [epoch 11/100] batch 30/300 (10%) loss=44051.3140 elapsed=19s eta=172s
  [kd_t2only_fair] [epoch 11/100] batch 60/300 (20%) loss=45409.4329 elapsed=38s eta=152s
  [kd_t2only_fair] [epoch 11/100] batch 90/300 (30%) loss=44814.0622 elapsed=57s eta=132s
  [kd_t2only_fair] [epoch 11/100] batch 120/300 (40%) loss=44352.9587 elapsed=75s eta=113s
  [kd_t2only_fair] [epoch 11/100] batch 150/300 (50%) loss=44667.8661 elapsed=94s eta=94s
  [kd_t2only_fair] [epoch 11/100] batch 180/300 (60%) loss=45271.7642 elapsed=112s eta=75s
  [kd_t2only_fair] [epoch 11/100] batch 210/300 (70%) loss=45249.5512 elapsed=131s eta=56s
  [kd_t2only_fair] [epoch 11/100] batch 240/300 (80%) loss=44987.3480 elapsed=149s eta=37s
  [kd_t2only_fair] [epoch 11/100] batch 270/300 (90%) loss=45028.9817 elapsed=168s eta=19s
  [kd_t2only_fair] [epoch 11/100] batch 300/300 (100%) loss=44737.7918 elapsed=187s eta=0s
[kd_t2only_fair] [sampler] sampled: {0: 400, 1: 400, 2: 400} total=1200 spalling_ratio=24.33%
[kd_t2only_fair] [sampler] unique: {0: 400, 1: 400, 2: 400} unique_total=1200 dup_ratio=1.00x
[kd_t2only_fair] [epoch 011/100] remain=89 epochs ep_eta=287.1min (avg 194s/ep)
[kd_t2only_fair] [epoch 011/100] lr=0.000059  dt=187.1s
  train loss=44737.7918  ce=0.1686 dice=0.3110  tversky=0.0000 bd=0.0000  cldice=0.0000 snake=0.0000
  val   skipped (next val at epoch 15)
[kd_t2only_fair] [curriculum] epoch 12: stage=0 tiers=[0] pool={0: 400, 1: 0, 2: 0}
  [kd_t2only_fair] [epoch 12/100] batch 30/300 (10%) loss=43699.9962 elapsed=19s eta=173s
  [kd_t2only_fair] [epoch 12/100] batch 60/300 (20%) loss=43160.0322 elapsed=38s eta=151s
  [kd_t2only_fair] [epoch 12/100] batch 90/300 (30%) loss=42836.1308 elapsed=57s eta=132s
  [kd_t2only_fair] [epoch 12/100] batch 120/300 (40%) loss=43356.2241 elapsed=75s eta=113s
  [kd_t2only_fair] [epoch 12/100] batch 150/300 (50%) loss=42886.4994 elapsed=94s eta=94s
  [kd_t2only_fair] [epoch 12/100] batch 180/300 (60%) loss=42162.4202 elapsed=113s eta=75s
  [kd_t2only_fair] [epoch 12/100] batch 210/300 (70%) loss=42037.5144 elapsed=131s eta=56s
  [kd_t2only_fair] [epoch 12/100] batch 240/300 (80%) loss=41508.5352 elapsed=150s eta=37s
  [kd_t2only_fair] [epoch 12/100] batch 270/300 (90%) loss=41264.7640 elapsed=169s eta=19s
  [kd_t2only_fair] [epoch 12/100] batch 300/300 (100%) loss=41189.4642 elapsed=187s eta=0s
[kd_t2only_fair] [sampler] sampled: {0: 400, 1: 400, 2: 400} total=1200 spalling_ratio=24.33%
[kd_t2only_fair] [sampler] unique: {0: 400, 1: 400, 2: 400} unique_total=1200 dup_ratio=1.00x
[kd_t2only_fair] [epoch 012/100] remain=88 epochs ep_eta=283.3min (avg 193s/ep)
[kd_t2only_fair] [epoch 012/100] lr=0.000059  dt=187.6s
  train loss=41189.4642  ce=0.1649 dice=0.2881  tversky=0.0000 bd=0.0000  cldice=0.0000 snake=0.0000
  val   skipped (next val at epoch 15)
[kd_t2only_fair] [curriculum] epoch 13: stage=0 tiers=[0] pool={0: 400, 1: 0, 2: 0}
  [kd_t2only_fair] [epoch 13/100] batch 30/300 (10%) loss=37130.2043 elapsed=19s eta=173s
  [kd_t2only_fair] [epoch 13/100] batch 60/300 (20%) loss=37804.4141 elapsed=38s eta=151s
  [kd_t2only_fair] [epoch 13/100] batch 90/300 (30%) loss=37864.3251 elapsed=56s eta=131s
  [kd_t2only_fair] [epoch 13/100] batch 120/300 (40%) loss=37946.7729 elapsed=75s eta=112s
  [kd_t2only_fair] [epoch 13/100] batch 150/300 (50%) loss=38021.1109 elapsed=93s eta=93s
  [kd_t2only_fair] [epoch 13/100] batch 180/300 (60%) loss=37993.1010 elapsed=112s eta=75s
  [kd_t2only_fair] [epoch 13/100] batch 210/300 (70%) loss=37802.4221 elapsed=130s eta=56s
  [kd_t2only_fair] [epoch 13/100] batch 240/300 (80%) loss=37526.0650 elapsed=149s eta=37s
  [kd_t2only_fair] [epoch 13/100] batch 270/300 (90%) loss=37490.5130 elapsed=168s eta=19s
  [kd_t2only_fair] [epoch 13/100] batch 300/300 (100%) loss=37450.1257 elapsed=186s eta=0s
[kd_t2only_fair] [sampler] sampled: {0: 400, 1: 400, 2: 400} total=1200 spalling_ratio=24.33%
[kd_t2only_fair] [sampler] unique: {0: 400, 1: 400, 2: 400} unique_total=1200 dup_ratio=1.00x
[kd_t2only_fair] [epoch 013/100] remain=87 epochs ep_eta=279.5min (avg 193s/ep)
[kd_t2only_fair] [epoch 013/100] lr=0.000059  dt=186.6s
  train loss=37450.1257  ce=0.1578 dice=0.2835  tversky=0.0000 bd=0.0000  cldice=0.0000 snake=0.0000
  val   skipped (next val at epoch 15)
[kd_t2only_fair] [curriculum] epoch 14: stage=0 tiers=[0] pool={0: 400, 1: 0, 2: 0}
  [kd_t2only_fair] [epoch 14/100] batch 30/300 (10%) loss=35540.7824 elapsed=19s eta=174s
  [kd_t2only_fair] [epoch 14/100] batch 60/300 (20%) loss=38120.8712 elapsed=38s eta=152s
  [kd_t2only_fair] [epoch 14/100] batch 90/300 (30%) loss=37011.2441 elapsed=57s eta=132s
  [kd_t2only_fair] [epoch 14/100] batch 120/300 (40%) loss=37378.4627 elapsed=76s eta=113s
  [kd_t2only_fair] [epoch 14/100] batch 150/300 (50%) loss=36888.7056 elapsed=94s eta=94s
  [kd_t2only_fair] [epoch 14/100] batch 180/300 (60%) loss=36172.7038 elapsed=113s eta=75s
  [kd_t2only_fair] [epoch 14/100] batch 210/300 (70%) loss=36168.2395 elapsed=132s eta=56s
  [kd_t2only_fair] [epoch 14/100] batch 240/300 (80%) loss=35744.4475 elapsed=150s eta=38s
  [kd_t2only_fair] [epoch 14/100] batch 270/300 (90%) loss=35557.7865 elapsed=169s eta=19s
  [kd_t2only_fair] [epoch 14/100] batch 300/300 (100%) loss=35430.4864 elapsed=188s eta=0s
[kd_t2only_fair] [sampler] sampled: {0: 400, 1: 400, 2: 400} total=1200 spalling_ratio=24.33%
[kd_t2only_fair] [sampler] unique: {0: 400, 1: 400, 2: 400} unique_total=1200 dup_ratio=1.00x
[kd_t2only_fair] [epoch 014/100] remain=86 epochs ep_eta=276.0min (avg 193s/ep)
[kd_t2only_fair] [epoch 014/100] lr=0.000059  dt=188.1s
  train loss=35430.4864  ce=0.1556 dice=0.2776  tversky=0.0000 bd=0.0000  cldice=0.0000 snake=0.0000
  val   skipped (next val at epoch 15)
[kd_t2only_fair] [curriculum] epoch 15: stage=0 tiers=[0] pool={0: 400, 1: 0, 2: 0}
  [kd_t2only_fair] [epoch 15/100] batch 30/300 (10%) loss=36201.3111 elapsed=19s eta=174s
  [kd_t2only_fair] [epoch 15/100] batch 60/300 (20%) loss=35265.1112 elapsed=38s eta=152s
  [kd_t2only_fair] [epoch 15/100] batch 90/300 (30%) loss=34704.3055 elapsed=57s eta=132s
  [kd_t2only_fair] [epoch 15/100] batch 120/300 (40%) loss=34690.8383 elapsed=75s eta=113s
  [kd_t2only_fair] [epoch 15/100] batch 150/300 (50%) loss=35003.2420 elapsed=94s eta=94s
  [kd_t2only_fair] [epoch 15/100] batch 180/300 (60%) loss=34397.5905 elapsed=112s eta=75s
  [kd_t2only_fair] [epoch 15/100] batch 210/300 (70%) loss=34039.7910 elapsed=131s eta=56s
  [kd_t2only_fair] [epoch 15/100] batch 240/300 (80%) loss=33707.4122 elapsed=149s eta=37s
  [kd_t2only_fair] [epoch 15/100] batch 270/300 (90%) loss=33500.9768 elapsed=168s eta=19s
  [kd_t2only_fair] [epoch 15/100] batch 300/300 (100%) loss=33199.1378 elapsed=187s eta=0s
[kd_t2only_fair] [sampler] sampled: {0: 400, 1: 400, 2: 400} total=1200 spalling_ratio=24.33%
[kd_t2only_fair] [sampler] unique: {0: 400, 1: 400, 2: 400} unique_total=1200 dup_ratio=1.00x
[kd_t2only_fair] [epoch 015/100] remain=85 epochs ep_eta=273.3min (avg 193s/ep)
[kd_t2only_fair] [epoch 015/100] lr=0.000058  dt=196.4s
  train loss=33199.1378  ce=0.1450 dice=0.2654  tversky=0.0000 bd=0.0000  cldice=0.0000 snake=0.0000
  val   loss=0.2488
  IoU   bg=0.9752  crack=0.5506  spalling=0.7721  | mIoU_fg=0.6614  pix_acc=0.9756
  Dice  bg=0.9874  crack=0.7102  spalling=0.8714
  BF1   crack=0.7048  spalling=0.5790  | BF1_fg_mean=0.6419
  [kd_t2only_fair] [best] mIoU_fg=0.6614  saved -> best.pt
[kd_t2only_fair] [curriculum] epoch 16: stage=0 tiers=[0] pool={0: 400, 1: 0, 2: 0}
  [kd_t2only_fair] [epoch 16/100] batch 30/300 (10%) loss=29283.8554 elapsed=19s eta=174s
  [kd_t2only_fair] [epoch 16/100] batch 60/300 (20%) loss=29983.0232 elapsed=38s eta=152s
  [kd_t2only_fair] [epoch 16/100] batch 90/300 (30%) loss=31910.9623 elapsed=57s eta=132s
  [kd_t2only_fair] [epoch 16/100] batch 120/300 (40%) loss=31302.6646 elapsed=75s eta=113s
  [kd_t2only_fair] [epoch 16/100] batch 150/300 (50%) loss=31657.9326 elapsed=94s eta=94s
  [kd_t2only_fair] [epoch 16/100] batch 180/300 (60%) loss=31907.7739 elapsed=112s eta=75s
  [kd_t2only_fair] [epoch 16/100] batch 210/300 (70%) loss=31669.6190 elapsed=131s eta=56s
  [kd_t2only_fair] [epoch 16/100] batch 240/300 (80%) loss=31659.1768 elapsed=150s eta=37s
  [kd_t2only_fair] [epoch 16/100] batch 270/300 (90%) loss=31488.3525 elapsed=168s eta=19s
  [kd_t2only_fair] [epoch 16/100] batch 300/300 (100%) loss=31838.2531 elapsed=187s eta=0s
[kd_t2only_fair] [sampler] sampled: {0: 400, 1: 400, 2: 400} total=1200 spalling_ratio=24.33%
[kd_t2only_fair] [sampler] unique: {0: 400, 1: 400, 2: 400} unique_total=1200 dup_ratio=1.00x
[kd_t2only_fair] [epoch 016/100] remain=84 epochs ep_eta=270.0min (avg 193s/ep)
[kd_t2only_fair] [epoch 016/100] lr=0.000058  dt=187.1s
  train loss=31838.2531  ce=0.1441 dice=0.2674  tversky=0.0000 bd=0.0000  cldice=0.0000 snake=0.0000
  val   skipped (next val at epoch 20)
[kd_t2only_fair] [curriculum] epoch 17: stage=0 tiers=[0] pool={0: 400, 1: 0, 2: 0}
  [kd_t2only_fair] [epoch 17/100] batch 30/300 (10%) loss=29191.8150 elapsed=19s eta=172s
  [kd_t2only_fair] [epoch 17/100] batch 60/300 (20%) loss=29686.8484 elapsed=38s eta=151s
  [kd_t2only_fair] [epoch 17/100] batch 90/300 (30%) loss=29587.0132 elapsed=56s eta=132s
  [kd_t2only_fair] [epoch 17/100] batch 120/300 (40%) loss=29810.3147 elapsed=75s eta=113s
  [kd_t2only_fair] [epoch 17/100] batch 150/300 (50%) loss=29412.4063 elapsed=94s eta=94s
  [kd_t2only_fair] [epoch 17/100] batch 180/300 (60%) loss=28936.9571 elapsed=113s eta=75s
  [kd_t2only_fair] [epoch 17/100] batch 210/300 (70%) loss=29124.8194 elapsed=131s eta=56s
  [kd_t2only_fair] [epoch 17/100] batch 240/300 (80%) loss=28932.0845 elapsed=150s eta=38s
  [kd_t2only_fair] [epoch 17/100] batch 270/300 (90%) loss=28930.8972 elapsed=169s eta=19s
  [kd_t2only_fair] [epoch 17/100] batch 300/300 (100%) loss=28937.3589 elapsed=187s eta=0s
[kd_t2only_fair] [sampler] sampled: {0: 400, 1: 400, 2: 400} total=1200 spalling_ratio=24.33%
[kd_t2only_fair] [sampler] unique: {0: 400, 1: 400, 2: 400} unique_total=1200 dup_ratio=1.00x
[kd_t2only_fair] [epoch 017/100] remain=83 epochs ep_eta=266.4min (avg 193s/ep)
[kd_t2only_fair] [epoch 017/100] lr=0.000058  dt=187.4s
  train loss=28937.3589  ce=0.1345 dice=0.2542  tversky=0.0000 bd=0.0000  cldice=0.0000 snake=0.0000
  val   skipped (next val at epoch 20)
[kd_t2only_fair] [curriculum] epoch 18: stage=0 tiers=[0] pool={0: 400, 1: 0, 2: 0}
  [kd_t2only_fair] [epoch 18/100] batch 30/300 (10%) loss=27746.1561 elapsed=19s eta=172s
  [kd_t2only_fair] [epoch 18/100] batch 60/300 (20%) loss=26852.7816 elapsed=38s eta=150s
  [kd_t2only_fair] [epoch 18/100] batch 90/300 (30%) loss=28038.5310 elapsed=56s eta=131s
  [kd_t2only_fair] [epoch 18/100] batch 120/300 (40%) loss=27400.3196 elapsed=75s eta=112s
  [kd_t2only_fair] [epoch 18/100] batch 150/300 (50%) loss=27868.0285 elapsed=93s eta=93s
  [kd_t2only_fair] [epoch 18/100] batch 180/300 (60%) loss=28207.2305 elapsed=112s eta=75s
  [kd_t2only_fair] [epoch 18/100] batch 210/300 (70%) loss=28371.9221 elapsed=131s eta=56s
  [kd_t2only_fair] [epoch 18/100] batch 240/300 (80%) loss=28920.0825 elapsed=149s eta=37s
  [kd_t2only_fair] [epoch 18/100] batch 270/300 (90%) loss=28981.6067 elapsed=168s eta=19s
  [kd_t2only_fair] [epoch 18/100] batch 300/300 (100%) loss=29062.5010 elapsed=186s eta=0s
[kd_t2only_fair] [sampler] sampled: {0: 400, 1: 400, 2: 400} total=1200 spalling_ratio=24.33%
[kd_t2only_fair] [sampler] unique: {0: 400, 1: 400, 2: 400} unique_total=1200 dup_ratio=1.00x
[kd_t2only_fair] [epoch 018/100] remain=82 epochs ep_eta=262.9min (avg 192s/ep)
[kd_t2only_fair] [epoch 018/100] lr=0.000057  dt=186.7s
  train loss=29062.5010  ce=0.1371 dice=0.2602  tversky=0.0000 bd=0.0000  cldice=0.0000 snake=0.0000
  val   skipped (next val at epoch 20)
[kd_t2only_fair] [curriculum] epoch 19: stage=0 tiers=[0] pool={0: 400, 1: 0, 2: 0}
  [kd_t2only_fair] [epoch 19/100] batch 30/300 (10%) loss=27821.8343 elapsed=19s eta=172s
  [kd_t2only_fair] [epoch 19/100] batch 60/300 (20%) loss=27754.7565 elapsed=38s eta=150s
  [kd_t2only_fair] [epoch 19/100] batch 90/300 (30%) loss=27714.1843 elapsed=56s eta=131s
  [kd_t2only_fair] [epoch 19/100] batch 120/300 (40%) loss=28035.4293 elapsed=75s eta=112s
  [kd_t2only_fair] [epoch 19/100] batch 150/300 (50%) loss=28604.2862 elapsed=94s eta=94s
  [kd_t2only_fair] [epoch 19/100] batch 180/300 (60%) loss=28407.0955 elapsed=113s eta=75s
  [kd_t2only_fair] [epoch 19/100] batch 210/300 (70%) loss=28236.4215 elapsed=131s eta=56s
  [kd_t2only_fair] [epoch 19/100] batch 240/300 (80%) loss=28132.3522 elapsed=150s eta=37s
  [kd_t2only_fair] [epoch 19/100] batch 270/300 (90%) loss=28080.2328 elapsed=169s eta=19s
  [kd_t2only_fair] [epoch 19/100] batch 300/300 (100%) loss=27936.4734 elapsed=187s eta=0s
[kd_t2only_fair] [sampler] sampled: {0: 400, 1: 400, 2: 400} total=1200 spalling_ratio=24.33%
[kd_t2only_fair] [sampler] unique: {0: 400, 1: 400, 2: 400} unique_total=1200 dup_ratio=1.00x
[kd_t2only_fair] [epoch 019/100] remain=81 epochs ep_eta=259.4min (avg 192s/ep)
[kd_t2only_fair] [epoch 019/100] lr=0.000057  dt=187.4s
  train loss=27936.4734  ce=0.1330 dice=0.2521  tversky=0.0000 bd=0.0000  cldice=0.0000 snake=0.0000
  val   skipped (next val at epoch 20)
[kd_t2only_fair] [curriculum] epoch 20: stage=0 tiers=[0] pool={0: 400, 1: 0, 2: 0}
  [kd_t2only_fair] [epoch 20/100] batch 30/300 (10%) loss=26652.1206 elapsed=20s eta=176s
  [kd_t2only_fair] [epoch 20/100] batch 60/300 (20%) loss=26448.3778 elapsed=38s eta=153s
  [kd_t2only_fair] [epoch 20/100] batch 90/300 (30%) loss=26636.9477 elapsed=57s eta=133s
  [kd_t2only_fair] [epoch 20/100] batch 120/300 (40%) loss=27275.1752 elapsed=75s eta=113s
  [kd_t2only_fair] [epoch 20/100] batch 150/300 (50%) loss=27501.3663 elapsed=94s eta=94s
  [kd_t2only_fair] [epoch 20/100] batch 180/300 (60%) loss=27361.0334 elapsed=113s eta=75s
  [kd_t2only_fair] [epoch 20/100] batch 210/300 (70%) loss=27030.0741 elapsed=132s eta=56s
  [kd_t2only_fair] [epoch 20/100] batch 240/300 (80%) loss=27090.8294 elapsed=150s eta=38s
  [kd_t2only_fair] [epoch 20/100] batch 270/300 (90%) loss=26956.5149 elapsed=169s eta=19s
  [kd_t2only_fair] [epoch 20/100] batch 300/300 (100%) loss=26986.1415 elapsed=188s eta=0s
[kd_t2only_fair] [sampler] sampled: {0: 400, 1: 400, 2: 400} total=1200 spalling_ratio=24.33%
[kd_t2only_fair] [sampler] unique: {0: 400, 1: 400, 2: 400} unique_total=1200 dup_ratio=1.00x
[kd_t2only_fair] [epoch 020/100] remain=80 epochs ep_eta=256.6min (avg 192s/ep)
[kd_t2only_fair] [epoch 020/100] lr=0.000056  dt=197.0s
  train loss=26986.1415  ce=0.1316 dice=0.2561  tversky=0.0000 bd=0.0000  cldice=0.0000 snake=0.0000
  val   loss=0.2522
  IoU   bg=0.9740  crack=0.5488  spalling=0.7772  | mIoU_fg=0.6630  pix_acc=0.9747
  Dice  bg=0.9868  crack=0.7086  spalling=0.8747
  BF1   crack=0.7167  spalling=0.5703  | BF1_fg_mean=0.6435
  [kd_t2only_fair] [best] mIoU_fg=0.6630  saved -> best.pt
[kd_t2only_fair] [curriculum] epoch 21: stage=0 tiers=[0] pool={0: 400, 1: 0, 2: 0}
  [kd_t2only_fair] [epoch 21/100] batch 30/300 (10%) loss=25540.1473 elapsed=19s eta=175s
  [kd_t2only_fair] [epoch 21/100] batch 60/300 (20%) loss=25051.9923 elapsed=38s eta=153s
  [kd_t2only_fair] [epoch 21/100] batch 90/300 (30%) loss=25293.9244 elapsed=57s eta=133s
  [kd_t2only_fair] [epoch 21/100] batch 120/300 (40%) loss=25351.2232 elapsed=76s eta=114s
  [kd_t2only_fair] [epoch 21/100] batch 150/300 (50%) loss=25234.0852 elapsed=94s eta=94s
  [kd_t2only_fair] [epoch 21/100] batch 180/300 (60%) loss=25327.6759 elapsed=113s eta=75s
  [kd_t2only_fair] [epoch 21/100] batch 210/300 (70%) loss=25314.8764 elapsed=132s eta=56s
  [kd_t2only_fair] [epoch 21/100] batch 240/300 (80%) loss=25232.1475 elapsed=151s eta=38s
  [kd_t2only_fair] [epoch 21/100] batch 270/300 (90%) loss=25457.9186 elapsed=169s eta=19s
  [kd_t2only_fair] [epoch 21/100] batch 300/300 (100%) loss=25402.4511 elapsed=188s eta=0s
[kd_t2only_fair] [sampler] sampled: {0: 400, 1: 400, 2: 400} total=1200 spalling_ratio=24.33%
[kd_t2only_fair] [sampler] unique: {0: 400, 1: 400, 2: 400} unique_total=1200 dup_ratio=1.00x
[kd_t2only_fair] [epoch 021/100] remain=79 epochs ep_eta=253.4min (avg 192s/ep)
[kd_t2only_fair] [epoch 021/100] lr=0.000056  dt=188.0s
  train loss=25402.4511  ce=0.1251 dice=0.2385  tversky=0.0000 bd=0.0000  cldice=0.0000 snake=0.0000
  val   skipped (next val at epoch 25)
[kd_t2only_fair] [curriculum] epoch 22: stage=0 tiers=[0] pool={0: 400, 1: 0, 2: 0}
  [kd_t2only_fair] [epoch 22/100] batch 30/300 (10%) loss=24295.9156 elapsed=19s eta=174s
  [kd_t2only_fair] [epoch 22/100] batch 60/300 (20%) loss=24846.9862 elapsed=38s eta=152s
  [kd_t2only_fair] [epoch 22/100] batch 90/300 (30%) loss=24483.2675 elapsed=57s eta=132s
  [kd_t2only_fair] [epoch 22/100] batch 120/300 (40%) loss=24336.7507 elapsed=75s eta=113s
  [kd_t2only_fair] [epoch 22/100] batch 150/300 (50%) loss=24024.9906 elapsed=94s eta=94s
  [kd_t2only_fair] [epoch 22/100] batch 180/300 (60%) loss=24241.0756 elapsed=112s eta=75s
  [kd_t2only_fair] [epoch 22/100] batch 210/300 (70%) loss=24285.8725 elapsed=131s eta=56s
  [kd_t2only_fair] [epoch 22/100] batch 240/300 (80%) loss=24334.2025 elapsed=150s eta=37s
  [kd_t2only_fair] [epoch 22/100] batch 270/300 (90%) loss=24655.5394 elapsed=168s eta=19s
  [kd_t2only_fair] [epoch 22/100] batch 300/300 (100%) loss=24843.2764 elapsed=187s eta=0s
[kd_t2only_fair] [sampler] sampled: {0: 400, 1: 400, 2: 400} total=1200 spalling_ratio=24.33%
[kd_t2only_fair] [sampler] unique: {0: 400, 1: 400, 2: 400} unique_total=1200 dup_ratio=1.00x
[kd_t2only_fair] [epoch 022/100] remain=78 epochs ep_eta=250.0min (avg 192s/ep)
[kd_t2only_fair] [epoch 022/100] lr=0.000055  dt=187.3s
  train loss=24843.2764  ce=0.1250 dice=0.2389  tversky=0.0000 bd=0.0000  cldice=0.0000 snake=0.0000
  val   skipped (next val at epoch 25)
[kd_t2only_fair] [curriculum] epoch 23: stage=0 tiers=[0] pool={0: 400, 1: 0, 2: 0}
  [kd_t2only_fair] [epoch 23/100] batch 30/300 (10%) loss=25709.0885 elapsed=19s eta=175s
  [kd_t2only_fair] [epoch 23/100] batch 60/300 (20%) loss=25314.5006 elapsed=38s eta=153s
  [kd_t2only_fair] [epoch 23/100] batch 90/300 (30%) loss=25430.3640 elapsed=57s eta=133s
  [kd_t2only_fair] [epoch 23/100] batch 120/300 (40%) loss=25877.4312 elapsed=76s eta=113s
  [kd_t2only_fair] [epoch 23/100] batch 150/300 (50%) loss=25569.3009 elapsed=94s eta=94s
  [kd_t2only_fair] [epoch 23/100] batch 180/300 (60%) loss=25258.4638 elapsed=113s eta=75s
  [kd_t2only_fair] [epoch 23/100] batch 210/300 (70%) loss=25176.2636 elapsed=132s eta=56s
  [kd_t2only_fair] [epoch 23/100] batch 240/300 (80%) loss=24959.0266 elapsed=150s eta=38s
  [kd_t2only_fair] [epoch 23/100] batch 270/300 (90%) loss=24848.5405 elapsed=169s eta=19s
  [kd_t2only_fair] [epoch 23/100] batch 300/300 (100%) loss=24786.0227 elapsed=188s eta=0s
[kd_t2only_fair] [sampler] sampled: {0: 400, 1: 400, 2: 400} total=1200 spalling_ratio=24.33%
[kd_t2only_fair] [sampler] unique: {0: 400, 1: 400, 2: 400} unique_total=1200 dup_ratio=1.00x
[kd_t2only_fair] [epoch 023/100] remain=77 epochs ep_eta=246.6min (avg 192s/ep)
[kd_t2only_fair] [epoch 023/100] lr=0.000055  dt=187.8s
  train loss=24786.0227  ce=0.1237 dice=0.2455  tversky=0.0000 bd=0.0000  cldice=0.0000 snake=0.0000
  val   skipped (next val at epoch 25)
[kd_t2only_fair] [curriculum] epoch 24: stage=0 tiers=[0] pool={0: 400, 1: 0, 2: 0}
  [kd_t2only_fair] [epoch 24/100] batch 30/300 (10%) loss=24435.9017 elapsed=19s eta=173s
  [kd_t2only_fair] [epoch 24/100] batch 60/300 (20%) loss=23255.8844 elapsed=38s eta=151s
  [kd_t2only_fair] [epoch 24/100] batch 90/300 (30%) loss=24624.1798 elapsed=57s eta=132s
  [kd_t2only_fair] [epoch 24/100] batch 120/300 (40%) loss=27640.8557 elapsed=75s eta=113s
  [kd_t2only_fair] [epoch 24/100] batch 150/300 (50%) loss=29823.7002 elapsed=94s eta=94s
  [kd_t2only_fair] [epoch 24/100] batch 180/300 (60%) loss=31252.1574 elapsed=113s eta=75s
  [kd_t2only_fair] [epoch 24/100] batch 210/300 (70%) loss=36344.3305 elapsed=132s eta=56s
  [kd_t2only_fair] [epoch 24/100] batch 240/300 (80%) loss=36504.7835 elapsed=150s eta=38s
  [kd_t2only_fair] [epoch 24/100] batch 270/300 (90%) loss=35937.2226 elapsed=169s eta=19s
  [kd_t2only_fair] [epoch 24/100] batch 300/300 (100%) loss=35361.0872 elapsed=188s eta=0s
[kd_t2only_fair] [sampler] sampled: {0: 400, 1: 400, 2: 400} total=1200 spalling_ratio=24.33%
[kd_t2only_fair] [sampler] unique: {0: 400, 1: 400, 2: 400} unique_total=1200 dup_ratio=1.00x
[kd_t2only_fair] [epoch 024/100] remain=76 epochs ep_eta=243.3min (avg 192s/ep)
[kd_t2only_fair] [epoch 024/100] lr=0.000054  dt=187.9s
  train loss=35361.0872  ce=0.1875 dice=0.2784  tversky=0.0000 bd=0.0000  cldice=0.0000 snake=0.0000
  val   skipped (next val at epoch 25)
[kd_t2only_fair] [curriculum] epoch 25: stage=0 tiers=[0] pool={0: 400, 1: 0, 2: 0}
  [kd_t2only_fair] [epoch 25/100] batch 30/300 (10%) loss=27063.8952 elapsed=19s eta=172s
  [kd_t2only_fair] [epoch 25/100] batch 60/300 (20%) loss=28416.9000 elapsed=38s eta=152s
  [kd_t2only_fair] [epoch 25/100] batch 90/300 (30%) loss=30249.3553 elapsed=56s eta=132s
  [kd_t2only_fair] [epoch 25/100] batch 120/300 (40%) loss=29981.0959 elapsed=75s eta=113s
  [kd_t2only_fair] [epoch 25/100] batch 150/300 (50%) loss=29841.0765 elapsed=94s eta=94s
  [kd_t2only_fair] [epoch 25/100] batch 180/300 (60%) loss=29642.1394 elapsed=113s eta=75s
  [kd_t2only_fair] [epoch 25/100] batch 210/300 (70%) loss=29313.7057 elapsed=132s eta=56s
  [kd_t2only_fair] [epoch 25/100] batch 240/300 (80%) loss=29064.6774 elapsed=150s eta=38s
  [kd_t2only_fair] [epoch 25/100] batch 270/300 (90%) loss=28756.6739 elapsed=169s eta=19s
  [kd_t2only_fair] [epoch 25/100] batch 300/300 (100%) loss=28501.1511 elapsed=188s eta=0s
[kd_t2only_fair] [sampler] sampled: {0: 400, 1: 400, 2: 400} total=1200 spalling_ratio=24.33%
[kd_t2only_fair] [sampler] unique: {0: 400, 1: 400, 2: 400} unique_total=1200 dup_ratio=1.00x
[kd_t2only_fair] [epoch 025/100] remain=75 epochs ep_eta=240.4min (avg 192s/ep)
[kd_t2only_fair] [epoch 025/100] lr=0.000054  dt=197.5s
  train loss=28501.1511  ce=0.1415 dice=0.2606  tversky=0.0000 bd=0.0000  cldice=0.0000 snake=0.0000
  val   loss=0.2225
  IoU   bg=0.9750  crack=0.5544  spalling=0.8036  | mIoU_fg=0.6790  pix_acc=0.9755
  Dice  bg=0.9874  crack=0.7133  spalling=0.8911
  BF1   crack=0.7140  spalling=0.6316  | BF1_fg_mean=0.6728
  [kd_t2only_fair] [best] mIoU_fg=0.6790  saved -> best.pt
[kd_t2only_fair] [curriculum] epoch 26: stage=0 tiers=[0] pool={0: 400, 1: 0, 2: 0}
  [kd_t2only_fair] [epoch 26/100] batch 30/300 (10%) loss=26099.0329 elapsed=19s eta=173s
  [kd_t2only_fair] [epoch 26/100] batch 60/300 (20%) loss=27230.8967 elapsed=38s eta=151s
  [kd_t2only_fair] [epoch 26/100] batch 90/300 (30%) loss=26865.1924 elapsed=57s eta=132s
  [kd_t2only_fair] [epoch 26/100] batch 120/300 (40%) loss=26464.2434 elapsed=75s eta=113s
  [kd_t2only_fair] [epoch 26/100] batch 150/300 (50%) loss=25855.3346 elapsed=94s eta=94s
  [kd_t2only_fair] [epoch 26/100] batch 180/300 (60%) loss=25595.7964 elapsed=113s eta=75s
  [kd_t2only_fair] [epoch 26/100] batch 210/300 (70%) loss=25319.7609 elapsed=132s eta=56s
  [kd_t2only_fair] [epoch 26/100] batch 240/300 (80%) loss=25023.4632 elapsed=150s eta=38s
  [kd_t2only_fair] [epoch 26/100] batch 270/300 (90%) loss=24726.4199 elapsed=169s eta=19s
  [kd_t2only_fair] [epoch 26/100] batch 300/300 (100%) loss=24551.8879 elapsed=188s eta=0s
[kd_t2only_fair] [sampler] sampled: {0: 400, 1: 400, 2: 400} total=1200 spalling_ratio=24.33%
[kd_t2only_fair] [sampler] unique: {0: 400, 1: 400, 2: 400} unique_total=1200 dup_ratio=1.00x
[kd_t2only_fair] [epoch 026/100] remain=74 epochs ep_eta=237.2min (avg 192s/ep)
[kd_t2only_fair] [epoch 026/100] lr=0.000053  dt=187.8s
  train loss=24551.8879  ce=0.1261 dice=0.2493  tversky=0.0000 bd=0.0000  cldice=0.0000 snake=0.0000
  val   skipped (next val at epoch 30)
[kd_t2only_fair] [curriculum] epoch 27: stage=0 tiers=[0] pool={0: 400, 1: 0, 2: 0}
  [kd_t2only_fair] [epoch 27/100] batch 30/300 (10%) loss=22526.5513 elapsed=19s eta=173s
  [kd_t2only_fair] [epoch 27/100] batch 60/300 (20%) loss=22313.2162 elapsed=38s eta=152s
  [kd_t2only_fair] [epoch 27/100] batch 90/300 (30%) loss=22330.2873 elapsed=57s eta=132s
  [kd_t2only_fair] [epoch 27/100] batch 120/300 (40%) loss=22524.8467 elapsed=75s eta=113s
  [kd_t2only_fair] [epoch 27/100] batch 150/300 (50%) loss=22941.5483 elapsed=94s eta=94s
  [kd_t2only_fair] [epoch 27/100] batch 180/300 (60%) loss=22619.5998 elapsed=113s eta=75s
  [kd_t2only_fair] [epoch 27/100] batch 210/300 (70%) loss=22662.9103 elapsed=131s eta=56s
  [kd_t2only_fair] [epoch 27/100] batch 240/300 (80%) loss=22568.2228 elapsed=150s eta=37s
  [kd_t2only_fair] [epoch 27/100] batch 270/300 (90%) loss=22475.4000 elapsed=169s eta=19s
  [kd_t2only_fair] [epoch 27/100] batch 300/300 (100%) loss=22596.9815 elapsed=187s eta=0s
[kd_t2only_fair] [sampler] sampled: {0: 400, 1: 400, 2: 400} total=1200 spalling_ratio=24.33%
[kd_t2only_fair] [sampler] unique: {0: 400, 1: 400, 2: 400} unique_total=1200 dup_ratio=1.00x
[kd_t2only_fair] [epoch 027/100] remain=73 epochs ep_eta=233.9min (avg 192s/ep)
[kd_t2only_fair] [epoch 027/100] lr=0.000052  dt=187.7s
  train loss=22596.9815  ce=0.1194 dice=0.2380  tversky=0.0000 bd=0.0000  cldice=0.0000 snake=0.0000
  val   skipped (next val at epoch 30)
[kd_t2only_fair] [curriculum] epoch 28: stage=0 tiers=[0] pool={0: 400, 1: 0, 2: 0}
  [kd_t2only_fair] [epoch 28/100] batch 30/300 (10%) loss=22990.7030 elapsed=19s eta=172s
  [kd_t2only_fair] [epoch 28/100] batch 60/300 (20%) loss=22844.1421 elapsed=38s eta=152s
  [kd_t2only_fair] [epoch 28/100] batch 90/300 (30%) loss=22594.5863 elapsed=57s eta=132s
  [kd_t2only_fair] [epoch 28/100] batch 120/300 (40%) loss=22705.0598 elapsed=75s eta=113s
  [kd_t2only_fair] [epoch 28/100] batch 150/300 (50%) loss=22702.2959 elapsed=94s eta=94s
  [kd_t2only_fair] [epoch 28/100] batch 180/300 (60%) loss=22628.2573 elapsed=113s eta=75s
  [kd_t2only_fair] [epoch 28/100] batch 210/300 (70%) loss=22374.4654 elapsed=132s eta=56s
  [kd_t2only_fair] [epoch 28/100] batch 240/300 (80%) loss=22290.5384 elapsed=150s eta=38s
  [kd_t2only_fair] [epoch 28/100] batch 270/300 (90%) loss=22226.6023 elapsed=169s eta=19s
  [kd_t2only_fair] [epoch 28/100] batch 300/300 (100%) loss=22134.7353 elapsed=187s eta=0s
[kd_t2only_fair] [sampler] sampled: {0: 400, 1: 400, 2: 400} total=1200 spalling_ratio=24.33%
[kd_t2only_fair] [sampler] unique: {0: 400, 1: 400, 2: 400} unique_total=1200 dup_ratio=1.00x
[kd_t2only_fair] [epoch 028/100] remain=72 epochs ep_eta=230.5min (avg 192s/ep)
[kd_t2only_fair] [epoch 028/100] lr=0.000052  dt=187.7s
  train loss=22134.7353  ce=0.1174 dice=0.2356  tversky=0.0000 bd=0.0000  cldice=0.0000 snake=0.0000
  val   skipped (next val at epoch 30)
[kd_t2only_fair] [curriculum] epoch 29: stage=0 tiers=[0] pool={0: 400, 1: 0, 2: 0}
  [kd_t2only_fair] [epoch 29/100] batch 30/300 (10%) loss=22726.7215 elapsed=19s eta=174s
  [kd_t2only_fair] [epoch 29/100] batch 60/300 (20%) loss=22420.0752 elapsed=38s eta=152s
  [kd_t2only_fair] [epoch 29/100] batch 90/300 (30%) loss=22499.7246 elapsed=56s eta=132s
  [kd_t2only_fair] [epoch 29/100] batch 120/300 (40%) loss=22440.6160 elapsed=75s eta=113s
  [kd_t2only_fair] [epoch 29/100] batch 150/300 (50%) loss=22493.1087 elapsed=94s eta=94s
  [kd_t2only_fair] [epoch 29/100] batch 180/300 (60%) loss=22253.9755 elapsed=113s eta=75s
  [kd_t2only_fair] [epoch 29/100] batch 210/300 (70%) loss=22175.5409 elapsed=131s eta=56s
  [kd_t2only_fair] [epoch 29/100] batch 240/300 (80%) loss=22095.0999 elapsed=150s eta=37s
  [kd_t2only_fair] [epoch 29/100] batch 270/300 (90%) loss=22044.4137 elapsed=168s eta=19s
  [kd_t2only_fair] [epoch 29/100] batch 300/300 (100%) loss=21989.9040 elapsed=187s eta=0s
[kd_t2only_fair] [sampler] sampled: {0: 400, 1: 400, 2: 400} total=1200 spalling_ratio=24.33%
[kd_t2only_fair] [sampler] unique: {0: 400, 1: 400, 2: 400} unique_total=1200 dup_ratio=1.00x
[kd_t2only_fair] [epoch 029/100] remain=71 epochs ep_eta=227.2min (avg 192s/ep)
[kd_t2only_fair] [epoch 029/100] lr=0.000051  dt=187.4s
  train loss=21989.9040  ce=0.1178 dice=0.2387  tversky=0.0000 bd=0.0000  cldice=0.0000 snake=0.0000
  val   skipped (next val at epoch 30)
[kd_t2only_fair] [curriculum] epoch 30: stage=1 tiers=[0, 1] pool={0: 400, 1: 400, 2: 0}
  [kd_t2only_fair] [epoch 30/100] batch 30/300 (10%) loss=20691.8311 elapsed=19s eta=174s
  [kd_t2only_fair] [epoch 30/100] batch 60/300 (20%) loss=20882.7040 elapsed=38s eta=152s
  [kd_t2only_fair] [epoch 30/100] batch 90/300 (30%) loss=21657.8708 elapsed=57s eta=133s
  [kd_t2only_fair] [epoch 30/100] batch 120/300 (40%) loss=21400.4626 elapsed=75s eta=113s
  [kd_t2only_fair] [epoch 30/100] batch 150/300 (50%) loss=21612.5078 elapsed=94s eta=94s
  [kd_t2only_fair] [epoch 30/100] batch 180/300 (60%) loss=21633.6769 elapsed=113s eta=75s
  [kd_t2only_fair] [epoch 30/100] batch 210/300 (70%) loss=21471.8069 elapsed=132s eta=56s
  [kd_t2only_fair] [epoch 30/100] batch 240/300 (80%) loss=21465.4205 elapsed=150s eta=38s
  [kd_t2only_fair] [epoch 30/100] batch 270/300 (90%) loss=21584.7704 elapsed=169s eta=19s
  [kd_t2only_fair] [epoch 30/100] batch 300/300 (100%) loss=21553.9845 elapsed=188s eta=0s
[kd_t2only_fair] [sampler] sampled: {0: 400, 1: 400, 2: 400} total=1200 spalling_ratio=24.33%
[kd_t2only_fair] [sampler] unique: {0: 400, 1: 400, 2: 400} unique_total=1200 dup_ratio=1.00x
[kd_t2only_fair] [epoch 030/100] remain=70 epochs ep_eta=224.2min (avg 192s/ep)
[kd_t2only_fair] [epoch 030/100] lr=0.000050  dt=197.1s
  train loss=21553.9845  ce=0.1162 dice=0.2311  tversky=0.0000 bd=0.0000  cldice=0.0000 snake=0.0000
  val   loss=0.2258
  IoU   bg=0.9755  crack=0.5580  spalling=0.8062  | mIoU_fg=0.6821  pix_acc=0.9760
  Dice  bg=0.9876  crack=0.7163  spalling=0.8927
  BF1   crack=0.7269  spalling=0.5901  | BF1_fg_mean=0.6585
  [kd_t2only_fair] [best] mIoU_fg=0.6821  saved -> best.pt
[kd_t2only_fair] [curriculum] epoch 31: stage=1 tiers=[0, 1] pool={0: 400, 1: 400, 2: 0}
  [kd_t2only_fair] [epoch 31/100] batch 30/300 (10%) loss=20296.9153 elapsed=19s eta=173s
  [kd_t2only_fair] [epoch 31/100] batch 60/300 (20%) loss=20016.0673 elapsed=38s eta=152s
  [kd_t2only_fair] [epoch 31/100] batch 90/300 (30%) loss=20676.2936 elapsed=57s eta=132s
  [kd_t2only_fair] [epoch 31/100] batch 120/300 (40%) loss=20604.2294 elapsed=75s eta=113s
  [kd_t2only_fair] [epoch 31/100] batch 150/300 (50%) loss=21203.6963 elapsed=94s eta=94s
  [kd_t2only_fair] [epoch 31/100] batch 180/300 (60%) loss=21064.9896 elapsed=113s eta=75s
  [kd_t2only_fair] [epoch 31/100] batch 210/300 (70%) loss=20987.1675 elapsed=132s eta=56s
  [kd_t2only_fair] [epoch 31/100] batch 240/300 (80%) loss=21008.6630 elapsed=150s eta=38s
  [kd_t2only_fair] [epoch 31/100] batch 270/300 (90%) loss=21041.8111 elapsed=169s eta=19s
  [kd_t2only_fair] [epoch 31/100] batch 300/300 (100%) loss=21061.5287 elapsed=188s eta=0s
[kd_t2only_fair] [sampler] sampled: {0: 400, 1: 400, 2: 400} total=1200 spalling_ratio=24.33%
[kd_t2only_fair] [sampler] unique: {0: 400, 1: 400, 2: 400} unique_total=1200 dup_ratio=1.00x
[kd_t2only_fair] [epoch 031/100] remain=69 epochs ep_eta=221.1min (avg 192s/ep)
[kd_t2only_fair] [epoch 031/100] lr=0.000050  dt=188.4s
  train loss=21061.5287  ce=0.1147 dice=0.2356  tversky=0.0000 bd=0.0000  cldice=0.0000 snake=0.0000
  val   skipped (next val at epoch 35)
[kd_t2only_fair] [curriculum] epoch 32: stage=1 tiers=[0, 1] pool={0: 400, 1: 400, 2: 0}
  [kd_t2only_fair] [epoch 32/100] batch 30/300 (10%) loss=21312.5101 elapsed=19s eta=174s
  [kd_t2only_fair] [epoch 32/100] batch 60/300 (20%) loss=21825.1900 elapsed=38s eta=153s
  [kd_t2only_fair] [epoch 32/100] batch 90/300 (30%) loss=21816.3882 elapsed=57s eta=132s
  [kd_t2only_fair] [epoch 32/100] batch 120/300 (40%) loss=21678.6436 elapsed=75s eta=113s
  [kd_t2only_fair] [epoch 32/100] batch 150/300 (50%) loss=21616.5234 elapsed=94s eta=94s
  [kd_t2only_fair] [epoch 32/100] batch 180/300 (60%) loss=21538.2553 elapsed=113s eta=75s
  [kd_t2only_fair] [epoch 32/100] batch 210/300 (70%) loss=21352.0922 elapsed=131s eta=56s
  [kd_t2only_fair] [epoch 32/100] batch 240/300 (80%) loss=21201.8416 elapsed=150s eta=38s
  [kd_t2only_fair] [epoch 32/100] batch 270/300 (90%) loss=21205.1579 elapsed=169s eta=19s
  [kd_t2only_fair] [epoch 32/100] batch 300/300 (100%) loss=21117.4034 elapsed=187s eta=0s
[kd_t2only_fair] [sampler] sampled: {0: 400, 1: 400, 2: 400} total=1200 spalling_ratio=24.33%
[kd_t2only_fair] [sampler] unique: {0: 400, 1: 400, 2: 400} unique_total=1200 dup_ratio=1.00x
[kd_t2only_fair] [epoch 032/100] remain=68 epochs ep_eta=217.7min (avg 192s/ep)
[kd_t2only_fair] [epoch 032/100] lr=0.000049  dt=187.7s
  train loss=21117.4034  ce=0.1154 dice=0.2274  tversky=0.0000 bd=0.0000  cldice=0.0000 snake=0.0000
  val   skipped (next val at epoch 35)
[kd_t2only_fair] [curriculum] epoch 33: stage=1 tiers=[0, 1] pool={0: 400, 1: 400, 2: 0}
  [kd_t2only_fair] [epoch 33/100] batch 30/300 (10%) loss=20800.1419 elapsed=20s eta=176s
  [kd_t2only_fair] [epoch 33/100] batch 60/300 (20%) loss=20721.0174 elapsed=38s eta=154s
  [kd_t2only_fair] [epoch 33/100] batch 90/300 (30%) loss=20559.3849 elapsed=57s eta=133s
  [kd_t2only_fair] [epoch 33/100] batch 120/300 (40%) loss=20856.4295 elapsed=76s eta=114s
  [kd_t2only_fair] [epoch 33/100] batch 150/300 (50%) loss=20885.4520 elapsed=95s eta=95s
  [kd_t2only_fair] [epoch 33/100] batch 180/300 (60%) loss=20595.0595 elapsed=114s eta=76s
  [kd_t2only_fair] [epoch 33/100] batch 210/300 (70%) loss=20655.4958 elapsed=132s eta=57s
  [kd_t2only_fair] [epoch 33/100] batch 240/300 (80%) loss=20662.6007 elapsed=151s eta=38s
  [kd_t2only_fair] [epoch 33/100] batch 270/300 (90%) loss=20487.9784 elapsed=170s eta=19s
  [kd_t2only_fair] [epoch 33/100] batch 300/300 (100%) loss=20376.2887 elapsed=188s eta=0s
[kd_t2only_fair] [sampler] sampled: {0: 400, 1: 400, 2: 400} total=1200 spalling_ratio=24.33%
[kd_t2only_fair] [sampler] unique: {0: 400, 1: 400, 2: 400} unique_total=1200 dup_ratio=1.00x
[kd_t2only_fair] [epoch 033/100] remain=67 epochs ep_eta=214.5min (avg 192s/ep)
[kd_t2only_fair] [epoch 033/100] lr=0.000048  dt=188.5s
  train loss=20376.2887  ce=0.1130 dice=0.2288  tversky=0.0000 bd=0.0000  cldice=0.0000 snake=0.0000
  val   skipped (next val at epoch 35)
[kd_t2only_fair] [curriculum] epoch 34: stage=1 tiers=[0, 1] pool={0: 400, 1: 400, 2: 0}
  [kd_t2only_fair] [epoch 34/100] batch 30/300 (10%) loss=20081.1901 elapsed=19s eta=173s
  [kd_t2only_fair] [epoch 34/100] batch 60/300 (20%) loss=20041.2047 elapsed=38s eta=150s
  [kd_t2only_fair] [epoch 34/100] batch 90/300 (30%) loss=19894.1650 elapsed=56s eta=131s
  [kd_t2only_fair] [epoch 34/100] batch 120/300 (40%) loss=20467.5536 elapsed=75s eta=113s
  [kd_t2only_fair] [epoch 34/100] batch 150/300 (50%) loss=20566.3842 elapsed=94s eta=94s
  [kd_t2only_fair] [epoch 34/100] batch 180/300 (60%) loss=20621.1419 elapsed=113s eta=75s
  [kd_t2only_fair] [epoch 34/100] batch 210/300 (70%) loss=20895.4415 elapsed=131s eta=56s
  [kd_t2only_fair] [epoch 34/100] batch 240/300 (80%) loss=20767.6783 elapsed=150s eta=38s
  [kd_t2only_fair] [epoch 34/100] batch 270/300 (90%) loss=20576.6575 elapsed=169s eta=19s
  [kd_t2only_fair] [epoch 34/100] batch 300/300 (100%) loss=20515.8458 elapsed=188s eta=0s
[kd_t2only_fair] [sampler] sampled: {0: 400, 1: 400, 2: 400} total=1200 spalling_ratio=24.33%
[kd_t2only_fair] [sampler] unique: {0: 400, 1: 400, 2: 400} unique_total=1200 dup_ratio=1.00x
[kd_t2only_fair] [epoch 034/100] remain=66 epochs ep_eta=211.2min (avg 192s/ep)
[kd_t2only_fair] [epoch 034/100] lr=0.000047  dt=188.0s
  train loss=20515.8458  ce=0.1125 dice=0.2283  tversky=0.0000 bd=0.0000  cldice=0.0000 snake=0.0000
  val   skipped (next val at epoch 35)
[kd_t2only_fair] [curriculum] epoch 35: stage=1 tiers=[0, 1] pool={0: 400, 1: 400, 2: 0}
  [kd_t2only_fair] [epoch 35/100] batch 30/300 (10%) loss=20076.5160 elapsed=19s eta=174s
  [kd_t2only_fair] [epoch 35/100] batch 60/300 (20%) loss=19829.1636 elapsed=38s eta=152s
  [kd_t2only_fair] [epoch 35/100] batch 90/300 (30%) loss=20173.4595 elapsed=57s eta=132s
  [kd_t2only_fair] [epoch 35/100] batch 120/300 (40%) loss=20288.7642 elapsed=75s eta=113s
  [kd_t2only_fair] [epoch 35/100] batch 150/300 (50%) loss=20384.8933 elapsed=94s eta=94s
  [kd_t2only_fair] [epoch 35/100] batch 180/300 (60%) loss=20210.7290 elapsed=113s eta=75s
  [kd_t2only_fair] [epoch 35/100] batch 210/300 (70%) loss=20078.4057 elapsed=132s eta=57s
  [kd_t2only_fair] [epoch 35/100] batch 240/300 (80%) loss=20074.6311 elapsed=151s eta=38s
  [kd_t2only_fair] [epoch 35/100] batch 270/300 (90%) loss=20204.1203 elapsed=170s eta=19s
  [kd_t2only_fair] [epoch 35/100] batch 300/300 (100%) loss=20269.6561 elapsed=188s eta=0s
[kd_t2only_fair] [sampler] sampled: {0: 400, 1: 400, 2: 400} total=1200 spalling_ratio=24.33%
[kd_t2only_fair] [sampler] unique: {0: 400, 1: 400, 2: 400} unique_total=1200 dup_ratio=1.00x
[kd_t2only_fair] [epoch 035/100] remain=65 epochs ep_eta=208.2min (avg 192s/ep)
[kd_t2only_fair] [epoch 035/100] lr=0.000046  dt=197.9s
  train loss=20269.6561  ce=0.1125 dice=0.2282  tversky=0.0000 bd=0.0000  cldice=0.0000 snake=0.0000
  val   loss=0.2256
  IoU   bg=0.9754  crack=0.5624  spalling=0.8092  | mIoU_fg=0.6858  pix_acc=0.9760
  Dice  bg=0.9875  crack=0.7199  spalling=0.8946
  BF1   crack=0.7157  spalling=0.6402  | BF1_fg_mean=0.6780
  [kd_t2only_fair] [best] mIoU_fg=0.6858  saved -> best.pt
[kd_t2only_fair] [curriculum] epoch 36: stage=1 tiers=[0, 1] pool={0: 400, 1: 400, 2: 0}
  [kd_t2only_fair] [epoch 36/100] batch 30/300 (10%) loss=20421.4625 elapsed=19s eta=173s
  [kd_t2only_fair] [epoch 36/100] batch 60/300 (20%) loss=20764.1762 elapsed=38s eta=151s
  [kd_t2only_fair] [epoch 36/100] batch 90/300 (30%) loss=20908.1600 elapsed=56s eta=132s
  [kd_t2only_fair] [epoch 36/100] batch 120/300 (40%) loss=20758.8236 elapsed=75s eta=113s
  [kd_t2only_fair] [epoch 36/100] batch 150/300 (50%) loss=20783.4805 elapsed=94s eta=94s
  [kd_t2only_fair] [epoch 36/100] batch 180/300 (60%) loss=20783.1433 elapsed=113s eta=75s
  [kd_t2only_fair] [epoch 36/100] batch 210/300 (70%) loss=20765.2181 elapsed=131s eta=56s
  [kd_t2only_fair] [epoch 36/100] batch 240/300 (80%) loss=20457.9198 elapsed=150s eta=38s
  [kd_t2only_fair] [epoch 36/100] batch 270/300 (90%) loss=20310.3506 elapsed=169s eta=19s
  [kd_t2only_fair] [epoch 36/100] batch 300/300 (100%) loss=20226.5934 elapsed=187s eta=0s
[kd_t2only_fair] [sampler] sampled: {0: 400, 1: 400, 2: 400} total=1200 spalling_ratio=24.33%
[kd_t2only_fair] [sampler] unique: {0: 400, 1: 400, 2: 400} unique_total=1200 dup_ratio=1.00x
[kd_t2only_fair] [epoch 036/100] remain=64 epochs ep_eta=205.0min (avg 192s/ep)
[kd_t2only_fair] [epoch 036/100] lr=0.000046  dt=187.5s
  train loss=20226.5934  ce=0.1132 dice=0.2252  tversky=0.0000 bd=0.0000  cldice=0.0000 snake=0.0000
  val   skipped (next val at epoch 40)
[kd_t2only_fair] [curriculum] epoch 37: stage=1 tiers=[0, 1] pool={0: 400, 1: 400, 2: 0}
  [kd_t2only_fair] [epoch 37/100] batch 30/300 (10%) loss=22079.0346 elapsed=19s eta=174s
  [kd_t2only_fair] [epoch 37/100] batch 60/300 (20%) loss=20478.5060 elapsed=38s eta=152s
  [kd_t2only_fair] [epoch 37/100] batch 90/300 (30%) loss=19983.3184 elapsed=56s eta=132s
  [kd_t2only_fair] [epoch 37/100] batch 120/300 (40%) loss=19870.2859 elapsed=75s eta=113s
  [kd_t2only_fair] [epoch 37/100] batch 150/300 (50%) loss=19762.5663 elapsed=94s eta=94s
  [kd_t2only_fair] [epoch 37/100] batch 180/300 (60%) loss=19887.4512 elapsed=112s eta=75s
  [kd_t2only_fair] [epoch 37/100] batch 210/300 (70%) loss=19651.5798 elapsed=131s eta=56s
  [kd_t2only_fair] [epoch 37/100] batch 240/300 (80%) loss=19617.9543 elapsed=150s eta=37s
  [kd_t2only_fair] [epoch 37/100] batch 270/300 (90%) loss=19527.7914 elapsed=168s eta=19s
  [kd_t2only_fair] [epoch 37/100] batch 300/300 (100%) loss=19578.6161 elapsed=187s eta=0s
[kd_t2only_fair] [sampler] sampled: {0: 400, 1: 400, 2: 400} total=1200 spalling_ratio=24.33%
[kd_t2only_fair] [sampler] unique: {0: 400, 1: 400, 2: 400} unique_total=1200 dup_ratio=1.00x
[kd_t2only_fair] [epoch 037/100] remain=63 epochs ep_eta=201.7min (avg 192s/ep)
[kd_t2only_fair] [epoch 037/100] lr=0.000045  dt=187.2s
  train loss=19578.6161  ce=0.1103 dice=0.2221  tversky=0.0000 bd=0.0000  cldice=0.0000 snake=0.0000
  val   skipped (next val at epoch 40)
[kd_t2only_fair] [curriculum] epoch 38: stage=1 tiers=[0, 1] pool={0: 400, 1: 400, 2: 0}
  [kd_t2only_fair] [epoch 38/100] batch 30/300 (10%) loss=20432.1733 elapsed=20s eta=176s
  [kd_t2only_fair] [epoch 38/100] batch 60/300 (20%) loss=20658.5683 elapsed=38s eta=154s
  [kd_t2only_fair] [epoch 38/100] batch 90/300 (30%) loss=20511.9722 elapsed=57s eta=134s
  [kd_t2only_fair] [epoch 38/100] batch 120/300 (40%) loss=19986.6210 elapsed=76s eta=114s
  [kd_t2only_fair] [epoch 38/100] batch 150/300 (50%) loss=19466.9650 elapsed=95s eta=95s
  [kd_t2only_fair] [epoch 38/100] batch 180/300 (60%) loss=19430.4686 elapsed=113s eta=76s
  [kd_t2only_fair] [epoch 38/100] batch 210/300 (70%) loss=19201.3225 elapsed=132s eta=57s
  [kd_t2only_fair] [epoch 38/100] batch 240/300 (80%) loss=19103.7737 elapsed=151s eta=38s
  [kd_t2only_fair] [epoch 38/100] batch 270/300 (90%) loss=19032.9701 elapsed=170s eta=19s
  [kd_t2only_fair] [epoch 38/100] batch 300/300 (100%) loss=19104.1052 elapsed=189s eta=0s
[kd_t2only_fair] [sampler] sampled: {0: 400, 1: 400, 2: 400} total=1200 spalling_ratio=24.33%
[kd_t2only_fair] [sampler] unique: {0: 400, 1: 400, 2: 400} unique_total=1200 dup_ratio=1.00x
[kd_t2only_fair] [epoch 038/100] remain=62 epochs ep_eta=198.4min (avg 192s/ep)
[kd_t2only_fair] [epoch 038/100] lr=0.000044  dt=189.1s
  train loss=19104.1052  ce=0.1099 dice=0.2258  tversky=0.0000 bd=0.0000  cldice=0.0000 snake=0.0000
  val   skipped (next val at epoch 40)
[kd_t2only_fair] [curriculum] epoch 39: stage=1 tiers=[0, 1] pool={0: 400, 1: 400, 2: 0}
  [kd_t2only_fair] [epoch 39/100] batch 30/300 (10%) loss=20198.0855 elapsed=19s eta=174s
  [kd_t2only_fair] [epoch 39/100] batch 60/300 (20%) loss=19737.6934 elapsed=38s eta=153s
  [kd_t2only_fair] [epoch 39/100] batch 90/300 (30%) loss=19778.6359 elapsed=57s eta=133s
  [kd_t2only_fair] [epoch 39/100] batch 120/300 (40%) loss=19601.6523 elapsed=76s eta=113s
  [kd_t2only_fair] [epoch 39/100] batch 150/300 (50%) loss=19410.7260 elapsed=94s eta=94s
  [kd_t2only_fair] [epoch 39/100] batch 180/300 (60%) loss=19258.8568 elapsed=113s eta=75s
  [kd_t2only_fair] [epoch 39/100] batch 210/300 (70%) loss=19309.4605 elapsed=132s eta=57s
  [kd_t2only_fair] [epoch 39/100] batch 240/300 (80%) loss=19113.1855 elapsed=151s eta=38s
  [kd_t2only_fair] [epoch 39/100] batch 270/300 (90%) loss=19089.9573 elapsed=169s eta=19s
  [kd_t2only_fair] [epoch 39/100] batch 300/300 (100%) loss=19045.7241 elapsed=188s eta=0s
[kd_t2only_fair] [sampler] sampled: {0: 400, 1: 400, 2: 400} total=1200 spalling_ratio=24.33%
[kd_t2only_fair] [sampler] unique: {0: 400, 1: 400, 2: 400} unique_total=1200 dup_ratio=1.00x
[kd_t2only_fair] [epoch 039/100] remain=61 epochs ep_eta=195.2min (avg 192s/ep)
[kd_t2only_fair] [epoch 039/100] lr=0.000043  dt=188.6s
  train loss=19045.7241  ce=0.1097 dice=0.2204  tversky=0.0000 bd=0.0000  cldice=0.0000 snake=0.0000
  val   skipped (next val at epoch 40)
[kd_t2only_fair] [curriculum] epoch 40: stage=1 tiers=[0, 1] pool={0: 400, 1: 400, 2: 0}
  [kd_t2only_fair] [epoch 40/100] batch 30/300 (10%) loss=26475.7291 elapsed=19s eta=174s
  [kd_t2only_fair] [epoch 40/100] batch 60/300 (20%) loss=36472.2177 elapsed=38s eta=153s
  [kd_t2only_fair] [epoch 40/100] batch 90/300 (30%) loss=36467.8344 elapsed=57s eta=134s
  [kd_t2only_fair] [epoch 40/100] batch 120/300 (40%) loss=33310.3743 elapsed=76s eta=114s
  [kd_t2only_fair] [epoch 40/100] batch 150/300 (50%) loss=30886.6631 elapsed=95s eta=95s
  [kd_t2only_fair] [epoch 40/100] batch 180/300 (60%) loss=29179.2482 elapsed=114s eta=76s
  [kd_t2only_fair] [epoch 40/100] batch 210/300 (70%) loss=28014.0580 elapsed=133s eta=57s
  [kd_t2only_fair] [epoch 40/100] batch 240/300 (80%) loss=27095.1240 elapsed=151s eta=38s
  [kd_t2only_fair] [epoch 40/100] batch 270/300 (90%) loss=26305.9935 elapsed=170s eta=19s
  [kd_t2only_fair] [epoch 40/100] batch 300/300 (100%) loss=25633.2368 elapsed=189s eta=0s
[kd_t2only_fair] [sampler] sampled: {0: 400, 1: 400, 2: 400} total=1200 spalling_ratio=24.33%
[kd_t2only_fair] [sampler] unique: {0: 400, 1: 400, 2: 400} unique_total=1200 dup_ratio=1.00x
[kd_t2only_fair] [epoch 040/100] remain=60 epochs ep_eta=192.2min (avg 192s/ep)
[kd_t2only_fair] [epoch 040/100] lr=0.000042  dt=198.2s
  train loss=25633.2368  ce=0.1478 dice=0.2392  tversky=0.0000 bd=0.0000  cldice=0.0000 snake=0.0000
  val   loss=0.2321
  IoU   bg=0.9756  crack=0.5596  spalling=0.7958  | mIoU_fg=0.6777  pix_acc=0.9761
  Dice  bg=0.9876  crack=0.7176  spalling=0.8863
  BF1   crack=0.7267  spalling=0.6400  | BF1_fg_mean=0.6834
[kd_t2only_fair] [curriculum] epoch 41: stage=1 tiers=[0, 1] pool={0: 400, 1: 400, 2: 0}
  [kd_t2only_fair] [epoch 41/100] batch 30/300 (10%) loss=18444.4815 elapsed=19s eta=174s
  [kd_t2only_fair] [epoch 41/100] batch 60/300 (20%) loss=18804.5109 elapsed=38s eta=152s
  [kd_t2only_fair] [epoch 41/100] batch 90/300 (30%) loss=18497.5144 elapsed=57s eta=132s
  [kd_t2only_fair] [epoch 41/100] batch 120/300 (40%) loss=18754.0357 elapsed=75s eta=113s
  [kd_t2only_fair] [epoch 41/100] batch 150/300 (50%) loss=18816.0505 elapsed=94s eta=94s
  [kd_t2only_fair] [epoch 41/100] batch 180/300 (60%) loss=18810.7773 elapsed=113s eta=75s
  [kd_t2only_fair] [epoch 41/100] batch 210/300 (70%) loss=18815.0384 elapsed=131s eta=56s
  [kd_t2only_fair] [epoch 41/100] batch 240/300 (80%) loss=18906.6780 elapsed=150s eta=37s
  [kd_t2only_fair] [epoch 41/100] batch 270/300 (90%) loss=18830.4543 elapsed=168s eta=19s
  [kd_t2only_fair] [epoch 41/100] batch 300/300 (100%) loss=18706.5991 elapsed=188s eta=0s
[kd_t2only_fair] [sampler] sampled: {0: 400, 1: 400, 2: 400} total=1200 spalling_ratio=24.33%
[kd_t2only_fair] [sampler] unique: {0: 400, 1: 400, 2: 400} unique_total=1200 dup_ratio=1.00x
[kd_t2only_fair] [epoch 041/100] remain=59 epochs ep_eta=188.9min (avg 192s/ep)
[kd_t2only_fair] [epoch 041/100] lr=0.000041  dt=187.8s
  train loss=18706.5991  ce=0.1095 dice=0.2214  tversky=0.0000 bd=0.0000  cldice=0.0000 snake=0.0000
  val   skipped (next val at epoch 45)
[kd_t2only_fair] [curriculum] epoch 42: stage=1 tiers=[0, 1] pool={0: 400, 1: 400, 2: 0}
  [kd_t2only_fair] [epoch 42/100] batch 30/300 (10%) loss=18467.4132 elapsed=19s eta=175s
  [kd_t2only_fair] [epoch 42/100] batch 60/300 (20%) loss=18239.8598 elapsed=38s eta=152s
  [kd_t2only_fair] [epoch 42/100] batch 90/300 (30%) loss=18304.2710 elapsed=57s eta=132s
  [kd_t2only_fair] [epoch 42/100] batch 120/300 (40%) loss=18188.5230 elapsed=75s eta=113s
  [kd_t2only_fair] [epoch 42/100] batch 150/300 (50%) loss=18583.7706 elapsed=94s eta=94s
  [kd_t2only_fair] [epoch 42/100] batch 180/300 (60%) loss=18691.9338 elapsed=113s eta=75s
  [kd_t2only_fair] [epoch 42/100] batch 210/300 (70%) loss=18706.4880 elapsed=132s eta=56s
  [kd_t2only_fair] [epoch 42/100] batch 240/300 (80%) loss=18689.7522 elapsed=151s eta=38s
  [kd_t2only_fair] [epoch 42/100] batch 270/300 (90%) loss=18720.9606 elapsed=169s eta=19s
  [kd_t2only_fair] [epoch 42/100] batch 300/300 (100%) loss=18654.9382 elapsed=188s eta=0s
[kd_t2only_fair] [sampler] sampled: {0: 400, 1: 400, 2: 400} total=1200 spalling_ratio=24.33%
[kd_t2only_fair] [sampler] unique: {0: 400, 1: 400, 2: 400} unique_total=1200 dup_ratio=1.00x
[kd_t2only_fair] [epoch 042/100] remain=58 epochs ep_eta=185.7min (avg 192s/ep)
[kd_t2only_fair] [epoch 042/100] lr=0.000040  dt=188.5s
  train loss=18654.9382  ce=0.1088 dice=0.2198  tversky=0.0000 bd=0.0000  cldice=0.0000 snake=0.0000
  val   skipped (next val at epoch 45)
[kd_t2only_fair] [curriculum] epoch 43: stage=1 tiers=[0, 1] pool={0: 400, 1: 400, 2: 0}
  [kd_t2only_fair] [epoch 43/100] batch 30/300 (10%) loss=17821.7526 elapsed=19s eta=174s
  [kd_t2only_fair] [epoch 43/100] batch 60/300 (20%) loss=17943.4157 elapsed=38s eta=153s
  [kd_t2only_fair] [epoch 43/100] batch 90/300 (30%) loss=18004.3683 elapsed=57s eta=133s
  [kd_t2only_fair] [epoch 43/100] batch 120/300 (40%) loss=18226.2697 elapsed=76s eta=114s
  [kd_t2only_fair] [epoch 43/100] batch 150/300 (50%) loss=18251.1516 elapsed=95s eta=95s
  [kd_t2only_fair] [epoch 43/100] batch 180/300 (60%) loss=18252.8509 elapsed=114s eta=76s
  [kd_t2only_fair] [epoch 43/100] batch 210/300 (70%) loss=18301.3556 elapsed=133s eta=57s
  [kd_t2only_fair] [epoch 43/100] batch 240/300 (80%) loss=18182.2116 elapsed=151s eta=38s
  [kd_t2only_fair] [epoch 43/100] batch 270/300 (90%) loss=18091.3046 elapsed=170s eta=19s
  [kd_t2only_fair] [epoch 43/100] batch 300/300 (100%) loss=18106.9505 elapsed=189s eta=0s
[kd_t2only_fair] [sampler] sampled: {0: 400, 1: 400, 2: 400} total=1200 spalling_ratio=24.33%
[kd_t2only_fair] [sampler] unique: {0: 400, 1: 400, 2: 400} unique_total=1200 dup_ratio=1.00x
[kd_t2only_fair] [epoch 043/100] remain=57 epochs ep_eta=182.4min (avg 192s/ep)
[kd_t2only_fair] [epoch 043/100] lr=0.000039  dt=188.9s
  train loss=18106.9505  ce=0.1088 dice=0.2152  tversky=0.0000 bd=0.0000  cldice=0.0000 snake=0.0000
  val   skipped (next val at epoch 45)
[kd_t2only_fair] [curriculum] epoch 44: stage=1 tiers=[0, 1] pool={0: 400, 1: 400, 2: 0}
  [kd_t2only_fair] [epoch 44/100] batch 30/300 (10%) loss=17656.4126 elapsed=19s eta=173s
  [kd_t2only_fair] [epoch 44/100] batch 60/300 (20%) loss=17840.6745 elapsed=38s eta=152s
  [kd_t2only_fair] [epoch 44/100] batch 90/300 (30%) loss=18301.6907 elapsed=57s eta=132s
  [kd_t2only_fair] [epoch 44/100] batch 120/300 (40%) loss=18053.4896 elapsed=75s eta=113s
  [kd_t2only_fair] [epoch 44/100] batch 150/300 (50%) loss=18106.1623 elapsed=94s eta=94s
  [kd_t2only_fair] [epoch 44/100] batch 180/300 (60%) loss=18046.0890 elapsed=113s eta=75s
  [kd_t2only_fair] [epoch 44/100] batch 210/300 (70%) loss=18215.9729 elapsed=131s eta=56s
  [kd_t2only_fair] [epoch 44/100] batch 240/300 (80%) loss=18341.3123 elapsed=150s eta=38s
  [kd_t2only_fair] [epoch 44/100] batch 270/300 (90%) loss=18475.3902 elapsed=169s eta=19s
  [kd_t2only_fair] [epoch 44/100] batch 300/300 (100%) loss=18515.5559 elapsed=188s eta=0s
[kd_t2only_fair] [sampler] sampled: {0: 400, 1: 400, 2: 400} total=1200 spalling_ratio=24.33%
[kd_t2only_fair] [sampler] unique: {0: 400, 1: 400, 2: 400} unique_total=1200 dup_ratio=1.00x
[kd_t2only_fair] [epoch 044/100] remain=56 epochs ep_eta=179.2min (avg 192s/ep)
[kd_t2only_fair] [epoch 044/100] lr=0.000038  dt=187.9s
  train loss=18515.5559  ce=0.1092 dice=0.2248  tversky=0.0000 bd=0.0000  cldice=0.0000 snake=0.0000
  val   skipped (next val at epoch 45)
[kd_t2only_fair] [curriculum] epoch 45: stage=1 tiers=[0, 1] pool={0: 400, 1: 400, 2: 0}
  [kd_t2only_fair] [epoch 45/100] batch 30/300 (10%) loss=18159.5580 elapsed=20s eta=177s
  [kd_t2only_fair] [epoch 45/100] batch 60/300 (20%) loss=18561.4602 elapsed=39s eta=154s
  [kd_t2only_fair] [epoch 45/100] batch 90/300 (30%) loss=18288.7784 elapsed=57s eta=134s
  [kd_t2only_fair] [epoch 45/100] batch 120/300 (40%) loss=18137.5782 elapsed=76s eta=114s
  [kd_t2only_fair] [epoch 45/100] batch 150/300 (50%) loss=18281.5482 elapsed=95s eta=95s
  [kd_t2only_fair] [epoch 45/100] batch 180/300 (60%) loss=18275.0401 elapsed=113s eta=76s
  [kd_t2only_fair] [epoch 45/100] batch 210/300 (70%) loss=18168.4217 elapsed=132s eta=57s
  [kd_t2only_fair] [epoch 45/100] batch 240/300 (80%) loss=18208.1552 elapsed=151s eta=38s
  [kd_t2only_fair] [epoch 45/100] batch 270/300 (90%) loss=18044.8205 elapsed=170s eta=19s
  [kd_t2only_fair] [epoch 45/100] batch 300/300 (100%) loss=18002.2500 elapsed=188s eta=0s
[kd_t2only_fair] [sampler] sampled: {0: 400, 1: 400, 2: 400} total=1200 spalling_ratio=24.33%
[kd_t2only_fair] [sampler] unique: {0: 400, 1: 400, 2: 400} unique_total=1200 dup_ratio=1.00x
[kd_t2only_fair] [epoch 045/100] remain=55 epochs ep_eta=176.1min (avg 192s/ep)
[kd_t2only_fair] [epoch 045/100] lr=0.000037  dt=197.9s
  train loss=18002.2500  ce=0.1071 dice=0.2164  tversky=0.0000 bd=0.0000  cldice=0.0000 snake=0.0000
  val   loss=0.2196
  IoU   bg=0.9755  crack=0.5616  spalling=0.8202  | mIoU_fg=0.6909  pix_acc=0.9760
  Dice  bg=0.9876  crack=0.7192  spalling=0.9012
  BF1   crack=0.7244  spalling=0.6442  | BF1_fg_mean=0.6843
  [kd_t2only_fair] [best] mIoU_fg=0.6909  saved -> best.pt
[kd_t2only_fair] [curriculum] epoch 46: stage=1 tiers=[0, 1] pool={0: 400, 1: 400, 2: 0}
  [kd_t2only_fair] [epoch 46/100] batch 30/300 (10%) loss=18560.8353 elapsed=19s eta=172s
  [kd_t2only_fair] [epoch 46/100] batch 60/300 (20%) loss=17635.5416 elapsed=38s eta=151s
  [kd_t2only_fair] [epoch 46/100] batch 90/300 (30%) loss=17471.8260 elapsed=56s eta=132s
  [kd_t2only_fair] [epoch 46/100] batch 120/300 (40%) loss=17664.4269 elapsed=75s eta=113s
  [kd_t2only_fair] [epoch 46/100] batch 150/300 (50%) loss=17948.7657 elapsed=94s eta=94s
  [kd_t2only_fair] [epoch 46/100] batch 180/300 (60%) loss=18064.9229 elapsed=112s eta=75s
  [kd_t2only_fair] [epoch 46/100] batch 210/300 (70%) loss=17998.3549 elapsed=131s eta=56s
  [kd_t2only_fair] [epoch 46/100] batch 240/300 (80%) loss=17942.6090 elapsed=150s eta=38s
  [kd_t2only_fair] [epoch 46/100] batch 270/300 (90%) loss=17798.7637 elapsed=169s eta=19s
  [kd_t2only_fair] [epoch 46/100] batch 300/300 (100%) loss=17880.4804 elapsed=188s eta=0s
[kd_t2only_fair] [sampler] sampled: {0: 400, 1: 400, 2: 400} total=1200 spalling_ratio=24.33%
[kd_t2only_fair] [sampler] unique: {0: 400, 1: 400, 2: 400} unique_total=1200 dup_ratio=1.00x
[kd_t2only_fair] [epoch 046/100] remain=54 epochs ep_eta=172.9min (avg 192s/ep)
[kd_t2only_fair] [epoch 046/100] lr=0.000036  dt=188.1s
  train loss=17880.4804  ce=0.1069 dice=0.2191  tversky=0.0000 bd=0.0000  cldice=0.0000 snake=0.0000
  val   skipped (next val at epoch 50)
[kd_t2only_fair] [curriculum] epoch 47: stage=1 tiers=[0, 1] pool={0: 400, 1: 400, 2: 0}
  [kd_t2only_fair] [epoch 47/100] batch 30/300 (10%) loss=17190.6240 elapsed=19s eta=174s
  [kd_t2only_fair] [epoch 47/100] batch 60/300 (20%) loss=17935.1737 elapsed=38s eta=154s
  [kd_t2only_fair] [epoch 47/100] batch 90/300 (30%) loss=18157.8093 elapsed=57s eta=134s
  [kd_t2only_fair] [epoch 47/100] batch 120/300 (40%) loss=17920.7072 elapsed=76s eta=114s
  [kd_t2only_fair] [epoch 47/100] batch 150/300 (50%) loss=17826.6303 elapsed=95s eta=95s
  [kd_t2only_fair] [epoch 47/100] batch 180/300 (60%) loss=17715.7721 elapsed=114s eta=76s
  [kd_t2only_fair] [epoch 47/100] batch 210/300 (70%) loss=17708.2540 elapsed=133s eta=57s
  [kd_t2only_fair] [epoch 47/100] batch 240/300 (80%) loss=17695.6464 elapsed=152s eta=38s
  [kd_t2only_fair] [epoch 47/100] batch 270/300 (90%) loss=17493.1765 elapsed=171s eta=19s
  [kd_t2only_fair] [epoch 47/100] batch 300/300 (100%) loss=17662.4123 elapsed=190s eta=0s
[kd_t2only_fair] [sampler] sampled: {0: 400, 1: 400, 2: 400} total=1200 spalling_ratio=24.33%
[kd_t2only_fair] [sampler] unique: {0: 400, 1: 400, 2: 400} unique_total=1200 dup_ratio=1.00x
[kd_t2only_fair] [epoch 047/100] remain=53 epochs ep_eta=169.7min (avg 192s/ep)
[kd_t2only_fair] [epoch 047/100] lr=0.000035  dt=190.2s
  train loss=17662.4123  ce=0.1059 dice=0.2203  tversky=0.0000 bd=0.0000  cldice=0.0000 snake=0.0000
  val   skipped (next val at epoch 50)
[kd_t2only_fair] [curriculum] epoch 48: stage=1 tiers=[0, 1] pool={0: 400, 1: 400, 2: 0}
  [kd_t2only_fair] [epoch 48/100] batch 30/300 (10%) loss=18078.9157 elapsed=20s eta=178s
  [kd_t2only_fair] [epoch 48/100] batch 60/300 (20%) loss=17387.9647 elapsed=39s eta=155s
  [kd_t2only_fair] [epoch 48/100] batch 90/300 (30%) loss=17283.2746 elapsed=57s eta=134s
  [kd_t2only_fair] [epoch 48/100] batch 120/300 (40%) loss=17235.7548 elapsed=76s eta=115s
  [kd_t2only_fair] [epoch 48/100] batch 150/300 (50%) loss=17337.0250 elapsed=96s eta=96s
  [kd_t2only_fair] [epoch 48/100] batch 180/300 (60%) loss=17398.8256 elapsed=115s eta=76s
  [kd_t2only_fair] [epoch 48/100] batch 210/300 (70%) loss=17235.9819 elapsed=133s eta=57s
  [kd_t2only_fair] [epoch 48/100] batch 240/300 (80%) loss=17274.4148 elapsed=152s eta=38s
  [kd_t2only_fair] [epoch 48/100] batch 270/300 (90%) loss=17369.7386 elapsed=171s eta=19s
  [kd_t2only_fair] [epoch 48/100] batch 300/300 (100%) loss=17337.5702 elapsed=190s eta=0s
[kd_t2only_fair] [sampler] sampled: {0: 400, 1: 400, 2: 400} total=1200 spalling_ratio=24.33%
[kd_t2only_fair] [sampler] unique: {0: 400, 1: 400, 2: 400} unique_total=1200 dup_ratio=1.00x
[kd_t2only_fair] [epoch 048/100] remain=52 epochs ep_eta=166.5min (avg 192s/ep)
[kd_t2only_fair] [epoch 048/100] lr=0.000034  dt=190.6s
  train loss=17337.5702  ce=0.1060 dice=0.2211  tversky=0.0000 bd=0.0000  cldice=0.0000 snake=0.0000
  val   skipped (next val at epoch 50)
[kd_t2only_fair] [curriculum] epoch 49: stage=1 tiers=[0, 1] pool={0: 400, 1: 400, 2: 0}
  [kd_t2only_fair] [epoch 49/100] batch 30/300 (10%) loss=17313.3659 elapsed=19s eta=174s
  [kd_t2only_fair] [epoch 49/100] batch 60/300 (20%) loss=17754.8399 elapsed=38s eta=153s
  [kd_t2only_fair] [epoch 49/100] batch 90/300 (30%) loss=17539.4029 elapsed=57s eta=134s
  [kd_t2only_fair] [epoch 49/100] batch 120/300 (40%) loss=17357.3101 elapsed=76s eta=114s
  [kd_t2only_fair] [epoch 49/100] batch 150/300 (50%) loss=17460.2269 elapsed=95s eta=95s
  [kd_t2only_fair] [epoch 49/100] batch 180/300 (60%) loss=17219.9554 elapsed=113s eta=76s
  [kd_t2only_fair] [epoch 49/100] batch 210/300 (70%) loss=17228.7445 elapsed=133s eta=57s
  [kd_t2only_fair] [epoch 49/100] batch 240/300 (80%) loss=17110.3034 elapsed=151s eta=38s
  [kd_t2only_fair] [epoch 49/100] batch 270/300 (90%) loss=17026.0161 elapsed=170s eta=19s
  [kd_t2only_fair] [epoch 49/100] batch 300/300 (100%) loss=17021.5214 elapsed=189s eta=0s
[kd_t2only_fair] [sampler] sampled: {0: 400, 1: 400, 2: 400} total=1200 spalling_ratio=24.33%
[kd_t2only_fair] [sampler] unique: {0: 400, 1: 400, 2: 400} unique_total=1200 dup_ratio=1.00x
[kd_t2only_fair] [epoch 049/100] remain=51 epochs ep_eta=163.3min (avg 192s/ep)
[kd_t2only_fair] [epoch 049/100] lr=0.000033  dt=189.2s
  train loss=17021.5214  ce=0.1045 dice=0.2206  tversky=0.0000 bd=0.0000  cldice=0.0000 snake=0.0000
  val   skipped (next val at epoch 50)
[kd_t2only_fair] [curriculum] epoch 50: stage=1 tiers=[0, 1] pool={0: 400, 1: 400, 2: 0}
  [kd_t2only_fair] [epoch 50/100] batch 30/300 (10%) loss=15974.4152 elapsed=19s eta=174s
  [kd_t2only_fair] [epoch 50/100] batch 60/300 (20%) loss=17069.7375 elapsed=38s eta=153s
  [kd_t2only_fair] [epoch 50/100] batch 90/300 (30%) loss=16993.5974 elapsed=57s eta=133s
  [kd_t2only_fair] [epoch 50/100] batch 120/300 (40%) loss=16897.9229 elapsed=76s eta=114s
  [kd_t2only_fair] [epoch 50/100] batch 150/300 (50%) loss=16803.6146 elapsed=94s eta=94s
  [kd_t2only_fair] [epoch 50/100] batch 180/300 (60%) loss=16801.0986 elapsed=113s eta=76s
  [kd_t2only_fair] [epoch 50/100] batch 210/300 (70%) loss=16628.3623 elapsed=132s eta=57s
  [kd_t2only_fair] [epoch 50/100] batch 240/300 (80%) loss=16779.5421 elapsed=151s eta=38s
  [kd_t2only_fair] [epoch 50/100] batch 270/300 (90%) loss=16818.6373 elapsed=170s eta=19s
  [kd_t2only_fair] [epoch 50/100] batch 300/300 (100%) loss=16848.2798 elapsed=189s eta=0s
[kd_t2only_fair] [sampler] sampled: {0: 400, 1: 400, 2: 400} total=1200 spalling_ratio=24.33%
[kd_t2only_fair] [sampler] unique: {0: 400, 1: 400, 2: 400} unique_total=1200 dup_ratio=1.00x
[kd_t2only_fair] [epoch 050/100] remain=50 epochs ep_eta=160.2min (avg 192s/ep)
[kd_t2only_fair] [epoch 050/100] lr=0.000032  dt=198.1s
  train loss=16848.2798  ce=0.1053 dice=0.2166  tversky=0.0000 bd=0.0000  cldice=0.0000 snake=0.0000
  val   loss=0.2140
  IoU   bg=0.9757  crack=0.5629  spalling=0.8186  | mIoU_fg=0.6907  pix_acc=0.9762
  Dice  bg=0.9877  crack=0.7203  spalling=0.9002
  BF1   crack=0.7339  spalling=0.6673  | BF1_fg_mean=0.7006
[kd_t2only_fair] [curriculum] epoch 51: stage=1 tiers=[0, 1] pool={0: 400, 1: 400, 2: 0}
  [kd_t2only_fair] [epoch 51/100] batch 30/300 (10%) loss=17455.6120 elapsed=19s eta=174s
  [kd_t2only_fair] [epoch 51/100] batch 60/300 (20%) loss=16992.0895 elapsed=38s eta=153s
  [kd_t2only_fair] [epoch 51/100] batch 90/300 (30%) loss=16798.6370 elapsed=57s eta=133s
  [kd_t2only_fair] [epoch 51/100] batch 120/300 (40%) loss=16649.7669 elapsed=76s eta=113s
  [kd_t2only_fair] [epoch 51/100] batch 150/300 (50%) loss=16713.2527 elapsed=94s eta=94s
  [kd_t2only_fair] [epoch 51/100] batch 180/300 (60%) loss=16755.3956 elapsed=113s eta=76s
  [kd_t2only_fair] [epoch 51/100] batch 210/300 (70%) loss=16634.0504 elapsed=132s eta=57s
  [kd_t2only_fair] [epoch 51/100] batch 240/300 (80%) loss=16654.9333 elapsed=151s eta=38s
  [kd_t2only_fair] [epoch 51/100] batch 270/300 (90%) loss=16635.4367 elapsed=170s eta=19s
  [kd_t2only_fair] [epoch 51/100] batch 300/300 (100%) loss=16602.9897 elapsed=188s eta=0s
[kd_t2only_fair] [sampler] sampled: {0: 400, 1: 400, 2: 400} total=1200 spalling_ratio=24.33%
[kd_t2only_fair] [sampler] unique: {0: 400, 1: 400, 2: 400} unique_total=1200 dup_ratio=1.00x
[kd_t2only_fair] [epoch 051/100] remain=49 epochs ep_eta=157.0min (avg 192s/ep)
[kd_t2only_fair] [epoch 051/100] lr=0.000031  dt=188.6s
  train loss=16602.9897  ce=0.1040 dice=0.2117  tversky=0.0000 bd=0.0000  cldice=0.0000 snake=0.0000
  val   skipped (next val at epoch 55)
[kd_t2only_fair] [curriculum] epoch 52: stage=1 tiers=[0, 1] pool={0: 400, 1: 400, 2: 0}
  [kd_t2only_fair] [epoch 52/100] batch 30/300 (10%) loss=17565.9519 elapsed=20s eta=178s
  [kd_t2only_fair] [epoch 52/100] batch 60/300 (20%) loss=16904.5850 elapsed=39s eta=154s
  [kd_t2only_fair] [epoch 52/100] batch 90/300 (30%) loss=16855.8867 elapsed=58s eta=134s
  [kd_t2only_fair] [epoch 52/100] batch 120/300 (40%) loss=16885.9164 elapsed=77s eta=115s
  [kd_t2only_fair] [epoch 52/100] batch 150/300 (50%) loss=16795.0771 elapsed=95s eta=95s
  [kd_t2only_fair] [epoch 52/100] batch 180/300 (60%) loss=16876.8563 elapsed=114s eta=76s
  [kd_t2only_fair] [epoch 52/100] batch 210/300 (70%) loss=16934.6003 elapsed=133s eta=57s
  [kd_t2only_fair] [epoch 52/100] batch 240/300 (80%) loss=16877.1302 elapsed=152s eta=38s
  [kd_t2only_fair] [epoch 52/100] batch 270/300 (90%) loss=16746.8526 elapsed=171s eta=19s
  [kd_t2only_fair] [epoch 52/100] batch 300/300 (100%) loss=16726.7309 elapsed=190s eta=0s
[kd_t2only_fair] [sampler] sampled: {0: 400, 1: 400, 2: 400} total=1200 spalling_ratio=24.33%
[kd_t2only_fair] [sampler] unique: {0: 400, 1: 400, 2: 400} unique_total=1200 dup_ratio=1.00x
[kd_t2only_fair] [epoch 052/100] remain=48 epochs ep_eta=153.8min (avg 192s/ep)
[kd_t2only_fair] [epoch 052/100] lr=0.000030  dt=190.4s
  train loss=16726.7309  ce=0.1035 dice=0.2172  tversky=0.0000 bd=0.0000  cldice=0.0000 snake=0.0000
  val   skipped (next val at epoch 55)
[kd_t2only_fair] [curriculum] epoch 53: stage=1 tiers=[0, 1] pool={0: 400, 1: 400, 2: 0}
  [kd_t2only_fair] [epoch 53/100] batch 30/300 (10%) loss=16371.2519 elapsed=20s eta=179s
  [kd_t2only_fair] [epoch 53/100] batch 60/300 (20%) loss=16556.3785 elapsed=39s eta=154s
  [kd_t2only_fair] [epoch 53/100] batch 90/300 (30%) loss=16441.5393 elapsed=57s eta=134s
  [kd_t2only_fair] [epoch 53/100] batch 120/300 (40%) loss=16523.3300 elapsed=76s eta=114s
  [kd_t2only_fair] [epoch 53/100] batch 150/300 (50%) loss=16719.7885 elapsed=95s eta=95s
  [kd_t2only_fair] [epoch 53/100] batch 180/300 (60%) loss=16769.4803 elapsed=114s eta=76s
  [kd_t2only_fair] [epoch 53/100] batch 210/300 (70%) loss=16743.9950 elapsed=133s eta=57s
  [kd_t2only_fair] [epoch 53/100] batch 240/300 (80%) loss=16678.7322 elapsed=152s eta=38s
  [kd_t2only_fair] [epoch 53/100] batch 270/300 (90%) loss=16677.2601 elapsed=172s eta=19s
  [kd_t2only_fair] [epoch 53/100] batch 300/300 (100%) loss=16631.0269 elapsed=191s eta=0s
[kd_t2only_fair] [sampler] sampled: {0: 400, 1: 400, 2: 400} total=1200 spalling_ratio=24.33%
[kd_t2only_fair] [sampler] unique: {0: 400, 1: 400, 2: 400} unique_total=1200 dup_ratio=1.00x
[kd_t2only_fair] [epoch 053/100] remain=47 epochs ep_eta=150.6min (avg 192s/ep)
[kd_t2only_fair] [epoch 053/100] lr=0.000030  dt=191.1s
  train loss=16631.0269  ce=0.1042 dice=0.2195  tversky=0.0000 bd=0.0000  cldice=0.0000 snake=0.0000
  val   skipped (next val at epoch 55)
[kd_t2only_fair] [curriculum] epoch 54: stage=1 tiers=[0, 1] pool={0: 400, 1: 400, 2: 0}
  [kd_t2only_fair] [epoch 54/100] batch 30/300 (10%) loss=16059.0349 elapsed=20s eta=177s
  [kd_t2only_fair] [epoch 54/100] batch 60/300 (20%) loss=16028.4083 elapsed=39s eta=154s
  [kd_t2only_fair] [epoch 54/100] batch 90/300 (30%) loss=16384.3803 elapsed=58s eta=134s
  [kd_t2only_fair] [epoch 54/100] batch 120/300 (40%) loss=16202.9772 elapsed=76s eta=114s
  [kd_t2only_fair] [epoch 54/100] batch 150/300 (50%) loss=16117.8864 elapsed=95s eta=95s
  [kd_t2only_fair] [epoch 54/100] batch 180/300 (60%) loss=16191.1804 elapsed=113s eta=76s
  [kd_t2only_fair] [epoch 54/100] batch 210/300 (70%) loss=16422.3602 elapsed=132s eta=57s
  [kd_t2only_fair] [epoch 54/100] batch 240/300 (80%) loss=16314.8592 elapsed=151s eta=38s
  [kd_t2only_fair] [epoch 54/100] batch 270/300 (90%) loss=16243.0002 elapsed=170s eta=19s
  [kd_t2only_fair] [epoch 54/100] batch 300/300 (100%) loss=16467.6970 elapsed=188s eta=0s
[kd_t2only_fair] [sampler] sampled: {0: 400, 1: 400, 2: 400} total=1200 spalling_ratio=24.33%
[kd_t2only_fair] [sampler] unique: {0: 400, 1: 400, 2: 400} unique_total=1200 dup_ratio=1.00x
[kd_t2only_fair] [epoch 054/100] remain=46 epochs ep_eta=147.4min (avg 192s/ep)
[kd_t2only_fair] [epoch 054/100] lr=0.000029  dt=188.6s
  train loss=16467.6970  ce=0.1038 dice=0.2194  tversky=0.0000 bd=0.0000  cldice=0.0000 snake=0.0000
  val   skipped (next val at epoch 55)
[kd_t2only_fair] [curriculum] epoch 55: stage=1 tiers=[0, 1] pool={0: 400, 1: 400, 2: 0}
  [kd_t2only_fair] [epoch 55/100] batch 30/300 (10%) loss=15970.0783 elapsed=20s eta=176s
  [kd_t2only_fair] [epoch 55/100] batch 60/300 (20%) loss=16669.6157 elapsed=38s eta=154s
  [kd_t2only_fair] [epoch 55/100] batch 90/300 (30%) loss=16620.3072 elapsed=57s eta=134s
  [kd_t2only_fair] [epoch 55/100] batch 120/300 (40%) loss=16595.0993 elapsed=77s eta=115s
  [kd_t2only_fair] [epoch 55/100] batch 150/300 (50%) loss=16584.2732 elapsed=95s eta=95s
  [kd_t2only_fair] [epoch 55/100] batch 180/300 (60%) loss=16491.7446 elapsed=114s eta=76s
  [kd_t2only_fair] [epoch 55/100] batch 210/300 (70%) loss=16396.2063 elapsed=133s eta=57s
  [kd_t2only_fair] [epoch 55/100] batch 240/300 (80%) loss=16375.6629 elapsed=152s eta=38s
  [kd_t2only_fair] [epoch 55/100] batch 270/300 (90%) loss=16365.5087 elapsed=171s eta=19s
  [kd_t2only_fair] [epoch 55/100] batch 300/300 (100%) loss=16268.2108 elapsed=189s eta=0s
[kd_t2only_fair] [sampler] sampled: {0: 400, 1: 400, 2: 400} total=1200 spalling_ratio=24.33%
[kd_t2only_fair] [sampler] unique: {0: 400, 1: 400, 2: 400} unique_total=1200 dup_ratio=1.00x
[kd_t2only_fair] [epoch 055/100] remain=45 epochs ep_eta=144.3min (avg 192s/ep)
[kd_t2only_fair] [epoch 055/100] lr=0.000028  dt=198.5s
  train loss=16268.2108  ce=0.1037 dice=0.2145  tversky=0.0000 bd=0.0000  cldice=0.0000 snake=0.0000
  val   loss=0.2178
  IoU   bg=0.9756  crack=0.5619  spalling=0.8183  | mIoU_fg=0.6901  pix_acc=0.9761
  Dice  bg=0.9877  crack=0.7195  spalling=0.9000
  BF1   crack=0.7285  spalling=0.6794  | BF1_fg_mean=0.7039
[kd_t2only_fair] [curriculum] epoch 56: stage=1 tiers=[0, 1] pool={0: 400, 1: 400, 2: 0}
  [kd_t2only_fair] [epoch 56/100] batch 30/300 (10%) loss=16340.1894 elapsed=19s eta=172s
  [kd_t2only_fair] [epoch 56/100] batch 60/300 (20%) loss=16173.2187 elapsed=38s eta=152s
  [kd_t2only_fair] [epoch 56/100] batch 90/300 (30%) loss=16069.1701 elapsed=57s eta=132s
  [kd_t2only_fair] [epoch 56/100] batch 120/300 (40%) loss=16039.7126 elapsed=76s eta=113s
  [kd_t2only_fair] [epoch 56/100] batch 150/300 (50%) loss=16311.5541 elapsed=94s eta=94s
  [kd_t2only_fair] [epoch 56/100] batch 180/300 (60%) loss=16252.2134 elapsed=113s eta=76s
  [kd_t2only_fair] [epoch 56/100] batch 210/300 (70%) loss=16239.8186 elapsed=132s eta=57s
  [kd_t2only_fair] [epoch 56/100] batch 240/300 (80%) loss=16412.6983 elapsed=151s eta=38s
  [kd_t2only_fair] [epoch 56/100] batch 270/300 (90%) loss=16414.0591 elapsed=169s eta=19s
  [kd_t2only_fair] [epoch 56/100] batch 300/300 (100%) loss=16310.9642 elapsed=188s eta=0s
[kd_t2only_fair] [sampler] sampled: {0: 400, 1: 400, 2: 400} total=1200 spalling_ratio=24.33%
[kd_t2only_fair] [sampler] unique: {0: 400, 1: 400, 2: 400} unique_total=1200 dup_ratio=1.00x
[kd_t2only_fair] [epoch 056/100] remain=44 epochs ep_eta=141.0min (avg 192s/ep)
[kd_t2only_fair] [epoch 056/100] lr=0.000027  dt=188.1s
  train loss=16310.9642  ce=0.1039 dice=0.2136  tversky=0.0000 bd=0.0000  cldice=0.0000 snake=0.0000
  val   skipped (next val at epoch 60)
[kd_t2only_fair] [curriculum] epoch 57: stage=1 tiers=[0, 1] pool={0: 400, 1: 400, 2: 0}
  [kd_t2only_fair] [epoch 57/100] batch 30/300 (10%) loss=16574.2510 elapsed=19s eta=175s
  [kd_t2only_fair] [epoch 57/100] batch 60/300 (20%) loss=16063.5504 elapsed=38s eta=153s
  [kd_t2only_fair] [epoch 57/100] batch 90/300 (30%) loss=16076.5518 elapsed=57s eta=133s
  [kd_t2only_fair] [epoch 57/100] batch 120/300 (40%) loss=16301.6465 elapsed=76s eta=113s
  [kd_t2only_fair] [epoch 57/100] batch 150/300 (50%) loss=16134.6022 elapsed=95s eta=95s
  [kd_t2only_fair] [epoch 57/100] batch 180/300 (60%) loss=16202.6444 elapsed=113s eta=76s
  [kd_t2only_fair] [epoch 57/100] batch 210/300 (70%) loss=16090.1735 elapsed=132s eta=57s
  [kd_t2only_fair] [epoch 57/100] batch 240/300 (80%) loss=15996.0311 elapsed=151s eta=38s
  [kd_t2only_fair] [epoch 57/100] batch 270/300 (90%) loss=15884.8137 elapsed=169s eta=19s
  [kd_t2only_fair] [epoch 57/100] batch 300/300 (100%) loss=15953.3613 elapsed=188s eta=0s
[kd_t2only_fair] [sampler] sampled: {0: 400, 1: 400, 2: 400} total=1200 spalling_ratio=24.33%
[kd_t2only_fair] [sampler] unique: {0: 400, 1: 400, 2: 400} unique_total=1200 dup_ratio=1.00x
[kd_t2only_fair] [epoch 057/100] remain=43 epochs ep_eta=137.8min (avg 192s/ep)
[kd_t2only_fair] [epoch 057/100] lr=0.000026  dt=188.4s
  train loss=15953.3613  ce=0.1024 dice=0.2096  tversky=0.0000 bd=0.0000  cldice=0.0000 snake=0.0000
  val   skipped (next val at epoch 60)
[kd_t2only_fair] [curriculum] epoch 58: stage=1 tiers=[0, 1] pool={0: 400, 1: 400, 2: 0}
  [kd_t2only_fair] [epoch 58/100] batch 30/300 (10%) loss=15771.7216 elapsed=19s eta=173s
  [kd_t2only_fair] [epoch 58/100] batch 60/300 (20%) loss=15968.0039 elapsed=38s eta=151s
  [kd_t2only_fair] [epoch 58/100] batch 90/300 (30%) loss=15906.6016 elapsed=57s eta=132s
  [kd_t2only_fair] [epoch 58/100] batch 120/300 (40%) loss=15891.5816 elapsed=75s eta=113s
  [kd_t2only_fair] [epoch 58/100] batch 150/300 (50%) loss=16155.3911 elapsed=94s eta=94s
  [kd_t2only_fair] [epoch 58/100] batch 180/300 (60%) loss=16081.4372 elapsed=113s eta=75s
  [kd_t2only_fair] [epoch 58/100] batch 210/300 (70%) loss=15973.5575 elapsed=132s eta=56s
  [kd_t2only_fair] [epoch 58/100] batch 240/300 (80%) loss=16003.8420 elapsed=150s eta=38s
  [kd_t2only_fair] [epoch 58/100] batch 270/300 (90%) loss=15959.5434 elapsed=169s eta=19s
  [kd_t2only_fair] [epoch 58/100] batch 300/300 (100%) loss=15965.7010 elapsed=188s eta=0s
[kd_t2only_fair] [sampler] sampled: {0: 400, 1: 400, 2: 400} total=1200 spalling_ratio=24.33%
[kd_t2only_fair] [sampler] unique: {0: 400, 1: 400, 2: 400} unique_total=1200 dup_ratio=1.00x
[kd_t2only_fair] [epoch 058/100] remain=42 epochs ep_eta=134.6min (avg 192s/ep)
[kd_t2only_fair] [epoch 058/100] lr=0.000025  dt=187.9s
  train loss=15965.7010  ce=0.1035 dice=0.2174  tversky=0.0000 bd=0.0000  cldice=0.0000 snake=0.0000
  val   skipped (next val at epoch 60)
[kd_t2only_fair] [curriculum] epoch 59: stage=1 tiers=[0, 1] pool={0: 400, 1: 400, 2: 0}
  [kd_t2only_fair] [epoch 59/100] batch 30/300 (10%) loss=16060.7422 elapsed=19s eta=174s
  [kd_t2only_fair] [epoch 59/100] batch 60/300 (20%) loss=15943.7348 elapsed=38s eta=152s
  [kd_t2only_fair] [epoch 59/100] batch 90/300 (30%) loss=15714.0992 elapsed=57s eta=132s
  [kd_t2only_fair] [epoch 59/100] batch 120/300 (40%) loss=15785.7746 elapsed=75s eta=113s
  [kd_t2only_fair] [epoch 59/100] batch 150/300 (50%) loss=15562.1947 elapsed=94s eta=94s
  [kd_t2only_fair] [epoch 59/100] batch 180/300 (60%) loss=15512.2464 elapsed=113s eta=75s
  [kd_t2only_fair] [epoch 59/100] batch 210/300 (70%) loss=15710.3913 elapsed=132s eta=57s
  [kd_t2only_fair] [epoch 59/100] batch 240/300 (80%) loss=15687.9790 elapsed=151s eta=38s
  [kd_t2only_fair] [epoch 59/100] batch 270/300 (90%) loss=15644.3253 elapsed=170s eta=19s
  [kd_t2only_fair] [epoch 59/100] batch 300/300 (100%) loss=15725.2882 elapsed=188s eta=0s
[kd_t2only_fair] [sampler] sampled: {0: 400, 1: 400, 2: 400} total=1200 spalling_ratio=24.33%
[kd_t2only_fair] [sampler] unique: {0: 400, 1: 400, 2: 400} unique_total=1200 dup_ratio=1.00x
[kd_t2only_fair] [epoch 059/100] remain=41 epochs ep_eta=131.3min (avg 192s/ep)
[kd_t2only_fair] [epoch 059/100] lr=0.000024  dt=188.5s
  train loss=15725.2882  ce=0.1019 dice=0.2111  tversky=0.0000 bd=0.0000  cldice=0.0000 snake=0.0000
  val   skipped (next val at epoch 60)
[kd_t2only_fair] [curriculum] epoch 60: stage=1 tiers=[0, 1] pool={0: 400, 1: 400, 2: 0}
  [kd_t2only_fair] [epoch 60/100] batch 30/300 (10%) loss=14928.7091 elapsed=19s eta=175s
  [kd_t2only_fair] [epoch 60/100] batch 60/300 (20%) loss=15011.9517 elapsed=38s eta=152s
  [kd_t2only_fair] [epoch 60/100] batch 90/300 (30%) loss=15361.3336 elapsed=57s eta=132s
  [kd_t2only_fair] [epoch 60/100] batch 120/300 (40%) loss=15273.7581 elapsed=75s eta=113s
  [kd_t2only_fair] [epoch 60/100] batch 150/300 (50%) loss=15502.9466 elapsed=94s eta=94s
  [kd_t2only_fair] [epoch 60/100] batch 180/300 (60%) loss=15409.6210 elapsed=113s eta=75s
  [kd_t2only_fair] [epoch 60/100] batch 210/300 (70%) loss=15476.2399 elapsed=132s eta=56s
  [kd_t2only_fair] [epoch 60/100] batch 240/300 (80%) loss=15447.2248 elapsed=151s eta=38s
  [kd_t2only_fair] [epoch 60/100] batch 270/300 (90%) loss=15496.7000 elapsed=169s eta=19s
  [kd_t2only_fair] [epoch 60/100] batch 300/300 (100%) loss=15495.8197 elapsed=188s eta=0s
[kd_t2only_fair] [sampler] sampled: {0: 400, 1: 400, 2: 400} total=1200 spalling_ratio=24.33%
[kd_t2only_fair] [sampler] unique: {0: 400, 1: 400, 2: 400} unique_total=1200 dup_ratio=1.00x
[kd_t2only_fair] [epoch 060/100] remain=40 epochs ep_eta=128.2min (avg 192s/ep)
[kd_t2only_fair] [epoch 060/100] lr=0.000023  dt=197.9s
  train loss=15495.8197  ce=0.1016 dice=0.2114  tversky=0.0000 bd=0.0000  cldice=0.0000 snake=0.0000
  val   loss=0.2142
  IoU   bg=0.9752  crack=0.5599  spalling=0.8199  | mIoU_fg=0.6899  pix_acc=0.9757
  Dice  bg=0.9874  crack=0.7178  spalling=0.9010
  BF1   crack=0.7292  spalling=0.6873  | BF1_fg_mean=0.7082
[kd_t2only_fair] [curriculum] epoch 61: stage=1 tiers=[0, 1] pool={0: 400, 1: 400, 2: 0}
  [kd_t2only_fair] [epoch 61/100] batch 30/300 (10%) loss=15509.7185 elapsed=20s eta=177s
  [kd_t2only_fair] [epoch 61/100] batch 60/300 (20%) loss=15423.6656 elapsed=39s eta=154s
  [kd_t2only_fair] [epoch 61/100] batch 90/300 (30%) loss=15650.1268 elapsed=57s eta=134s
  [kd_t2only_fair] [epoch 61/100] batch 120/300 (40%) loss=15614.4647 elapsed=76s eta=114s
  [kd_t2only_fair] [epoch 61/100] batch 150/300 (50%) loss=15711.9372 elapsed=95s eta=95s
  [kd_t2only_fair] [epoch 61/100] batch 180/300 (60%) loss=15728.5721 elapsed=113s eta=76s
  [kd_t2only_fair] [epoch 61/100] batch 210/300 (70%) loss=15697.3733 elapsed=132s eta=56s
  [kd_t2only_fair] [epoch 61/100] batch 240/300 (80%) loss=15469.8386 elapsed=151s eta=38s
  [kd_t2only_fair] [epoch 61/100] batch 270/300 (90%) loss=15439.2491 elapsed=169s eta=19s
  [kd_t2only_fair] [epoch 61/100] batch 300/300 (100%) loss=15465.1920 elapsed=188s eta=0s
[kd_t2only_fair] [sampler] sampled: {0: 400, 1: 400, 2: 400} total=1200 spalling_ratio=24.33%
[kd_t2only_fair] [sampler] unique: {0: 400, 1: 400, 2: 400} unique_total=1200 dup_ratio=1.00x
[kd_t2only_fair] [epoch 061/100] remain=39 epochs ep_eta=125.0min (avg 192s/ep)
[kd_t2only_fair] [epoch 061/100] lr=0.000022  dt=188.5s
  train loss=15465.1920  ce=0.1018 dice=0.2140  tversky=0.0000 bd=0.0000  cldice=0.0000 snake=0.0000
  val   skipped (next val at epoch 65)
[kd_t2only_fair] [curriculum] epoch 62: stage=1 tiers=[0, 1] pool={0: 400, 1: 400, 2: 0}
  [kd_t2only_fair] [epoch 62/100] batch 30/300 (10%) loss=16197.4106 elapsed=19s eta=174s
  [kd_t2only_fair] [epoch 62/100] batch 60/300 (20%) loss=15804.1605 elapsed=38s eta=152s
  [kd_t2only_fair] [epoch 62/100] batch 90/300 (30%) loss=15802.4405 elapsed=57s eta=133s
  [kd_t2only_fair] [epoch 62/100] batch 120/300 (40%) loss=15797.7684 elapsed=76s eta=114s
  [kd_t2only_fair] [epoch 62/100] batch 150/300 (50%) loss=15690.3747 elapsed=95s eta=95s
  [kd_t2only_fair] [epoch 62/100] batch 180/300 (60%) loss=15789.0148 elapsed=113s eta=76s
  [kd_t2only_fair] [epoch 62/100] batch 210/300 (70%) loss=15574.5034 elapsed=132s eta=57s
  [kd_t2only_fair] [epoch 62/100] batch 240/300 (80%) loss=15519.8339 elapsed=151s eta=38s
  [kd_t2only_fair] [epoch 62/100] batch 270/300 (90%) loss=15709.7334 elapsed=170s eta=19s
  [kd_t2only_fair] [epoch 62/100] batch 300/300 (100%) loss=15619.4039 elapsed=188s eta=0s
[kd_t2only_fair] [sampler] sampled: {0: 400, 1: 400, 2: 400} total=1200 spalling_ratio=24.33%
[kd_t2only_fair] [sampler] unique: {0: 400, 1: 400, 2: 400} unique_total=1200 dup_ratio=1.00x
[kd_t2only_fair] [epoch 062/100] remain=38 epochs ep_eta=121.8min (avg 192s/ep)
[kd_t2only_fair] [epoch 062/100] lr=0.000021  dt=188.5s
  train loss=15619.4039  ce=0.1025 dice=0.2094  tversky=0.0000 bd=0.0000  cldice=0.0000 snake=0.0000
  val   skipped (next val at epoch 65)
[kd_t2only_fair] [curriculum] epoch 63: stage=1 tiers=[0, 1] pool={0: 400, 1: 400, 2: 0}
  [kd_t2only_fair] [epoch 63/100] batch 30/300 (10%) loss=16131.4379 elapsed=19s eta=172s
  [kd_t2only_fair] [epoch 63/100] batch 60/300 (20%) loss=15219.4782 elapsed=38s eta=153s
  [kd_t2only_fair] [epoch 63/100] batch 90/300 (30%) loss=15191.3871 elapsed=57s eta=133s
  [kd_t2only_fair] [epoch 63/100] batch 120/300 (40%) loss=15117.8617 elapsed=76s eta=114s
  [kd_t2only_fair] [epoch 63/100] batch 150/300 (50%) loss=15080.0617 elapsed=95s eta=95s
  [kd_t2only_fair] [epoch 63/100] batch 180/300 (60%) loss=15169.0353 elapsed=114s eta=76s
  [kd_t2only_fair] [epoch 63/100] batch 210/300 (70%) loss=15380.9794 elapsed=132s eta=57s
  [kd_t2only_fair] [epoch 63/100] batch 240/300 (80%) loss=15292.3224 elapsed=151s eta=38s
  [kd_t2only_fair] [epoch 63/100] batch 270/300 (90%) loss=15331.2211 elapsed=170s eta=19s
  [kd_t2only_fair] [epoch 63/100] batch 300/300 (100%) loss=15313.0665 elapsed=188s eta=0s
[kd_t2only_fair] [sampler] sampled: {0: 400, 1: 400, 2: 400} total=1200 spalling_ratio=24.33%
[kd_t2only_fair] [sampler] unique: {0: 400, 1: 400, 2: 400} unique_total=1200 dup_ratio=1.00x
[kd_t2only_fair] [epoch 063/100] remain=37 epochs ep_eta=118.5min (avg 192s/ep)
[kd_t2only_fair] [epoch 063/100] lr=0.000020  dt=188.6s
  train loss=15313.0665  ce=0.1019 dice=0.2143  tversky=0.0000 bd=0.0000  cldice=0.0000 snake=0.0000
  val   skipped (next val at epoch 65)
[kd_t2only_fair] [curriculum] epoch 64: stage=1 tiers=[0, 1] pool={0: 400, 1: 400, 2: 0}
  [kd_t2only_fair] [epoch 64/100] batch 30/300 (10%) loss=14710.6143 elapsed=19s eta=175s
  [kd_t2only_fair] [epoch 64/100] batch 60/300 (20%) loss=14839.5527 elapsed=38s eta=152s
  [kd_t2only_fair] [epoch 64/100] batch 90/300 (30%) loss=15399.3282 elapsed=57s eta=133s
  [kd_t2only_fair] [epoch 64/100] batch 120/300 (40%) loss=15159.0077 elapsed=75s eta=113s
  [kd_t2only_fair] [epoch 64/100] batch 150/300 (50%) loss=15256.3105 elapsed=94s eta=94s
  [kd_t2only_fair] [epoch 64/100] batch 180/300 (60%) loss=15229.9039 elapsed=113s eta=75s
  [kd_t2only_fair] [epoch 64/100] batch 210/300 (70%) loss=15248.5221 elapsed=132s eta=57s
  [kd_t2only_fair] [epoch 64/100] batch 240/300 (80%) loss=15224.3779 elapsed=151s eta=38s
  [kd_t2only_fair] [epoch 64/100] batch 270/300 (90%) loss=15268.4267 elapsed=169s eta=19s
  [kd_t2only_fair] [epoch 64/100] batch 300/300 (100%) loss=15285.9801 elapsed=188s eta=0s
[kd_t2only_fair] [sampler] sampled: {0: 400, 1: 400, 2: 400} total=1200 spalling_ratio=24.33%
[kd_t2only_fair] [sampler] unique: {0: 400, 1: 400, 2: 400} unique_total=1200 dup_ratio=1.00x
[kd_t2only_fair] [epoch 064/100] remain=36 epochs ep_eta=115.3min (avg 192s/ep)
[kd_t2only_fair] [epoch 064/100] lr=0.000019  dt=188.0s
  train loss=15285.9801  ce=0.1016 dice=0.2135  tversky=0.0000 bd=0.0000  cldice=0.0000 snake=0.0000
  val   skipped (next val at epoch 65)
[kd_t2only_fair] [curriculum] epoch 65: stage=1 tiers=[0, 1] pool={0: 400, 1: 400, 2: 0}
  [kd_t2only_fair] [epoch 65/100] batch 30/300 (10%) loss=15434.2094 elapsed=19s eta=175s
  [kd_t2only_fair] [epoch 65/100] batch 60/300 (20%) loss=14685.3444 elapsed=38s eta=153s
  [kd_t2only_fair] [epoch 65/100] batch 90/300 (30%) loss=14591.0732 elapsed=57s eta=133s
  [kd_t2only_fair] [epoch 65/100] batch 120/300 (40%) loss=14729.9332 elapsed=76s eta=114s
  [kd_t2only_fair] [epoch 65/100] batch 150/300 (50%) loss=14960.0710 elapsed=95s eta=95s
  [kd_t2only_fair] [epoch 65/100] batch 180/300 (60%) loss=15103.8372 elapsed=113s eta=76s
  [kd_t2only_fair] [epoch 65/100] batch 210/300 (70%) loss=15173.7818 elapsed=132s eta=57s
  [kd_t2only_fair] [epoch 65/100] batch 240/300 (80%) loss=15189.7771 elapsed=151s eta=38s
  [kd_t2only_fair] [epoch 65/100] batch 270/300 (90%) loss=15110.5404 elapsed=170s eta=19s
  [kd_t2only_fair] [epoch 65/100] batch 300/300 (100%) loss=15154.6177 elapsed=188s eta=0s
[kd_t2only_fair] [sampler] sampled: {0: 400, 1: 400, 2: 400} total=1200 spalling_ratio=24.33%
[kd_t2only_fair] [sampler] unique: {0: 400, 1: 400, 2: 400} unique_total=1200 dup_ratio=1.00x
[kd_t2only_fair] [epoch 065/100] remain=35 epochs ep_eta=112.2min (avg 192s/ep)
[kd_t2only_fair] [epoch 065/100] lr=0.000018  dt=197.9s
  train loss=15154.6177  ce=0.1009 dice=0.2110  tversky=0.0000 bd=0.0000  cldice=0.0000 snake=0.0000
  val   loss=0.2123
  IoU   bg=0.9756  crack=0.5614  spalling=0.8364  | mIoU_fg=0.6989  pix_acc=0.9761
  Dice  bg=0.9876  crack=0.7191  spalling=0.9109
  BF1   crack=0.7304  spalling=0.6887  | BF1_fg_mean=0.7095
  [kd_t2only_fair] [best] mIoU_fg=0.6989  saved -> best.pt
[kd_t2only_fair] [curriculum] epoch 66: stage=1 tiers=[0, 1] pool={0: 400, 1: 400, 2: 0}
  [kd_t2only_fair] [epoch 66/100] batch 30/300 (10%) loss=15518.9443 elapsed=19s eta=174s
  [kd_t2only_fair] [epoch 66/100] batch 60/300 (20%) loss=14920.8235 elapsed=38s eta=151s
  [kd_t2only_fair] [epoch 66/100] batch 90/300 (30%) loss=15320.9824 elapsed=57s eta=133s
  [kd_t2only_fair] [epoch 66/100] batch 120/300 (40%) loss=15174.4499 elapsed=76s eta=113s
  [kd_t2only_fair] [epoch 66/100] batch 150/300 (50%) loss=15011.0505 elapsed=94s eta=94s
  [kd_t2only_fair] [epoch 66/100] batch 180/300 (60%) loss=15058.4096 elapsed=113s eta=75s
  [kd_t2only_fair] [epoch 66/100] batch 210/300 (70%) loss=14904.2376 elapsed=132s eta=57s
  [kd_t2only_fair] [epoch 66/100] batch 240/300 (80%) loss=14896.8407 elapsed=151s eta=38s
  [kd_t2only_fair] [epoch 66/100] batch 270/300 (90%) loss=14986.3997 elapsed=169s eta=19s
  [kd_t2only_fair] [epoch 66/100] batch 300/300 (100%) loss=14974.5176 elapsed=188s eta=0s
[kd_t2only_fair] [sampler] sampled: {0: 400, 1: 400, 2: 400} total=1200 spalling_ratio=24.33%
[kd_t2only_fair] [sampler] unique: {0: 400, 1: 400, 2: 400} unique_total=1200 dup_ratio=1.00x
[kd_t2only_fair] [epoch 066/100] remain=34 epochs ep_eta=109.0min (avg 192s/ep)
[kd_t2only_fair] [epoch 066/100] lr=0.000017  dt=188.6s
  train loss=14974.5176  ce=0.1012 dice=0.2108  tversky=0.0000 bd=0.0000  cldice=0.0000 snake=0.0000
  val   skipped (next val at epoch 70)
[kd_t2only_fair] [curriculum] epoch 67: stage=1 tiers=[0, 1] pool={0: 400, 1: 400, 2: 0}
  [kd_t2only_fair] [epoch 67/100] batch 30/300 (10%) loss=15127.7143 elapsed=19s eta=172s
  [kd_t2only_fair] [epoch 67/100] batch 60/300 (20%) loss=14958.7587 elapsed=38s eta=152s
  [kd_t2only_fair] [epoch 67/100] batch 90/300 (30%) loss=15162.3752 elapsed=57s eta=133s
  [kd_t2only_fair] [epoch 67/100] batch 120/300 (40%) loss=14735.4278 elapsed=76s eta=113s
  [kd_t2only_fair] [epoch 67/100] batch 150/300 (50%) loss=14758.0923 elapsed=94s eta=94s
  [kd_t2only_fair] [epoch 67/100] batch 180/300 (60%) loss=14869.4452 elapsed=113s eta=75s
  [kd_t2only_fair] [epoch 67/100] batch 210/300 (70%) loss=14784.0921 elapsed=132s eta=57s
  [kd_t2only_fair] [epoch 67/100] batch 240/300 (80%) loss=14843.5650 elapsed=151s eta=38s
  [kd_t2only_fair] [epoch 67/100] batch 270/300 (90%) loss=14903.9374 elapsed=170s eta=19s
  [kd_t2only_fair] [epoch 67/100] batch 300/300 (100%) loss=14954.7672 elapsed=189s eta=0s
[kd_t2only_fair] [sampler] sampled: {0: 400, 1: 400, 2: 400} total=1200 spalling_ratio=24.33%
[kd_t2only_fair] [sampler] unique: {0: 400, 1: 400, 2: 400} unique_total=1200 dup_ratio=1.00x
[kd_t2only_fair] [epoch 067/100] remain=33 epochs ep_eta=105.8min (avg 192s/ep)
[kd_t2only_fair] [epoch 067/100] lr=0.000016  dt=189.0s
  train loss=14954.7672  ce=0.1013 dice=0.2112  tversky=0.0000 bd=0.0000  cldice=0.0000 snake=0.0000
  val   skipped (next val at epoch 70)
[kd_t2only_fair] [curriculum] epoch 68: stage=1 tiers=[0, 1] pool={0: 400, 1: 400, 2: 0}
  [kd_t2only_fair] [epoch 68/100] batch 30/300 (10%) loss=15131.6948 elapsed=20s eta=178s
  [kd_t2only_fair] [epoch 68/100] batch 60/300 (20%) loss=15255.1335 elapsed=39s eta=155s
  [kd_t2only_fair] [epoch 68/100] batch 90/300 (30%) loss=15081.8989 elapsed=57s eta=134s
  [kd_t2only_fair] [epoch 68/100] batch 120/300 (40%) loss=14934.3323 elapsed=76s eta=114s
  [kd_t2only_fair] [epoch 68/100] batch 150/300 (50%) loss=14858.9471 elapsed=95s eta=95s
  [kd_t2only_fair] [epoch 68/100] batch 180/300 (60%) loss=14952.7540 elapsed=114s eta=76s
  [kd_t2only_fair] [epoch 68/100] batch 210/300 (70%) loss=14966.8266 elapsed=133s eta=57s
  [kd_t2only_fair] [epoch 68/100] batch 240/300 (80%) loss=14984.4847 elapsed=152s eta=38s
  [kd_t2only_fair] [epoch 68/100] batch 270/300 (90%) loss=14890.2271 elapsed=170s eta=19s
  [kd_t2only_fair] [epoch 68/100] batch 300/300 (100%) loss=14798.4630 elapsed=189s eta=0s
[kd_t2only_fair] [sampler] sampled: {0: 400, 1: 400, 2: 400} total=1200 spalling_ratio=24.33%
[kd_t2only_fair] [sampler] unique: {0: 400, 1: 400, 2: 400} unique_total=1200 dup_ratio=1.00x
[kd_t2only_fair] [epoch 068/100] remain=32 epochs ep_eta=102.5min (avg 192s/ep)
[kd_t2only_fair] [epoch 068/100] lr=0.000015  dt=189.6s
  train loss=14798.4630  ce=0.1007 dice=0.2090  tversky=0.0000 bd=0.0000  cldice=0.0000 snake=0.0000
  val   skipped (next val at epoch 70)
[kd_t2only_fair] [curriculum] epoch 69: stage=1 tiers=[0, 1] pool={0: 400, 1: 400, 2: 0}
  [kd_t2only_fair] [epoch 69/100] batch 30/300 (10%) loss=14777.2072 elapsed=20s eta=178s
  [kd_t2only_fair] [epoch 69/100] batch 60/300 (20%) loss=14642.3457 elapsed=38s eta=154s
  [kd_t2only_fair] [epoch 69/100] batch 90/300 (30%) loss=14529.2932 elapsed=57s eta=134s
  [kd_t2only_fair] [epoch 69/100] batch 120/300 (40%) loss=14533.1475 elapsed=76s eta=114s
  [kd_t2only_fair] [epoch 69/100] batch 150/300 (50%) loss=14601.1288 elapsed=95s eta=95s
  [kd_t2only_fair] [epoch 69/100] batch 180/300 (60%) loss=14626.9264 elapsed=114s eta=76s
  [kd_t2only_fair] [epoch 69/100] batch 210/300 (70%) loss=14713.6138 elapsed=133s eta=57s
  [kd_t2only_fair] [epoch 69/100] batch 240/300 (80%) loss=14765.4936 elapsed=152s eta=38s
  [kd_t2only_fair] [epoch 69/100] batch 270/300 (90%) loss=14771.7135 elapsed=171s eta=19s
  [kd_t2only_fair] [epoch 69/100] batch 300/300 (100%) loss=14730.7569 elapsed=190s eta=0s
[kd_t2only_fair] [sampler] sampled: {0: 400, 1: 400, 2: 400} total=1200 spalling_ratio=24.33%
[kd_t2only_fair] [sampler] unique: {0: 400, 1: 400, 2: 400} unique_total=1200 dup_ratio=1.00x
[kd_t2only_fair] [epoch 069/100] remain=31 epochs ep_eta=99.3min (avg 192s/ep)
[kd_t2only_fair] [epoch 069/100] lr=0.000014  dt=189.8s
  train loss=14730.7569  ce=0.1004 dice=0.2099  tversky=0.0000 bd=0.0000  cldice=0.0000 snake=0.0000
  val   skipped (next val at epoch 70)
[kd_t2only_fair] [curriculum] epoch 70: stage=2 tiers=[0, 1, 2] pool={0: 400, 1: 400, 2: 400}
  [kd_t2only_fair] [epoch 70/100] batch 30/300 (10%) loss=14160.3613 elapsed=19s eta=173s
  [kd_t2only_fair] [epoch 70/100] batch 60/300 (20%) loss=14021.7486 elapsed=38s eta=152s
  [kd_t2only_fair] [epoch 70/100] batch 90/300 (30%) loss=14335.6535 elapsed=57s eta=133s
  [kd_t2only_fair] [epoch 70/100] batch 120/300 (40%) loss=14574.8752 elapsed=76s eta=114s
  [kd_t2only_fair] [epoch 70/100] batch 150/300 (50%) loss=14680.1783 elapsed=95s eta=95s
  [kd_t2only_fair] [epoch 70/100] batch 180/300 (60%) loss=14589.8324 elapsed=114s eta=76s
  [kd_t2only_fair] [epoch 70/100] batch 210/300 (70%) loss=14636.7972 elapsed=132s eta=57s
  [kd_t2only_fair] [epoch 70/100] batch 240/300 (80%) loss=14672.3770 elapsed=151s eta=38s
  [kd_t2only_fair] [epoch 70/100] batch 270/300 (90%) loss=14628.2200 elapsed=170s eta=19s
  [kd_t2only_fair] [epoch 70/100] batch 300/300 (100%) loss=14639.8010 elapsed=189s eta=0s
[kd_t2only_fair] [sampler] sampled: {0: 400, 1: 400, 2: 400} total=1200 spalling_ratio=24.33%
[kd_t2only_fair] [sampler] unique: {0: 400, 1: 400, 2: 400} unique_total=1200 dup_ratio=1.00x
[kd_t2only_fair] [epoch 070/100] remain=30 epochs ep_eta=96.2min (avg 192s/ep)
[kd_t2only_fair] [epoch 070/100] lr=0.000014  dt=198.5s
  train loss=14639.8010  ce=0.1004 dice=0.2107  tversky=0.0000 bd=0.0000  cldice=0.0000 snake=0.0000
  val   loss=0.2149
  IoU   bg=0.9761  crack=0.5663  spalling=0.8202  | mIoU_fg=0.6932  pix_acc=0.9766
  Dice  bg=0.9879  crack=0.7231  spalling=0.9012
  BF1   crack=0.7354  spalling=0.6580  | BF1_fg_mean=0.6967
[kd_t2only_fair] [curriculum] epoch 71: stage=2 tiers=[0, 1, 2] pool={0: 400, 1: 400, 2: 400}
  [kd_t2only_fair] [epoch 71/100] batch 30/300 (10%) loss=14082.4129 elapsed=19s eta=174s
  [kd_t2only_fair] [epoch 71/100] batch 60/300 (20%) loss=13948.0909 elapsed=38s eta=152s
  [kd_t2only_fair] [epoch 71/100] batch 90/300 (30%) loss=14114.5927 elapsed=57s eta=132s
  [kd_t2only_fair] [epoch 71/100] batch 120/300 (40%) loss=14291.2378 elapsed=76s eta=113s
  [kd_t2only_fair] [epoch 71/100] batch 150/300 (50%) loss=14417.6452 elapsed=95s eta=95s
  [kd_t2only_fair] [epoch 71/100] batch 180/300 (60%) loss=14597.8607 elapsed=113s eta=76s
  [kd_t2only_fair] [epoch 71/100] batch 210/300 (70%) loss=14673.2950 elapsed=132s eta=57s
  [kd_t2only_fair] [epoch 71/100] batch 240/300 (80%) loss=14630.0164 elapsed=151s eta=38s
  [kd_t2only_fair] [epoch 71/100] batch 270/300 (90%) loss=14651.5227 elapsed=170s eta=19s
  [kd_t2only_fair] [epoch 71/100] batch 300/300 (100%) loss=14576.8630 elapsed=189s eta=0s
[kd_t2only_fair] [sampler] sampled: {0: 400, 1: 400, 2: 400} total=1200 spalling_ratio=24.33%
[kd_t2only_fair] [sampler] unique: {0: 400, 1: 400, 2: 400} unique_total=1200 dup_ratio=1.00x
[kd_t2only_fair] [epoch 071/100] remain=29 epochs ep_eta=93.0min (avg 192s/ep)
[kd_t2only_fair] [epoch 071/100] lr=0.000013  dt=189.1s
  train loss=14576.8630  ce=0.1006 dice=0.2130  tversky=0.0000 bd=0.0000  cldice=0.0000 snake=0.0000
  val   skipped (next val at epoch 75)
[kd_t2only_fair] [curriculum] epoch 72: stage=2 tiers=[0, 1, 2] pool={0: 400, 1: 400, 2: 400}
  [kd_t2only_fair] [epoch 72/100] batch 30/300 (10%) loss=14656.4581 elapsed=19s eta=174s
  [kd_t2only_fair] [epoch 72/100] batch 60/300 (20%) loss=14249.6346 elapsed=38s eta=153s
  [kd_t2only_fair] [epoch 72/100] batch 90/300 (30%) loss=14271.0915 elapsed=57s eta=134s
  [kd_t2only_fair] [epoch 72/100] batch 120/300 (40%) loss=14398.0831 elapsed=76s eta=114s
  [kd_t2only_fair] [epoch 72/100] batch 150/300 (50%) loss=14503.5756 elapsed=95s eta=95s
  [kd_t2only_fair] [epoch 72/100] batch 180/300 (60%) loss=14467.4698 elapsed=114s eta=76s
  [kd_t2only_fair] [epoch 72/100] batch 210/300 (70%) loss=14459.1590 elapsed=133s eta=57s
  [kd_t2only_fair] [epoch 72/100] batch 240/300 (80%) loss=14498.7883 elapsed=151s eta=38s
  [kd_t2only_fair] [epoch 72/100] batch 270/300 (90%) loss=14500.0102 elapsed=170s eta=19s
  [kd_t2only_fair] [epoch 72/100] batch 300/300 (100%) loss=14438.8367 elapsed=189s eta=0s
[kd_t2only_fair] [sampler] sampled: {0: 400, 1: 400, 2: 400} total=1200 spalling_ratio=24.33%
[kd_t2only_fair] [sampler] unique: {0: 400, 1: 400, 2: 400} unique_total=1200 dup_ratio=1.00x
[kd_t2only_fair] [epoch 072/100] remain=28 epochs ep_eta=89.8min (avg 192s/ep)
[kd_t2only_fair] [epoch 072/100] lr=0.000012  dt=189.4s
  train loss=14438.8367  ce=0.0998 dice=0.2088  tversky=0.0000 bd=0.0000  cldice=0.0000 snake=0.0000
  val   skipped (next val at epoch 75)
[kd_t2only_fair] [curriculum] epoch 73: stage=2 tiers=[0, 1, 2] pool={0: 400, 1: 400, 2: 400}
  [kd_t2only_fair] [epoch 73/100] batch 30/300 (10%) loss=14586.1852 elapsed=19s eta=174s
  [kd_t2only_fair] [epoch 73/100] batch 60/300 (20%) loss=14295.3711 elapsed=38s eta=153s
  [kd_t2only_fair] [epoch 73/100] batch 90/300 (30%) loss=14080.5340 elapsed=57s eta=133s
  [kd_t2only_fair] [epoch 73/100] batch 120/300 (40%) loss=14187.5259 elapsed=76s eta=113s
  [kd_t2only_fair] [epoch 73/100] batch 150/300 (50%) loss=14377.7309 elapsed=94s eta=94s
  [kd_t2only_fair] [epoch 73/100] batch 180/300 (60%) loss=14425.4394 elapsed=113s eta=76s
  [kd_t2only_fair] [epoch 73/100] batch 210/300 (70%) loss=14409.1998 elapsed=132s eta=57s
  [kd_t2only_fair] [epoch 73/100] batch 240/300 (80%) loss=14459.9525 elapsed=151s eta=38s
  [kd_t2only_fair] [epoch 73/100] batch 270/300 (90%) loss=14404.8172 elapsed=170s eta=19s
  [kd_t2only_fair] [epoch 73/100] batch 300/300 (100%) loss=14385.1901 elapsed=189s eta=0s
[kd_t2only_fair] [sampler] sampled: {0: 400, 1: 400, 2: 400} total=1200 spalling_ratio=24.33%
[kd_t2only_fair] [sampler] unique: {0: 400, 1: 400, 2: 400} unique_total=1200 dup_ratio=1.00x
[kd_t2only_fair] [epoch 073/100] remain=27 epochs ep_eta=86.5min (avg 192s/ep)
[kd_t2only_fair] [epoch 073/100] lr=0.000011  dt=189.1s
  train loss=14385.1901  ce=0.1002 dice=0.2133  tversky=0.0000 bd=0.0000  cldice=0.0000 snake=0.0000
  val   skipped (next val at epoch 75)
[kd_t2only_fair] [curriculum] epoch 74: stage=2 tiers=[0, 1, 2] pool={0: 400, 1: 400, 2: 400}
  [kd_t2only_fair] [epoch 74/100] batch 30/300 (10%) loss=14332.6305 elapsed=19s eta=174s
  [kd_t2only_fair] [epoch 74/100] batch 60/300 (20%) loss=14385.8238 elapsed=38s eta=152s
  [kd_t2only_fair] [epoch 74/100] batch 90/300 (30%) loss=14364.3171 elapsed=57s eta=132s
  [kd_t2only_fair] [epoch 74/100] batch 120/300 (40%) loss=14705.8218 elapsed=76s eta=113s
  [kd_t2only_fair] [epoch 74/100] batch 150/300 (50%) loss=14551.8382 elapsed=94s eta=94s
  [kd_t2only_fair] [epoch 74/100] batch 180/300 (60%) loss=14437.8040 elapsed=113s eta=75s
  [kd_t2only_fair] [epoch 74/100] batch 210/300 (70%) loss=14413.2615 elapsed=132s eta=56s
  [kd_t2only_fair] [epoch 74/100] batch 240/300 (80%) loss=14377.3641 elapsed=151s eta=38s
  [kd_t2only_fair] [epoch 74/100] batch 270/300 (90%) loss=14443.9507 elapsed=170s eta=19s
  [kd_t2only_fair] [epoch 74/100] batch 300/300 (100%) loss=14422.1370 elapsed=188s eta=0s
[kd_t2only_fair] [sampler] sampled: {0: 400, 1: 400, 2: 400} total=1200 spalling_ratio=24.33%
[kd_t2only_fair] [sampler] unique: {0: 400, 1: 400, 2: 400} unique_total=1200 dup_ratio=1.00x
[kd_t2only_fair] [epoch 074/100] remain=26 epochs ep_eta=83.3min (avg 192s/ep)
[kd_t2only_fair] [epoch 074/100] lr=0.000010  dt=188.5s
  train loss=14422.1370  ce=0.0998 dice=0.2108  tversky=0.0000 bd=0.0000  cldice=0.0000 snake=0.0000
  val   skipped (next val at epoch 75)
[kd_t2only_fair] [curriculum] epoch 75: stage=2 tiers=[0, 1, 2] pool={0: 400, 1: 400, 2: 400}
  [kd_t2only_fair] [epoch 75/100] batch 30/300 (10%) loss=13874.8575 elapsed=19s eta=174s
  [kd_t2only_fair] [epoch 75/100] batch 60/300 (20%) loss=14168.8250 elapsed=38s eta=153s
  [kd_t2only_fair] [epoch 75/100] batch 90/300 (30%) loss=14159.5113 elapsed=57s eta=133s
  [kd_t2only_fair] [epoch 75/100] batch 120/300 (40%) loss=14052.9326 elapsed=75s eta=113s
  [kd_t2only_fair] [epoch 75/100] batch 150/300 (50%) loss=14432.5387 elapsed=94s eta=94s
  [kd_t2only_fair] [epoch 75/100] batch 180/300 (60%) loss=14495.0136 elapsed=112s eta=75s
  [kd_t2only_fair] [epoch 75/100] batch 210/300 (70%) loss=14541.6610 elapsed=131s eta=56s
  [kd_t2only_fair] [epoch 75/100] batch 240/300 (80%) loss=14593.9350 elapsed=150s eta=37s
  [kd_t2only_fair] [epoch 75/100] batch 270/300 (90%) loss=14635.9119 elapsed=169s eta=19s
  [kd_t2only_fair] [epoch 75/100] batch 300/300 (100%) loss=14518.1786 elapsed=187s eta=0s
[kd_t2only_fair] [sampler] sampled: {0: 400, 1: 400, 2: 400} total=1200 spalling_ratio=24.33%
[kd_t2only_fair] [sampler] unique: {0: 400, 1: 400, 2: 400} unique_total=1200 dup_ratio=1.00x
[kd_t2only_fair] [epoch 075/100] remain=25 epochs ep_eta=80.1min (avg 192s/ep)
[kd_t2only_fair] [epoch 075/100] lr=0.000010  dt=196.7s
  train loss=14518.1786  ce=0.1006 dice=0.2119  tversky=0.0000 bd=0.0000  cldice=0.0000 snake=0.0000
  val   loss=0.2139
  IoU   bg=0.9762  crack=0.5666  spalling=0.8301  | mIoU_fg=0.6984  pix_acc=0.9767
  Dice  bg=0.9879  crack=0.7234  spalling=0.9072
  BF1   crack=0.7388  spalling=0.6874  | BF1_fg_mean=0.7131
[kd_t2only_fair] [curriculum] epoch 76: stage=2 tiers=[0, 1, 2] pool={0: 400, 1: 400, 2: 400}
  [kd_t2only_fair] [epoch 76/100] batch 30/300 (10%) loss=13386.0297 elapsed=19s eta=173s
  [kd_t2only_fair] [epoch 76/100] batch 60/300 (20%) loss=13703.8177 elapsed=38s eta=151s
  [kd_t2only_fair] [epoch 76/100] batch 90/300 (30%) loss=13821.3166 elapsed=57s eta=132s
  [kd_t2only_fair] [epoch 76/100] batch 120/300 (40%) loss=14046.2384 elapsed=75s eta=113s
  [kd_t2only_fair] [epoch 76/100] batch 150/300 (50%) loss=14026.7207 elapsed=94s eta=94s
  [kd_t2only_fair] [epoch 76/100] batch 180/300 (60%) loss=14020.6198 elapsed=113s eta=75s
  [kd_t2only_fair] [epoch 76/100] batch 210/300 (70%) loss=14110.2419 elapsed=132s eta=56s
  [kd_t2only_fair] [epoch 76/100] batch 240/300 (80%) loss=14064.2527 elapsed=151s eta=38s
  [kd_t2only_fair] [epoch 76/100] batch 270/300 (90%) loss=14084.4613 elapsed=169s eta=19s
  [kd_t2only_fair] [epoch 76/100] batch 300/300 (100%) loss=14079.0930 elapsed=187s eta=0s
[kd_t2only_fair] [sampler] sampled: {0: 400, 1: 400, 2: 400} total=1200 spalling_ratio=24.33%
[kd_t2only_fair] [sampler] unique: {0: 400, 1: 400, 2: 400} unique_total=1200 dup_ratio=1.00x
[kd_t2only_fair] [epoch 076/100] remain=24 epochs ep_eta=76.9min (avg 192s/ep)
[kd_t2only_fair] [epoch 076/100] lr=0.000009  dt=187.7s
  train loss=14079.0930  ce=0.0990 dice=0.2104  tversky=0.0000 bd=0.0000  cldice=0.0000 snake=0.0000
  val   skipped (next val at epoch 80)
[kd_t2only_fair] [curriculum] epoch 77: stage=2 tiers=[0, 1, 2] pool={0: 400, 1: 400, 2: 400}
  [kd_t2only_fair] [epoch 77/100] batch 30/300 (10%) loss=14646.6084 elapsed=19s eta=173s
  [kd_t2only_fair] [epoch 77/100] batch 60/300 (20%) loss=14409.6493 elapsed=38s eta=153s
  [kd_t2only_fair] [epoch 77/100] batch 90/300 (30%) loss=14587.4426 elapsed=57s eta=133s
  [kd_t2only_fair] [epoch 77/100] batch 120/300 (40%) loss=14307.1998 elapsed=76s eta=114s
  [kd_t2only_fair] [epoch 77/100] batch 150/300 (50%) loss=14416.6146 elapsed=95s eta=95s
  [kd_t2only_fair] [epoch 77/100] batch 180/300 (60%) loss=14275.4895 elapsed=113s eta=75s
  [kd_t2only_fair] [epoch 77/100] batch 210/300 (70%) loss=14195.1582 elapsed=132s eta=57s
  [kd_t2only_fair] [epoch 77/100] batch 240/300 (80%) loss=14166.0823 elapsed=151s eta=38s
  [kd_t2only_fair] [epoch 77/100] batch 270/300 (90%) loss=14219.5412 elapsed=169s eta=19s
  [kd_t2only_fair] [epoch 77/100] batch 300/300 (100%) loss=14186.0645 elapsed=188s eta=0s
[kd_t2only_fair] [sampler] sampled: {0: 400, 1: 400, 2: 400} total=1200 spalling_ratio=24.33%
[kd_t2only_fair] [sampler] unique: {0: 400, 1: 400, 2: 400} unique_total=1200 dup_ratio=1.00x
[kd_t2only_fair] [epoch 077/100] remain=23 epochs ep_eta=73.7min (avg 192s/ep)
[kd_t2only_fair] [epoch 077/100] lr=0.000008  dt=188.6s
  train loss=14186.0645  ce=0.0989 dice=0.2086  tversky=0.0000 bd=0.0000  cldice=0.0000 snake=0.0000
  val   skipped (next val at epoch 80)
[kd_t2only_fair] [curriculum] epoch 78: stage=2 tiers=[0, 1, 2] pool={0: 400, 1: 400, 2: 400}
  [kd_t2only_fair] [epoch 78/100] batch 30/300 (10%) loss=14070.1022 elapsed=19s eta=174s
  [kd_t2only_fair] [epoch 78/100] batch 60/300 (20%) loss=14062.1621 elapsed=38s eta=152s
  [kd_t2only_fair] [epoch 78/100] batch 90/300 (30%) loss=14139.9327 elapsed=57s eta=132s
  [kd_t2only_fair] [epoch 78/100] batch 120/300 (40%) loss=14233.5368 elapsed=75s eta=113s
  [kd_t2only_fair] [epoch 78/100] batch 150/300 (50%) loss=14223.3937 elapsed=94s eta=94s
  [kd_t2only_fair] [epoch 78/100] batch 180/300 (60%) loss=14229.0345 elapsed=113s eta=75s
  [kd_t2only_fair] [epoch 78/100] batch 210/300 (70%) loss=14165.1470 elapsed=132s eta=56s
  [kd_t2only_fair] [epoch 78/100] batch 240/300 (80%) loss=14121.1174 elapsed=150s eta=38s
  [kd_t2only_fair] [epoch 78/100] batch 270/300 (90%) loss=14118.0559 elapsed=169s eta=19s
  [kd_t2only_fair] [epoch 78/100] batch 300/300 (100%) loss=14137.3104 elapsed=188s eta=0s
[kd_t2only_fair] [sampler] sampled: {0: 400, 1: 400, 2: 400} total=1200 spalling_ratio=24.33%
[kd_t2only_fair] [sampler] unique: {0: 400, 1: 400, 2: 400} unique_total=1200 dup_ratio=1.00x
[kd_t2only_fair] [epoch 078/100] remain=22 epochs ep_eta=70.5min (avg 192s/ep)
[kd_t2only_fair] [epoch 078/100] lr=0.000008  dt=187.9s
  train loss=14137.3104  ce=0.0988 dice=0.2080  tversky=0.0000 bd=0.0000  cldice=0.0000 snake=0.0000
  val   skipped (next val at epoch 80)
[kd_t2only_fair] [curriculum] epoch 79: stage=2 tiers=[0, 1, 2] pool={0: 400, 1: 400, 2: 400}
  [kd_t2only_fair] [epoch 79/100] batch 30/300 (10%) loss=14818.0661 elapsed=19s eta=173s
  [kd_t2only_fair] [epoch 79/100] batch 60/300 (20%) loss=14381.5886 elapsed=38s eta=152s
  [kd_t2only_fair] [epoch 79/100] batch 90/300 (30%) loss=14401.4312 elapsed=57s eta=132s
  [kd_t2only_fair] [epoch 79/100] batch 120/300 (40%) loss=14356.3529 elapsed=75s eta=113s
  [kd_t2only_fair] [epoch 79/100] batch 150/300 (50%) loss=14379.4844 elapsed=94s eta=94s
  [kd_t2only_fair] [epoch 79/100] batch 180/300 (60%) loss=14461.9888 elapsed=113s eta=75s
  [kd_t2only_fair] [epoch 79/100] batch 210/300 (70%) loss=14414.4739 elapsed=132s eta=56s
  [kd_t2only_fair] [epoch 79/100] batch 240/300 (80%) loss=14308.6142 elapsed=150s eta=38s
  [kd_t2only_fair] [epoch 79/100] batch 270/300 (90%) loss=14210.9538 elapsed=169s eta=19s
  [kd_t2only_fair] [epoch 79/100] batch 300/300 (100%) loss=14156.4817 elapsed=188s eta=0s
[kd_t2only_fair] [sampler] sampled: {0: 400, 1: 400, 2: 400} total=1200 spalling_ratio=24.33%
[kd_t2only_fair] [sampler] unique: {0: 400, 1: 400, 2: 400} unique_total=1200 dup_ratio=1.00x
[kd_t2only_fair] [epoch 079/100] remain=21 epochs ep_eta=67.3min (avg 192s/ep)
[kd_t2only_fair] [epoch 079/100] lr=0.000007  dt=187.9s
  train loss=14156.4817  ce=0.0995 dice=0.2098  tversky=0.0000 bd=0.0000  cldice=0.0000 snake=0.0000
  val   skipped (next val at epoch 80)
[kd_t2only_fair] [curriculum] epoch 80: stage=2 tiers=[0, 1, 2] pool={0: 400, 1: 400, 2: 400}
  [kd_t2only_fair] [epoch 80/100] batch 30/300 (10%) loss=13225.2014 elapsed=19s eta=174s
  [kd_t2only_fair] [epoch 80/100] batch 60/300 (20%) loss=13719.4894 elapsed=38s eta=152s
  [kd_t2only_fair] [epoch 80/100] batch 90/300 (30%) loss=13816.3480 elapsed=57s eta=132s
  [kd_t2only_fair] [epoch 80/100] batch 120/300 (40%) loss=13894.8686 elapsed=76s eta=113s
  [kd_t2only_fair] [epoch 80/100] batch 150/300 (50%) loss=14067.8205 elapsed=94s eta=94s
  [kd_t2only_fair] [epoch 80/100] batch 180/300 (60%) loss=14164.3055 elapsed=113s eta=75s
  [kd_t2only_fair] [epoch 80/100] batch 210/300 (70%) loss=14132.1186 elapsed=132s eta=57s
  [kd_t2only_fair] [epoch 80/100] batch 240/300 (80%) loss=14149.4025 elapsed=151s eta=38s
  [kd_t2only_fair] [epoch 80/100] batch 270/300 (90%) loss=14109.2369 elapsed=169s eta=19s
  [kd_t2only_fair] [epoch 80/100] batch 300/300 (100%) loss=14106.2060 elapsed=188s eta=0s
[kd_t2only_fair] [sampler] sampled: {0: 400, 1: 400, 2: 400} total=1200 spalling_ratio=24.33%
[kd_t2only_fair] [sampler] unique: {0: 400, 1: 400, 2: 400} unique_total=1200 dup_ratio=1.00x
[kd_t2only_fair] [epoch 080/100] remain=20 epochs ep_eta=64.1min (avg 192s/ep)
[kd_t2only_fair] [epoch 080/100] lr=0.000006  dt=197.9s
  train loss=14106.2060  ce=0.0991 dice=0.2121  tversky=0.0000 bd=0.0000  cldice=0.0000 snake=0.0000
  val   loss=0.2119
  IoU   bg=0.9757  crack=0.5650  spalling=0.8280  | mIoU_fg=0.6965  pix_acc=0.9763
  Dice  bg=0.9877  crack=0.7220  spalling=0.9059
  BF1   crack=0.7345  spalling=0.6719  | BF1_fg_mean=0.7032
[kd_t2only_fair] [curriculum] epoch 81: stage=2 tiers=[0, 1, 2] pool={0: 400, 1: 400, 2: 400}
  [kd_t2only_fair] [epoch 81/100] batch 30/300 (10%) loss=14102.0078 elapsed=19s eta=175s
  [kd_t2only_fair] [epoch 81/100] batch 60/300 (20%) loss=14162.0423 elapsed=38s eta=153s
  [kd_t2only_fair] [epoch 81/100] batch 90/300 (30%) loss=14234.9470 elapsed=57s eta=133s
  [kd_t2only_fair] [epoch 81/100] batch 120/300 (40%) loss=14290.3343 elapsed=76s eta=113s
  [kd_t2only_fair] [epoch 81/100] batch 150/300 (50%) loss=14234.7911 elapsed=94s eta=94s
  [kd_t2only_fair] [epoch 81/100] batch 180/300 (60%) loss=14264.6310 elapsed=113s eta=76s
  [kd_t2only_fair] [epoch 81/100] batch 210/300 (70%) loss=14197.2163 elapsed=132s eta=57s
  [kd_t2only_fair] [epoch 81/100] batch 240/300 (80%) loss=14208.7261 elapsed=151s eta=38s
  [kd_t2only_fair] [epoch 81/100] batch 270/300 (90%) loss=14237.2169 elapsed=169s eta=19s
  [kd_t2only_fair] [epoch 81/100] batch 300/300 (100%) loss=14181.0759 elapsed=188s eta=0s
[kd_t2only_fair] [sampler] sampled: {0: 400, 1: 400, 2: 400} total=1200 spalling_ratio=24.33%
[kd_t2only_fair] [sampler] unique: {0: 400, 1: 400, 2: 400} unique_total=1200 dup_ratio=1.00x
[kd_t2only_fair] [epoch 081/100] remain=19 epochs ep_eta=60.9min (avg 192s/ep)
[kd_t2only_fair] [epoch 081/100] lr=0.000006  dt=188.5s
  train loss=14181.0759  ce=0.0995 dice=0.2088  tversky=0.0000 bd=0.0000  cldice=0.0000 snake=0.0000
  val   skipped (next val at epoch 85)
[kd_t2only_fair] [curriculum] epoch 82: stage=2 tiers=[0, 1, 2] pool={0: 400, 1: 400, 2: 400}
  [kd_t2only_fair] [epoch 82/100] batch 30/300 (10%) loss=13715.4531 elapsed=19s eta=175s
  [kd_t2only_fair] [epoch 82/100] batch 60/300 (20%) loss=13889.1629 elapsed=38s eta=153s
  [kd_t2only_fair] [epoch 82/100] batch 90/300 (30%) loss=13785.5478 elapsed=57s eta=133s
  [kd_t2only_fair] [epoch 82/100] batch 120/300 (40%) loss=13720.4844 elapsed=76s eta=113s
  [kd_t2only_fair] [epoch 82/100] batch 150/300 (50%) loss=13742.4033 elapsed=94s eta=94s
  [kd_t2only_fair] [epoch 82/100] batch 180/300 (60%) loss=13983.1967 elapsed=113s eta=75s
  [kd_t2only_fair] [epoch 82/100] batch 210/300 (70%) loss=14191.4855 elapsed=132s eta=56s
  [kd_t2only_fair] [epoch 82/100] batch 240/300 (80%) loss=14096.5280 elapsed=150s eta=38s
  [kd_t2only_fair] [epoch 82/100] batch 270/300 (90%) loss=14111.7662 elapsed=169s eta=19s
  [kd_t2only_fair] [epoch 82/100] batch 300/300 (100%) loss=14047.5119 elapsed=187s eta=0s
[kd_t2only_fair] [sampler] sampled: {0: 400, 1: 400, 2: 400} total=1200 spalling_ratio=24.33%
[kd_t2only_fair] [sampler] unique: {0: 400, 1: 400, 2: 400} unique_total=1200 dup_ratio=1.00x
[kd_t2only_fair] [epoch 082/100] remain=18 epochs ep_eta=57.7min (avg 192s/ep)
[kd_t2only_fair] [epoch 082/100] lr=0.000005  dt=187.7s
  train loss=14047.5119  ce=0.0994 dice=0.2123  tversky=0.0000 bd=0.0000  cldice=0.0000 snake=0.0000
  val   skipped (next val at epoch 85)
[kd_t2only_fair] [curriculum] epoch 83: stage=2 tiers=[0, 1, 2] pool={0: 400, 1: 400, 2: 400}
  [kd_t2only_fair] [epoch 83/100] batch 30/300 (10%) loss=13561.6712 elapsed=19s eta=173s
  [kd_t2only_fair] [epoch 83/100] batch 60/300 (20%) loss=13579.2537 elapsed=38s eta=152s
  [kd_t2only_fair] [epoch 83/100] batch 90/300 (30%) loss=13673.2070 elapsed=57s eta=132s
  [kd_t2only_fair] [epoch 83/100] batch 120/300 (40%) loss=13742.0012 elapsed=75s eta=113s
  [kd_t2only_fair] [epoch 83/100] batch 150/300 (50%) loss=13736.2710 elapsed=94s eta=94s
  [kd_t2only_fair] [epoch 83/100] batch 180/300 (60%) loss=13976.6955 elapsed=112s eta=75s
  [kd_t2only_fair] [epoch 83/100] batch 210/300 (70%) loss=13965.2444 elapsed=131s eta=56s
  [kd_t2only_fair] [epoch 83/100] batch 240/300 (80%) loss=13922.7394 elapsed=150s eta=37s
  [kd_t2only_fair] [epoch 83/100] batch 270/300 (90%) loss=13904.1206 elapsed=168s eta=19s
  [kd_t2only_fair] [epoch 83/100] batch 300/300 (100%) loss=13858.4177 elapsed=187s eta=0s
[kd_t2only_fair] [sampler] sampled: {0: 400, 1: 400, 2: 400} total=1200 spalling_ratio=24.33%
[kd_t2only_fair] [sampler] unique: {0: 400, 1: 400, 2: 400} unique_total=1200 dup_ratio=1.00x
[kd_t2only_fair] [epoch 083/100] remain=17 epochs ep_eta=54.5min (avg 192s/ep)
[kd_t2only_fair] [epoch 083/100] lr=0.000005  dt=186.9s
  train loss=13858.4177  ce=0.0981 dice=0.2122  tversky=0.0000 bd=0.0000  cldice=0.0000 snake=0.0000
  val   skipped (next val at epoch 85)
[kd_t2only_fair] [curriculum] epoch 84: stage=2 tiers=[0, 1, 2] pool={0: 400, 1: 400, 2: 400}
  [kd_t2only_fair] [epoch 84/100] batch 30/300 (10%) loss=13929.4262 elapsed=19s eta=173s
  [kd_t2only_fair] [epoch 84/100] batch 60/300 (20%) loss=13843.0888 elapsed=38s eta=152s
  [kd_t2only_fair] [epoch 84/100] batch 90/300 (30%) loss=14082.8531 elapsed=57s eta=132s
  [kd_t2only_fair] [epoch 84/100] batch 120/300 (40%) loss=14049.7426 elapsed=75s eta=113s
  [kd_t2only_fair] [epoch 84/100] batch 150/300 (50%) loss=14302.8798 elapsed=94s eta=94s
  [kd_t2only_fair] [epoch 84/100] batch 180/300 (60%) loss=14313.2262 elapsed=113s eta=75s
  [kd_t2only_fair] [epoch 84/100] batch 210/300 (70%) loss=14173.7874 elapsed=132s eta=56s
  [kd_t2only_fair] [epoch 84/100] batch 240/300 (80%) loss=14136.3033 elapsed=150s eta=38s
  [kd_t2only_fair] [epoch 84/100] batch 270/300 (90%) loss=14053.3989 elapsed=169s eta=19s
  [kd_t2only_fair] [epoch 84/100] batch 300/300 (100%) loss=13989.4665 elapsed=188s eta=0s
[kd_t2only_fair] [sampler] sampled: {0: 400, 1: 400, 2: 400} total=1200 spalling_ratio=24.33%
[kd_t2only_fair] [sampler] unique: {0: 400, 1: 400, 2: 400} unique_total=1200 dup_ratio=1.00x
[kd_t2only_fair] [epoch 084/100] remain=16 epochs ep_eta=51.2min (avg 192s/ep)
[kd_t2only_fair] [epoch 084/100] lr=0.000004  dt=188.3s
  train loss=13989.4665  ce=0.0990 dice=0.2082  tversky=0.0000 bd=0.0000  cldice=0.0000 snake=0.0000
  val   skipped (next val at epoch 85)
[kd_t2only_fair] [curriculum] epoch 85: stage=2 tiers=[0, 1, 2] pool={0: 400, 1: 400, 2: 400}
  [kd_t2only_fair] [epoch 85/100] batch 30/300 (10%) loss=13831.3728 elapsed=20s eta=176s
  [kd_t2only_fair] [epoch 85/100] batch 60/300 (20%) loss=13917.2597 elapsed=38s eta=153s
  [kd_t2only_fair] [epoch 85/100] batch 90/300 (30%) loss=13863.7027 elapsed=57s eta=133s
  [kd_t2only_fair] [epoch 85/100] batch 120/300 (40%) loss=13958.2536 elapsed=76s eta=113s
  [kd_t2only_fair] [epoch 85/100] batch 150/300 (50%) loss=14116.6795 elapsed=94s eta=94s
  [kd_t2only_fair] [epoch 85/100] batch 180/300 (60%) loss=14220.2263 elapsed=113s eta=75s
  [kd_t2only_fair] [epoch 85/100] batch 210/300 (70%) loss=14120.8260 elapsed=132s eta=56s
  [kd_t2only_fair] [epoch 85/100] batch 240/300 (80%) loss=13926.5359 elapsed=151s eta=38s
  [kd_t2only_fair] [epoch 85/100] batch 270/300 (90%) loss=13837.3232 elapsed=169s eta=19s
  [kd_t2only_fair] [epoch 85/100] batch 300/300 (100%) loss=13773.4580 elapsed=188s eta=0s
[kd_t2only_fair] [sampler] sampled: {0: 400, 1: 400, 2: 400} total=1200 spalling_ratio=24.33%
[kd_t2only_fair] [sampler] unique: {0: 400, 1: 400, 2: 400} unique_total=1200 dup_ratio=1.00x
[kd_t2only_fair] [epoch 085/100] remain=15 epochs ep_eta=48.1min (avg 192s/ep)
[kd_t2only_fair] [epoch 085/100] lr=0.000004  dt=197.8s
  train loss=13773.4580  ce=0.0990 dice=0.2089  tversky=0.0000 bd=0.0000  cldice=0.0000 snake=0.0000
  val   loss=0.2127
  IoU   bg=0.9762  crack=0.5688  spalling=0.8305  | mIoU_fg=0.6997  pix_acc=0.9768
  Dice  bg=0.9880  crack=0.7251  spalling=0.9074
  BF1   crack=0.7380  spalling=0.6843  | BF1_fg_mean=0.7112
  [kd_t2only_fair] [best] mIoU_fg=0.6997  saved -> best.pt
[kd_t2only_fair] [curriculum] epoch 86: stage=2 tiers=[0, 1, 2] pool={0: 400, 1: 400, 2: 400}
  [kd_t2only_fair] [epoch 86/100] batch 30/300 (10%) loss=13610.4788 elapsed=19s eta=173s
  [kd_t2only_fair] [epoch 86/100] batch 60/300 (20%) loss=13842.3552 elapsed=38s eta=151s
  [kd_t2only_fair] [epoch 86/100] batch 90/300 (30%) loss=13674.6493 elapsed=57s eta=132s
  [kd_t2only_fair] [epoch 86/100] batch 120/300 (40%) loss=13941.2366 elapsed=76s eta=113s
  [kd_t2only_fair] [epoch 86/100] batch 150/300 (50%) loss=13841.3724 elapsed=94s eta=94s
  [kd_t2only_fair] [epoch 86/100] batch 180/300 (60%) loss=13773.7633 elapsed=113s eta=75s
  [kd_t2only_fair] [epoch 86/100] batch 210/300 (70%) loss=13996.7929 elapsed=132s eta=57s
  [kd_t2only_fair] [epoch 86/100] batch 240/300 (80%) loss=13870.3479 elapsed=151s eta=38s
  [kd_t2only_fair] [epoch 86/100] batch 270/300 (90%) loss=13810.4476 elapsed=170s eta=19s
  [kd_t2only_fair] [epoch 86/100] batch 300/300 (100%) loss=13864.4947 elapsed=189s eta=0s
[kd_t2only_fair] [sampler] sampled: {0: 400, 1: 400, 2: 400} total=1200 spalling_ratio=24.33%
[kd_t2only_fair] [sampler] unique: {0: 400, 1: 400, 2: 400} unique_total=1200 dup_ratio=1.00x
[kd_t2only_fair] [epoch 086/100] remain=14 epochs ep_eta=44.9min (avg 192s/ep)
[kd_t2only_fair] [epoch 086/100] lr=0.000003  dt=188.8s
  train loss=13864.4947  ce=0.0991 dice=0.2094  tversky=0.0000 bd=0.0000  cldice=0.0000 snake=0.0000
  val   skipped (next val at epoch 90)
[kd_t2only_fair] [curriculum] epoch 87: stage=2 tiers=[0, 1, 2] pool={0: 400, 1: 400, 2: 400}
  [kd_t2only_fair] [epoch 87/100] batch 30/300 (10%) loss=14226.5233 elapsed=20s eta=176s
  [kd_t2only_fair] [epoch 87/100] batch 60/300 (20%) loss=14050.0861 elapsed=38s eta=154s
  [kd_t2only_fair] [epoch 87/100] batch 90/300 (30%) loss=14166.6374 elapsed=57s eta=134s
  [kd_t2only_fair] [epoch 87/100] batch 120/300 (40%) loss=14167.2093 elapsed=76s eta=114s
  [kd_t2only_fair] [epoch 87/100] batch 150/300 (50%) loss=13935.9702 elapsed=95s eta=95s
  [kd_t2only_fair] [epoch 87/100] batch 180/300 (60%) loss=14000.6121 elapsed=114s eta=76s
  [kd_t2only_fair] [epoch 87/100] batch 210/300 (70%) loss=14027.6010 elapsed=133s eta=57s
  [kd_t2only_fair] [epoch 87/100] batch 240/300 (80%) loss=13976.7979 elapsed=152s eta=38s
  [kd_t2only_fair] [epoch 87/100] batch 270/300 (90%) loss=13854.0239 elapsed=171s eta=19s
  [kd_t2only_fair] [epoch 87/100] batch 300/300 (100%) loss=13839.1054 elapsed=190s eta=0s
[kd_t2only_fair] [sampler] sampled: {0: 400, 1: 400, 2: 400} total=1200 spalling_ratio=24.33%
[kd_t2only_fair] [sampler] unique: {0: 400, 1: 400, 2: 400} unique_total=1200 dup_ratio=1.00x
[kd_t2only_fair] [epoch 087/100] remain=13 epochs ep_eta=41.7min (avg 192s/ep)
[kd_t2only_fair] [epoch 087/100] lr=0.000003  dt=189.9s
  train loss=13839.1054  ce=0.0985 dice=0.2040  tversky=0.0000 bd=0.0000  cldice=0.0000 snake=0.0000
  val   skipped (next val at epoch 90)
[kd_t2only_fair] [curriculum] epoch 88: stage=2 tiers=[0, 1, 2] pool={0: 400, 1: 400, 2: 400}
  [kd_t2only_fair] [epoch 88/100] batch 30/300 (10%) loss=14357.1570 elapsed=19s eta=175s
  [kd_t2only_fair] [epoch 88/100] batch 60/300 (20%) loss=14397.3316 elapsed=38s eta=154s
  [kd_t2only_fair] [epoch 88/100] batch 90/300 (30%) loss=14029.2901 elapsed=57s eta=133s
  [kd_t2only_fair] [epoch 88/100] batch 120/300 (40%) loss=13944.3110 elapsed=76s eta=114s
  [kd_t2only_fair] [epoch 88/100] batch 150/300 (50%) loss=14187.6832 elapsed=95s eta=95s
  [kd_t2only_fair] [epoch 88/100] batch 180/300 (60%) loss=14106.8509 elapsed=114s eta=76s
  [kd_t2only_fair] [epoch 88/100] batch 210/300 (70%) loss=14071.5862 elapsed=133s eta=57s
  [kd_t2only_fair] [epoch 88/100] batch 240/300 (80%) loss=13992.6655 elapsed=152s eta=38s
  [kd_t2only_fair] [epoch 88/100] batch 270/300 (90%) loss=13882.8129 elapsed=172s eta=19s
  [kd_t2only_fair] [epoch 88/100] batch 300/300 (100%) loss=13841.3067 elapsed=190s eta=0s
[kd_t2only_fair] [sampler] sampled: {0: 400, 1: 400, 2: 400} total=1200 spalling_ratio=24.33%
[kd_t2only_fair] [sampler] unique: {0: 400, 1: 400, 2: 400} unique_total=1200 dup_ratio=1.00x
[kd_t2only_fair] [epoch 088/100] remain=12 epochs ep_eta=38.5min (avg 192s/ep)
[kd_t2only_fair] [epoch 088/100] lr=0.000002  dt=190.7s
  train loss=13841.3067  ce=0.0995 dice=0.2103  tversky=0.0000 bd=0.0000  cldice=0.0000 snake=0.0000
  val   skipped (next val at epoch 90)
[kd_t2only_fair] [curriculum] epoch 89: stage=2 tiers=[0, 1, 2] pool={0: 400, 1: 400, 2: 400}
  [kd_t2only_fair] [epoch 89/100] batch 30/300 (10%) loss=14654.4784 elapsed=19s eta=175s
  [kd_t2only_fair] [epoch 89/100] batch 60/300 (20%) loss=14038.6350 elapsed=38s eta=153s
  [kd_t2only_fair] [epoch 89/100] batch 90/300 (30%) loss=13920.3120 elapsed=57s eta=133s
  [kd_t2only_fair] [epoch 89/100] batch 120/300 (40%) loss=14012.5210 elapsed=76s eta=114s
  [kd_t2only_fair] [epoch 89/100] batch 150/300 (50%) loss=13829.9256 elapsed=95s eta=95s
  [kd_t2only_fair] [epoch 89/100] batch 180/300 (60%) loss=13989.3403 elapsed=114s eta=76s
  [kd_t2only_fair] [epoch 89/100] batch 210/300 (70%) loss=13961.0107 elapsed=133s eta=57s
  [kd_t2only_fair] [epoch 89/100] batch 240/300 (80%) loss=13972.5590 elapsed=152s eta=38s
  [kd_t2only_fair] [epoch 89/100] batch 270/300 (90%) loss=13944.6343 elapsed=171s eta=19s
  [kd_t2only_fair] [epoch 89/100] batch 300/300 (100%) loss=13868.8385 elapsed=190s eta=0s
[kd_t2only_fair] [sampler] sampled: {0: 400, 1: 400, 2: 400} total=1200 spalling_ratio=24.33%
[kd_t2only_fair] [sampler] unique: {0: 400, 1: 400, 2: 400} unique_total=1200 dup_ratio=1.00x
[kd_t2only_fair] [epoch 089/100] remain=11 epochs ep_eta=35.2min (avg 192s/ep)
[kd_t2only_fair] [epoch 089/100] lr=0.000002  dt=189.9s
  train loss=13868.8385  ce=0.0988 dice=0.2074  tversky=0.0000 bd=0.0000  cldice=0.0000 snake=0.0000
  val   skipped (next val at epoch 90)
[kd_t2only_fair] [curriculum] epoch 90: stage=2 tiers=[0, 1, 2] pool={0: 400, 1: 400, 2: 400}
  [kd_t2only_fair] [epoch 90/100] batch 30/300 (10%) loss=14143.7789 elapsed=19s eta=174s
  [kd_t2only_fair] [epoch 90/100] batch 60/300 (20%) loss=13783.8056 elapsed=38s eta=153s
  [kd_t2only_fair] [epoch 90/100] batch 90/300 (30%) loss=13850.6900 elapsed=57s eta=134s
  [kd_t2only_fair] [epoch 90/100] batch 120/300 (40%) loss=13851.4642 elapsed=76s eta=114s
  [kd_t2only_fair] [epoch 90/100] batch 150/300 (50%) loss=13717.5376 elapsed=95s eta=95s
  [kd_t2only_fair] [epoch 90/100] batch 180/300 (60%) loss=13893.1247 elapsed=114s eta=76s
  [kd_t2only_fair] [epoch 90/100] batch 210/300 (70%) loss=13818.3291 elapsed=133s eta=57s
  [kd_t2only_fair] [epoch 90/100] batch 240/300 (80%) loss=13796.3736 elapsed=151s eta=38s
  [kd_t2only_fair] [epoch 90/100] batch 270/300 (90%) loss=13784.1768 elapsed=170s eta=19s
  [kd_t2only_fair] [epoch 90/100] batch 300/300 (100%) loss=13825.7229 elapsed=189s eta=0s
[kd_t2only_fair] [sampler] sampled: {0: 400, 1: 400, 2: 400} total=1200 spalling_ratio=24.33%
[kd_t2only_fair] [sampler] unique: {0: 400, 1: 400, 2: 400} unique_total=1200 dup_ratio=1.00x
[kd_t2only_fair] [epoch 090/100] remain=10 epochs ep_eta=32.1min (avg 192s/ep)
[kd_t2only_fair] [epoch 090/100] lr=0.000002  dt=198.3s
  train loss=13825.7229  ce=0.0981 dice=0.2080  tversky=0.0000 bd=0.0000  cldice=0.0000 snake=0.0000
  val   loss=0.2116
  IoU   bg=0.9759  crack=0.5667  spalling=0.8298  | mIoU_fg=0.6982  pix_acc=0.9764
  Dice  bg=0.9878  crack=0.7234  spalling=0.9070
  BF1   crack=0.7368  spalling=0.6880  | BF1_fg_mean=0.7124
[kd_t2only_fair] [curriculum] epoch 91: stage=2 tiers=[0, 1, 2] pool={0: 400, 1: 400, 2: 400}
  [kd_t2only_fair] [epoch 91/100] batch 30/300 (10%) loss=14260.3631 elapsed=19s eta=174s
  [kd_t2only_fair] [epoch 91/100] batch 60/300 (20%) loss=13710.4368 elapsed=38s eta=152s
  [kd_t2only_fair] [epoch 91/100] batch 90/300 (30%) loss=13519.7352 elapsed=57s eta=133s
  [kd_t2only_fair] [epoch 91/100] batch 120/300 (40%) loss=13647.3598 elapsed=76s eta=114s
  [kd_t2only_fair] [epoch 91/100] batch 150/300 (50%) loss=13790.4919 elapsed=95s eta=95s
  [kd_t2only_fair] [epoch 91/100] batch 180/300 (60%) loss=13930.5922 elapsed=113s eta=76s
  [kd_t2only_fair] [epoch 91/100] batch 210/300 (70%) loss=13844.2780 elapsed=132s eta=57s
  [kd_t2only_fair] [epoch 91/100] batch 240/300 (80%) loss=13784.1174 elapsed=151s eta=38s
  [kd_t2only_fair] [epoch 91/100] batch 270/300 (90%) loss=13791.6719 elapsed=170s eta=19s
  [kd_t2only_fair] [epoch 91/100] batch 300/300 (100%) loss=13745.6964 elapsed=189s eta=0s
[kd_t2only_fair] [sampler] sampled: {0: 400, 1: 400, 2: 400} total=1200 spalling_ratio=24.33%
[kd_t2only_fair] [sampler] unique: {0: 400, 1: 400, 2: 400} unique_total=1200 dup_ratio=1.00x
[kd_t2only_fair] [epoch 091/100] remain=9 epochs ep_eta=28.9min (avg 192s/ep)
[kd_t2only_fair] [epoch 091/100] lr=0.000001  dt=198.4s
  train loss=13745.6964  ce=0.0984 dice=0.2114  tversky=0.0000 bd=0.0000  cldice=0.0000 snake=0.0000
  val   loss=0.2124
  IoU   bg=0.9761  crack=0.5673  spalling=0.8318  | mIoU_fg=0.6995  pix_acc=0.9766
  Dice  bg=0.9879  crack=0.7239  spalling=0.9082
  BF1   crack=0.7369  spalling=0.6885  | BF1_fg_mean=0.7127
[kd_t2only_fair] [curriculum] epoch 92: stage=2 tiers=[0, 1, 2] pool={0: 400, 1: 400, 2: 400}
  [kd_t2only_fair] [epoch 92/100] batch 30/300 (10%) loss=13022.1851 elapsed=19s eta=175s
  [kd_t2only_fair] [epoch 92/100] batch 60/300 (20%) loss=13171.7890 elapsed=38s eta=152s
  [kd_t2only_fair] [epoch 92/100] batch 90/300 (30%) loss=13414.3778 elapsed=57s eta=132s
  [kd_t2only_fair] [epoch 92/100] batch 120/300 (40%) loss=13470.7841 elapsed=75s eta=113s
  [kd_t2only_fair] [epoch 92/100] batch 150/300 (50%) loss=13512.1257 elapsed=94s eta=94s
  [kd_t2only_fair] [epoch 92/100] batch 180/300 (60%) loss=13679.0912 elapsed=113s eta=75s
  [kd_t2only_fair] [epoch 92/100] batch 210/300 (70%) loss=13592.4623 elapsed=132s eta=56s
  [kd_t2only_fair] [epoch 92/100] batch 240/300 (80%) loss=13600.2781 elapsed=150s eta=38s
  [kd_t2only_fair] [epoch 92/100] batch 270/300 (90%) loss=13683.4501 elapsed=169s eta=19s
  [kd_t2only_fair] [epoch 92/100] batch 300/300 (100%) loss=13630.3842 elapsed=188s eta=0s
[kd_t2only_fair] [sampler] sampled: {0: 400, 1: 400, 2: 400} total=1200 spalling_ratio=24.33%
[kd_t2only_fair] [sampler] unique: {0: 400, 1: 400, 2: 400} unique_total=1200 dup_ratio=1.00x
[kd_t2only_fair] [epoch 092/100] remain=8 epochs ep_eta=25.7min (avg 192s/ep)
[kd_t2only_fair] [epoch 092/100] lr=0.000001  dt=197.3s
  train loss=13630.3842  ce=0.0980 dice=0.2066  tversky=0.0000 bd=0.0000  cldice=0.0000 snake=0.0000
  val   loss=0.2110
  IoU   bg=0.9761  crack=0.5681  spalling=0.8343  | mIoU_fg=0.7012  pix_acc=0.9766
  Dice  bg=0.9879  crack=0.7246  spalling=0.9097
  BF1   crack=0.7379  spalling=0.6944  | BF1_fg_mean=0.7162
  [kd_t2only_fair] [best] mIoU_fg=0.7012  saved -> best.pt
[kd_t2only_fair] [curriculum] epoch 93: stage=2 tiers=[0, 1, 2] pool={0: 400, 1: 400, 2: 400}
  [kd_t2only_fair] [epoch 93/100] batch 30/300 (10%) loss=13376.7387 elapsed=19s eta=175s
  [kd_t2only_fair] [epoch 93/100] batch 60/300 (20%) loss=13736.4072 elapsed=38s eta=154s
  [kd_t2only_fair] [epoch 93/100] batch 90/300 (30%) loss=13818.7422 elapsed=57s eta=133s
  [kd_t2only_fair] [epoch 93/100] batch 120/300 (40%) loss=13886.2585 elapsed=76s eta=114s
  [kd_t2only_fair] [epoch 93/100] batch 150/300 (50%) loss=13889.0682 elapsed=94s eta=94s
  [kd_t2only_fair] [epoch 93/100] batch 180/300 (60%) loss=13797.2332 elapsed=113s eta=75s
  [kd_t2only_fair] [epoch 93/100] batch 210/300 (70%) loss=13870.8951 elapsed=132s eta=57s
  [kd_t2only_fair] [epoch 93/100] batch 240/300 (80%) loss=13813.5663 elapsed=151s eta=38s
  [kd_t2only_fair] [epoch 93/100] batch 270/300 (90%) loss=13732.5589 elapsed=170s eta=19s
  [kd_t2only_fair] [epoch 93/100] batch 300/300 (100%) loss=13739.5971 elapsed=188s eta=0s
[kd_t2only_fair] [sampler] sampled: {0: 400, 1: 400, 2: 400} total=1200 spalling_ratio=24.33%
[kd_t2only_fair] [sampler] unique: {0: 400, 1: 400, 2: 400} unique_total=1200 dup_ratio=1.00x
[kd_t2only_fair] [epoch 093/100] remain=7 epochs ep_eta=22.5min (avg 193s/ep)
[kd_t2only_fair] [epoch 093/100] lr=0.000001  dt=197.5s
  train loss=13739.5971  ce=0.0982 dice=0.2083  tversky=0.0000 bd=0.0000  cldice=0.0000 snake=0.0000
  val   loss=0.2107
  IoU   bg=0.9759  crack=0.5671  spalling=0.8331  | mIoU_fg=0.7001  pix_acc=0.9765
  Dice  bg=0.9878  crack=0.7238  spalling=0.9090
  BF1   crack=0.7368  spalling=0.6931  | BF1_fg_mean=0.7149
[kd_t2only_fair] [curriculum] epoch 94: stage=2 tiers=[0, 1, 2] pool={0: 400, 1: 400, 2: 400}
  [kd_t2only_fair] [epoch 94/100] batch 30/300 (10%) loss=13264.6301 elapsed=19s eta=174s
  [kd_t2only_fair] [epoch 94/100] batch 60/300 (20%) loss=13671.4326 elapsed=38s eta=151s
  [kd_t2only_fair] [epoch 94/100] batch 90/300 (30%) loss=13430.5759 elapsed=57s eta=132s
  [kd_t2only_fair] [epoch 94/100] batch 120/300 (40%) loss=13633.1578 elapsed=75s eta=113s
  [kd_t2only_fair] [epoch 94/100] batch 150/300 (50%) loss=13604.2262 elapsed=94s eta=94s
  [kd_t2only_fair] [epoch 94/100] batch 180/300 (60%) loss=13593.3903 elapsed=113s eta=75s
  [kd_t2only_fair] [epoch 94/100] batch 210/300 (70%) loss=13727.7717 elapsed=132s eta=56s
  [kd_t2only_fair] [epoch 94/100] batch 240/300 (80%) loss=13753.3473 elapsed=150s eta=38s
  [kd_t2only_fair] [epoch 94/100] batch 270/300 (90%) loss=13697.7508 elapsed=169s eta=19s
  [kd_t2only_fair] [epoch 94/100] batch 300/300 (100%) loss=13816.1029 elapsed=188s eta=0s
[kd_t2only_fair] [sampler] sampled: {0: 400, 1: 400, 2: 400} total=1200 spalling_ratio=24.33%
[kd_t2only_fair] [sampler] unique: {0: 400, 1: 400, 2: 400} unique_total=1200 dup_ratio=1.00x
[kd_t2only_fair] [epoch 094/100] remain=6 epochs ep_eta=19.3min (avg 193s/ep)
[kd_t2only_fair] [epoch 094/100] lr=0.000001  dt=197.6s
  train loss=13816.1029  ce=0.0991 dice=0.2095  tversky=0.0000 bd=0.0000  cldice=0.0000 snake=0.0000
  val   loss=0.2111
  IoU   bg=0.9761  crack=0.5683  spalling=0.8320  | mIoU_fg=0.7002  pix_acc=0.9766
  Dice  bg=0.9879  crack=0.7248  spalling=0.9083
  BF1   crack=0.7376  spalling=0.6945  | BF1_fg_mean=0.7161
[kd_t2only_fair] [curriculum] epoch 95: stage=2 tiers=[0, 1, 2] pool={0: 400, 1: 400, 2: 400}
  [kd_t2only_fair] [epoch 95/100] batch 30/300 (10%) loss=13630.4584 elapsed=19s eta=174s
  [kd_t2only_fair] [epoch 95/100] batch 60/300 (20%) loss=13656.8221 elapsed=38s eta=153s
  [kd_t2only_fair] [epoch 95/100] batch 90/300 (30%) loss=13600.4950 elapsed=57s eta=133s
  [kd_t2only_fair] [epoch 95/100] batch 120/300 (40%) loss=13622.2024 elapsed=76s eta=113s
  [kd_t2only_fair] [epoch 95/100] batch 150/300 (50%) loss=13811.7222 elapsed=94s eta=94s
  [kd_t2only_fair] [epoch 95/100] batch 180/300 (60%) loss=13810.1835 elapsed=113s eta=75s
  [kd_t2only_fair] [epoch 95/100] batch 210/300 (70%) loss=13786.8833 elapsed=132s eta=57s
  [kd_t2only_fair] [epoch 95/100] batch 240/300 (80%) loss=13753.8167 elapsed=151s eta=38s
  [kd_t2only_fair] [epoch 95/100] batch 270/300 (90%) loss=13782.8599 elapsed=169s eta=19s
  [kd_t2only_fair] [epoch 95/100] batch 300/300 (100%) loss=13888.5247 elapsed=188s eta=0s
[kd_t2only_fair] [sampler] sampled: {0: 400, 1: 400, 2: 400} total=1200 spalling_ratio=24.33%
[kd_t2only_fair] [sampler] unique: {0: 400, 1: 400, 2: 400} unique_total=1200 dup_ratio=1.00x
[kd_t2only_fair] [epoch 095/100] remain=5 epochs ep_eta=16.1min (avg 193s/ep)
[kd_t2only_fair] [epoch 095/100] lr=0.000000  dt=197.6s
  train loss=13888.5247  ce=0.0982 dice=0.2077  tversky=0.0000 bd=0.0000  cldice=0.0000 snake=0.0000
  val   loss=0.2108
  IoU   bg=0.9760  crack=0.5671  spalling=0.8328  | mIoU_fg=0.6999  pix_acc=0.9765
  Dice  bg=0.9878  crack=0.7238  spalling=0.9088
  BF1   crack=0.7372  spalling=0.6933  | BF1_fg_mean=0.7152
[kd_t2only_fair] [curriculum] epoch 96: stage=2 tiers=[0, 1, 2] pool={0: 400, 1: 400, 2: 400}
  [kd_t2only_fair] [epoch 96/100] batch 30/300 (10%) loss=13528.0675 elapsed=19s eta=172s
  [kd_t2only_fair] [epoch 96/100] batch 60/300 (20%) loss=13458.7292 elapsed=38s eta=152s
  [kd_t2only_fair] [epoch 96/100] batch 90/300 (30%) loss=13449.1822 elapsed=57s eta=132s
  [kd_t2only_fair] [epoch 96/100] batch 120/300 (40%) loss=13594.8719 elapsed=75s eta=113s
  [kd_t2only_fair] [epoch 96/100] batch 150/300 (50%) loss=13591.1212 elapsed=94s eta=94s
  [kd_t2only_fair] [epoch 96/100] batch 180/300 (60%) loss=13654.6588 elapsed=113s eta=75s
  [kd_t2only_fair] [epoch 96/100] batch 210/300 (70%) loss=13550.7062 elapsed=131s eta=56s
  [kd_t2only_fair] [epoch 96/100] batch 240/300 (80%) loss=13617.4009 elapsed=150s eta=38s
  [kd_t2only_fair] [epoch 96/100] batch 270/300 (90%) loss=13554.7911 elapsed=169s eta=19s
  [kd_t2only_fair] [epoch 96/100] batch 300/300 (100%) loss=13664.4857 elapsed=187s eta=0s
[kd_t2only_fair] [sampler] sampled: {0: 400, 1: 400, 2: 400} total=1200 spalling_ratio=24.33%
[kd_t2only_fair] [sampler] unique: {0: 400, 1: 400, 2: 400} unique_total=1200 dup_ratio=1.00x
[kd_t2only_fair] [epoch 096/100] remain=4 epochs ep_eta=12.9min (avg 193s/ep)
[kd_t2only_fair] [epoch 096/100] lr=0.000000  dt=196.7s
  train loss=13664.4857  ce=0.0984 dice=0.2142  tversky=0.0000 bd=0.0000  cldice=0.0000 snake=0.0000
  val   loss=0.2111
  IoU   bg=0.9759  crack=0.5672  spalling=0.8320  | mIoU_fg=0.6996  pix_acc=0.9765
  Dice  bg=0.9878  crack=0.7238  spalling=0.9083
  BF1   crack=0.7374  spalling=0.6925  | BF1_fg_mean=0.7149
[kd_t2only_fair] [curriculum] epoch 97: stage=2 tiers=[0, 1, 2] pool={0: 400, 1: 400, 2: 400}
  [kd_t2only_fair] [epoch 97/100] batch 30/300 (10%) loss=13574.6933 elapsed=19s eta=173s
  [kd_t2only_fair] [epoch 97/100] batch 60/300 (20%) loss=14294.2739 elapsed=38s eta=152s
  [kd_t2only_fair] [epoch 97/100] batch 90/300 (30%) loss=14467.1089 elapsed=57s eta=132s
  [kd_t2only_fair] [epoch 97/100] batch 120/300 (40%) loss=14121.0860 elapsed=76s eta=113s
  [kd_t2only_fair] [epoch 97/100] batch 150/300 (50%) loss=14036.4005 elapsed=94s eta=94s
  [kd_t2only_fair] [epoch 97/100] batch 180/300 (60%) loss=14123.4845 elapsed=113s eta=75s
  [kd_t2only_fair] [epoch 97/100] batch 210/300 (70%) loss=14053.4389 elapsed=132s eta=57s
  [kd_t2only_fair] [epoch 97/100] batch 240/300 (80%) loss=13924.7119 elapsed=150s eta=38s
  [kd_t2only_fair] [epoch 97/100] batch 270/300 (90%) loss=13825.9408 elapsed=169s eta=19s
  [kd_t2only_fair] [epoch 97/100] batch 300/300 (100%) loss=13794.3999 elapsed=188s eta=0s
[kd_t2only_fair] [sampler] sampled: {0: 400, 1: 400, 2: 400} total=1200 spalling_ratio=24.33%
[kd_t2only_fair] [sampler] unique: {0: 400, 1: 400, 2: 400} unique_total=1200 dup_ratio=1.00x
[kd_t2only_fair] [epoch 097/100] remain=3 epochs ep_eta=9.6min (avg 193s/ep)
[kd_t2only_fair] [epoch 097/100] lr=0.000000  dt=197.1s
  train loss=13794.3999  ce=0.0980 dice=0.2088  tversky=0.0000 bd=0.0000  cldice=0.0000 snake=0.0000
  val   loss=0.2113
  IoU   bg=0.9761  crack=0.5679  spalling=0.8326  | mIoU_fg=0.7003  pix_acc=0.9767
  Dice  bg=0.9879  crack=0.7244  spalling=0.9087
  BF1   crack=0.7382  spalling=0.6916  | BF1_fg_mean=0.7149
[kd_t2only_fair] [curriculum] epoch 98: stage=2 tiers=[0, 1, 2] pool={0: 400, 1: 400, 2: 400}
  [kd_t2only_fair] [epoch 98/100] batch 30/300 (10%) loss=15115.5618 elapsed=19s eta=175s
  [kd_t2only_fair] [epoch 98/100] batch 60/300 (20%) loss=14648.2529 elapsed=38s eta=153s
  [kd_t2only_fair] [epoch 98/100] batch 90/300 (30%) loss=14182.6497 elapsed=57s eta=133s
  [kd_t2only_fair] [epoch 98/100] batch 120/300 (40%) loss=14228.9442 elapsed=76s eta=113s
  [kd_t2only_fair] [epoch 98/100] batch 150/300 (50%) loss=13985.2684 elapsed=94s eta=94s
  [kd_t2only_fair] [epoch 98/100] batch 180/300 (60%) loss=13735.2800 elapsed=113s eta=75s
  [kd_t2only_fair] [epoch 98/100] batch 210/300 (70%) loss=13808.8676 elapsed=132s eta=57s
  [kd_t2only_fair] [epoch 98/100] batch 240/300 (80%) loss=13745.7870 elapsed=151s eta=38s
  [kd_t2only_fair] [epoch 98/100] batch 270/300 (90%) loss=13629.2982 elapsed=169s eta=19s
  [kd_t2only_fair] [epoch 98/100] batch 300/300 (100%) loss=13622.9112 elapsed=188s eta=0s
[kd_t2only_fair] [sampler] sampled: {0: 400, 1: 400, 2: 400} total=1200 spalling_ratio=24.33%
[kd_t2only_fair] [sampler] unique: {0: 400, 1: 400, 2: 400} unique_total=1200 dup_ratio=1.00x
[kd_t2only_fair] [epoch 098/100] remain=2 epochs ep_eta=6.4min (avg 193s/ep)
[kd_t2only_fair] [epoch 098/100] lr=0.000000  dt=197.6s
  train loss=13622.9112  ce=0.0986 dice=0.2095  tversky=0.0000 bd=0.0000  cldice=0.0000 snake=0.0000
  val   loss=0.2110
  IoU   bg=0.9758  crack=0.5662  spalling=0.8325  | mIoU_fg=0.6993  pix_acc=0.9764
  Dice  bg=0.9878  crack=0.7230  spalling=0.9086
  BF1   crack=0.7354  spalling=0.6909  | BF1_fg_mean=0.7131
[kd_t2only_fair] [curriculum] epoch 99: stage=2 tiers=[0, 1, 2] pool={0: 400, 1: 400, 2: 400}
  [kd_t2only_fair] [epoch 99/100] batch 30/300 (10%) loss=14486.3738 elapsed=19s eta=174s
  [kd_t2only_fair] [epoch 99/100] batch 60/300 (20%) loss=13635.0056 elapsed=38s eta=152s
  [kd_t2only_fair] [epoch 99/100] batch 90/300 (30%) loss=13625.2219 elapsed=57s eta=132s
  [kd_t2only_fair] [epoch 99/100] batch 120/300 (40%) loss=13762.5896 elapsed=76s eta=113s
  [kd_t2only_fair] [epoch 99/100] batch 150/300 (50%) loss=13952.0781 elapsed=94s eta=94s
  [kd_t2only_fair] [epoch 99/100] batch 180/300 (60%) loss=13950.4411 elapsed=113s eta=75s
  [kd_t2only_fair] [epoch 99/100] batch 210/300 (70%) loss=13980.9670 elapsed=132s eta=56s
  [kd_t2only_fair] [epoch 99/100] batch 240/300 (80%) loss=13866.4778 elapsed=150s eta=38s
  [kd_t2only_fair] [epoch 99/100] batch 270/300 (90%) loss=13901.2061 elapsed=169s eta=19s
  [kd_t2only_fair] [epoch 99/100] batch 300/300 (100%) loss=13828.7015 elapsed=188s eta=0s
[kd_t2only_fair] [sampler] sampled: {0: 400, 1: 400, 2: 400} total=1200 spalling_ratio=24.33%
[kd_t2only_fair] [sampler] unique: {0: 400, 1: 400, 2: 400} unique_total=1200 dup_ratio=1.00x
[kd_t2only_fair] [epoch 099/100] remain=1 epochs ep_eta=3.2min (avg 193s/ep)
[kd_t2only_fair] [epoch 099/100] lr=0.000000  dt=197.2s
  train loss=13828.7015  ce=0.0984 dice=0.2102  tversky=0.0000 bd=0.0000  cldice=0.0000 snake=0.0000
  val   loss=0.2111
  IoU   bg=0.9761  crack=0.5678  spalling=0.8328  | mIoU_fg=0.7003  pix_acc=0.9766
  Dice  bg=0.9879  crack=0.7243  spalling=0.9088
  BF1   crack=0.7377  spalling=0.6927  | BF1_fg_mean=0.7152
[kd_t2only_fair] [curriculum] epoch 100: stage=2 tiers=[0, 1, 2] pool={0: 400, 1: 400, 2: 400}
  [kd_t2only_fair] [epoch 100/100] batch 30/300 (10%) loss=13878.5049 elapsed=20s eta=177s
  [kd_t2only_fair] [epoch 100/100] batch 60/300 (20%) loss=13652.1349 elapsed=38s eta=153s
  [kd_t2only_fair] [epoch 100/100] batch 90/300 (30%) loss=13838.8476 elapsed=57s eta=133s
  [kd_t2only_fair] [epoch 100/100] batch 120/300 (40%) loss=13579.5951 elapsed=76s eta=114s
  [kd_t2only_fair] [epoch 100/100] batch 150/300 (50%) loss=13743.9899 elapsed=95s eta=95s
  [kd_t2only_fair] [epoch 100/100] batch 180/300 (60%) loss=13821.8236 elapsed=113s eta=76s
  [kd_t2only_fair] [epoch 100/100] batch 210/300 (70%) loss=13771.6347 elapsed=132s eta=57s
  [kd_t2only_fair] [epoch 100/100] batch 240/300 (80%) loss=13863.1310 elapsed=151s eta=38s
  [kd_t2only_fair] [epoch 100/100] batch 270/300 (90%) loss=13771.6849 elapsed=169s eta=19s
  [kd_t2only_fair] [epoch 100/100] batch 300/300 (100%) loss=13758.2574 elapsed=188s eta=0s
[kd_t2only_fair] [sampler] sampled: {0: 400, 1: 400, 2: 400} total=1200 spalling_ratio=24.33%
[kd_t2only_fair] [sampler] unique: {0: 400, 1: 400, 2: 400} unique_total=1200 dup_ratio=1.00x
[kd_t2only_fair] [epoch 100/100] remain=0 epochs ep_eta=0.0min (avg 193s/ep)
[kd_t2only_fair] [epoch 100/100] lr=0.000000  dt=197.5s
  train loss=13758.2574  ce=0.0978 dice=0.2077  tversky=0.0000 bd=0.0000  cldice=0.0000 snake=0.0000
  val   loss=0.2108
  IoU   bg=0.9758  crack=0.5663  spalling=0.8330  | mIoU_fg=0.6996  pix_acc=0.9763
  Dice  bg=0.9878  crack=0.7231  spalling=0.9089
  BF1   crack=0.7357  spalling=0.6941  | BF1_fg_mean=0.7149

[train] final test eval using best checkpoint
IoU   bg=0.9747  crack=0.5622  spalling=0.8224  | mIoU_fg=0.6923  pix_acc=0.9754
Dice  bg=0.9872  crack=0.7197  spalling=0.9025
BF1   crack=0.7297  spalling=0.6376  | BF1_fg_mean=0.6836
clDice crack=0.8256
[train] wrote /workspace/dam-segmentation-baselines/full_method/runs/kd_t2only_fair/test_report.txt
[train] wrote /workspace/dam-segmentation-baselines/full_method/runs/kd_t2only_fair/curves.png
=== Training KD_DUAL_equal (kd_dual_equal_fair) ===
Some weights of SegformerForSemanticSegmentation were not initialized from the model checkpoint at nvidia/segformer-b2-finetuned-ade-512-512 and are newly initialized because the shapes did not match:
- decode_head.classifier.weight: found shape torch.Size([150, 768, 1, 1]) in the checkpoint and torch.Size([3, 768, 1, 1]) in the model instantiated
- decode_head.classifier.bias: found shape torch.Size([150]) in the checkpoint and torch.Size([3]) in the model instantiated
You should probably TRAIN this model on a down-stream task to be able to use it for predictions and inference.
Some weights of SegformerForSemanticSegmentation were not initialized from the model checkpoint at nvidia/segformer-b2-finetuned-ade-512-512 and are newly initialized because the shapes did not match:
- decode_head.classifier.weight: found shape torch.Size([150, 768, 1, 1]) in the checkpoint and torch.Size([3, 768, 1, 1]) in the model instantiated
- decode_head.classifier.bias: found shape torch.Size([150]) in the checkpoint and torch.Size([3]) in the model instantiated
You should probably TRAIN this model on a down-stream task to be able to use it for predictions and inference.
[train] cuDNN warmup OK
[train] full_method (kd_dual_equal_fair)
[train] device=cuda  torch=2.6.0+cu124  transformers=4.44.2
[train] cfg: pretrained=nvidia/segformer-b2-finetuned-ade-512-512 img=512 bs=4 grad_accum=1 epochs=100 lr=6e-05 warmup=5
[train] difficulty: alpha=1.0 beta=0.5 gamma=0.3 delta=0.3 ema=0.9 tau=0.5
[train] bonuses: spalling=0.3 late_hard_crack=0.4
[train] ablation switches: dynamic_difficulty=False class_sampling_bonus=False class_loss_schedule=False boundary_loss=False tversky_loss=False
[train] new switches: soft_curriculum=False softmax_sampling=False dynamic_loss_reweight=False (lambda=0.5) soft_boundary=False (start=0.6 max=0.1)
[train] cldice: use=False weight=0.15 start_epoch=40 iters=7
[train] srl: use=False weight=0.15 start_epoch=40
[train] snake_aux: use=False weight=0.1
[train] model_type=dscformer snake_channels=64 snake_kernel=9
[train] no_curriculum=True
[train] competence: hard=False soft=False c0=0.333 duration=70 floors=[0.05,0.02,0.0]
[train] DGACL: use=False w_disagree=0.5 w_gap=0.3 w_loss=0.2 lambda=1.0 pixel_kd=True phase2_lr=1e-05 warmup=3
[train] MAC: use=False morph_diff=False adaptive_pacing=False class_loss=False diff_gamma=0.5 weights=[0.4,0.3,0.2,0.1]
[train] sizes: train=1200 val=150 test=150
[train] building records (scanning masks for has_spalling) ...
[train] records: {0: 400, 1: 400, 2: 400}  has_spalling=292/1200
[train] raw pixel frequency: {'background': 0.952165391031901, 'crack': 0.03423014119466146, 'spalling': 0.0136044677734375}
[train] clipped weights    : {'background': 0.25, 'crack': 1.080772481700143, 'spalling': 1.7143055384148256}
[train] running OOM probe ...
[train] OOM probe OK
[train] mixed precision (AMP) enabled
[train] viz samples (6):
    Hard/H (99).jpg
    Hard/H (365).jpg
    Medium/M (127).jpg
    Medium/M (422).jpg
    Hard/H (431).jpg
    Hard/H (476).jpg
[KD] loading teacher 1 from /workspace/dam-segmentation-baselines/full_method/runs/dscformer_srl_G1/best.pt
[KD] teacher 1 loaded (epoch=90, val_mIoU_fg=0.6853293144115854)
[KD] alpha=0.5 temperature=4.0
[KD] loading teacher 2 from /workspace/dam-segmentation-baselines/full_method/runs/sam_lora_srl_SAM2/best.pt
[TopoLoRA-SAM] loaded SAM ViT-B from sam_vit_b_01ec64.pth
[TopoLoRA-SAM] injected LoRA into 48 layers (rank=16)
[TopoLoRA-SAM] total params: 95.8M, trainable: 6.1M (6.4%)
[KD] teacher 2 loaded (epoch=40, val_mIoU_fg=0.6982195181523473)
[KD] dual-teacher mode: equal-weight (t1=0.5, t2=0.5)
[kd_dual_equal_fair] [curriculum] epoch 1: stage=0 tiers=[0] pool={0: 400, 1: 0, 2: 0}
  [kd_dual_equal_fair] [epoch 1/100] batch 30/300 (10%) loss=1719208.9167 elapsed=22s eta=194s
  [kd_dual_equal_fair] [epoch 1/100] batch 60/300 (20%) loss=1734994.8979 elapsed=42s eta=169s
  [kd_dual_equal_fair] [epoch 1/100] batch 90/300 (30%) loss=1737842.1167 elapsed=62s eta=146s
  [kd_dual_equal_fair] [epoch 1/100] batch 120/300 (40%) loss=1744078.6250 elapsed=83s eta=124s
  [kd_dual_equal_fair] [epoch 1/100] batch 150/300 (50%) loss=1745245.0108 elapsed=103s eta=103s
  [kd_dual_equal_fair] [epoch 1/100] batch 180/300 (60%) loss=1746078.8813 elapsed=123s eta=82s
  [kd_dual_equal_fair] [epoch 1/100] batch 210/300 (70%) loss=1743833.0077 elapsed=144s eta=62s
  [kd_dual_equal_fair] [epoch 1/100] batch 240/300 (80%) loss=1741849.5781 elapsed=164s eta=41s
  [kd_dual_equal_fair] [epoch 1/100] batch 270/300 (90%) loss=1740715.6426 elapsed=184s eta=20s
  [kd_dual_equal_fair] [epoch 1/100] batch 300/300 (100%) loss=1739113.8829 elapsed=204s eta=0s
[kd_dual_equal_fair] [sampler] sampled: {0: 400, 1: 400, 2: 400} total=1200 spalling_ratio=24.33%
[kd_dual_equal_fair] [sampler] unique: {0: 400, 1: 400, 2: 400} unique_total=1200 dup_ratio=1.00x
[kd_dual_equal_fair] [epoch 001/100] remain=99 epochs ep_eta=355.4min (avg 215s/ep)
[kd_dual_equal_fair] [epoch 001/100] lr=0.000012  dt=215.4s
  train loss=1739113.8829  ce=1.0919 dice=0.9441  tversky=0.0000 bd=0.0000  cldice=0.0000 snake=0.0000
  val   loss=1.0097
  IoU   bg=0.4470  crack=0.0516  spalling=0.0126  | mIoU_fg=0.0321  pix_acc=0.4567
  Dice  bg=0.6179  crack=0.0982  spalling=0.0249
  BF1   crack=0.1195  spalling=0.0134  | BF1_fg_mean=0.0664
  [kd_dual_equal_fair] [best] mIoU_fg=0.0321  saved -> best.pt
[kd_dual_equal_fair] [curriculum] epoch 2: stage=0 tiers=[0] pool={0: 400, 1: 0, 2: 0}
  [kd_dual_equal_fair] [epoch 2/100] batch 30/300 (10%) loss=1709321.4000 elapsed=21s eta=186s
  [kd_dual_equal_fair] [epoch 2/100] batch 60/300 (20%) loss=1675081.4333 elapsed=40s eta=162s
  [kd_dual_equal_fair] [epoch 2/100] batch 90/300 (30%) loss=1652642.6889 elapsed=60s eta=141s
  [kd_dual_equal_fair] [epoch 2/100] batch 120/300 (40%) loss=1626974.3677 elapsed=79s eta=119s
  [kd_dual_equal_fair] [epoch 2/100] batch 150/300 (50%) loss=1602956.0683 elapsed=99s eta=99s
  [kd_dual_equal_fair] [epoch 2/100] batch 180/300 (60%) loss=1578905.3000 elapsed=118s eta=79s
  [kd_dual_equal_fair] [epoch 2/100] batch 210/300 (70%) loss=1552006.6875 elapsed=137s eta=59s
  [kd_dual_equal_fair] [epoch 2/100] batch 240/300 (80%) loss=1527464.6719 elapsed=156s eta=39s
  [kd_dual_equal_fair] [epoch 2/100] batch 270/300 (90%) loss=1500099.3083 elapsed=175s eta=19s
  [kd_dual_equal_fair] [epoch 2/100] batch 300/300 (100%) loss=1474771.8592 elapsed=194s eta=0s
[kd_dual_equal_fair] [sampler] sampled: {0: 400, 1: 400, 2: 400} total=1200 spalling_ratio=24.33%
[kd_dual_equal_fair] [sampler] unique: {0: 400, 1: 400, 2: 400} unique_total=1200 dup_ratio=1.00x
[kd_dual_equal_fair] [epoch 002/100] remain=98 epochs ep_eta=338.5min (avg 207s/ep)
[kd_dual_equal_fair] [epoch 002/100] lr=0.000024  dt=194.7s
  train loss=1474771.8592  ce=0.7298 dice=0.9063  tversky=0.0000 bd=0.0000  cldice=0.0000 snake=0.0000
  val   skipped (next val at epoch 5)
[kd_dual_equal_fair] [curriculum] epoch 3: stage=0 tiers=[0] pool={0: 400, 1: 0, 2: 0}
  [kd_dual_equal_fair] [epoch 3/100] batch 30/300 (10%) loss=1179933.5708 elapsed=20s eta=177s
  [kd_dual_equal_fair] [epoch 3/100] batch 60/300 (20%) loss=1140866.2583 elapsed=39s eta=155s
  [kd_dual_equal_fair] [epoch 3/100] batch 90/300 (30%) loss=1101228.7590 elapsed=58s eta=135s
  [kd_dual_equal_fair] [epoch 3/100] batch 120/300 (40%) loss=1066034.4068 elapsed=77s eta=115s
  [kd_dual_equal_fair] [epoch 3/100] batch 150/300 (50%) loss=1031154.9817 elapsed=95s eta=95s
  [kd_dual_equal_fair] [epoch 3/100] batch 180/300 (60%) loss=998077.8913 elapsed=114s eta=76s
  [kd_dual_equal_fair] [epoch 3/100] batch 210/300 (70%) loss=968325.9863 elapsed=132s eta=57s
  [kd_dual_equal_fair] [epoch 3/100] batch 240/300 (80%) loss=940759.5971 elapsed=151s eta=38s
  [kd_dual_equal_fair] [epoch 3/100] batch 270/300 (90%) loss=915705.2836 elapsed=169s eta=19s
  [kd_dual_equal_fair] [epoch 3/100] batch 300/300 (100%) loss=893074.8373 elapsed=188s eta=0s
[kd_dual_equal_fair] [sampler] sampled: {0: 400, 1: 400, 2: 400} total=1200 spalling_ratio=24.33%
[kd_dual_equal_fair] [sampler] unique: {0: 400, 1: 400, 2: 400} unique_total=1200 dup_ratio=1.00x
[kd_dual_equal_fair] [epoch 003/100] remain=97 epochs ep_eta=325.4min (avg 201s/ep)
[kd_dual_equal_fair] [epoch 003/100] lr=0.000036  dt=187.9s
  train loss=893074.8373  ce=0.4358 dice=0.7838  tversky=0.0000 bd=0.0000  cldice=0.0000 snake=0.0000
  val   skipped (next val at epoch 5)
[kd_dual_equal_fair] [curriculum] epoch 4: stage=0 tiers=[0] pool={0: 400, 1: 0, 2: 0}
  [kd_dual_equal_fair] [epoch 4/100] batch 30/300 (10%) loss=640680.7708 elapsed=18s eta=166s
  [kd_dual_equal_fair] [epoch 4/100] batch 60/300 (20%) loss=626203.4812 elapsed=37s eta=146s
  [kd_dual_equal_fair] [epoch 4/100] batch 90/300 (30%) loss=607891.5576 elapsed=55s eta=128s
  [kd_dual_equal_fair] [epoch 4/100] batch 120/300 (40%) loss=590609.0224 elapsed=73s eta=109s
  [kd_dual_equal_fair] [epoch 4/100] batch 150/300 (50%) loss=574334.8531 elapsed=91s eta=91s
  [kd_dual_equal_fair] [epoch 4/100] batch 180/300 (60%) loss=558222.3104 elapsed=109s eta=72s
  [kd_dual_equal_fair] [epoch 4/100] batch 210/300 (70%) loss=543736.5454 elapsed=127s eta=54s
  [kd_dual_equal_fair] [epoch 4/100] batch 240/300 (80%) loss=529856.5540 elapsed=145s eta=36s
  [kd_dual_equal_fair] [epoch 4/100] batch 270/300 (90%) loss=515241.1104 elapsed=163s eta=18s
  [kd_dual_equal_fair] [epoch 4/100] batch 300/300 (100%) loss=503173.7982 elapsed=181s eta=0s
[kd_dual_equal_fair] [sampler] sampled: {0: 400, 1: 400, 2: 400} total=1200 spalling_ratio=24.33%
[kd_dual_equal_fair] [sampler] unique: {0: 400, 1: 400, 2: 400} unique_total=1200 dup_ratio=1.00x
[kd_dual_equal_fair] [epoch 004/100] remain=96 epochs ep_eta=314.5min (avg 197s/ep)
[kd_dual_equal_fair] [epoch 004/100] lr=0.000048  dt=181.2s
  train loss=503173.7982  ce=0.4454 dice=0.7145  tversky=0.0000 bd=0.0000  cldice=0.0000 snake=0.0000
  val   skipped (next val at epoch 5)
[kd_dual_equal_fair] [curriculum] epoch 5: stage=0 tiers=[0] pool={0: 400, 1: 0, 2: 0}
  [kd_dual_equal_fair] [epoch 5/100] batch 30/300 (10%) loss=359952.6625 elapsed=19s eta=169s
  [kd_dual_equal_fair] [epoch 5/100] batch 60/300 (20%) loss=349006.5302 elapsed=37s eta=148s
  [kd_dual_equal_fair] [epoch 5/100] batch 90/300 (30%) loss=340534.2292 elapsed=55s eta=129s
  [kd_dual_equal_fair] [epoch 5/100] batch 120/300 (40%) loss=328978.1203 elapsed=74s eta=110s
  [kd_dual_equal_fair] [epoch 5/100] batch 150/300 (50%) loss=320441.0481 elapsed=92s eta=92s
  [kd_dual_equal_fair] [epoch 5/100] batch 180/300 (60%) loss=312458.7929 elapsed=110s eta=74s
  [kd_dual_equal_fair] [epoch 5/100] batch 210/300 (70%) loss=303624.6408 elapsed=129s eta=55s
  [kd_dual_equal_fair] [epoch 5/100] batch 240/300 (80%) loss=296871.0527 elapsed=147s eta=37s
  [kd_dual_equal_fair] [epoch 5/100] batch 270/300 (90%) loss=289262.5720 elapsed=165s eta=18s
  [kd_dual_equal_fair] [epoch 5/100] batch 300/300 (100%) loss=281878.0823 elapsed=184s eta=0s
[kd_dual_equal_fair] [sampler] sampled: {0: 400, 1: 400, 2: 400} total=1200 spalling_ratio=24.33%
[kd_dual_equal_fair] [sampler] unique: {0: 400, 1: 400, 2: 400} unique_total=1200 dup_ratio=1.00x
/usr/local/lib/python3.11/dist-packages/torch/optim/lr_scheduler.py:243: UserWarning: The epoch parameter in `scheduler.step()` was not necessary and is being deprecated where possible. Please use `scheduler.step()` to step the scheduler. During the deprecation, if epoch is different from None, the closed form is used instead of the new chainable form, where available. Please open an issue if you are unable to replicate your use case: https://github.com/pytorch/pytorch/issues/new/choose.
  warnings.warn(EPOCH_DEPRECATION_WARNING, UserWarning)
[kd_dual_equal_fair] [epoch 005/100] remain=95 epochs ep_eta=310.5min (avg 196s/ep)
[kd_dual_equal_fair] [epoch 005/100] lr=0.000060  dt=192.9s
  train loss=281878.0823  ce=0.3653 dice=0.5651  tversky=0.0000 bd=0.0000  cldice=0.0000 snake=0.0000
  val   loss=0.3947
  IoU   bg=0.9686  crack=0.4281  spalling=0.5216  | mIoU_fg=0.4748  pix_acc=0.9692
  Dice  bg=0.9841  crack=0.5996  spalling=0.6856
  BF1   crack=0.5867  spalling=0.1547  | BF1_fg_mean=0.3707
  [kd_dual_equal_fair] [best] mIoU_fg=0.4748  saved -> best.pt
[kd_dual_equal_fair] [curriculum] epoch 6: stage=0 tiers=[0] pool={0: 400, 1: 0, 2: 0}
  [kd_dual_equal_fair] [epoch 6/100] batch 30/300 (10%) loss=197756.3453 elapsed=19s eta=169s
  [kd_dual_equal_fair] [epoch 6/100] batch 60/300 (20%) loss=192939.6560 elapsed=37s eta=148s
  [kd_dual_equal_fair] [epoch 6/100] batch 90/300 (30%) loss=186785.3705 elapsed=56s eta=130s
  [kd_dual_equal_fair] [epoch 6/100] batch 120/300 (40%) loss=183650.0344 elapsed=74s eta=112s
  [kd_dual_equal_fair] [epoch 6/100] batch 150/300 (50%) loss=179500.4799 elapsed=93s eta=93s
  [kd_dual_equal_fair] [epoch 6/100] batch 180/300 (60%) loss=175154.2114 elapsed=111s eta=74s
  [kd_dual_equal_fair] [epoch 6/100] batch 210/300 (70%) loss=168991.4176 elapsed=130s eta=56s
  [kd_dual_equal_fair] [epoch 6/100] batch 240/300 (80%) loss=165371.2632 elapsed=148s eta=37s
  [kd_dual_equal_fair] [epoch 6/100] batch 270/300 (90%) loss=160913.6898 elapsed=167s eta=19s
  [kd_dual_equal_fair] [epoch 6/100] batch 300/300 (100%) loss=157746.6475 elapsed=186s eta=0s
[kd_dual_equal_fair] [sampler] sampled: {0: 400, 1: 400, 2: 400} total=1200 spalling_ratio=24.33%
[kd_dual_equal_fair] [sampler] unique: {0: 400, 1: 400, 2: 400} unique_total=1200 dup_ratio=1.00x
[kd_dual_equal_fair] [epoch 006/100] remain=94 epochs ep_eta=305.7min (avg 195s/ep)
[kd_dual_equal_fair] [epoch 006/100] lr=0.000060  dt=185.9s
  train loss=157746.6475  ce=0.2907 dice=0.4725  tversky=0.0000 bd=0.0000  cldice=0.0000 snake=0.0000
  val   skipped (next val at epoch 10)
[kd_dual_equal_fair] [curriculum] epoch 7: stage=0 tiers=[0] pool={0: 400, 1: 0, 2: 0}
  [kd_dual_equal_fair] [epoch 7/100] batch 30/300 (10%) loss=125198.5122 elapsed=19s eta=171s
  [kd_dual_equal_fair] [epoch 7/100] batch 60/300 (20%) loss=117743.1240 elapsed=38s eta=150s
  [kd_dual_equal_fair] [epoch 7/100] batch 90/300 (30%) loss=115654.1751 elapsed=56s eta=131s
  [kd_dual_equal_fair] [epoch 7/100] batch 120/300 (40%) loss=113834.4976 elapsed=75s eta=112s
  [kd_dual_equal_fair] [epoch 7/100] batch 150/300 (50%) loss=109948.8603 elapsed=93s eta=93s
  [kd_dual_equal_fair] [epoch 7/100] batch 180/300 (60%) loss=106150.1449 elapsed=112s eta=74s
  [kd_dual_equal_fair] [epoch 7/100] batch 210/300 (70%) loss=104393.5491 elapsed=130s eta=56s
  [kd_dual_equal_fair] [epoch 7/100] batch 240/300 (80%) loss=103462.0750 elapsed=149s eta=37s
  [kd_dual_equal_fair] [epoch 7/100] batch 270/300 (90%) loss=101726.2051 elapsed=167s eta=19s
  [kd_dual_equal_fair] [epoch 7/100] batch 300/300 (100%) loss=102515.6334 elapsed=186s eta=0s
[kd_dual_equal_fair] [sampler] sampled: {0: 400, 1: 400, 2: 400} total=1200 spalling_ratio=24.33%
[kd_dual_equal_fair] [sampler] unique: {0: 400, 1: 400, 2: 400} unique_total=1200 dup_ratio=1.00x
[kd_dual_equal_fair] [epoch 007/100] remain=93 epochs ep_eta=300.7min (avg 194s/ep)
[kd_dual_equal_fair] [epoch 007/100] lr=0.000060  dt=186.1s
  train loss=102515.6334  ce=0.2815 dice=0.4293  tversky=0.0000 bd=0.0000  cldice=0.0000 snake=0.0000
  val   skipped (next val at epoch 10)
[kd_dual_equal_fair] [curriculum] epoch 8: stage=0 tiers=[0] pool={0: 400, 1: 0, 2: 0}
  [kd_dual_equal_fair] [epoch 8/100] batch 30/300 (10%) loss=95037.1999 elapsed=19s eta=172s
  [kd_dual_equal_fair] [epoch 8/100] batch 60/300 (20%) loss=87236.4087 elapsed=38s eta=151s
  [kd_dual_equal_fair] [epoch 8/100] batch 90/300 (30%) loss=80849.3849 elapsed=56s eta=131s
  [kd_dual_equal_fair] [epoch 8/100] batch 120/300 (40%) loss=79479.7469 elapsed=75s eta=112s
  [kd_dual_equal_fair] [epoch 8/100] batch 150/300 (50%) loss=78285.0553 elapsed=93s eta=93s
  [kd_dual_equal_fair] [epoch 8/100] batch 180/300 (60%) loss=76003.4254 elapsed=111s eta=74s
  [kd_dual_equal_fair] [epoch 8/100] batch 210/300 (70%) loss=74102.5043 elapsed=130s eta=56s
  [kd_dual_equal_fair] [epoch 8/100] batch 240/300 (80%) loss=73781.3808 elapsed=149s eta=37s
  [kd_dual_equal_fair] [epoch 8/100] batch 270/300 (90%) loss=72976.6748 elapsed=167s eta=19s
  [kd_dual_equal_fair] [epoch 8/100] batch 300/300 (100%) loss=71335.9361 elapsed=186s eta=0s
[kd_dual_equal_fair] [sampler] sampled: {0: 400, 1: 400, 2: 400} total=1200 spalling_ratio=24.33%
[kd_dual_equal_fair] [sampler] unique: {0: 400, 1: 400, 2: 400} unique_total=1200 dup_ratio=1.00x
[kd_dual_equal_fair] [epoch 008/100] remain=92 epochs ep_eta=296.3min (avg 193s/ep)
[kd_dual_equal_fair] [epoch 008/100] lr=0.000060  dt=186.2s
  train loss=71335.9361  ce=0.2319 dice=0.3824  tversky=0.0000 bd=0.0000  cldice=0.0000 snake=0.0000
  val   skipped (next val at epoch 10)
[kd_dual_equal_fair] [curriculum] epoch 9: stage=0 tiers=[0] pool={0: 400, 1: 0, 2: 0}
  [kd_dual_equal_fair] [epoch 9/100] batch 30/300 (10%) loss=53799.9477 elapsed=19s eta=172s
  [kd_dual_equal_fair] [epoch 9/100] batch 60/300 (20%) loss=54149.4956 elapsed=38s eta=151s
  [kd_dual_equal_fair] [epoch 9/100] batch 90/300 (30%) loss=54559.0003 elapsed=56s eta=131s
  [kd_dual_equal_fair] [epoch 9/100] batch 120/300 (40%) loss=58206.5123 elapsed=75s eta=112s
  [kd_dual_equal_fair] [epoch 9/100] batch 150/300 (50%) loss=59080.0597 elapsed=93s eta=93s
  [kd_dual_equal_fair] [epoch 9/100] batch 180/300 (60%) loss=58930.7704 elapsed=112s eta=75s
  [kd_dual_equal_fair] [epoch 9/100] batch 210/300 (70%) loss=58348.9181 elapsed=131s eta=56s
  [kd_dual_equal_fair] [epoch 9/100] batch 240/300 (80%) loss=57466.0801 elapsed=150s eta=37s
  [kd_dual_equal_fair] [epoch 9/100] batch 270/300 (90%) loss=56795.9640 elapsed=168s eta=19s
  [kd_dual_equal_fair] [epoch 9/100] batch 300/300 (100%) loss=56205.3657 elapsed=187s eta=0s
[kd_dual_equal_fair] [sampler] sampled: {0: 400, 1: 400, 2: 400} total=1200 spalling_ratio=24.33%
[kd_dual_equal_fair] [sampler] unique: {0: 400, 1: 400, 2: 400} unique_total=1200 dup_ratio=1.00x
[kd_dual_equal_fair] [epoch 009/100] remain=91 epochs ep_eta=292.3min (avg 193s/ep)
[kd_dual_equal_fair] [epoch 009/100] lr=0.000060  dt=187.1s
  train loss=56205.3657  ce=0.2241 dice=0.3503  tversky=0.0000 bd=0.0000  cldice=0.0000 snake=0.0000
  val   skipped (next val at epoch 10)
[kd_dual_equal_fair] [curriculum] epoch 10: stage=0 tiers=[0] pool={0: 400, 1: 0, 2: 0}
  [kd_dual_equal_fair] [epoch 10/100] batch 30/300 (10%) loss=53318.5063 elapsed=19s eta=174s
  [kd_dual_equal_fair] [epoch 10/100] batch 60/300 (20%) loss=46986.5776 elapsed=38s eta=151s
  [kd_dual_equal_fair] [epoch 10/100] batch 90/300 (30%) loss=46391.8274 elapsed=57s eta=132s
  [kd_dual_equal_fair] [epoch 10/100] batch 120/300 (40%) loss=48086.0777 elapsed=75s eta=113s
  [kd_dual_equal_fair] [epoch 10/100] batch 150/300 (50%) loss=47876.6686 elapsed=94s eta=94s
  [kd_dual_equal_fair] [epoch 10/100] batch 180/300 (60%) loss=47603.7229 elapsed=113s eta=75s
  [kd_dual_equal_fair] [epoch 10/100] batch 210/300 (70%) loss=46599.0399 elapsed=132s eta=56s
  [kd_dual_equal_fair] [epoch 10/100] batch 240/300 (80%) loss=46063.3440 elapsed=150s eta=38s
  [kd_dual_equal_fair] [epoch 10/100] batch 270/300 (90%) loss=45815.9394 elapsed=169s eta=19s
  [kd_dual_equal_fair] [epoch 10/100] batch 300/300 (100%) loss=44937.7422 elapsed=188s eta=0s
[kd_dual_equal_fair] [sampler] sampled: {0: 400, 1: 400, 2: 400} total=1200 spalling_ratio=24.33%
[kd_dual_equal_fair] [sampler] unique: {0: 400, 1: 400, 2: 400} unique_total=1200 dup_ratio=1.00x
[kd_dual_equal_fair] [epoch 010/100] remain=90 epochs ep_eta=290.0min (avg 193s/ep)
[kd_dual_equal_fair] [epoch 010/100] lr=0.000060  dt=197.7s
  train loss=44937.7422  ce=0.1946 dice=0.3076  tversky=0.0000 bd=0.0000  cldice=0.0000 snake=0.0000
  val   loss=0.2786
  IoU   bg=0.9736  crack=0.5344  spalling=0.7503  | mIoU_fg=0.6423  pix_acc=0.9742
  Dice  bg=0.9866  crack=0.6966  spalling=0.8573
  BF1   crack=0.6967  spalling=0.5891  | BF1_fg_mean=0.6429
  [kd_dual_equal_fair] [best] mIoU_fg=0.6423  saved -> best.pt
[kd_dual_equal_fair] [curriculum] epoch 11: stage=0 tiers=[0] pool={0: 400, 1: 0, 2: 0}
  [kd_dual_equal_fair] [epoch 11/100] batch 30/300 (10%) loss=35572.8975 elapsed=19s eta=173s
  [kd_dual_equal_fair] [epoch 11/100] batch 60/300 (20%) loss=39435.4397 elapsed=38s eta=152s
  [kd_dual_equal_fair] [epoch 11/100] batch 90/300 (30%) loss=39154.7851 elapsed=57s eta=132s
  [kd_dual_equal_fair] [epoch 11/100] batch 120/300 (40%) loss=39022.6765 elapsed=75s eta=113s
  [kd_dual_equal_fair] [epoch 11/100] batch 150/300 (50%) loss=38833.8556 elapsed=94s eta=94s
  [kd_dual_equal_fair] [epoch 11/100] batch 180/300 (60%) loss=39122.2617 elapsed=113s eta=75s
  [kd_dual_equal_fair] [epoch 11/100] batch 210/300 (70%) loss=39089.6818 elapsed=131s eta=56s
  [kd_dual_equal_fair] [epoch 11/100] batch 240/300 (80%) loss=39111.9403 elapsed=150s eta=37s
  [kd_dual_equal_fair] [epoch 11/100] batch 270/300 (90%) loss=38980.1090 elapsed=168s eta=19s
  [kd_dual_equal_fair] [epoch 11/100] batch 300/300 (100%) loss=38834.1395 elapsed=187s eta=0s
[kd_dual_equal_fair] [sampler] sampled: {0: 400, 1: 400, 2: 400} total=1200 spalling_ratio=24.33%
[kd_dual_equal_fair] [sampler] unique: {0: 400, 1: 400, 2: 400} unique_total=1200 dup_ratio=1.00x
[kd_dual_equal_fair] [epoch 011/100] remain=89 epochs ep_eta=286.5min (avg 193s/ep)
[kd_dual_equal_fair] [epoch 011/100] lr=0.000059  dt=187.3s
  train loss=38834.1395  ce=0.1814 dice=0.2980  tversky=0.0000 bd=0.0000  cldice=0.0000 snake=0.0000
  val   skipped (next val at epoch 15)
[kd_dual_equal_fair] [curriculum] epoch 12: stage=0 tiers=[0] pool={0: 400, 1: 0, 2: 0}
  [kd_dual_equal_fair] [epoch 12/100] batch 30/300 (10%) loss=38472.9453 elapsed=19s eta=175s
  [kd_dual_equal_fair] [epoch 12/100] batch 60/300 (20%) loss=35904.7501 elapsed=38s eta=152s
  [kd_dual_equal_fair] [epoch 12/100] batch 90/300 (30%) loss=35804.3646 elapsed=57s eta=132s
  [kd_dual_equal_fair] [epoch 12/100] batch 120/300 (40%) loss=35689.3179 elapsed=75s eta=113s
  [kd_dual_equal_fair] [epoch 12/100] batch 150/300 (50%) loss=34818.3362 elapsed=94s eta=94s
  [kd_dual_equal_fair] [epoch 12/100] batch 180/300 (60%) loss=34310.3194 elapsed=113s eta=75s
  [kd_dual_equal_fair] [epoch 12/100] batch 210/300 (70%) loss=34250.1749 elapsed=131s eta=56s
  [kd_dual_equal_fair] [epoch 12/100] batch 240/300 (80%) loss=33974.7370 elapsed=150s eta=37s
  [kd_dual_equal_fair] [epoch 12/100] batch 270/300 (90%) loss=33878.4646 elapsed=169s eta=19s
  [kd_dual_equal_fair] [epoch 12/100] batch 300/300 (100%) loss=33780.2459 elapsed=187s eta=0s
[kd_dual_equal_fair] [sampler] sampled: {0: 400, 1: 400, 2: 400} total=1200 spalling_ratio=24.33%
[kd_dual_equal_fair] [sampler] unique: {0: 400, 1: 400, 2: 400} unique_total=1200 dup_ratio=1.00x
[kd_dual_equal_fair] [epoch 012/100] remain=88 epochs ep_eta=282.7min (avg 193s/ep)
[kd_dual_equal_fair] [epoch 012/100] lr=0.000059  dt=187.5s
  train loss=33780.2459  ce=0.1725 dice=0.2756  tversky=0.0000 bd=0.0000  cldice=0.0000 snake=0.0000
  val   skipped (next val at epoch 15)
[kd_dual_equal_fair] [curriculum] epoch 13: stage=0 tiers=[0] pool={0: 400, 1: 0, 2: 0}
  [kd_dual_equal_fair] [epoch 13/100] batch 30/300 (10%) loss=30111.8715 elapsed=19s eta=174s
  [kd_dual_equal_fair] [epoch 13/100] batch 60/300 (20%) loss=31713.5903 elapsed=38s eta=152s
  [kd_dual_equal_fair] [epoch 13/100] batch 90/300 (30%) loss=31823.6737 elapsed=56s eta=132s
  [kd_dual_equal_fair] [epoch 13/100] batch 120/300 (40%) loss=31409.1539 elapsed=75s eta=112s
  [kd_dual_equal_fair] [epoch 13/100] batch 150/300 (50%) loss=31087.0827 elapsed=94s eta=94s
  [kd_dual_equal_fair] [epoch 13/100] batch 180/300 (60%) loss=31194.1900 elapsed=112s eta=75s
  [kd_dual_equal_fair] [epoch 13/100] batch 210/300 (70%) loss=30818.4981 elapsed=131s eta=56s
  [kd_dual_equal_fair] [epoch 13/100] batch 240/300 (80%) loss=30693.4346 elapsed=150s eta=37s
  [kd_dual_equal_fair] [epoch 13/100] batch 270/300 (90%) loss=30931.1941 elapsed=168s eta=19s
  [kd_dual_equal_fair] [epoch 13/100] batch 300/300 (100%) loss=30791.0489 elapsed=187s eta=0s
[kd_dual_equal_fair] [sampler] sampled: {0: 400, 1: 400, 2: 400} total=1200 spalling_ratio=24.33%
[kd_dual_equal_fair] [sampler] unique: {0: 400, 1: 400, 2: 400} unique_total=1200 dup_ratio=1.00x
[kd_dual_equal_fair] [epoch 013/100] remain=87 epochs ep_eta=279.1min (avg 192s/ep)
[kd_dual_equal_fair] [epoch 013/100] lr=0.000059  dt=187.3s
  train loss=30791.0489  ce=0.1674 dice=0.2703  tversky=0.0000 bd=0.0000  cldice=0.0000 snake=0.0000
  val   skipped (next val at epoch 15)
[kd_dual_equal_fair] [curriculum] epoch 14: stage=0 tiers=[0] pool={0: 400, 1: 0, 2: 0}
  [kd_dual_equal_fair] [epoch 14/100] batch 30/300 (10%) loss=27395.6163 elapsed=19s eta=172s
  [kd_dual_equal_fair] [epoch 14/100] batch 60/300 (20%) loss=29850.7160 elapsed=38s eta=151s
  [kd_dual_equal_fair] [epoch 14/100] batch 90/300 (30%) loss=28549.2658 elapsed=56s eta=131s
  [kd_dual_equal_fair] [epoch 14/100] batch 120/300 (40%) loss=28363.4111 elapsed=75s eta=112s
  [kd_dual_equal_fair] [epoch 14/100] batch 150/300 (50%) loss=28816.9034 elapsed=93s eta=93s
  [kd_dual_equal_fair] [epoch 14/100] batch 180/300 (60%) loss=29077.8051 elapsed=112s eta=74s
  [kd_dual_equal_fair] [epoch 14/100] batch 210/300 (70%) loss=29579.4213 elapsed=130s eta=56s
  [kd_dual_equal_fair] [epoch 14/100] batch 240/300 (80%) loss=29508.8758 elapsed=149s eta=37s
  [kd_dual_equal_fair] [epoch 14/100] batch 270/300 (90%) loss=29364.8041 elapsed=168s eta=19s
  [kd_dual_equal_fair] [epoch 14/100] batch 300/300 (100%) loss=29073.2388 elapsed=186s eta=0s
[kd_dual_equal_fair] [sampler] sampled: {0: 400, 1: 400, 2: 400} total=1200 spalling_ratio=24.33%
[kd_dual_equal_fair] [sampler] unique: {0: 400, 1: 400, 2: 400} unique_total=1200 dup_ratio=1.00x
[kd_dual_equal_fair] [epoch 014/100] remain=86 epochs ep_eta=275.4min (avg 192s/ep)
[kd_dual_equal_fair] [epoch 014/100] lr=0.000059  dt=186.6s
  train loss=29073.2388  ce=0.1692 dice=0.2713  tversky=0.0000 bd=0.0000  cldice=0.0000 snake=0.0000
  val   skipped (next val at epoch 15)
[kd_dual_equal_fair] [curriculum] epoch 15: stage=0 tiers=[0] pool={0: 400, 1: 0, 2: 0}
  [kd_dual_equal_fair] [epoch 15/100] batch 30/300 (10%) loss=27063.1561 elapsed=19s eta=173s
  [kd_dual_equal_fair] [epoch 15/100] batch 60/300 (20%) loss=27140.3450 elapsed=38s eta=151s
  [kd_dual_equal_fair] [epoch 15/100] batch 90/300 (30%) loss=31938.1071 elapsed=57s eta=132s
  [kd_dual_equal_fair] [epoch 15/100] batch 120/300 (40%) loss=32075.6417 elapsed=76s eta=113s
  [kd_dual_equal_fair] [epoch 15/100] batch 150/300 (50%) loss=31769.9853 elapsed=94s eta=94s
  [kd_dual_equal_fair] [epoch 15/100] batch 180/300 (60%) loss=30428.8667 elapsed=113s eta=75s
  [kd_dual_equal_fair] [epoch 15/100] batch 210/300 (70%) loss=29633.2785 elapsed=131s eta=56s
  [kd_dual_equal_fair] [epoch 15/100] batch 240/300 (80%) loss=29117.5272 elapsed=150s eta=37s
  [kd_dual_equal_fair] [epoch 15/100] batch 270/300 (90%) loss=29260.0928 elapsed=169s eta=19s
  [kd_dual_equal_fair] [epoch 15/100] batch 300/300 (100%) loss=28850.9671 elapsed=187s eta=0s
[kd_dual_equal_fair] [sampler] sampled: {0: 400, 1: 400, 2: 400} total=1200 spalling_ratio=24.33%
[kd_dual_equal_fair] [sampler] unique: {0: 400, 1: 400, 2: 400} unique_total=1200 dup_ratio=1.00x
[kd_dual_equal_fair] [epoch 015/100] remain=85 epochs ep_eta=272.8min (avg 193s/ep)
[kd_dual_equal_fair] [epoch 015/100] lr=0.000058  dt=196.9s
  train loss=28850.9671  ce=0.1742 dice=0.2622  tversky=0.0000 bd=0.0000  cldice=0.0000 snake=0.0000
  val   loss=0.2644
  IoU   bg=0.9766  crack=0.5519  spalling=0.7918  | mIoU_fg=0.6719  pix_acc=0.9770
  Dice  bg=0.9882  crack=0.7113  spalling=0.8838
  BF1   crack=0.7195  spalling=0.5874  | BF1_fg_mean=0.6534
  [kd_dual_equal_fair] [best] mIoU_fg=0.6719  saved -> best.pt
[kd_dual_equal_fair] [curriculum] epoch 16: stage=0 tiers=[0] pool={0: 400, 1: 0, 2: 0}
  [kd_dual_equal_fair] [epoch 16/100] batch 30/300 (10%) loss=22905.8557 elapsed=19s eta=175s
  [kd_dual_equal_fair] [epoch 16/100] batch 60/300 (20%) loss=23279.8754 elapsed=38s eta=152s
  [kd_dual_equal_fair] [epoch 16/100] batch 90/300 (30%) loss=25043.1724 elapsed=57s eta=132s
  [kd_dual_equal_fair] [epoch 16/100] batch 120/300 (40%) loss=23994.0189 elapsed=75s eta=113s
  [kd_dual_equal_fair] [epoch 16/100] batch 150/300 (50%) loss=23499.9550 elapsed=94s eta=94s
  [kd_dual_equal_fair] [epoch 16/100] batch 180/300 (60%) loss=23695.7559 elapsed=113s eta=75s
  [kd_dual_equal_fair] [epoch 16/100] batch 210/300 (70%) loss=23510.2910 elapsed=131s eta=56s
  [kd_dual_equal_fair] [epoch 16/100] batch 240/300 (80%) loss=25359.1376 elapsed=150s eta=38s
  [kd_dual_equal_fair] [epoch 16/100] batch 270/300 (90%) loss=26117.2220 elapsed=169s eta=19s
  [kd_dual_equal_fair] [epoch 16/100] batch 300/300 (100%) loss=28190.4556 elapsed=187s eta=0s
[kd_dual_equal_fair] [sampler] sampled: {0: 400, 1: 400, 2: 400} total=1200 spalling_ratio=24.33%
[kd_dual_equal_fair] [sampler] unique: {0: 400, 1: 400, 2: 400} unique_total=1200 dup_ratio=1.00x
[kd_dual_equal_fair] [epoch 016/100] remain=84 epochs ep_eta=269.6min (avg 193s/ep)
[kd_dual_equal_fair] [epoch 016/100] lr=0.000058  dt=187.6s
  train loss=28190.4556  ce=0.1747 dice=0.2624  tversky=0.0000 bd=0.0000  cldice=0.0000 snake=0.0000
  val   skipped (next val at epoch 20)
[kd_dual_equal_fair] [curriculum] epoch 17: stage=0 tiers=[0] pool={0: 400, 1: 0, 2: 0}
  [kd_dual_equal_fair] [epoch 17/100] batch 30/300 (10%) loss=28328.8129 elapsed=19s eta=173s
  [kd_dual_equal_fair] [epoch 17/100] batch 60/300 (20%) loss=37060.7505 elapsed=38s eta=152s
  [kd_dual_equal_fair] [epoch 17/100] batch 90/300 (30%) loss=56899.4034 elapsed=56s eta=132s
  [kd_dual_equal_fair] [epoch 17/100] batch 120/300 (40%) loss=55557.9996 elapsed=75s eta=113s
  [kd_dual_equal_fair] [epoch 17/100] batch 150/300 (50%) loss=51952.5006 elapsed=94s eta=94s
  [kd_dual_equal_fair] [epoch 17/100] batch 180/300 (60%) loss=47667.8824 elapsed=113s eta=75s
  [kd_dual_equal_fair] [epoch 17/100] batch 210/300 (70%) loss=45294.9685 elapsed=131s eta=56s
  [kd_dual_equal_fair] [epoch 17/100] batch 240/300 (80%) loss=44379.9200 elapsed=150s eta=38s
  [kd_dual_equal_fair] [epoch 17/100] batch 270/300 (90%) loss=43168.1130 elapsed=169s eta=19s
  [kd_dual_equal_fair] [epoch 17/100] batch 300/300 (100%) loss=41603.1216 elapsed=188s eta=0s
[kd_dual_equal_fair] [sampler] sampled: {0: 400, 1: 400, 2: 400} total=1200 spalling_ratio=24.33%
[kd_dual_equal_fair] [sampler] unique: {0: 400, 1: 400, 2: 400} unique_total=1200 dup_ratio=1.00x
[kd_dual_equal_fair] [epoch 017/100] remain=83 epochs ep_eta=266.1min (avg 192s/ep)
[kd_dual_equal_fair] [epoch 017/100] lr=0.000058  dt=187.8s
  train loss=41603.1216  ce=0.2640 dice=0.3054  tversky=0.0000 bd=0.0000  cldice=0.0000 snake=0.0000
  val   skipped (next val at epoch 20)
[kd_dual_equal_fair] [curriculum] epoch 18: stage=0 tiers=[0] pool={0: 400, 1: 0, 2: 0}
  [kd_dual_equal_fair] [epoch 18/100] batch 30/300 (10%) loss=23646.9101 elapsed=19s eta=174s
  [kd_dual_equal_fair] [epoch 18/100] batch 60/300 (20%) loss=23420.9247 elapsed=38s eta=151s
  [kd_dual_equal_fair] [epoch 18/100] batch 90/300 (30%) loss=24868.6075 elapsed=56s eta=132s
  [kd_dual_equal_fair] [epoch 18/100] batch 120/300 (40%) loss=23725.8114 elapsed=75s eta=112s
  [kd_dual_equal_fair] [epoch 18/100] batch 150/300 (50%) loss=24138.2149 elapsed=94s eta=94s
  [kd_dual_equal_fair] [epoch 18/100] batch 180/300 (60%) loss=24423.2221 elapsed=112s eta=75s
  [kd_dual_equal_fair] [epoch 18/100] batch 210/300 (70%) loss=25141.7096 elapsed=131s eta=56s
  [kd_dual_equal_fair] [epoch 18/100] batch 240/300 (80%) loss=25655.5173 elapsed=150s eta=37s
  [kd_dual_equal_fair] [epoch 18/100] batch 270/300 (90%) loss=25998.4071 elapsed=168s eta=19s
  [kd_dual_equal_fair] [epoch 18/100] batch 300/300 (100%) loss=26151.3858 elapsed=187s eta=0s
[kd_dual_equal_fair] [sampler] sampled: {0: 400, 1: 400, 2: 400} total=1200 spalling_ratio=24.33%
[kd_dual_equal_fair] [sampler] unique: {0: 400, 1: 400, 2: 400} unique_total=1200 dup_ratio=1.00x
[kd_dual_equal_fair] [epoch 018/100] remain=82 epochs ep_eta=262.6min (avg 192s/ep)
[kd_dual_equal_fair] [epoch 018/100] lr=0.000057  dt=187.4s
  train loss=26151.3858  ce=0.1637 dice=0.2649  tversky=0.0000 bd=0.0000  cldice=0.0000 snake=0.0000
  val   skipped (next val at epoch 20)
[kd_dual_equal_fair] [curriculum] epoch 19: stage=0 tiers=[0] pool={0: 400, 1: 0, 2: 0}
  [kd_dual_equal_fair] [epoch 19/100] batch 30/300 (10%) loss=25180.4578 elapsed=19s eta=174s
  [kd_dual_equal_fair] [epoch 19/100] batch 60/300 (20%) loss=24588.2021 elapsed=38s eta=151s
  [kd_dual_equal_fair] [epoch 19/100] batch 90/300 (30%) loss=23969.5764 elapsed=57s eta=132s
  [kd_dual_equal_fair] [epoch 19/100] batch 120/300 (40%) loss=23501.0319 elapsed=75s eta=113s
  [kd_dual_equal_fair] [epoch 19/100] batch 150/300 (50%) loss=23431.0855 elapsed=94s eta=94s
  [kd_dual_equal_fair] [epoch 19/100] batch 180/300 (60%) loss=23208.8107 elapsed=113s eta=75s
  [kd_dual_equal_fair] [epoch 19/100] batch 210/300 (70%) loss=22868.6617 elapsed=131s eta=56s
  [kd_dual_equal_fair] [epoch 19/100] batch 240/300 (80%) loss=22744.7461 elapsed=150s eta=37s
  [kd_dual_equal_fair] [epoch 19/100] batch 270/300 (90%) loss=22535.1716 elapsed=169s eta=19s
  [kd_dual_equal_fair] [epoch 19/100] batch 300/300 (100%) loss=22317.9369 elapsed=188s eta=0s
[kd_dual_equal_fair] [sampler] sampled: {0: 400, 1: 400, 2: 400} total=1200 spalling_ratio=24.33%
[kd_dual_equal_fair] [sampler] unique: {0: 400, 1: 400, 2: 400} unique_total=1200 dup_ratio=1.00x
[kd_dual_equal_fair] [epoch 019/100] remain=81 epochs ep_eta=259.2min (avg 192s/ep)
[kd_dual_equal_fair] [epoch 019/100] lr=0.000057  dt=187.8s
  train loss=22317.9369  ce=0.1481 dice=0.2439  tversky=0.0000 bd=0.0000  cldice=0.0000 snake=0.0000
  val   skipped (next val at epoch 20)
[kd_dual_equal_fair] [curriculum] epoch 20: stage=0 tiers=[0] pool={0: 400, 1: 0, 2: 0}
  [kd_dual_equal_fair] [epoch 20/100] batch 30/300 (10%) loss=22067.3929 elapsed=20s eta=177s
  [kd_dual_equal_fair] [epoch 20/100] batch 60/300 (20%) loss=20844.6764 elapsed=39s eta=154s
  [kd_dual_equal_fair] [epoch 20/100] batch 90/300 (30%) loss=20436.8813 elapsed=58s eta=135s
  [kd_dual_equal_fair] [epoch 20/100] batch 120/300 (40%) loss=20336.5529 elapsed=77s eta=115s
  [kd_dual_equal_fair] [epoch 20/100] batch 150/300 (50%) loss=20319.2217 elapsed=96s eta=96s
  [kd_dual_equal_fair] [epoch 20/100] batch 180/300 (60%) loss=20187.2966 elapsed=115s eta=77s
  [kd_dual_equal_fair] [epoch 20/100] batch 210/300 (70%) loss=19993.5882 elapsed=134s eta=58s
  [kd_dual_equal_fair] [epoch 20/100] batch 240/300 (80%) loss=20326.6858 elapsed=153s eta=38s
  [kd_dual_equal_fair] [epoch 20/100] batch 270/300 (90%) loss=20261.0240 elapsed=172s eta=19s
  [kd_dual_equal_fair] [epoch 20/100] batch 300/300 (100%) loss=20241.9059 elapsed=191s eta=0s
[kd_dual_equal_fair] [sampler] sampled: {0: 400, 1: 400, 2: 400} total=1200 spalling_ratio=24.33%
[kd_dual_equal_fair] [sampler] unique: {0: 400, 1: 400, 2: 400} unique_total=1200 dup_ratio=1.00x
[kd_dual_equal_fair] [epoch 020/100] remain=80 epochs ep_eta=256.8min (avg 193s/ep)
[kd_dual_equal_fair] [epoch 020/100] lr=0.000056  dt=201.4s
  train loss=20241.9059  ce=0.1394 dice=0.2456  tversky=0.0000 bd=0.0000  cldice=0.0000 snake=0.0000
  val   loss=0.2326
  IoU   bg=0.9769  crack=0.5696  spalling=0.8267  | mIoU_fg=0.6982  pix_acc=0.9775
  Dice  bg=0.9883  crack=0.7258  spalling=0.9051
  BF1   crack=0.7343  spalling=0.5833  | BF1_fg_mean=0.6588
  [kd_dual_equal_fair] [best] mIoU_fg=0.6982  saved -> best.pt
[kd_dual_equal_fair] [curriculum] epoch 21: stage=0 tiers=[0] pool={0: 400, 1: 0, 2: 0}
  [kd_dual_equal_fair] [epoch 21/100] batch 30/300 (10%) loss=18424.6694 elapsed=20s eta=179s
  [kd_dual_equal_fair] [epoch 21/100] batch 60/300 (20%) loss=18244.3099 elapsed=39s eta=155s
  [kd_dual_equal_fair] [epoch 21/100] batch 90/300 (30%) loss=18425.6998 elapsed=58s eta=135s
  [kd_dual_equal_fair] [epoch 21/100] batch 120/300 (40%) loss=18631.3039 elapsed=77s eta=115s
  [kd_dual_equal_fair] [epoch 21/100] batch 150/300 (50%) loss=18548.2033 elapsed=96s eta=96s
  [kd_dual_equal_fair] [epoch 21/100] batch 180/300 (60%) loss=18664.6512 elapsed=115s eta=76s
  [kd_dual_equal_fair] [epoch 21/100] batch 210/300 (70%) loss=18740.1659 elapsed=134s eta=57s
  [kd_dual_equal_fair] [epoch 21/100] batch 240/300 (80%) loss=18804.9688 elapsed=152s eta=38s
  [kd_dual_equal_fair] [epoch 21/100] batch 270/300 (90%) loss=18992.4896 elapsed=171s eta=19s
  [kd_dual_equal_fair] [epoch 21/100] batch 300/300 (100%) loss=18871.3794 elapsed=190s eta=0s
[kd_dual_equal_fair] [sampler] sampled: {0: 400, 1: 400, 2: 400} total=1200 spalling_ratio=24.33%
[kd_dual_equal_fair] [sampler] unique: {0: 400, 1: 400, 2: 400} unique_total=1200 dup_ratio=1.00x
[kd_dual_equal_fair] [epoch 021/100] remain=79 epochs ep_eta=253.7min (avg 193s/ep)
[kd_dual_equal_fair] [epoch 021/100] lr=0.000056  dt=190.5s
  train loss=18871.3794  ce=0.1342 dice=0.2280  tversky=0.0000 bd=0.0000  cldice=0.0000 snake=0.0000
  val   skipped (next val at epoch 25)
[kd_dual_equal_fair] [curriculum] epoch 22: stage=0 tiers=[0] pool={0: 400, 1: 0, 2: 0}
  [kd_dual_equal_fair] [epoch 22/100] batch 30/300 (10%) loss=17587.8423 elapsed=20s eta=176s
  [kd_dual_equal_fair] [epoch 22/100] batch 60/300 (20%) loss=17708.9684 elapsed=38s eta=153s
  [kd_dual_equal_fair] [epoch 22/100] batch 90/300 (30%) loss=17579.5712 elapsed=57s eta=134s
  [kd_dual_equal_fair] [epoch 22/100] batch 120/300 (40%) loss=17526.2053 elapsed=76s eta=114s
  [kd_dual_equal_fair] [epoch 22/100] batch 150/300 (50%) loss=17233.6797 elapsed=95s eta=95s
  [kd_dual_equal_fair] [epoch 22/100] batch 180/300 (60%) loss=17234.3549 elapsed=114s eta=76s
  [kd_dual_equal_fair] [epoch 22/100] batch 210/300 (70%) loss=17135.2005 elapsed=133s eta=57s
  [kd_dual_equal_fair] [epoch 22/100] batch 240/300 (80%) loss=17307.0800 elapsed=152s eta=38s
  [kd_dual_equal_fair] [epoch 22/100] batch 270/300 (90%) loss=17555.8861 elapsed=171s eta=19s
  [kd_dual_equal_fair] [epoch 22/100] batch 300/300 (100%) loss=17714.9830 elapsed=191s eta=0s
[kd_dual_equal_fair] [sampler] sampled: {0: 400, 1: 400, 2: 400} total=1200 spalling_ratio=24.33%
[kd_dual_equal_fair] [sampler] unique: {0: 400, 1: 400, 2: 400} unique_total=1200 dup_ratio=1.00x
[kd_dual_equal_fair] [epoch 022/100] remain=78 epochs ep_eta=250.4min (avg 193s/ep)
[kd_dual_equal_fair] [epoch 022/100] lr=0.000055  dt=190.8s
  train loss=17714.9830  ce=0.1311 dice=0.2245  tversky=0.0000 bd=0.0000  cldice=0.0000 snake=0.0000
  val   skipped (next val at epoch 25)
[kd_dual_equal_fair] [curriculum] epoch 23: stage=0 tiers=[0] pool={0: 400, 1: 0, 2: 0}
  [kd_dual_equal_fair] [epoch 23/100] batch 30/300 (10%) loss=18301.0387 elapsed=20s eta=178s
  [kd_dual_equal_fair] [epoch 23/100] batch 60/300 (20%) loss=17307.1121 elapsed=39s eta=155s
  [kd_dual_equal_fair] [epoch 23/100] batch 90/300 (30%) loss=17420.8349 elapsed=58s eta=135s
  [kd_dual_equal_fair] [epoch 23/100] batch 120/300 (40%) loss=17790.7866 elapsed=77s eta=115s
  [kd_dual_equal_fair] [epoch 23/100] batch 150/300 (50%) loss=17653.3293 elapsed=96s eta=96s
  [kd_dual_equal_fair] [epoch 23/100] batch 180/300 (60%) loss=17572.1792 elapsed=115s eta=77s
  [kd_dual_equal_fair] [epoch 23/100] batch 210/300 (70%) loss=17612.9199 elapsed=134s eta=57s
  [kd_dual_equal_fair] [epoch 23/100] batch 240/300 (80%) loss=17460.6785 elapsed=153s eta=38s
  [kd_dual_equal_fair] [epoch 23/100] batch 270/300 (90%) loss=17584.8764 elapsed=172s eta=19s
  [kd_dual_equal_fair] [epoch 23/100] batch 300/300 (100%) loss=17546.3724 elapsed=191s eta=0s
[kd_dual_equal_fair] [sampler] sampled: {0: 400, 1: 400, 2: 400} total=1200 spalling_ratio=24.33%
[kd_dual_equal_fair] [sampler] unique: {0: 400, 1: 400, 2: 400} unique_total=1200 dup_ratio=1.00x
[kd_dual_equal_fair] [epoch 023/100] remain=77 epochs ep_eta=247.2min (avg 193s/ep)
[kd_dual_equal_fair] [epoch 023/100] lr=0.000055  dt=191.1s
  train loss=17546.3724  ce=0.1302 dice=0.2299  tversky=0.0000 bd=0.0000  cldice=0.0000 snake=0.0000
  val   skipped (next val at epoch 25)
[kd_dual_equal_fair] [curriculum] epoch 24: stage=0 tiers=[0] pool={0: 400, 1: 0, 2: 0}
  [kd_dual_equal_fair] [epoch 24/100] batch 30/300 (10%) loss=17495.0705 elapsed=20s eta=176s
  [kd_dual_equal_fair] [epoch 24/100] batch 60/300 (20%) loss=16219.1436 elapsed=38s eta=153s
  [kd_dual_equal_fair] [epoch 24/100] batch 90/300 (30%) loss=16515.0303 elapsed=57s eta=134s
  [kd_dual_equal_fair] [epoch 24/100] batch 120/300 (40%) loss=16403.2181 elapsed=76s eta=115s
  [kd_dual_equal_fair] [epoch 24/100] batch 150/300 (50%) loss=16707.6219 elapsed=95s eta=95s
  [kd_dual_equal_fair] [epoch 24/100] batch 180/300 (60%) loss=17111.7710 elapsed=114s eta=76s
  [kd_dual_equal_fair] [epoch 24/100] batch 210/300 (70%) loss=16999.0442 elapsed=133s eta=57s
  [kd_dual_equal_fair] [epoch 24/100] batch 240/300 (80%) loss=16922.7880 elapsed=152s eta=38s
  [kd_dual_equal_fair] [epoch 24/100] batch 270/300 (90%) loss=16901.5574 elapsed=171s eta=19s
  [kd_dual_equal_fair] [epoch 24/100] batch 300/300 (100%) loss=16916.7254 elapsed=190s eta=0s
[kd_dual_equal_fair] [sampler] sampled: {0: 400, 1: 400, 2: 400} total=1200 spalling_ratio=24.33%
[kd_dual_equal_fair] [sampler] unique: {0: 400, 1: 400, 2: 400} unique_total=1200 dup_ratio=1.00x
[kd_dual_equal_fair] [epoch 024/100] remain=76 epochs ep_eta=244.0min (avg 193s/ep)
[kd_dual_equal_fair] [epoch 024/100] lr=0.000054  dt=190.2s
  train loss=16916.7254  ce=0.1278 dice=0.2232  tversky=0.0000 bd=0.0000  cldice=0.0000 snake=0.0000
  val   skipped (next val at epoch 25)
[kd_dual_equal_fair] [curriculum] epoch 25: stage=0 tiers=[0] pool={0: 400, 1: 0, 2: 0}
  [kd_dual_equal_fair] [epoch 25/100] batch 30/300 (10%) loss=15984.1433 elapsed=19s eta=175s
  [kd_dual_equal_fair] [epoch 25/100] batch 60/300 (20%) loss=16307.4014 elapsed=38s eta=154s
  [kd_dual_equal_fair] [epoch 25/100] batch 90/300 (30%) loss=15825.3990 elapsed=57s eta=133s
  [kd_dual_equal_fair] [epoch 25/100] batch 120/300 (40%) loss=16281.7511 elapsed=76s eta=114s
  [kd_dual_equal_fair] [epoch 25/100] batch 150/300 (50%) loss=16208.6425 elapsed=95s eta=95s
  [kd_dual_equal_fair] [epoch 25/100] batch 180/300 (60%) loss=16330.4819 elapsed=114s eta=76s
  [kd_dual_equal_fair] [epoch 25/100] batch 210/300 (70%) loss=16344.9192 elapsed=133s eta=57s
  [kd_dual_equal_fair] [epoch 25/100] batch 240/300 (80%) loss=16217.4521 elapsed=152s eta=38s
  [kd_dual_equal_fair] [epoch 25/100] batch 270/300 (90%) loss=16206.5994 elapsed=171s eta=19s
  [kd_dual_equal_fair] [epoch 25/100] batch 300/300 (100%) loss=16114.7261 elapsed=190s eta=0s
[kd_dual_equal_fair] [sampler] sampled: {0: 400, 1: 400, 2: 400} total=1200 spalling_ratio=24.33%
[kd_dual_equal_fair] [sampler] unique: {0: 400, 1: 400, 2: 400} unique_total=1200 dup_ratio=1.00x
[kd_dual_equal_fair] [epoch 025/100] remain=75 epochs ep_eta=241.2min (avg 193s/ep)
[kd_dual_equal_fair] [epoch 025/100] lr=0.000054  dt=199.8s
  train loss=16114.7261  ce=0.1245 dice=0.2253  tversky=0.0000 bd=0.0000  cldice=0.0000 snake=0.0000
  val   loss=0.2267
  IoU   bg=0.9761  crack=0.5678  spalling=0.8175  | mIoU_fg=0.6926  pix_acc=0.9767
  Dice  bg=0.9879  crack=0.7243  spalling=0.8996
  BF1   crack=0.7332  spalling=0.5781  | BF1_fg_mean=0.6557
[kd_dual_equal_fair] [curriculum] epoch 26: stage=0 tiers=[0] pool={0: 400, 1: 0, 2: 0}
  [kd_dual_equal_fair] [epoch 26/100] batch 30/300 (10%) loss=16149.3940 elapsed=20s eta=178s
  [kd_dual_equal_fair] [epoch 26/100] batch 60/300 (20%) loss=17092.5560 elapsed=39s eta=155s
  [kd_dual_equal_fair] [epoch 26/100] batch 90/300 (30%) loss=16927.2452 elapsed=58s eta=135s
  [kd_dual_equal_fair] [epoch 26/100] batch 120/300 (40%) loss=16777.0678 elapsed=77s eta=115s
  [kd_dual_equal_fair] [epoch 26/100] batch 150/300 (50%) loss=16241.9609 elapsed=96s eta=96s
  [kd_dual_equal_fair] [epoch 26/100] batch 180/300 (60%) loss=16025.3189 elapsed=115s eta=76s
  [kd_dual_equal_fair] [epoch 26/100] batch 210/300 (70%) loss=16001.4571 elapsed=134s eta=57s
  [kd_dual_equal_fair] [epoch 26/100] batch 240/300 (80%) loss=15848.5970 elapsed=153s eta=38s
  [kd_dual_equal_fair] [epoch 26/100] batch 270/300 (90%) loss=15675.8515 elapsed=172s eta=19s
  [kd_dual_equal_fair] [epoch 26/100] batch 300/300 (100%) loss=15641.1359 elapsed=190s eta=0s
[kd_dual_equal_fair] [sampler] sampled: {0: 400, 1: 400, 2: 400} total=1200 spalling_ratio=24.33%
[kd_dual_equal_fair] [sampler] unique: {0: 400, 1: 400, 2: 400} unique_total=1200 dup_ratio=1.00x
[kd_dual_equal_fair] [epoch 026/100] remain=74 epochs ep_eta=238.0min (avg 193s/ep)
[kd_dual_equal_fair] [epoch 026/100] lr=0.000053  dt=190.6s
  train loss=15641.1359  ce=0.1230 dice=0.2234  tversky=0.0000 bd=0.0000  cldice=0.0000 snake=0.0000
  val   skipped (next val at epoch 30)
[kd_dual_equal_fair] [curriculum] epoch 27: stage=0 tiers=[0] pool={0: 400, 1: 0, 2: 0}
  [kd_dual_equal_fair] [epoch 27/100] batch 30/300 (10%) loss=14595.3766 elapsed=20s eta=177s
  [kd_dual_equal_fair] [epoch 27/100] batch 60/300 (20%) loss=14818.5544 elapsed=39s eta=155s
  [kd_dual_equal_fair] [epoch 27/100] batch 90/300 (30%) loss=14706.0362 elapsed=58s eta=135s
  [kd_dual_equal_fair] [epoch 27/100] batch 120/300 (40%) loss=14999.2992 elapsed=77s eta=115s
  [kd_dual_equal_fair] [epoch 27/100] batch 150/300 (50%) loss=15069.1335 elapsed=96s eta=96s
  [kd_dual_equal_fair] [epoch 27/100] batch 180/300 (60%) loss=14784.7208 elapsed=115s eta=77s
  [kd_dual_equal_fair] [epoch 27/100] batch 210/300 (70%) loss=14700.5192 elapsed=134s eta=57s
  [kd_dual_equal_fair] [epoch 27/100] batch 240/300 (80%) loss=14646.2439 elapsed=152s eta=38s
  [kd_dual_equal_fair] [epoch 27/100] batch 270/300 (90%) loss=14633.1855 elapsed=172s eta=19s
  [kd_dual_equal_fair] [epoch 27/100] batch 300/300 (100%) loss=14690.1270 elapsed=190s eta=0s
[kd_dual_equal_fair] [sampler] sampled: {0: 400, 1: 400, 2: 400} total=1200 spalling_ratio=24.33%
[kd_dual_equal_fair] [sampler] unique: {0: 400, 1: 400, 2: 400} unique_total=1200 dup_ratio=1.00x
[kd_dual_equal_fair] [epoch 027/100] remain=73 epochs ep_eta=234.7min (avg 193s/ep)
[kd_dual_equal_fair] [epoch 027/100] lr=0.000052  dt=190.7s
  train loss=14690.1270  ce=0.1192 dice=0.2165  tversky=0.0000 bd=0.0000  cldice=0.0000 snake=0.0000
  val   skipped (next val at epoch 30)
[kd_dual_equal_fair] [curriculum] epoch 28: stage=0 tiers=[0] pool={0: 400, 1: 0, 2: 0}
  [kd_dual_equal_fair] [epoch 28/100] batch 30/300 (10%) loss=15523.1434 elapsed=20s eta=176s
  [kd_dual_equal_fair] [epoch 28/100] batch 60/300 (20%) loss=15262.5661 elapsed=38s eta=154s
  [kd_dual_equal_fair] [epoch 28/100] batch 90/300 (30%) loss=15277.8549 elapsed=57s eta=134s
  [kd_dual_equal_fair] [epoch 28/100] batch 120/300 (40%) loss=15272.7960 elapsed=76s eta=114s
  [kd_dual_equal_fair] [epoch 28/100] batch 150/300 (50%) loss=15208.3591 elapsed=95s eta=95s
  [kd_dual_equal_fair] [epoch 28/100] batch 180/300 (60%) loss=15102.8120 elapsed=114s eta=76s
  [kd_dual_equal_fair] [epoch 28/100] batch 210/300 (70%) loss=14956.7480 elapsed=133s eta=57s
  [kd_dual_equal_fair] [epoch 28/100] batch 240/300 (80%) loss=15010.5056 elapsed=152s eta=38s
  [kd_dual_equal_fair] [epoch 28/100] batch 270/300 (90%) loss=14991.1876 elapsed=171s eta=19s
  [kd_dual_equal_fair] [epoch 28/100] batch 300/300 (100%) loss=14872.9421 elapsed=190s eta=0s
[kd_dual_equal_fair] [sampler] sampled: {0: 400, 1: 400, 2: 400} total=1200 spalling_ratio=24.33%
[kd_dual_equal_fair] [sampler] unique: {0: 400, 1: 400, 2: 400} unique_total=1200 dup_ratio=1.00x
[kd_dual_equal_fair] [epoch 028/100] remain=72 epochs ep_eta=231.5min (avg 193s/ep)
[kd_dual_equal_fair] [epoch 028/100] lr=0.000052  dt=190.5s
  train loss=14872.9421  ce=0.1206 dice=0.2143  tversky=0.0000 bd=0.0000  cldice=0.0000 snake=0.0000
  val   skipped (next val at epoch 30)
[kd_dual_equal_fair] [curriculum] epoch 29: stage=0 tiers=[0] pool={0: 400, 1: 0, 2: 0}
  [kd_dual_equal_fair] [epoch 29/100] batch 30/300 (10%) loss=19242.9715 elapsed=20s eta=178s
  [kd_dual_equal_fair] [epoch 29/100] batch 60/300 (20%) loss=17645.1390 elapsed=39s eta=155s
  [kd_dual_equal_fair] [epoch 29/100] batch 90/300 (30%) loss=17253.8506 elapsed=58s eta=135s
  [kd_dual_equal_fair] [epoch 29/100] batch 120/300 (40%) loss=16673.8497 elapsed=77s eta=116s
  [kd_dual_equal_fair] [epoch 29/100] batch 150/300 (50%) loss=16172.3604 elapsed=96s eta=96s
  [kd_dual_equal_fair] [epoch 29/100] batch 180/300 (60%) loss=15895.5473 elapsed=115s eta=77s
  [kd_dual_equal_fair] [epoch 29/100] batch 210/300 (70%) loss=15599.7968 elapsed=134s eta=57s
  [kd_dual_equal_fair] [epoch 29/100] batch 240/300 (80%) loss=15423.6280 elapsed=153s eta=38s
  [kd_dual_equal_fair] [epoch 29/100] batch 270/300 (90%) loss=15231.8141 elapsed=171s eta=19s
  [kd_dual_equal_fair] [epoch 29/100] batch 300/300 (100%) loss=15092.2882 elapsed=190s eta=0s
[kd_dual_equal_fair] [sampler] sampled: {0: 400, 1: 400, 2: 400} total=1200 spalling_ratio=24.33%
[kd_dual_equal_fair] [sampler] unique: {0: 400, 1: 400, 2: 400} unique_total=1200 dup_ratio=1.00x
[kd_dual_equal_fair] [epoch 029/100] remain=71 epochs ep_eta=228.2min (avg 193s/ep)
[kd_dual_equal_fair] [epoch 029/100] lr=0.000051  dt=190.7s
  train loss=15092.2882  ce=0.1221 dice=0.2218  tversky=0.0000 bd=0.0000  cldice=0.0000 snake=0.0000
  val   skipped (next val at epoch 30)
[kd_dual_equal_fair] [curriculum] epoch 30: stage=1 tiers=[0, 1] pool={0: 400, 1: 400, 2: 0}
  [kd_dual_equal_fair] [epoch 30/100] batch 30/300 (10%) loss=13542.2481 elapsed=20s eta=179s
  [kd_dual_equal_fair] [epoch 30/100] batch 60/300 (20%) loss=13833.0835 elapsed=39s eta=155s
  [kd_dual_equal_fair] [epoch 30/100] batch 90/300 (30%) loss=14279.2651 elapsed=58s eta=135s
  [kd_dual_equal_fair] [epoch 30/100] batch 120/300 (40%) loss=13926.9730 elapsed=77s eta=115s
  [kd_dual_equal_fair] [epoch 30/100] batch 150/300 (50%) loss=13641.4212 elapsed=96s eta=96s
  [kd_dual_equal_fair] [epoch 30/100] batch 180/300 (60%) loss=13521.9749 elapsed=115s eta=77s
  [kd_dual_equal_fair] [epoch 30/100] batch 210/300 (70%) loss=13524.3047 elapsed=134s eta=57s
  [kd_dual_equal_fair] [epoch 30/100] batch 240/300 (80%) loss=13506.7105 elapsed=153s eta=38s
  [kd_dual_equal_fair] [epoch 30/100] batch 270/300 (90%) loss=13601.5943 elapsed=172s eta=19s
  [kd_dual_equal_fair] [epoch 30/100] batch 300/300 (100%) loss=13550.3499 elapsed=190s eta=0s
[kd_dual_equal_fair] [sampler] sampled: {0: 400, 1: 400, 2: 400} total=1200 spalling_ratio=24.33%
[kd_dual_equal_fair] [sampler] unique: {0: 400, 1: 400, 2: 400} unique_total=1200 dup_ratio=1.00x
[kd_dual_equal_fair] [epoch 030/100] remain=70 epochs ep_eta=225.4min (avg 193s/ep)
[kd_dual_equal_fair] [epoch 030/100] lr=0.000050  dt=200.1s
  train loss=13550.3499  ce=0.1137 dice=0.2100  tversky=0.0000 bd=0.0000  cldice=0.0000 snake=0.0000
  val   loss=0.2330
  IoU   bg=0.9765  crack=0.5664  spalling=0.8064  | mIoU_fg=0.6864  pix_acc=0.9770
  Dice  bg=0.9881  crack=0.7232  spalling=0.8928
  BF1   crack=0.7423  spalling=0.6355  | BF1_fg_mean=0.6889
[kd_dual_equal_fair] [curriculum] epoch 31: stage=1 tiers=[0, 1] pool={0: 400, 1: 400, 2: 0}
  [kd_dual_equal_fair] [epoch 31/100] batch 30/300 (10%) loss=13074.9539 elapsed=19s eta=174s
  [kd_dual_equal_fair] [epoch 31/100] batch 60/300 (20%) loss=13011.1992 elapsed=38s eta=153s
  [kd_dual_equal_fair] [epoch 31/100] batch 90/300 (30%) loss=13265.9999 elapsed=57s eta=134s
  [kd_dual_equal_fair] [epoch 31/100] batch 120/300 (40%) loss=12959.6195 elapsed=76s eta=114s
  [kd_dual_equal_fair] [epoch 31/100] batch 150/300 (50%) loss=13124.8489 elapsed=95s eta=95s
  [kd_dual_equal_fair] [epoch 31/100] batch 180/300 (60%) loss=13093.2874 elapsed=114s eta=76s
  [kd_dual_equal_fair] [epoch 31/100] batch 210/300 (70%) loss=13007.5841 elapsed=133s eta=57s
  [kd_dual_equal_fair] [epoch 31/100] batch 240/300 (80%) loss=13050.7213 elapsed=152s eta=38s
  [kd_dual_equal_fair] [epoch 31/100] batch 270/300 (90%) loss=13084.4724 elapsed=171s eta=19s
  [kd_dual_equal_fair] [epoch 31/100] batch 300/300 (100%) loss=13055.1321 elapsed=190s eta=0s
[kd_dual_equal_fair] [sampler] sampled: {0: 400, 1: 400, 2: 400} total=1200 spalling_ratio=24.33%
[kd_dual_equal_fair] [sampler] unique: {0: 400, 1: 400, 2: 400} unique_total=1200 dup_ratio=1.00x
[kd_dual_equal_fair] [epoch 031/100] remain=69 epochs ep_eta=222.2min (avg 193s/ep)
[kd_dual_equal_fair] [epoch 031/100] lr=0.000050  dt=190.4s
  train loss=13055.1321  ce=0.1127 dice=0.2138  tversky=0.0000 bd=0.0000  cldice=0.0000 snake=0.0000
  val   skipped (next val at epoch 35)
[kd_dual_equal_fair] [curriculum] epoch 32: stage=1 tiers=[0, 1] pool={0: 400, 1: 400, 2: 0}
  [kd_dual_equal_fair] [epoch 32/100] batch 30/300 (10%) loss=13587.0416 elapsed=20s eta=177s
  [kd_dual_equal_fair] [epoch 32/100] batch 60/300 (20%) loss=13393.5816 elapsed=39s eta=155s
  [kd_dual_equal_fair] [epoch 32/100] batch 90/300 (30%) loss=13170.5877 elapsed=58s eta=134s
  [kd_dual_equal_fair] [epoch 32/100] batch 120/300 (40%) loss=13046.3037 elapsed=76s eta=114s
  [kd_dual_equal_fair] [epoch 32/100] batch 150/300 (50%) loss=13088.4162 elapsed=95s eta=95s
  [kd_dual_equal_fair] [epoch 32/100] batch 180/300 (60%) loss=13040.1118 elapsed=114s eta=76s
  [kd_dual_equal_fair] [epoch 32/100] batch 210/300 (70%) loss=12884.9643 elapsed=133s eta=57s
  [kd_dual_equal_fair] [epoch 32/100] batch 240/300 (80%) loss=12792.6312 elapsed=152s eta=38s
  [kd_dual_equal_fair] [epoch 32/100] batch 270/300 (90%) loss=12804.2303 elapsed=171s eta=19s
  [kd_dual_equal_fair] [epoch 32/100] batch 300/300 (100%) loss=12771.0751 elapsed=190s eta=0s
[kd_dual_equal_fair] [sampler] sampled: {0: 400, 1: 400, 2: 400} total=1200 spalling_ratio=24.33%
[kd_dual_equal_fair] [sampler] unique: {0: 400, 1: 400, 2: 400} unique_total=1200 dup_ratio=1.00x
[kd_dual_equal_fair] [epoch 032/100] remain=68 epochs ep_eta=218.9min (avg 193s/ep)
[kd_dual_equal_fair] [epoch 032/100] lr=0.000049  dt=190.3s
  train loss=12771.0751  ce=0.1113 dice=0.2053  tversky=0.0000 bd=0.0000  cldice=0.0000 snake=0.0000
  val   skipped (next val at epoch 35)
[kd_dual_equal_fair] [curriculum] epoch 33: stage=1 tiers=[0, 1] pool={0: 400, 1: 400, 2: 0}
  [kd_dual_equal_fair] [epoch 33/100] batch 30/300 (10%) loss=12928.3037 elapsed=20s eta=176s
  [kd_dual_equal_fair] [epoch 33/100] batch 60/300 (20%) loss=13605.3543 elapsed=39s eta=154s
  [kd_dual_equal_fair] [epoch 33/100] batch 90/300 (30%) loss=13366.0521 elapsed=58s eta=134s
  [kd_dual_equal_fair] [epoch 33/100] batch 120/300 (40%) loss=13258.7161 elapsed=77s eta=115s
  [kd_dual_equal_fair] [epoch 33/100] batch 150/300 (50%) loss=13466.3262 elapsed=95s eta=95s
  [kd_dual_equal_fair] [epoch 33/100] batch 180/300 (60%) loss=13373.8554 elapsed=114s eta=76s
  [kd_dual_equal_fair] [epoch 33/100] batch 210/300 (70%) loss=13502.0163 elapsed=133s eta=57s
  [kd_dual_equal_fair] [epoch 33/100] batch 240/300 (80%) loss=13520.3103 elapsed=152s eta=38s
  [kd_dual_equal_fair] [epoch 33/100] batch 270/300 (90%) loss=13331.8400 elapsed=171s eta=19s
  [kd_dual_equal_fair] [epoch 33/100] batch 300/300 (100%) loss=13277.8938 elapsed=190s eta=0s
[kd_dual_equal_fair] [sampler] sampled: {0: 400, 1: 400, 2: 400} total=1200 spalling_ratio=24.33%
[kd_dual_equal_fair] [sampler] unique: {0: 400, 1: 400, 2: 400} unique_total=1200 dup_ratio=1.00x
[kd_dual_equal_fair] [epoch 033/100] remain=67 epochs ep_eta=215.6min (avg 193s/ep)
[kd_dual_equal_fair] [epoch 033/100] lr=0.000048  dt=190.3s
  train loss=13277.8938  ce=0.1125 dice=0.2109  tversky=0.0000 bd=0.0000  cldice=0.0000 snake=0.0000
  val   skipped (next val at epoch 35)
[kd_dual_equal_fair] [curriculum] epoch 34: stage=1 tiers=[0, 1] pool={0: 400, 1: 400, 2: 0}
  [kd_dual_equal_fair] [epoch 34/100] batch 30/300 (10%) loss=14088.5213 elapsed=20s eta=176s
  [kd_dual_equal_fair] [epoch 34/100] batch 60/300 (20%) loss=13123.8298 elapsed=38s eta=153s
  [kd_dual_equal_fair] [epoch 34/100] batch 90/300 (30%) loss=12754.7507 elapsed=57s eta=133s
  [kd_dual_equal_fair] [epoch 34/100] batch 120/300 (40%) loss=12960.9697 elapsed=76s eta=114s
  [kd_dual_equal_fair] [epoch 34/100] batch 150/300 (50%) loss=12729.6056 elapsed=95s eta=95s
  [kd_dual_equal_fair] [epoch 34/100] batch 180/300 (60%) loss=12611.8496 elapsed=114s eta=76s
  [kd_dual_equal_fair] [epoch 34/100] batch 210/300 (70%) loss=12734.1573 elapsed=133s eta=57s
  [kd_dual_equal_fair] [epoch 34/100] batch 240/300 (80%) loss=12836.0249 elapsed=152s eta=38s
  [kd_dual_equal_fair] [epoch 34/100] batch 270/300 (90%) loss=12945.7519 elapsed=171s eta=19s
  [kd_dual_equal_fair] [epoch 34/100] batch 300/300 (100%) loss=13739.0430 elapsed=190s eta=0s
[kd_dual_equal_fair] [sampler] sampled: {0: 400, 1: 400, 2: 400} total=1200 spalling_ratio=24.33%
[kd_dual_equal_fair] [sampler] unique: {0: 400, 1: 400, 2: 400} unique_total=1200 dup_ratio=1.00x
[kd_dual_equal_fair] [epoch 034/100] remain=66 epochs ep_eta=212.3min (avg 193s/ep)
[kd_dual_equal_fair] [epoch 034/100] lr=0.000047  dt=190.1s
  train loss=13739.0430  ce=0.1170 dice=0.2083  tversky=0.0000 bd=0.0000  cldice=0.0000 snake=0.0000
  val   skipped (next val at epoch 35)
[kd_dual_equal_fair] [curriculum] epoch 35: stage=1 tiers=[0, 1] pool={0: 400, 1: 400, 2: 0}
  [kd_dual_equal_fair] [epoch 35/100] batch 30/300 (10%) loss=17272.3338 elapsed=20s eta=176s
  [kd_dual_equal_fair] [epoch 35/100] batch 60/300 (20%) loss=15830.8729 elapsed=38s eta=154s
  [kd_dual_equal_fair] [epoch 35/100] batch 90/300 (30%) loss=20158.7193 elapsed=57s eta=134s
  [kd_dual_equal_fair] [epoch 35/100] batch 120/300 (40%) loss=19779.7799 elapsed=76s eta=114s
  [kd_dual_equal_fair] [epoch 35/100] batch 150/300 (50%) loss=28862.4923 elapsed=95s eta=95s
  [kd_dual_equal_fair] [epoch 35/100] batch 180/300 (60%) loss=27952.6740 elapsed=114s eta=76s
  [kd_dual_equal_fair] [epoch 35/100] batch 210/300 (70%) loss=26992.3165 elapsed=133s eta=57s
  [kd_dual_equal_fair] [epoch 35/100] batch 240/300 (80%) loss=26004.1009 elapsed=152s eta=38s
  [kd_dual_equal_fair] [epoch 35/100] batch 270/300 (90%) loss=26207.7571 elapsed=171s eta=19s
  [kd_dual_equal_fair] [epoch 35/100] batch 300/300 (100%) loss=25364.4522 elapsed=190s eta=0s
[kd_dual_equal_fair] [sampler] sampled: {0: 400, 1: 400, 2: 400} total=1200 spalling_ratio=24.33%
[kd_dual_equal_fair] [sampler] unique: {0: 400, 1: 400, 2: 400} unique_total=1200 dup_ratio=1.00x
[kd_dual_equal_fair] [epoch 035/100] remain=65 epochs ep_eta=209.4min (avg 193s/ep)
[kd_dual_equal_fair] [epoch 035/100] lr=0.000046  dt=200.3s
  train loss=25364.4522  ce=0.1819 dice=0.2459  tversky=0.0000 bd=0.0000  cldice=0.0000 snake=0.0000
  val   loss=0.2346
  IoU   bg=0.9763  crack=0.5596  spalling=0.8127  | mIoU_fg=0.6861  pix_acc=0.9767
  Dice  bg=0.9880  crack=0.7176  spalling=0.8967
  BF1   crack=0.7319  spalling=0.6280  | BF1_fg_mean=0.6800
[kd_dual_equal_fair] [curriculum] epoch 36: stage=1 tiers=[0, 1] pool={0: 400, 1: 400, 2: 0}
  [kd_dual_equal_fair] [epoch 36/100] batch 30/300 (10%) loss=17999.9393 elapsed=20s eta=176s
  [kd_dual_equal_fair] [epoch 36/100] batch 60/300 (20%) loss=20251.6407 elapsed=39s eta=154s
  [kd_dual_equal_fair] [epoch 36/100] batch 90/300 (30%) loss=19534.0295 elapsed=57s eta=134s
  [kd_dual_equal_fair] [epoch 36/100] batch 120/300 (40%) loss=18424.4499 elapsed=76s eta=115s
  [kd_dual_equal_fair] [epoch 36/100] batch 150/300 (50%) loss=17556.8655 elapsed=95s eta=95s
  [kd_dual_equal_fair] [epoch 36/100] batch 180/300 (60%) loss=17093.7302 elapsed=114s eta=76s
  [kd_dual_equal_fair] [epoch 36/100] batch 210/300 (70%) loss=16646.7050 elapsed=133s eta=57s
  [kd_dual_equal_fair] [epoch 36/100] batch 240/300 (80%) loss=16148.4778 elapsed=152s eta=38s
  [kd_dual_equal_fair] [epoch 36/100] batch 270/300 (90%) loss=15764.9430 elapsed=171s eta=19s
  [kd_dual_equal_fair] [epoch 36/100] batch 300/300 (100%) loss=15678.2268 elapsed=190s eta=0s
[kd_dual_equal_fair] [sampler] sampled: {0: 400, 1: 400, 2: 400} total=1200 spalling_ratio=24.33%
[kd_dual_equal_fair] [sampler] unique: {0: 400, 1: 400, 2: 400} unique_total=1200 dup_ratio=1.00x
[kd_dual_equal_fair] [epoch 036/100] remain=64 epochs ep_eta=206.2min (avg 193s/ep)
[kd_dual_equal_fair] [epoch 036/100] lr=0.000046  dt=190.0s
  train loss=15678.2268  ce=0.1246 dice=0.2170  tversky=0.0000 bd=0.0000  cldice=0.0000 snake=0.0000
  val   skipped (next val at epoch 40)
[kd_dual_equal_fair] [curriculum] epoch 37: stage=1 tiers=[0, 1] pool={0: 400, 1: 400, 2: 0}
  [kd_dual_equal_fair] [epoch 37/100] batch 30/300 (10%) loss=15242.5792 elapsed=20s eta=178s
  [kd_dual_equal_fair] [epoch 37/100] batch 60/300 (20%) loss=13887.4262 elapsed=39s eta=155s
  [kd_dual_equal_fair] [epoch 37/100] batch 90/300 (30%) loss=13144.5005 elapsed=57s eta=134s
  [kd_dual_equal_fair] [epoch 37/100] batch 120/300 (40%) loss=12921.1396 elapsed=76s eta=114s
  [kd_dual_equal_fair] [epoch 37/100] batch 150/300 (50%) loss=12775.5027 elapsed=95s eta=95s
  [kd_dual_equal_fair] [epoch 37/100] batch 180/300 (60%) loss=12838.7892 elapsed=114s eta=76s
  [kd_dual_equal_fair] [epoch 37/100] batch 210/300 (70%) loss=12624.4547 elapsed=133s eta=57s
  [kd_dual_equal_fair] [epoch 37/100] batch 240/300 (80%) loss=12636.9386 elapsed=152s eta=38s
  [kd_dual_equal_fair] [epoch 37/100] batch 270/300 (90%) loss=12513.0712 elapsed=171s eta=19s
  [kd_dual_equal_fair] [epoch 37/100] batch 300/300 (100%) loss=12470.6177 elapsed=190s eta=0s
[kd_dual_equal_fair] [sampler] sampled: {0: 400, 1: 400, 2: 400} total=1200 spalling_ratio=24.33%
[kd_dual_equal_fair] [sampler] unique: {0: 400, 1: 400, 2: 400} unique_total=1200 dup_ratio=1.00x
[kd_dual_equal_fair] [epoch 037/100] remain=63 epochs ep_eta=202.9min (avg 193s/ep)
[kd_dual_equal_fair] [epoch 037/100] lr=0.000045  dt=190.0s
  train loss=12470.6177  ce=0.1089 dice=0.2054  tversky=0.0000 bd=0.0000  cldice=0.0000 snake=0.0000
  val   skipped (next val at epoch 40)
[kd_dual_equal_fair] [curriculum] epoch 38: stage=1 tiers=[0, 1] pool={0: 400, 1: 400, 2: 0}
  [kd_dual_equal_fair] [epoch 38/100] batch 30/300 (10%) loss=12213.8637 elapsed=20s eta=176s
  [kd_dual_equal_fair] [epoch 38/100] batch 60/300 (20%) loss=12591.5108 elapsed=39s eta=154s
  [kd_dual_equal_fair] [epoch 38/100] batch 90/300 (30%) loss=12289.2878 elapsed=58s eta=134s
  [kd_dual_equal_fair] [epoch 38/100] batch 120/300 (40%) loss=12085.8805 elapsed=76s eta=115s
  [kd_dual_equal_fair] [epoch 38/100] batch 150/300 (50%) loss=11753.9245 elapsed=95s eta=95s
  [kd_dual_equal_fair] [epoch 38/100] batch 180/300 (60%) loss=11691.0424 elapsed=114s eta=76s
  [kd_dual_equal_fair] [epoch 38/100] batch 210/300 (70%) loss=11505.4489 elapsed=133s eta=57s
  [kd_dual_equal_fair] [epoch 38/100] batch 240/300 (80%) loss=11469.1186 elapsed=152s eta=38s
  [kd_dual_equal_fair] [epoch 38/100] batch 270/300 (90%) loss=11478.3921 elapsed=170s eta=19s
  [kd_dual_equal_fair] [epoch 38/100] batch 300/300 (100%) loss=11519.2125 elapsed=189s eta=0s
[kd_dual_equal_fair] [sampler] sampled: {0: 400, 1: 400, 2: 400} total=1200 spalling_ratio=24.33%
[kd_dual_equal_fair] [sampler] unique: {0: 400, 1: 400, 2: 400} unique_total=1200 dup_ratio=1.00x
[kd_dual_equal_fair] [epoch 038/100] remain=62 epochs ep_eta=199.6min (avg 193s/ep)
[kd_dual_equal_fair] [epoch 038/100] lr=0.000044  dt=189.7s
  train loss=11519.2125  ce=0.1063 dice=0.2046  tversky=0.0000 bd=0.0000  cldice=0.0000 snake=0.0000
  val   skipped (next val at epoch 40)
[kd_dual_equal_fair] [curriculum] epoch 39: stage=1 tiers=[0, 1] pool={0: 400, 1: 400, 2: 0}
  [kd_dual_equal_fair] [epoch 39/100] batch 30/300 (10%) loss=12464.1773 elapsed=20s eta=177s
  [kd_dual_equal_fair] [epoch 39/100] batch 60/300 (20%) loss=12187.8095 elapsed=39s eta=155s
  [kd_dual_equal_fair] [epoch 39/100] batch 90/300 (30%) loss=12005.0338 elapsed=57s eta=134s
  [kd_dual_equal_fair] [epoch 39/100] batch 120/300 (40%) loss=11671.1660 elapsed=76s eta=115s
  [kd_dual_equal_fair] [epoch 39/100] batch 150/300 (50%) loss=11630.3304 elapsed=95s eta=95s
  [kd_dual_equal_fair] [epoch 39/100] batch 180/300 (60%) loss=11550.0866 elapsed=114s eta=76s
  [kd_dual_equal_fair] [epoch 39/100] batch 210/300 (70%) loss=11593.1347 elapsed=133s eta=57s
  [kd_dual_equal_fair] [epoch 39/100] batch 240/300 (80%) loss=11510.7017 elapsed=152s eta=38s
  [kd_dual_equal_fair] [epoch 39/100] batch 270/300 (90%) loss=11465.3128 elapsed=171s eta=19s
  [kd_dual_equal_fair] [epoch 39/100] batch 300/300 (100%) loss=11413.5949 elapsed=190s eta=0s
[kd_dual_equal_fair] [sampler] sampled: {0: 400, 1: 400, 2: 400} total=1200 spalling_ratio=24.33%
[kd_dual_equal_fair] [sampler] unique: {0: 400, 1: 400, 2: 400} unique_total=1200 dup_ratio=1.00x
[kd_dual_equal_fair] [epoch 039/100] remain=61 epochs ep_eta=196.4min (avg 193s/ep)
[kd_dual_equal_fair] [epoch 039/100] lr=0.000043  dt=190.3s
  train loss=11413.5949  ce=0.1053 dice=0.1968  tversky=0.0000 bd=0.0000  cldice=0.0000 snake=0.0000
  val   skipped (next val at epoch 40)
[kd_dual_equal_fair] [curriculum] epoch 40: stage=1 tiers=[0, 1] pool={0: 400, 1: 400, 2: 0}
  [kd_dual_equal_fair] [epoch 40/100] batch 30/300 (10%) loss=10948.4361 elapsed=20s eta=176s
  [kd_dual_equal_fair] [epoch 40/100] batch 60/300 (20%) loss=10852.2091 elapsed=38s eta=154s
  [kd_dual_equal_fair] [epoch 40/100] batch 90/300 (30%) loss=11003.1966 elapsed=57s eta=134s
  [kd_dual_equal_fair] [epoch 40/100] batch 120/300 (40%) loss=11032.3079 elapsed=76s eta=115s
  [kd_dual_equal_fair] [epoch 40/100] batch 150/300 (50%) loss=11045.2275 elapsed=95s eta=95s
  [kd_dual_equal_fair] [epoch 40/100] batch 180/300 (60%) loss=11090.0382 elapsed=114s eta=76s
  [kd_dual_equal_fair] [epoch 40/100] batch 210/300 (70%) loss=11444.8435 elapsed=133s eta=57s
  [kd_dual_equal_fair] [epoch 40/100] batch 240/300 (80%) loss=11549.2421 elapsed=152s eta=38s
  [kd_dual_equal_fair] [epoch 40/100] batch 270/300 (90%) loss=11528.1585 elapsed=171s eta=19s
  [kd_dual_equal_fair] [epoch 40/100] batch 300/300 (100%) loss=11441.4782 elapsed=189s eta=0s
[kd_dual_equal_fair] [sampler] sampled: {0: 400, 1: 400, 2: 400} total=1200 spalling_ratio=24.33%
[kd_dual_equal_fair] [sampler] unique: {0: 400, 1: 400, 2: 400} unique_total=1200 dup_ratio=1.00x
[kd_dual_equal_fair] [epoch 040/100] remain=60 epochs ep_eta=193.3min (avg 193s/ep)
[kd_dual_equal_fair] [epoch 040/100] lr=0.000042  dt=199.1s
  train loss=11441.4782  ce=0.1061 dice=0.1999  tversky=0.0000 bd=0.0000  cldice=0.0000 snake=0.0000
  val   loss=0.2364
  IoU   bg=0.9767  crack=0.5687  spalling=0.8065  | mIoU_fg=0.6876  pix_acc=0.9771
  Dice  bg=0.9882  crack=0.7251  spalling=0.8929
  BF1   crack=0.7390  spalling=0.6776  | BF1_fg_mean=0.7083
[kd_dual_equal_fair] [curriculum] epoch 41: stage=1 tiers=[0, 1] pool={0: 400, 1: 400, 2: 0}
  [kd_dual_equal_fair] [epoch 41/100] batch 30/300 (10%) loss=10234.6459 elapsed=20s eta=176s
  [kd_dual_equal_fair] [epoch 41/100] batch 60/300 (20%) loss=10651.6779 elapsed=38s eta=154s
  [kd_dual_equal_fair] [epoch 41/100] batch 90/300 (30%) loss=10531.8927 elapsed=57s eta=133s
  [kd_dual_equal_fair] [epoch 41/100] batch 120/300 (40%) loss=10658.6935 elapsed=76s eta=114s
  [kd_dual_equal_fair] [epoch 41/100] batch 150/300 (50%) loss=10719.4069 elapsed=95s eta=95s
  [kd_dual_equal_fair] [epoch 41/100] batch 180/300 (60%) loss=10678.1193 elapsed=114s eta=76s
  [kd_dual_equal_fair] [epoch 41/100] batch 210/300 (70%) loss=10714.5842 elapsed=133s eta=57s
  [kd_dual_equal_fair] [epoch 41/100] batch 240/300 (80%) loss=10855.2998 elapsed=151s eta=38s
  [kd_dual_equal_fair] [epoch 41/100] batch 270/300 (90%) loss=10810.5583 elapsed=170s eta=19s
  [kd_dual_equal_fair] [epoch 41/100] batch 300/300 (100%) loss=10751.9601 elapsed=189s eta=0s
[kd_dual_equal_fair] [sampler] sampled: {0: 400, 1: 400, 2: 400} total=1200 spalling_ratio=24.33%
[kd_dual_equal_fair] [sampler] unique: {0: 400, 1: 400, 2: 400} unique_total=1200 dup_ratio=1.00x
[kd_dual_equal_fair] [epoch 041/100] remain=59 epochs ep_eta=190.1min (avg 193s/ep)
[kd_dual_equal_fair] [epoch 041/100] lr=0.000041  dt=189.2s
  train loss=10751.9601  ce=0.1026 dice=0.1950  tversky=0.0000 bd=0.0000  cldice=0.0000 snake=0.0000
  val   skipped (next val at epoch 45)
[kd_dual_equal_fair] [curriculum] epoch 42: stage=1 tiers=[0, 1] pool={0: 400, 1: 400, 2: 0}
  [kd_dual_equal_fair] [epoch 42/100] batch 30/300 (10%) loss=10188.2056 elapsed=20s eta=176s
  [kd_dual_equal_fair] [epoch 42/100] batch 60/300 (20%) loss=10378.4421 elapsed=38s eta=153s
  [kd_dual_equal_fair] [epoch 42/100] batch 90/300 (30%) loss=10335.9510 elapsed=57s eta=133s
  [kd_dual_equal_fair] [epoch 42/100] batch 120/300 (40%) loss=10349.2688 elapsed=76s eta=114s
  [kd_dual_equal_fair] [epoch 42/100] batch 150/300 (50%) loss=10550.4495 elapsed=95s eta=95s
  [kd_dual_equal_fair] [epoch 42/100] batch 180/300 (60%) loss=10634.6134 elapsed=114s eta=76s
  [kd_dual_equal_fair] [epoch 42/100] batch 210/300 (70%) loss=10557.1689 elapsed=133s eta=57s
  [kd_dual_equal_fair] [epoch 42/100] batch 240/300 (80%) loss=10532.9626 elapsed=152s eta=38s
  [kd_dual_equal_fair] [epoch 42/100] batch 270/300 (90%) loss=10573.1011 elapsed=171s eta=19s
  [kd_dual_equal_fair] [epoch 42/100] batch 300/300 (100%) loss=10522.4921 elapsed=190s eta=0s
[kd_dual_equal_fair] [sampler] sampled: {0: 400, 1: 400, 2: 400} total=1200 spalling_ratio=24.33%
[kd_dual_equal_fair] [sampler] unique: {0: 400, 1: 400, 2: 400} unique_total=1200 dup_ratio=1.00x
[kd_dual_equal_fair] [epoch 042/100] remain=58 epochs ep_eta=186.8min (avg 193s/ep)
[kd_dual_equal_fair] [epoch 042/100] lr=0.000040  dt=190.1s
  train loss=10522.4921  ce=0.1019 dice=0.1914  tversky=0.0000 bd=0.0000  cldice=0.0000 snake=0.0000
  val   skipped (next val at epoch 45)
[kd_dual_equal_fair] [curriculum] epoch 43: stage=1 tiers=[0, 1] pool={0: 400, 1: 400, 2: 0}
  [kd_dual_equal_fair] [epoch 43/100] batch 30/300 (10%) loss=10116.4744 elapsed=20s eta=176s
  [kd_dual_equal_fair] [epoch 43/100] batch 60/300 (20%) loss=10224.9171 elapsed=39s eta=155s
  [kd_dual_equal_fair] [epoch 43/100] batch 90/300 (30%) loss=10329.2339 elapsed=58s eta=135s
  [kd_dual_equal_fair] [epoch 43/100] batch 120/300 (40%) loss=10500.3523 elapsed=77s eta=115s
  [kd_dual_equal_fair] [epoch 43/100] batch 150/300 (50%) loss=10460.5089 elapsed=96s eta=96s
  [kd_dual_equal_fair] [epoch 43/100] batch 180/300 (60%) loss=10472.1363 elapsed=115s eta=76s
  [kd_dual_equal_fair] [epoch 43/100] batch 210/300 (70%) loss=10534.1977 elapsed=134s eta=57s
  [kd_dual_equal_fair] [epoch 43/100] batch 240/300 (80%) loss=10426.8951 elapsed=152s eta=38s
  [kd_dual_equal_fair] [epoch 43/100] batch 270/300 (90%) loss=10420.2040 elapsed=171s eta=19s
  [kd_dual_equal_fair] [epoch 43/100] batch 300/300 (100%) loss=10337.5649 elapsed=190s eta=0s
[kd_dual_equal_fair] [sampler] sampled: {0: 400, 1: 400, 2: 400} total=1200 spalling_ratio=24.33%
[kd_dual_equal_fair] [sampler] unique: {0: 400, 1: 400, 2: 400} unique_total=1200 dup_ratio=1.00x
[kd_dual_equal_fair] [epoch 043/100] remain=57 epochs ep_eta=183.6min (avg 193s/ep)
[kd_dual_equal_fair] [epoch 043/100] lr=0.000039  dt=190.7s
  train loss=10337.5649  ce=0.1009 dice=0.1906  tversky=0.0000 bd=0.0000  cldice=0.0000 snake=0.0000
  val   skipped (next val at epoch 45)
[kd_dual_equal_fair] [curriculum] epoch 44: stage=1 tiers=[0, 1] pool={0: 400, 1: 400, 2: 0}
  [kd_dual_equal_fair] [epoch 44/100] batch 30/300 (10%) loss=10026.0275 elapsed=20s eta=176s
  [kd_dual_equal_fair] [epoch 44/100] batch 60/300 (20%) loss=10269.1663 elapsed=39s eta=155s
  [kd_dual_equal_fair] [epoch 44/100] batch 90/300 (30%) loss=10437.5299 elapsed=58s eta=135s
  [kd_dual_equal_fair] [epoch 44/100] batch 120/300 (40%) loss=10180.3299 elapsed=77s eta=115s
  [kd_dual_equal_fair] [epoch 44/100] batch 150/300 (50%) loss=10054.8713 elapsed=96s eta=96s
  [kd_dual_equal_fair] [epoch 44/100] batch 180/300 (60%) loss=10010.3337 elapsed=115s eta=76s
  [kd_dual_equal_fair] [epoch 44/100] batch 210/300 (70%) loss=9962.2421 elapsed=134s eta=57s
  [kd_dual_equal_fair] [epoch 44/100] batch 240/300 (80%) loss=10038.3255 elapsed=153s eta=38s
  [kd_dual_equal_fair] [epoch 44/100] batch 270/300 (90%) loss=10263.1927 elapsed=171s eta=19s
  [kd_dual_equal_fair] [epoch 44/100] batch 300/300 (100%) loss=10269.8186 elapsed=191s eta=0s
[kd_dual_equal_fair] [sampler] sampled: {0: 400, 1: 400, 2: 400} total=1200 spalling_ratio=24.33%
[kd_dual_equal_fair] [sampler] unique: {0: 400, 1: 400, 2: 400} unique_total=1200 dup_ratio=1.00x
[kd_dual_equal_fair] [epoch 044/100] remain=56 epochs ep_eta=180.3min (avg 193s/ep)
[kd_dual_equal_fair] [epoch 044/100] lr=0.000038  dt=190.7s
  train loss=10269.8186  ce=0.1005 dice=0.1937  tversky=0.0000 bd=0.0000  cldice=0.0000 snake=0.0000
  val   skipped (next val at epoch 45)
[kd_dual_equal_fair] [curriculum] epoch 45: stage=1 tiers=[0, 1] pool={0: 400, 1: 400, 2: 0}
  [kd_dual_equal_fair] [epoch 45/100] batch 30/300 (10%) loss=10265.3815 elapsed=20s eta=180s
  [kd_dual_equal_fair] [epoch 45/100] batch 60/300 (20%) loss=10777.9997 elapsed=39s eta=156s
  [kd_dual_equal_fair] [epoch 45/100] batch 90/300 (30%) loss=10601.9172 elapsed=58s eta=136s
  [kd_dual_equal_fair] [epoch 45/100] batch 120/300 (40%) loss=10436.0855 elapsed=78s eta=116s
  [kd_dual_equal_fair] [epoch 45/100] batch 150/300 (50%) loss=10369.5337 elapsed=96s eta=96s
  [kd_dual_equal_fair] [epoch 45/100] batch 180/300 (60%) loss=10347.9042 elapsed=115s eta=77s
  [kd_dual_equal_fair] [epoch 45/100] batch 210/300 (70%) loss=10267.3112 elapsed=134s eta=57s
  [kd_dual_equal_fair] [epoch 45/100] batch 240/300 (80%) loss=10281.4413 elapsed=153s eta=38s
  [kd_dual_equal_fair] [epoch 45/100] batch 270/300 (90%) loss=10164.4284 elapsed=172s eta=19s
  [kd_dual_equal_fair] [epoch 45/100] batch 300/300 (100%) loss=10171.7660 elapsed=191s eta=0s
[kd_dual_equal_fair] [sampler] sampled: {0: 400, 1: 400, 2: 400} total=1200 spalling_ratio=24.33%
[kd_dual_equal_fair] [sampler] unique: {0: 400, 1: 400, 2: 400} unique_total=1200 dup_ratio=1.00x
[kd_dual_equal_fair] [epoch 045/100] remain=55 epochs ep_eta=177.3min (avg 193s/ep)
[kd_dual_equal_fair] [epoch 045/100] lr=0.000037  dt=200.2s
  train loss=10171.7660  ce=0.1005 dice=0.1913  tversky=0.0000 bd=0.0000  cldice=0.0000 snake=0.0000
  val   loss=0.2255
  IoU   bg=0.9764  crack=0.5686  spalling=0.8177  | mIoU_fg=0.6932  pix_acc=0.9769
  Dice  bg=0.9881  crack=0.7250  spalling=0.8997
  BF1   crack=0.7380  spalling=0.6737  | BF1_fg_mean=0.7059
[kd_dual_equal_fair] [curriculum] epoch 46: stage=1 tiers=[0, 1] pool={0: 400, 1: 400, 2: 0}
  [kd_dual_equal_fair] [epoch 46/100] batch 30/300 (10%) loss=10196.5625 elapsed=19s eta=175s
  [kd_dual_equal_fair] [epoch 46/100] batch 60/300 (20%) loss=9745.0079 elapsed=38s eta=153s
  [kd_dual_equal_fair] [epoch 46/100] batch 90/300 (30%) loss=9641.2187 elapsed=57s eta=133s
  [kd_dual_equal_fair] [epoch 46/100] batch 120/300 (40%) loss=9759.6376 elapsed=76s eta=114s
  [kd_dual_equal_fair] [epoch 46/100] batch 150/300 (50%) loss=9863.0637 elapsed=95s eta=95s
  [kd_dual_equal_fair] [epoch 46/100] batch 180/300 (60%) loss=9881.2738 elapsed=114s eta=76s
  [kd_dual_equal_fair] [epoch 46/100] batch 210/300 (70%) loss=9816.8180 elapsed=133s eta=57s
  [kd_dual_equal_fair] [epoch 46/100] batch 240/300 (80%) loss=9805.2620 elapsed=152s eta=38s
  [kd_dual_equal_fair] [epoch 46/100] batch 270/300 (90%) loss=9767.0192 elapsed=171s eta=19s
  [kd_dual_equal_fair] [epoch 46/100] batch 300/300 (100%) loss=9899.4637 elapsed=190s eta=0s
[kd_dual_equal_fair] [sampler] sampled: {0: 400, 1: 400, 2: 400} total=1200 spalling_ratio=24.33%
[kd_dual_equal_fair] [sampler] unique: {0: 400, 1: 400, 2: 400} unique_total=1200 dup_ratio=1.00x
[kd_dual_equal_fair] [epoch 046/100] remain=54 epochs ep_eta=174.1min (avg 193s/ep)
[kd_dual_equal_fair] [epoch 046/100] lr=0.000036  dt=189.9s
  train loss=9899.4637  ce=0.0979 dice=0.1900  tversky=0.0000 bd=0.0000  cldice=0.0000 snake=0.0000
  val   skipped (next val at epoch 50)
[kd_dual_equal_fair] [curriculum] epoch 47: stage=1 tiers=[0, 1] pool={0: 400, 1: 400, 2: 0}
  [kd_dual_equal_fair] [epoch 47/100] batch 30/300 (10%) loss=9784.4893 elapsed=20s eta=176s
  [kd_dual_equal_fair] [epoch 47/100] batch 60/300 (20%) loss=10795.7496 elapsed=39s eta=155s
  [kd_dual_equal_fair] [epoch 47/100] batch 90/300 (30%) loss=10983.9797 elapsed=58s eta=134s
  [kd_dual_equal_fair] [epoch 47/100] batch 120/300 (40%) loss=10848.8214 elapsed=76s eta=115s
  [kd_dual_equal_fair] [epoch 47/100] batch 150/300 (50%) loss=10591.3783 elapsed=95s eta=95s
  [kd_dual_equal_fair] [epoch 47/100] batch 180/300 (60%) loss=10498.3277 elapsed=114s eta=76s
  [kd_dual_equal_fair] [epoch 47/100] batch 210/300 (70%) loss=10350.1308 elapsed=133s eta=57s
  [kd_dual_equal_fair] [epoch 47/100] batch 240/300 (80%) loss=10254.3846 elapsed=152s eta=38s
  [kd_dual_equal_fair] [epoch 47/100] batch 270/300 (90%) loss=10116.9575 elapsed=171s eta=19s
  [kd_dual_equal_fair] [epoch 47/100] batch 300/300 (100%) loss=10138.6458 elapsed=190s eta=0s
[kd_dual_equal_fair] [sampler] sampled: {0: 400, 1: 400, 2: 400} total=1200 spalling_ratio=24.33%
[kd_dual_equal_fair] [sampler] unique: {0: 400, 1: 400, 2: 400} unique_total=1200 dup_ratio=1.00x
[kd_dual_equal_fair] [epoch 047/100] remain=53 epochs ep_eta=170.8min (avg 193s/ep)
[kd_dual_equal_fair] [epoch 047/100] lr=0.000035  dt=190.5s
  train loss=10138.6458  ce=0.0994 dice=0.1931  tversky=0.0000 bd=0.0000  cldice=0.0000 snake=0.0000
  val   skipped (next val at epoch 50)
[kd_dual_equal_fair] [curriculum] epoch 48: stage=1 tiers=[0, 1] pool={0: 400, 1: 400, 2: 0}
  [kd_dual_equal_fair] [epoch 48/100] batch 30/300 (10%) loss=10000.4953 elapsed=20s eta=178s
  [kd_dual_equal_fair] [epoch 48/100] batch 60/300 (20%) loss=9665.5918 elapsed=39s eta=155s
  [kd_dual_equal_fair] [epoch 48/100] batch 90/300 (30%) loss=9528.1739 elapsed=57s eta=134s
  [kd_dual_equal_fair] [epoch 48/100] batch 120/300 (40%) loss=9476.6591 elapsed=76s eta=115s
  [kd_dual_equal_fair] [epoch 48/100] batch 150/300 (50%) loss=9553.2283 elapsed=95s eta=95s
  [kd_dual_equal_fair] [epoch 48/100] batch 180/300 (60%) loss=9553.2654 elapsed=114s eta=76s
  [kd_dual_equal_fair] [epoch 48/100] batch 210/300 (70%) loss=9524.1904 elapsed=133s eta=57s
  [kd_dual_equal_fair] [epoch 48/100] batch 240/300 (80%) loss=9566.4708 elapsed=152s eta=38s
  [kd_dual_equal_fair] [epoch 48/100] batch 270/300 (90%) loss=9643.8504 elapsed=171s eta=19s
  [kd_dual_equal_fair] [epoch 48/100] batch 300/300 (100%) loss=9620.4331 elapsed=190s eta=0s
[kd_dual_equal_fair] [sampler] sampled: {0: 400, 1: 400, 2: 400} total=1200 spalling_ratio=24.33%
[kd_dual_equal_fair] [sampler] unique: {0: 400, 1: 400, 2: 400} unique_total=1200 dup_ratio=1.00x
[kd_dual_equal_fair] [epoch 048/100] remain=52 epochs ep_eta=167.6min (avg 193s/ep)
[kd_dual_equal_fair] [epoch 048/100] lr=0.000034  dt=190.3s
  train loss=9620.4331  ce=0.0972 dice=0.1944  tversky=0.0000 bd=0.0000  cldice=0.0000 snake=0.0000
  val   skipped (next val at epoch 50)
[kd_dual_equal_fair] [curriculum] epoch 49: stage=1 tiers=[0, 1] pool={0: 400, 1: 400, 2: 0}
  [kd_dual_equal_fair] [epoch 49/100] batch 30/300 (10%) loss=9290.3358 elapsed=20s eta=176s
  [kd_dual_equal_fair] [epoch 49/100] batch 60/300 (20%) loss=9716.5889 elapsed=39s eta=155s
  [kd_dual_equal_fair] [epoch 49/100] batch 90/300 (30%) loss=9573.2774 elapsed=58s eta=134s
  [kd_dual_equal_fair] [epoch 49/100] batch 120/300 (40%) loss=9476.3933 elapsed=76s eta=115s
  [kd_dual_equal_fair] [epoch 49/100] batch 150/300 (50%) loss=9432.5460 elapsed=95s eta=95s
  [kd_dual_equal_fair] [epoch 49/100] batch 180/300 (60%) loss=9432.7008 elapsed=114s eta=76s
  [kd_dual_equal_fair] [epoch 49/100] batch 210/300 (70%) loss=9453.1904 elapsed=133s eta=57s
  [kd_dual_equal_fair] [epoch 49/100] batch 240/300 (80%) loss=9389.3200 elapsed=152s eta=38s
  [kd_dual_equal_fair] [epoch 49/100] batch 270/300 (90%) loss=9361.9463 elapsed=171s eta=19s
  [kd_dual_equal_fair] [epoch 49/100] batch 300/300 (100%) loss=9392.7531 elapsed=190s eta=0s
[kd_dual_equal_fair] [sampler] sampled: {0: 400, 1: 400, 2: 400} total=1200 spalling_ratio=24.33%
[kd_dual_equal_fair] [sampler] unique: {0: 400, 1: 400, 2: 400} unique_total=1200 dup_ratio=1.00x
[kd_dual_equal_fair] [epoch 049/100] remain=51 epochs ep_eta=164.3min (avg 193s/ep)
[kd_dual_equal_fair] [epoch 049/100] lr=0.000033  dt=190.4s
  train loss=9392.7531  ce=0.0967 dice=0.1949  tversky=0.0000 bd=0.0000  cldice=0.0000 snake=0.0000
  val   skipped (next val at epoch 50)
[kd_dual_equal_fair] [curriculum] epoch 50: stage=1 tiers=[0, 1] pool={0: 400, 1: 400, 2: 0}
  [kd_dual_equal_fair] [epoch 50/100] batch 30/300 (10%) loss=8753.0783 elapsed=20s eta=176s
  [kd_dual_equal_fair] [epoch 50/100] batch 60/300 (20%) loss=9303.2275 elapsed=38s eta=154s
  [kd_dual_equal_fair] [epoch 50/100] batch 90/300 (30%) loss=9157.7507 elapsed=57s eta=133s
  [kd_dual_equal_fair] [epoch 50/100] batch 120/300 (40%) loss=9076.2688 elapsed=76s eta=114s
  [kd_dual_equal_fair] [epoch 50/100] batch 150/300 (50%) loss=8976.1913 elapsed=95s eta=95s
  [kd_dual_equal_fair] [epoch 50/100] batch 180/300 (60%) loss=9038.9672 elapsed=114s eta=76s
  [kd_dual_equal_fair] [epoch 50/100] batch 210/300 (70%) loss=8974.3128 elapsed=133s eta=57s
  [kd_dual_equal_fair] [epoch 50/100] batch 240/300 (80%) loss=9082.0498 elapsed=152s eta=38s
  [kd_dual_equal_fair] [epoch 50/100] batch 270/300 (90%) loss=9151.3121 elapsed=171s eta=19s
  [kd_dual_equal_fair] [epoch 50/100] batch 300/300 (100%) loss=9187.9126 elapsed=190s eta=0s
[kd_dual_equal_fair] [sampler] sampled: {0: 400, 1: 400, 2: 400} total=1200 spalling_ratio=24.33%
[kd_dual_equal_fair] [sampler] unique: {0: 400, 1: 400, 2: 400} unique_total=1200 dup_ratio=1.00x
[kd_dual_equal_fair] [epoch 050/100] remain=50 epochs ep_eta=161.2min (avg 193s/ep)
[kd_dual_equal_fair] [epoch 050/100] lr=0.000032  dt=199.6s
  train loss=9187.9126  ce=0.0956 dice=0.1880  tversky=0.0000 bd=0.0000  cldice=0.0000 snake=0.0000
  val   loss=0.2274
  IoU   bg=0.9761  crack=0.5657  spalling=0.8279  | mIoU_fg=0.6968  pix_acc=0.9766
  Dice  bg=0.9879  crack=0.7227  spalling=0.9058
  BF1   crack=0.7396  spalling=0.6785  | BF1_fg_mean=0.7091
[kd_dual_equal_fair] [curriculum] epoch 51: stage=1 tiers=[0, 1] pool={0: 400, 1: 400, 2: 0}
  [kd_dual_equal_fair] [epoch 51/100] batch 30/300 (10%) loss=9663.5365 elapsed=20s eta=176s
  [kd_dual_equal_fair] [epoch 51/100] batch 60/300 (20%) loss=9179.1663 elapsed=39s eta=154s
  [kd_dual_equal_fair] [epoch 51/100] batch 90/300 (30%) loss=9094.3093 elapsed=57s eta=134s
  [kd_dual_equal_fair] [epoch 51/100] batch 120/300 (40%) loss=9013.8928 elapsed=76s eta=115s
  [kd_dual_equal_fair] [epoch 51/100] batch 150/300 (50%) loss=9053.5803 elapsed=95s eta=95s
  [kd_dual_equal_fair] [epoch 51/100] batch 180/300 (60%) loss=9173.7106 elapsed=114s eta=76s
  [kd_dual_equal_fair] [epoch 51/100] batch 210/300 (70%) loss=9142.8815 elapsed=133s eta=57s
  [kd_dual_equal_fair] [epoch 51/100] batch 240/300 (80%) loss=9163.3444 elapsed=152s eta=38s
  [kd_dual_equal_fair] [epoch 51/100] batch 270/300 (90%) loss=9191.4010 elapsed=171s eta=19s
  [kd_dual_equal_fair] [epoch 51/100] batch 300/300 (100%) loss=9140.9313 elapsed=190s eta=0s
[kd_dual_equal_fair] [sampler] sampled: {0: 400, 1: 400, 2: 400} total=1200 spalling_ratio=24.33%
[kd_dual_equal_fair] [sampler] unique: {0: 400, 1: 400, 2: 400} unique_total=1200 dup_ratio=1.00x
[kd_dual_equal_fair] [epoch 051/100] remain=49 epochs ep_eta=158.0min (avg 193s/ep)
[kd_dual_equal_fair] [epoch 051/100] lr=0.000031  dt=190.1s
  train loss=9140.9313  ce=0.0954 dice=0.1850  tversky=0.0000 bd=0.0000  cldice=0.0000 snake=0.0000
  val   skipped (next val at epoch 55)
[kd_dual_equal_fair] [curriculum] epoch 52: stage=1 tiers=[0, 1] pool={0: 400, 1: 400, 2: 0}
  [kd_dual_equal_fair] [epoch 52/100] batch 30/300 (10%) loss=9674.6318 elapsed=20s eta=179s
  [kd_dual_equal_fair] [epoch 52/100] batch 60/300 (20%) loss=9316.1797 elapsed=39s eta=155s
  [kd_dual_equal_fair] [epoch 52/100] batch 90/300 (30%) loss=9199.7165 elapsed=58s eta=135s
  [kd_dual_equal_fair] [epoch 52/100] batch 120/300 (40%) loss=9273.2162 elapsed=77s eta=115s
  [kd_dual_equal_fair] [epoch 52/100] batch 150/300 (50%) loss=9229.4188 elapsed=96s eta=96s
  [kd_dual_equal_fair] [epoch 52/100] batch 180/300 (60%) loss=9159.6816 elapsed=114s eta=76s
  [kd_dual_equal_fair] [epoch 52/100] batch 210/300 (70%) loss=9301.2770 elapsed=133s eta=57s
  [kd_dual_equal_fair] [epoch 52/100] batch 240/300 (80%) loss=9316.7818 elapsed=152s eta=38s
  [kd_dual_equal_fair] [epoch 52/100] batch 270/300 (90%) loss=9312.1900 elapsed=171s eta=19s
  [kd_dual_equal_fair] [epoch 52/100] batch 300/300 (100%) loss=9290.2676 elapsed=191s eta=0s
[kd_dual_equal_fair] [sampler] sampled: {0: 400, 1: 400, 2: 400} total=1200 spalling_ratio=24.33%
[kd_dual_equal_fair] [sampler] unique: {0: 400, 1: 400, 2: 400} unique_total=1200 dup_ratio=1.00x
[kd_dual_equal_fair] [epoch 052/100] remain=48 epochs ep_eta=154.7min (avg 193s/ep)
[kd_dual_equal_fair] [epoch 052/100] lr=0.000030  dt=190.8s
  train loss=9290.2676  ce=0.0952 dice=0.1906  tversky=0.0000 bd=0.0000  cldice=0.0000 snake=0.0000
  val   skipped (next val at epoch 55)
[kd_dual_equal_fair] [curriculum] epoch 53: stage=1 tiers=[0, 1] pool={0: 400, 1: 400, 2: 0}
  [kd_dual_equal_fair] [epoch 53/100] batch 30/300 (10%) loss=8317.0634 elapsed=20s eta=177s
  [kd_dual_equal_fair] [epoch 53/100] batch 60/300 (20%) loss=8606.2096 elapsed=39s eta=155s
  [kd_dual_equal_fair] [epoch 53/100] batch 90/300 (30%) loss=8641.3866 elapsed=58s eta=135s
  [kd_dual_equal_fair] [epoch 53/100] batch 120/300 (40%) loss=8735.0116 elapsed=77s eta=115s
  [kd_dual_equal_fair] [epoch 53/100] batch 150/300 (50%) loss=8767.4548 elapsed=96s eta=96s
  [kd_dual_equal_fair] [epoch 53/100] batch 180/300 (60%) loss=8771.8411 elapsed=115s eta=77s
  [kd_dual_equal_fair] [epoch 53/100] batch 210/300 (70%) loss=8727.9309 elapsed=134s eta=57s
  [kd_dual_equal_fair] [epoch 53/100] batch 240/300 (80%) loss=8760.0417 elapsed=153s eta=38s
  [kd_dual_equal_fair] [epoch 53/100] batch 270/300 (90%) loss=8832.5572 elapsed=172s eta=19s
  [kd_dual_equal_fair] [epoch 53/100] batch 300/300 (100%) loss=8836.6424 elapsed=191s eta=0s
[kd_dual_equal_fair] [sampler] sampled: {0: 400, 1: 400, 2: 400} total=1200 spalling_ratio=24.33%
[kd_dual_equal_fair] [sampler] unique: {0: 400, 1: 400, 2: 400} unique_total=1200 dup_ratio=1.00x
[kd_dual_equal_fair] [epoch 053/100] remain=47 epochs ep_eta=151.5min (avg 193s/ep)
[kd_dual_equal_fair] [epoch 053/100] lr=0.000030  dt=191.0s
  train loss=8836.6424  ce=0.0943 dice=0.1916  tversky=0.0000 bd=0.0000  cldice=0.0000 snake=0.0000
  val   skipped (next val at epoch 55)
[kd_dual_equal_fair] [curriculum] epoch 54: stage=1 tiers=[0, 1] pool={0: 400, 1: 400, 2: 0}
  [kd_dual_equal_fair] [epoch 54/100] batch 30/300 (10%) loss=9451.5152 elapsed=20s eta=177s
  [kd_dual_equal_fair] [epoch 54/100] batch 60/300 (20%) loss=8880.6097 elapsed=39s eta=155s
  [kd_dual_equal_fair] [epoch 54/100] batch 90/300 (30%) loss=9039.7335 elapsed=58s eta=135s
  [kd_dual_equal_fair] [epoch 54/100] batch 120/300 (40%) loss=8923.7770 elapsed=77s eta=115s
  [kd_dual_equal_fair] [epoch 54/100] batch 150/300 (50%) loss=8726.0518 elapsed=96s eta=96s
  [kd_dual_equal_fair] [epoch 54/100] batch 180/300 (60%) loss=8719.9347 elapsed=114s eta=76s
  [kd_dual_equal_fair] [epoch 54/100] batch 210/300 (70%) loss=8796.5041 elapsed=134s eta=57s
  [kd_dual_equal_fair] [epoch 54/100] batch 240/300 (80%) loss=8782.5661 elapsed=152s eta=38s
  [kd_dual_equal_fair] [epoch 54/100] batch 270/300 (90%) loss=8734.8772 elapsed=171s eta=19s
  [kd_dual_equal_fair] [epoch 54/100] batch 300/300 (100%) loss=8800.9420 elapsed=190s eta=0s
[kd_dual_equal_fair] [sampler] sampled: {0: 400, 1: 400, 2: 400} total=1200 spalling_ratio=24.33%
[kd_dual_equal_fair] [sampler] unique: {0: 400, 1: 400, 2: 400} unique_total=1200 dup_ratio=1.00x
[kd_dual_equal_fair] [epoch 054/100] remain=46 epochs ep_eta=148.3min (avg 193s/ep)
[kd_dual_equal_fair] [epoch 054/100] lr=0.000029  dt=190.4s
  train loss=8800.9420  ce=0.0931 dice=0.1905  tversky=0.0000 bd=0.0000  cldice=0.0000 snake=0.0000
  val   skipped (next val at epoch 55)
[kd_dual_equal_fair] [curriculum] epoch 55: stage=1 tiers=[0, 1] pool={0: 400, 1: 400, 2: 0}
  [kd_dual_equal_fair] [epoch 55/100] batch 30/300 (10%) loss=8495.2503 elapsed=20s eta=177s
  [kd_dual_equal_fair] [epoch 55/100] batch 60/300 (20%) loss=8792.3420 elapsed=39s eta=154s
  [kd_dual_equal_fair] [epoch 55/100] batch 90/300 (30%) loss=8796.6210 elapsed=58s eta=135s
  [kd_dual_equal_fair] [epoch 55/100] batch 120/300 (40%) loss=8867.5834 elapsed=77s eta=115s
  [kd_dual_equal_fair] [epoch 55/100] batch 150/300 (50%) loss=8765.3489 elapsed=95s eta=95s
  [kd_dual_equal_fair] [epoch 55/100] batch 180/300 (60%) loss=8707.8709 elapsed=114s eta=76s
  [kd_dual_equal_fair] [epoch 55/100] batch 210/300 (70%) loss=8649.8409 elapsed=133s eta=57s
  [kd_dual_equal_fair] [epoch 55/100] batch 240/300 (80%) loss=8684.7877 elapsed=152s eta=38s
  [kd_dual_equal_fair] [epoch 55/100] batch 270/300 (90%) loss=8698.8615 elapsed=171s eta=19s
  [kd_dual_equal_fair] [epoch 55/100] batch 300/300 (100%) loss=8625.5775 elapsed=190s eta=0s
[kd_dual_equal_fair] [sampler] sampled: {0: 400, 1: 400, 2: 400} total=1200 spalling_ratio=24.33%
[kd_dual_equal_fair] [sampler] unique: {0: 400, 1: 400, 2: 400} unique_total=1200 dup_ratio=1.00x
[kd_dual_equal_fair] [epoch 055/100] remain=45 epochs ep_eta=145.1min (avg 194s/ep)
[kd_dual_equal_fair] [epoch 055/100] lr=0.000028  dt=199.5s
  train loss=8625.5775  ce=0.0927 dice=0.1854  tversky=0.0000 bd=0.0000  cldice=0.0000 snake=0.0000
  val   loss=0.2335
  IoU   bg=0.9767  crack=0.5701  spalling=0.8272  | mIoU_fg=0.6987  pix_acc=0.9772
  Dice  bg=0.9882  crack=0.7262  spalling=0.9055
  BF1   crack=0.7468  spalling=0.7000  | BF1_fg_mean=0.7234
  [kd_dual_equal_fair] [best] mIoU_fg=0.6987  saved -> best.pt
[kd_dual_equal_fair] [curriculum] epoch 56: stage=1 tiers=[0, 1] pool={0: 400, 1: 400, 2: 0}
  [kd_dual_equal_fair] [epoch 56/100] batch 30/300 (10%) loss=8971.5519 elapsed=19s eta=175s
  [kd_dual_equal_fair] [epoch 56/100] batch 60/300 (20%) loss=8693.2051 elapsed=38s eta=153s
  [kd_dual_equal_fair] [epoch 56/100] batch 90/300 (30%) loss=8897.0839 elapsed=57s eta=132s
  [kd_dual_equal_fair] [epoch 56/100] batch 120/300 (40%) loss=8865.8038 elapsed=76s eta=114s
  [kd_dual_equal_fair] [epoch 56/100] batch 150/300 (50%) loss=8928.4626 elapsed=95s eta=95s
  [kd_dual_equal_fair] [epoch 56/100] batch 180/300 (60%) loss=8825.7864 elapsed=114s eta=76s
  [kd_dual_equal_fair] [epoch 56/100] batch 210/300 (70%) loss=8816.1775 elapsed=133s eta=57s
  [kd_dual_equal_fair] [epoch 56/100] batch 240/300 (80%) loss=8974.2303 elapsed=152s eta=38s
  [kd_dual_equal_fair] [epoch 56/100] batch 270/300 (90%) loss=8952.7550 elapsed=170s eta=19s
  [kd_dual_equal_fair] [epoch 56/100] batch 300/300 (100%) loss=8901.7244 elapsed=189s eta=0s
[kd_dual_equal_fair] [sampler] sampled: {0: 400, 1: 400, 2: 400} total=1200 spalling_ratio=24.33%
[kd_dual_equal_fair] [sampler] unique: {0: 400, 1: 400, 2: 400} unique_total=1200 dup_ratio=1.00x
[kd_dual_equal_fair] [epoch 056/100] remain=44 epochs ep_eta=141.9min (avg 194s/ep)
[kd_dual_equal_fair] [epoch 056/100] lr=0.000027  dt=189.6s
  train loss=8901.7244  ce=0.0932 dice=0.1853  tversky=0.0000 bd=0.0000  cldice=0.0000 snake=0.0000
  val   skipped (next val at epoch 60)
[kd_dual_equal_fair] [curriculum] epoch 57: stage=1 tiers=[0, 1] pool={0: 400, 1: 400, 2: 0}
  [kd_dual_equal_fair] [epoch 57/100] batch 30/300 (10%) loss=8543.4381 elapsed=20s eta=178s
  [kd_dual_equal_fair] [epoch 57/100] batch 60/300 (20%) loss=8348.5594 elapsed=39s eta=155s
  [kd_dual_equal_fair] [epoch 57/100] batch 90/300 (30%) loss=8399.1794 elapsed=57s eta=134s
  [kd_dual_equal_fair] [epoch 57/100] batch 120/300 (40%) loss=8494.9254 elapsed=76s eta=114s
  [kd_dual_equal_fair] [epoch 57/100] batch 150/300 (50%) loss=8401.8346 elapsed=95s eta=95s
  [kd_dual_equal_fair] [epoch 57/100] batch 180/300 (60%) loss=8466.0331 elapsed=114s eta=76s
  [kd_dual_equal_fair] [epoch 57/100] batch 210/300 (70%) loss=8425.7141 elapsed=133s eta=57s
  [kd_dual_equal_fair] [epoch 57/100] batch 240/300 (80%) loss=8416.2777 elapsed=152s eta=38s
  [kd_dual_equal_fair] [epoch 57/100] batch 270/300 (90%) loss=8332.5713 elapsed=171s eta=19s
  [kd_dual_equal_fair] [epoch 57/100] batch 300/300 (100%) loss=8379.3747 elapsed=190s eta=0s
[kd_dual_equal_fair] [sampler] sampled: {0: 400, 1: 400, 2: 400} total=1200 spalling_ratio=24.33%
[kd_dual_equal_fair] [sampler] unique: {0: 400, 1: 400, 2: 400} unique_total=1200 dup_ratio=1.00x
[kd_dual_equal_fair] [epoch 057/100] remain=43 epochs ep_eta=138.7min (avg 194s/ep)
[kd_dual_equal_fair] [epoch 057/100] lr=0.000026  dt=190.4s
  train loss=8379.3747  ce=0.0921 dice=0.1816  tversky=0.0000 bd=0.0000  cldice=0.0000 snake=0.0000
  val   skipped (next val at epoch 60)
[kd_dual_equal_fair] [curriculum] epoch 58: stage=1 tiers=[0, 1] pool={0: 400, 1: 400, 2: 0}
  [kd_dual_equal_fair] [epoch 58/100] batch 30/300 (10%) loss=8111.3743 elapsed=19s eta=175s
  [kd_dual_equal_fair] [epoch 58/100] batch 60/300 (20%) loss=8344.7014 elapsed=38s eta=153s
  [kd_dual_equal_fair] [epoch 58/100] batch 90/300 (30%) loss=8308.9859 elapsed=57s eta=134s
  [kd_dual_equal_fair] [epoch 58/100] batch 120/300 (40%) loss=8295.3938 elapsed=76s eta=114s
  [kd_dual_equal_fair] [epoch 58/100] batch 150/300 (50%) loss=8354.1121 elapsed=95s eta=95s
  [kd_dual_equal_fair] [epoch 58/100] batch 180/300 (60%) loss=8351.6757 elapsed=114s eta=76s
  [kd_dual_equal_fair] [epoch 58/100] batch 210/300 (70%) loss=8289.7664 elapsed=133s eta=57s
  [kd_dual_equal_fair] [epoch 58/100] batch 240/300 (80%) loss=8305.6294 elapsed=152s eta=38s
  [kd_dual_equal_fair] [epoch 58/100] batch 270/300 (90%) loss=8270.1759 elapsed=171s eta=19s
  [kd_dual_equal_fair] [epoch 58/100] batch 300/300 (100%) loss=8274.0780 elapsed=190s eta=0s
[kd_dual_equal_fair] [sampler] sampled: {0: 400, 1: 400, 2: 400} total=1200 spalling_ratio=24.33%
[kd_dual_equal_fair] [sampler] unique: {0: 400, 1: 400, 2: 400} unique_total=1200 dup_ratio=1.00x
[kd_dual_equal_fair] [epoch 058/100] remain=42 epochs ep_eta=135.4min (avg 193s/ep)
[kd_dual_equal_fair] [epoch 058/100] lr=0.000025  dt=190.2s
  train loss=8274.0780  ce=0.0911 dice=0.1841  tversky=0.0000 bd=0.0000  cldice=0.0000 snake=0.0000
  val   skipped (next val at epoch 60)
[kd_dual_equal_fair] [curriculum] epoch 59: stage=1 tiers=[0, 1] pool={0: 400, 1: 400, 2: 0}
  [kd_dual_equal_fair] [epoch 59/100] batch 30/300 (10%) loss=8557.3572 elapsed=19s eta=175s
  [kd_dual_equal_fair] [epoch 59/100] batch 60/300 (20%) loss=8243.3463 elapsed=38s eta=153s
  [kd_dual_equal_fair] [epoch 59/100] batch 90/300 (30%) loss=8087.2262 elapsed=57s eta=133s
  [kd_dual_equal_fair] [epoch 59/100] batch 120/300 (40%) loss=8171.4936 elapsed=76s eta=114s
  [kd_dual_equal_fair] [epoch 59/100] batch 150/300 (50%) loss=8004.9375 elapsed=95s eta=95s
  [kd_dual_equal_fair] [epoch 59/100] batch 180/300 (60%) loss=7972.0424 elapsed=114s eta=76s
  [kd_dual_equal_fair] [epoch 59/100] batch 210/300 (70%) loss=8044.7704 elapsed=133s eta=57s
  [kd_dual_equal_fair] [epoch 59/100] batch 240/300 (80%) loss=8051.5345 elapsed=151s eta=38s
  [kd_dual_equal_fair] [epoch 59/100] batch 270/300 (90%) loss=8076.8827 elapsed=170s eta=19s
  [kd_dual_equal_fair] [epoch 59/100] batch 300/300 (100%) loss=8103.5259 elapsed=189s eta=0s
[kd_dual_equal_fair] [sampler] sampled: {0: 400, 1: 400, 2: 400} total=1200 spalling_ratio=24.33%
[kd_dual_equal_fair] [sampler] unique: {0: 400, 1: 400, 2: 400} unique_total=1200 dup_ratio=1.00x
[kd_dual_equal_fair] [epoch 059/100] remain=41 epochs ep_eta=132.2min (avg 193s/ep)
[kd_dual_equal_fair] [epoch 059/100] lr=0.000024  dt=189.4s
  train loss=8103.5259  ce=0.0903 dice=0.1801  tversky=0.0000 bd=0.0000  cldice=0.0000 snake=0.0000
  val   skipped (next val at epoch 60)
[kd_dual_equal_fair] [curriculum] epoch 60: stage=1 tiers=[0, 1] pool={0: 400, 1: 400, 2: 0}
  [kd_dual_equal_fair] [epoch 60/100] batch 30/300 (10%) loss=7961.2352 elapsed=20s eta=176s
  [kd_dual_equal_fair] [epoch 60/100] batch 60/300 (20%) loss=8025.3386 elapsed=39s eta=155s
  [kd_dual_equal_fair] [epoch 60/100] batch 90/300 (30%) loss=8124.8956 elapsed=57s eta=134s
  [kd_dual_equal_fair] [epoch 60/100] batch 120/300 (40%) loss=8131.6323 elapsed=76s eta=114s
  [kd_dual_equal_fair] [epoch 60/100] batch 150/300 (50%) loss=8184.2620 elapsed=95s eta=95s
  [kd_dual_equal_fair] [epoch 60/100] batch 180/300 (60%) loss=8126.8203 elapsed=114s eta=76s
  [kd_dual_equal_fair] [epoch 60/100] batch 210/300 (70%) loss=8162.8812 elapsed=133s eta=57s
  [kd_dual_equal_fair] [epoch 60/100] batch 240/300 (80%) loss=8153.7865 elapsed=151s eta=38s
  [kd_dual_equal_fair] [epoch 60/100] batch 270/300 (90%) loss=8162.1166 elapsed=170s eta=19s
  [kd_dual_equal_fair] [epoch 60/100] batch 300/300 (100%) loss=8166.1533 elapsed=189s eta=0s
[kd_dual_equal_fair] [sampler] sampled: {0: 400, 1: 400, 2: 400} total=1200 spalling_ratio=24.33%
[kd_dual_equal_fair] [sampler] unique: {0: 400, 1: 400, 2: 400} unique_total=1200 dup_ratio=1.00x
[kd_dual_equal_fair] [epoch 060/100] remain=40 epochs ep_eta=129.0min (avg 194s/ep)
[kd_dual_equal_fair] [epoch 060/100] lr=0.000023  dt=199.1s
  train loss=8166.1533  ce=0.0904 dice=0.1813  tversky=0.0000 bd=0.0000  cldice=0.0000 snake=0.0000
  val   loss=0.2244
  IoU   bg=0.9769  crack=0.5724  spalling=0.8328  | mIoU_fg=0.7026  pix_acc=0.9774
  Dice  bg=0.9883  crack=0.7281  spalling=0.9087
  BF1   crack=0.7507  spalling=0.7009  | BF1_fg_mean=0.7258
  [kd_dual_equal_fair] [best] mIoU_fg=0.7026  saved -> best.pt
[kd_dual_equal_fair] [curriculum] epoch 61: stage=1 tiers=[0, 1] pool={0: 400, 1: 400, 2: 0}
  [kd_dual_equal_fair] [epoch 61/100] batch 30/300 (10%) loss=8067.5917 elapsed=20s eta=177s
  [kd_dual_equal_fair] [epoch 61/100] batch 60/300 (20%) loss=8007.7258 elapsed=38s eta=154s
  [kd_dual_equal_fair] [epoch 61/100] batch 90/300 (30%) loss=8042.9198 elapsed=57s eta=134s
  [kd_dual_equal_fair] [epoch 61/100] batch 120/300 (40%) loss=7970.8489 elapsed=76s eta=114s
  [kd_dual_equal_fair] [epoch 61/100] batch 150/300 (50%) loss=7985.0412 elapsed=94s eta=94s
  [kd_dual_equal_fair] [epoch 61/100] batch 180/300 (60%) loss=7947.5378 elapsed=113s eta=75s
  [kd_dual_equal_fair] [epoch 61/100] batch 210/300 (70%) loss=7957.4809 elapsed=132s eta=56s
  [kd_dual_equal_fair] [epoch 61/100] batch 240/300 (80%) loss=7859.5676 elapsed=150s eta=38s
  [kd_dual_equal_fair] [epoch 61/100] batch 270/300 (90%) loss=7849.9628 elapsed=169s eta=19s
  [kd_dual_equal_fair] [epoch 61/100] batch 300/300 (100%) loss=7849.9608 elapsed=188s eta=0s
[kd_dual_equal_fair] [sampler] sampled: {0: 400, 1: 400, 2: 400} total=1200 spalling_ratio=24.33%
[kd_dual_equal_fair] [sampler] unique: {0: 400, 1: 400, 2: 400} unique_total=1200 dup_ratio=1.00x
[kd_dual_equal_fair] [epoch 061/100] remain=39 epochs ep_eta=125.8min (avg 194s/ep)
[kd_dual_equal_fair] [epoch 061/100] lr=0.000022  dt=188.5s
  train loss=7849.9608  ce=0.0892 dice=0.1798  tversky=0.0000 bd=0.0000  cldice=0.0000 snake=0.0000
  val   skipped (next val at epoch 65)
[kd_dual_equal_fair] [curriculum] epoch 62: stage=1 tiers=[0, 1] pool={0: 400, 1: 400, 2: 0}
  [kd_dual_equal_fair] [epoch 62/100] batch 30/300 (10%) loss=8827.9030 elapsed=20s eta=176s
  [kd_dual_equal_fair] [epoch 62/100] batch 60/300 (20%) loss=8511.3842 elapsed=38s eta=153s
  [kd_dual_equal_fair] [epoch 62/100] batch 90/300 (30%) loss=8367.2176 elapsed=57s eta=133s
  [kd_dual_equal_fair] [epoch 62/100] batch 120/300 (40%) loss=8225.1911 elapsed=76s eta=114s
  [kd_dual_equal_fair] [epoch 62/100] batch 150/300 (50%) loss=8152.1157 elapsed=95s eta=95s
  [kd_dual_equal_fair] [epoch 62/100] batch 180/300 (60%) loss=8208.7000 elapsed=114s eta=76s
  [kd_dual_equal_fair] [epoch 62/100] batch 210/300 (70%) loss=8119.7600 elapsed=132s eta=57s
  [kd_dual_equal_fair] [epoch 62/100] batch 240/300 (80%) loss=8075.2824 elapsed=151s eta=38s
  [kd_dual_equal_fair] [epoch 62/100] batch 270/300 (90%) loss=8207.8191 elapsed=170s eta=19s
  [kd_dual_equal_fair] [epoch 62/100] batch 300/300 (100%) loss=8125.7904 elapsed=189s eta=0s
[kd_dual_equal_fair] [sampler] sampled: {0: 400, 1: 400, 2: 400} total=1200 spalling_ratio=24.33%
[kd_dual_equal_fair] [sampler] unique: {0: 400, 1: 400, 2: 400} unique_total=1200 dup_ratio=1.00x
[kd_dual_equal_fair] [epoch 062/100] remain=38 epochs ep_eta=122.6min (avg 194s/ep)
[kd_dual_equal_fair] [epoch 062/100] lr=0.000021  dt=189.1s
  train loss=8125.7904  ce=0.0902 dice=0.1784  tversky=0.0000 bd=0.0000  cldice=0.0000 snake=0.0000
  val   skipped (next val at epoch 65)
[kd_dual_equal_fair] [curriculum] epoch 63: stage=1 tiers=[0, 1] pool={0: 400, 1: 400, 2: 0}
  [kd_dual_equal_fair] [epoch 63/100] batch 30/300 (10%) loss=8275.7447 elapsed=19s eta=175s
  [kd_dual_equal_fair] [epoch 63/100] batch 60/300 (20%) loss=8003.6202 elapsed=38s eta=153s
  [kd_dual_equal_fair] [epoch 63/100] batch 90/300 (30%) loss=7969.0512 elapsed=57s eta=133s
  [kd_dual_equal_fair] [epoch 63/100] batch 120/300 (40%) loss=7950.0959 elapsed=76s eta=114s
  [kd_dual_equal_fair] [epoch 63/100] batch 150/300 (50%) loss=7839.0971 elapsed=95s eta=95s
  [kd_dual_equal_fair] [epoch 63/100] batch 180/300 (60%) loss=7796.2738 elapsed=114s eta=76s
  [kd_dual_equal_fair] [epoch 63/100] batch 210/300 (70%) loss=7898.9097 elapsed=132s eta=57s
  [kd_dual_equal_fair] [epoch 63/100] batch 240/300 (80%) loss=7875.7385 elapsed=151s eta=38s
  [kd_dual_equal_fair] [epoch 63/100] batch 270/300 (90%) loss=7876.8091 elapsed=170s eta=19s
  [kd_dual_equal_fair] [epoch 63/100] batch 300/300 (100%) loss=7869.9763 elapsed=189s eta=0s
[kd_dual_equal_fair] [sampler] sampled: {0: 400, 1: 400, 2: 400} total=1200 spalling_ratio=24.33%
[kd_dual_equal_fair] [sampler] unique: {0: 400, 1: 400, 2: 400} unique_total=1200 dup_ratio=1.00x
[kd_dual_equal_fair] [epoch 063/100] remain=37 epochs ep_eta=119.3min (avg 193s/ep)
[kd_dual_equal_fair] [epoch 063/100] lr=0.000020  dt=188.9s
  train loss=7869.9763  ce=0.0890 dice=0.1810  tversky=0.0000 bd=0.0000  cldice=0.0000 snake=0.0000
  val   skipped (next val at epoch 65)
[kd_dual_equal_fair] [curriculum] epoch 64: stage=1 tiers=[0, 1] pool={0: 400, 1: 400, 2: 0}
  [kd_dual_equal_fair] [epoch 64/100] batch 30/300 (10%) loss=7524.2719 elapsed=19s eta=175s
  [kd_dual_equal_fair] [epoch 64/100] batch 60/300 (20%) loss=7690.4146 elapsed=38s eta=153s
  [kd_dual_equal_fair] [epoch 64/100] batch 90/300 (30%) loss=7853.1567 elapsed=57s eta=134s
  [kd_dual_equal_fair] [epoch 64/100] batch 120/300 (40%) loss=7661.3688 elapsed=76s eta=114s
  [kd_dual_equal_fair] [epoch 64/100] batch 150/300 (50%) loss=7651.0253 elapsed=95s eta=95s
  [kd_dual_equal_fair] [epoch 64/100] batch 180/300 (60%) loss=7643.0692 elapsed=113s eta=76s
  [kd_dual_equal_fair] [epoch 64/100] batch 210/300 (70%) loss=7781.5414 elapsed=132s eta=57s
  [kd_dual_equal_fair] [epoch 64/100] batch 240/300 (80%) loss=7835.2386 elapsed=151s eta=38s
  [kd_dual_equal_fair] [epoch 64/100] batch 270/300 (90%) loss=7884.8057 elapsed=170s eta=19s
  [kd_dual_equal_fair] [epoch 64/100] batch 300/300 (100%) loss=7933.6217 elapsed=188s eta=0s
[kd_dual_equal_fair] [sampler] sampled: {0: 400, 1: 400, 2: 400} total=1200 spalling_ratio=24.33%
[kd_dual_equal_fair] [sampler] unique: {0: 400, 1: 400, 2: 400} unique_total=1200 dup_ratio=1.00x
[kd_dual_equal_fair] [epoch 064/100] remain=36 epochs ep_eta=116.0min (avg 193s/ep)
[kd_dual_equal_fair] [epoch 064/100] lr=0.000019  dt=188.7s
  train loss=7933.6217  ce=0.0895 dice=0.1821  tversky=0.0000 bd=0.0000  cldice=0.0000 snake=0.0000
  val   skipped (next val at epoch 65)
[kd_dual_equal_fair] [curriculum] epoch 65: stage=1 tiers=[0, 1] pool={0: 400, 1: 400, 2: 0}
  [kd_dual_equal_fair] [epoch 65/100] batch 30/300 (10%) loss=8135.0180 elapsed=19s eta=175s
  [kd_dual_equal_fair] [epoch 65/100] batch 60/300 (20%) loss=7649.5353 elapsed=38s eta=152s
  [kd_dual_equal_fair] [epoch 65/100] batch 90/300 (30%) loss=7426.7087 elapsed=57s eta=133s
  [kd_dual_equal_fair] [epoch 65/100] batch 120/300 (40%) loss=7473.9990 elapsed=76s eta=114s
  [kd_dual_equal_fair] [epoch 65/100] batch 150/300 (50%) loss=7566.4091 elapsed=94s eta=94s
  [kd_dual_equal_fair] [epoch 65/100] batch 180/300 (60%) loss=7609.2374 elapsed=113s eta=76s
  [kd_dual_equal_fair] [epoch 65/100] batch 210/300 (70%) loss=7695.7280 elapsed=132s eta=57s
  [kd_dual_equal_fair] [epoch 65/100] batch 240/300 (80%) loss=7733.8187 elapsed=151s eta=38s
  [kd_dual_equal_fair] [epoch 65/100] batch 270/300 (90%) loss=7695.8070 elapsed=170s eta=19s
  [kd_dual_equal_fair] [epoch 65/100] batch 300/300 (100%) loss=7717.8889 elapsed=189s eta=0s
[kd_dual_equal_fair] [sampler] sampled: {0: 400, 1: 400, 2: 400} total=1200 spalling_ratio=24.33%
[kd_dual_equal_fair] [sampler] unique: {0: 400, 1: 400, 2: 400} unique_total=1200 dup_ratio=1.00x
[kd_dual_equal_fair] [epoch 065/100] remain=35 epochs ep_eta=112.9min (avg 194s/ep)
[kd_dual_equal_fair] [epoch 065/100] lr=0.000018  dt=198.5s
  train loss=7717.8889  ce=0.0885 dice=0.1802  tversky=0.0000 bd=0.0000  cldice=0.0000 snake=0.0000
  val   loss=0.2197
  IoU   bg=0.9773  crack=0.5786  spalling=0.8403  | mIoU_fg=0.7094  pix_acc=0.9779
  Dice  bg=0.9885  crack=0.7330  spalling=0.9132
  BF1   crack=0.7544  spalling=0.6585  | BF1_fg_mean=0.7064
  [kd_dual_equal_fair] [best] mIoU_fg=0.7094  saved -> best.pt
[kd_dual_equal_fair] [curriculum] epoch 66: stage=1 tiers=[0, 1] pool={0: 400, 1: 400, 2: 0}
  [kd_dual_equal_fair] [epoch 66/100] batch 30/300 (10%) loss=8015.3093 elapsed=19s eta=173s
  [kd_dual_equal_fair] [epoch 66/100] batch 60/300 (20%) loss=7812.1335 elapsed=38s eta=151s
  [kd_dual_equal_fair] [epoch 66/100] batch 90/300 (30%) loss=7946.1521 elapsed=57s eta=132s
  [kd_dual_equal_fair] [epoch 66/100] batch 120/300 (40%) loss=7838.6302 elapsed=75s eta=113s
  [kd_dual_equal_fair] [epoch 66/100] batch 150/300 (50%) loss=7738.2347 elapsed=94s eta=94s
  [kd_dual_equal_fair] [epoch 66/100] batch 180/300 (60%) loss=7740.3081 elapsed=113s eta=75s
  [kd_dual_equal_fair] [epoch 66/100] batch 210/300 (70%) loss=7679.8881 elapsed=132s eta=56s
  [kd_dual_equal_fair] [epoch 66/100] batch 240/300 (80%) loss=7640.2218 elapsed=150s eta=38s
  [kd_dual_equal_fair] [epoch 66/100] batch 270/300 (90%) loss=7689.5260 elapsed=169s eta=19s
  [kd_dual_equal_fair] [epoch 66/100] batch 300/300 (100%) loss=7658.6758 elapsed=188s eta=0s
[kd_dual_equal_fair] [sampler] sampled: {0: 400, 1: 400, 2: 400} total=1200 spalling_ratio=24.33%
[kd_dual_equal_fair] [sampler] unique: {0: 400, 1: 400, 2: 400} unique_total=1200 dup_ratio=1.00x
[kd_dual_equal_fair] [epoch 066/100] remain=34 epochs ep_eta=109.6min (avg 193s/ep)
[kd_dual_equal_fair] [epoch 066/100] lr=0.000017  dt=188.2s
  train loss=7658.6758  ce=0.0880 dice=0.1800  tversky=0.0000 bd=0.0000  cldice=0.0000 snake=0.0000
  val   skipped (next val at epoch 70)
[kd_dual_equal_fair] [curriculum] epoch 67: stage=1 tiers=[0, 1] pool={0: 400, 1: 400, 2: 0}
  [kd_dual_equal_fair] [epoch 67/100] batch 30/300 (10%) loss=7656.8475 elapsed=19s eta=174s
  [kd_dual_equal_fair] [epoch 67/100] batch 60/300 (20%) loss=7281.0259 elapsed=38s eta=153s
  [kd_dual_equal_fair] [epoch 67/100] batch 90/300 (30%) loss=7437.6932 elapsed=57s eta=133s
  [kd_dual_equal_fair] [epoch 67/100] batch 120/300 (40%) loss=7252.8455 elapsed=75s eta=113s
  [kd_dual_equal_fair] [epoch 67/100] batch 150/300 (50%) loss=7269.7809 elapsed=94s eta=94s
  [kd_dual_equal_fair] [epoch 67/100] batch 180/300 (60%) loss=7378.0429 elapsed=113s eta=75s
  [kd_dual_equal_fair] [epoch 67/100] batch 210/300 (70%) loss=7371.6499 elapsed=132s eta=56s
  [kd_dual_equal_fair] [epoch 67/100] batch 240/300 (80%) loss=7468.3283 elapsed=151s eta=38s
  [kd_dual_equal_fair] [epoch 67/100] batch 270/300 (90%) loss=7526.0470 elapsed=169s eta=19s
  [kd_dual_equal_fair] [epoch 67/100] batch 300/300 (100%) loss=7572.9936 elapsed=188s eta=0s
[kd_dual_equal_fair] [sampler] sampled: {0: 400, 1: 400, 2: 400} total=1200 spalling_ratio=24.33%
[kd_dual_equal_fair] [sampler] unique: {0: 400, 1: 400, 2: 400} unique_total=1200 dup_ratio=1.00x
[kd_dual_equal_fair] [epoch 067/100] remain=33 epochs ep_eta=106.4min (avg 193s/ep)
[kd_dual_equal_fair] [epoch 067/100] lr=0.000016  dt=188.3s
  train loss=7572.9936  ce=0.0879 dice=0.1799  tversky=0.0000 bd=0.0000  cldice=0.0000 snake=0.0000
  val   skipped (next val at epoch 70)
[kd_dual_equal_fair] [curriculum] epoch 68: stage=1 tiers=[0, 1] pool={0: 400, 1: 400, 2: 0}
  [kd_dual_equal_fair] [epoch 68/100] batch 30/300 (10%) loss=7846.3688 elapsed=20s eta=176s
  [kd_dual_equal_fair] [epoch 68/100] batch 60/300 (20%) loss=7729.5969 elapsed=38s eta=153s
  [kd_dual_equal_fair] [epoch 68/100] batch 90/300 (30%) loss=7694.2813 elapsed=57s eta=133s
  [kd_dual_equal_fair] [epoch 68/100] batch 120/300 (40%) loss=7584.0317 elapsed=76s eta=113s
  [kd_dual_equal_fair] [epoch 68/100] batch 150/300 (50%) loss=7501.3895 elapsed=94s eta=94s
  [kd_dual_equal_fair] [epoch 68/100] batch 180/300 (60%) loss=7524.6790 elapsed=113s eta=75s
  [kd_dual_equal_fair] [epoch 68/100] batch 210/300 (70%) loss=7539.6508 elapsed=132s eta=56s
  [kd_dual_equal_fair] [epoch 68/100] batch 240/300 (80%) loss=7520.0680 elapsed=150s eta=38s
  [kd_dual_equal_fair] [epoch 68/100] batch 270/300 (90%) loss=7488.1495 elapsed=169s eta=19s
  [kd_dual_equal_fair] [epoch 68/100] batch 300/300 (100%) loss=7436.8006 elapsed=188s eta=0s
[kd_dual_equal_fair] [sampler] sampled: {0: 400, 1: 400, 2: 400} total=1200 spalling_ratio=24.33%
[kd_dual_equal_fair] [sampler] unique: {0: 400, 1: 400, 2: 400} unique_total=1200 dup_ratio=1.00x
[kd_dual_equal_fair] [epoch 068/100] remain=32 epochs ep_eta=103.1min (avg 193s/ep)
[kd_dual_equal_fair] [epoch 068/100] lr=0.000015  dt=188.0s
  train loss=7436.8006  ce=0.0873 dice=0.1759  tversky=0.0000 bd=0.0000  cldice=0.0000 snake=0.0000
  val   skipped (next val at epoch 70)
[kd_dual_equal_fair] [curriculum] epoch 69: stage=1 tiers=[0, 1] pool={0: 400, 1: 400, 2: 0}
  [kd_dual_equal_fair] [epoch 69/100] batch 30/300 (10%) loss=7640.3153 elapsed=19s eta=175s
  [kd_dual_equal_fair] [epoch 69/100] batch 60/300 (20%) loss=7375.2930 elapsed=38s eta=152s
  [kd_dual_equal_fair] [epoch 69/100] batch 90/300 (30%) loss=7327.1168 elapsed=57s eta=132s
  [kd_dual_equal_fair] [epoch 69/100] batch 120/300 (40%) loss=7372.8673 elapsed=75s eta=113s
  [kd_dual_equal_fair] [epoch 69/100] batch 150/300 (50%) loss=7410.8719 elapsed=94s eta=94s
  [kd_dual_equal_fair] [epoch 69/100] batch 180/300 (60%) loss=7400.1623 elapsed=113s eta=76s
  [kd_dual_equal_fair] [epoch 69/100] batch 210/300 (70%) loss=7408.7756 elapsed=132s eta=57s
  [kd_dual_equal_fair] [epoch 69/100] batch 240/300 (80%) loss=7429.5141 elapsed=151s eta=38s
  [kd_dual_equal_fair] [epoch 69/100] batch 270/300 (90%) loss=7420.5435 elapsed=170s eta=19s
  [kd_dual_equal_fair] [epoch 69/100] batch 300/300 (100%) loss=7387.9555 elapsed=188s eta=0s
[kd_dual_equal_fair] [sampler] sampled: {0: 400, 1: 400, 2: 400} total=1200 spalling_ratio=24.33%
[kd_dual_equal_fair] [sampler] unique: {0: 400, 1: 400, 2: 400} unique_total=1200 dup_ratio=1.00x
[kd_dual_equal_fair] [epoch 069/100] remain=31 epochs ep_eta=99.9min (avg 193s/ep)
[kd_dual_equal_fair] [epoch 069/100] lr=0.000014  dt=188.4s
  train loss=7387.9555  ce=0.0868 dice=0.1781  tversky=0.0000 bd=0.0000  cldice=0.0000 snake=0.0000
  val   skipped (next val at epoch 70)
[kd_dual_equal_fair] [curriculum] epoch 70: stage=2 tiers=[0, 1, 2] pool={0: 400, 1: 400, 2: 400}
  [kd_dual_equal_fair] [epoch 70/100] batch 30/300 (10%) loss=7245.2908 elapsed=19s eta=174s
  [kd_dual_equal_fair] [epoch 70/100] batch 60/300 (20%) loss=7212.7244 elapsed=38s eta=154s
  [kd_dual_equal_fair] [epoch 70/100] batch 90/300 (30%) loss=7349.1216 elapsed=57s eta=134s
  [kd_dual_equal_fair] [epoch 70/100] batch 120/300 (40%) loss=7360.2272 elapsed=76s eta=114s
  [kd_dual_equal_fair] [epoch 70/100] batch 150/300 (50%) loss=7340.6421 elapsed=95s eta=95s
  [kd_dual_equal_fair] [epoch 70/100] batch 180/300 (60%) loss=7248.9755 elapsed=114s eta=76s
  [kd_dual_equal_fair] [epoch 70/100] batch 210/300 (70%) loss=7265.0493 elapsed=132s eta=57s
  [kd_dual_equal_fair] [epoch 70/100] batch 240/300 (80%) loss=7264.8366 elapsed=151s eta=38s
  [kd_dual_equal_fair] [epoch 70/100] batch 270/300 (90%) loss=7231.0466 elapsed=170s eta=19s
  [kd_dual_equal_fair] [epoch 70/100] batch 300/300 (100%) loss=7229.5853 elapsed=189s eta=0s
[kd_dual_equal_fair] [sampler] sampled: {0: 400, 1: 400, 2: 400} total=1200 spalling_ratio=24.33%
[kd_dual_equal_fair] [sampler] unique: {0: 400, 1: 400, 2: 400} unique_total=1200 dup_ratio=1.00x
[kd_dual_equal_fair] [epoch 070/100] remain=30 epochs ep_eta=96.7min (avg 193s/ep)
[kd_dual_equal_fair] [epoch 070/100] lr=0.000014  dt=198.7s
  train loss=7229.5853  ce=0.0863 dice=0.1779  tversky=0.0000 bd=0.0000  cldice=0.0000 snake=0.0000
  val   loss=0.2208
  IoU   bg=0.9772  crack=0.5784  spalling=0.8388  | mIoU_fg=0.7086  pix_acc=0.9778
  Dice  bg=0.9885  crack=0.7329  spalling=0.9124
  BF1   crack=0.7469  spalling=0.6810  | BF1_fg_mean=0.7140
[kd_dual_equal_fair] [curriculum] epoch 71: stage=2 tiers=[0, 1, 2] pool={0: 400, 1: 400, 2: 400}
  [kd_dual_equal_fair] [epoch 71/100] batch 30/300 (10%) loss=6903.7208 elapsed=19s eta=175s
  [kd_dual_equal_fair] [epoch 71/100] batch 60/300 (20%) loss=6998.2389 elapsed=38s eta=153s
  [kd_dual_equal_fair] [epoch 71/100] batch 90/300 (30%) loss=7065.5406 elapsed=57s eta=132s
  [kd_dual_equal_fair] [epoch 71/100] batch 120/300 (40%) loss=7122.0219 elapsed=75s eta=113s
  [kd_dual_equal_fair] [epoch 71/100] batch 150/300 (50%) loss=7138.8580 elapsed=94s eta=94s
  [kd_dual_equal_fair] [epoch 71/100] batch 180/300 (60%) loss=7227.3687 elapsed=113s eta=75s
  [kd_dual_equal_fair] [epoch 71/100] batch 210/300 (70%) loss=7262.6502 elapsed=132s eta=57s
  [kd_dual_equal_fair] [epoch 71/100] batch 240/300 (80%) loss=7238.3140 elapsed=151s eta=38s
  [kd_dual_equal_fair] [epoch 71/100] batch 270/300 (90%) loss=7232.9447 elapsed=169s eta=19s
  [kd_dual_equal_fair] [epoch 71/100] batch 300/300 (100%) loss=7203.8740 elapsed=188s eta=0s
[kd_dual_equal_fair] [sampler] sampled: {0: 400, 1: 400, 2: 400} total=1200 spalling_ratio=24.33%
[kd_dual_equal_fair] [sampler] unique: {0: 400, 1: 400, 2: 400} unique_total=1200 dup_ratio=1.00x
[kd_dual_equal_fair] [epoch 071/100] remain=29 epochs ep_eta=93.5min (avg 193s/ep)
[kd_dual_equal_fair] [epoch 071/100] lr=0.000013  dt=188.2s
  train loss=7203.8740  ce=0.0865 dice=0.1791  tversky=0.0000 bd=0.0000  cldice=0.0000 snake=0.0000
  val   skipped (next val at epoch 75)
[kd_dual_equal_fair] [curriculum] epoch 72: stage=2 tiers=[0, 1, 2] pool={0: 400, 1: 400, 2: 400}
  [kd_dual_equal_fair] [epoch 72/100] batch 30/300 (10%) loss=7273.1742 elapsed=20s eta=177s
  [kd_dual_equal_fair] [epoch 72/100] batch 60/300 (20%) loss=6958.1975 elapsed=39s eta=154s
  [kd_dual_equal_fair] [epoch 72/100] batch 90/300 (30%) loss=6975.6727 elapsed=58s eta=134s
  [kd_dual_equal_fair] [epoch 72/100] batch 120/300 (40%) loss=7040.8670 elapsed=76s eta=115s
  [kd_dual_equal_fair] [epoch 72/100] batch 150/300 (50%) loss=7156.6658 elapsed=95s eta=95s
  [kd_dual_equal_fair] [epoch 72/100] batch 180/300 (60%) loss=7144.7595 elapsed=114s eta=76s
  [kd_dual_equal_fair] [epoch 72/100] batch 210/300 (70%) loss=7208.4129 elapsed=133s eta=57s
  [kd_dual_equal_fair] [epoch 72/100] batch 240/300 (80%) loss=7234.9119 elapsed=151s eta=38s
  [kd_dual_equal_fair] [epoch 72/100] batch 270/300 (90%) loss=7225.3919 elapsed=170s eta=19s
  [kd_dual_equal_fair] [epoch 72/100] batch 300/300 (100%) loss=7182.0000 elapsed=189s eta=0s
[kd_dual_equal_fair] [sampler] sampled: {0: 400, 1: 400, 2: 400} total=1200 spalling_ratio=24.33%
[kd_dual_equal_fair] [sampler] unique: {0: 400, 1: 400, 2: 400} unique_total=1200 dup_ratio=1.00x
[kd_dual_equal_fair] [epoch 072/100] remain=28 epochs ep_eta=90.2min (avg 193s/ep)
[kd_dual_equal_fair] [epoch 072/100] lr=0.000012  dt=189.2s
  train loss=7182.0000  ce=0.0860 dice=0.1775  tversky=0.0000 bd=0.0000  cldice=0.0000 snake=0.0000
  val   skipped (next val at epoch 75)
[kd_dual_equal_fair] [curriculum] epoch 73: stage=2 tiers=[0, 1, 2] pool={0: 400, 1: 400, 2: 400}
  [kd_dual_equal_fair] [epoch 73/100] batch 30/300 (10%) loss=7106.9885 elapsed=19s eta=174s
  [kd_dual_equal_fair] [epoch 73/100] batch 60/300 (20%) loss=6912.5601 elapsed=38s eta=152s
  [kd_dual_equal_fair] [epoch 73/100] batch 90/300 (30%) loss=6815.6499 elapsed=57s eta=132s
  [kd_dual_equal_fair] [epoch 73/100] batch 120/300 (40%) loss=6804.7878 elapsed=75s eta=113s
  [kd_dual_equal_fair] [epoch 73/100] batch 150/300 (50%) loss=6898.8346 elapsed=94s eta=94s
  [kd_dual_equal_fair] [epoch 73/100] batch 180/300 (60%) loss=6990.3177 elapsed=113s eta=75s
  [kd_dual_equal_fair] [epoch 73/100] batch 210/300 (70%) loss=7008.3294 elapsed=132s eta=57s
  [kd_dual_equal_fair] [epoch 73/100] batch 240/300 (80%) loss=7075.4240 elapsed=151s eta=38s
  [kd_dual_equal_fair] [epoch 73/100] batch 270/300 (90%) loss=7091.8694 elapsed=170s eta=19s
  [kd_dual_equal_fair] [epoch 73/100] batch 300/300 (100%) loss=7082.6992 elapsed=188s eta=0s
[kd_dual_equal_fair] [sampler] sampled: {0: 400, 1: 400, 2: 400} total=1200 spalling_ratio=24.33%
[kd_dual_equal_fair] [sampler] unique: {0: 400, 1: 400, 2: 400} unique_total=1200 dup_ratio=1.00x
[kd_dual_equal_fair] [epoch 073/100] remain=27 epochs ep_eta=87.0min (avg 193s/ep)
[kd_dual_equal_fair] [epoch 073/100] lr=0.000011  dt=188.7s
  train loss=7082.6992  ce=0.0856 dice=0.1798  tversky=0.0000 bd=0.0000  cldice=0.0000 snake=0.0000
  val   skipped (next val at epoch 75)
[kd_dual_equal_fair] [curriculum] epoch 74: stage=2 tiers=[0, 1, 2] pool={0: 400, 1: 400, 2: 400}
  [kd_dual_equal_fair] [epoch 74/100] batch 30/300 (10%) loss=6926.9179 elapsed=19s eta=174s
  [kd_dual_equal_fair] [epoch 74/100] batch 60/300 (20%) loss=7157.6415 elapsed=38s eta=152s
  [kd_dual_equal_fair] [epoch 74/100] batch 90/300 (30%) loss=7080.9511 elapsed=57s eta=132s
  [kd_dual_equal_fair] [epoch 74/100] batch 120/300 (40%) loss=7293.6077 elapsed=76s eta=113s
  [kd_dual_equal_fair] [epoch 74/100] batch 150/300 (50%) loss=7242.4758 elapsed=94s eta=94s
  [kd_dual_equal_fair] [epoch 74/100] batch 180/300 (60%) loss=7170.4002 elapsed=113s eta=75s
  [kd_dual_equal_fair] [epoch 74/100] batch 210/300 (70%) loss=7111.8552 elapsed=132s eta=57s
  [kd_dual_equal_fair] [epoch 74/100] batch 240/300 (80%) loss=7095.0228 elapsed=151s eta=38s
  [kd_dual_equal_fair] [epoch 74/100] batch 270/300 (90%) loss=7136.4056 elapsed=170s eta=19s
  [kd_dual_equal_fair] [epoch 74/100] batch 300/300 (100%) loss=7115.9397 elapsed=188s eta=0s
[kd_dual_equal_fair] [sampler] sampled: {0: 400, 1: 400, 2: 400} total=1200 spalling_ratio=24.33%
[kd_dual_equal_fair] [sampler] unique: {0: 400, 1: 400, 2: 400} unique_total=1200 dup_ratio=1.00x
[kd_dual_equal_fair] [epoch 074/100] remain=26 epochs ep_eta=83.7min (avg 193s/ep)
[kd_dual_equal_fair] [epoch 074/100] lr=0.000010  dt=188.6s
  train loss=7115.9397  ce=0.0856 dice=0.1760  tversky=0.0000 bd=0.0000  cldice=0.0000 snake=0.0000
  val   skipped (next val at epoch 75)
[kd_dual_equal_fair] [curriculum] epoch 75: stage=2 tiers=[0, 1, 2] pool={0: 400, 1: 400, 2: 400}
  [kd_dual_equal_fair] [epoch 75/100] batch 30/300 (10%) loss=6924.0677 elapsed=20s eta=176s
  [kd_dual_equal_fair] [epoch 75/100] batch 60/300 (20%) loss=7153.5252 elapsed=39s eta=154s
  [kd_dual_equal_fair] [epoch 75/100] batch 90/300 (30%) loss=7075.6147 elapsed=57s eta=134s
  [kd_dual_equal_fair] [epoch 75/100] batch 120/300 (40%) loss=6964.5779 elapsed=76s eta=114s
  [kd_dual_equal_fair] [epoch 75/100] batch 150/300 (50%) loss=7051.1234 elapsed=95s eta=95s
  [kd_dual_equal_fair] [epoch 75/100] batch 180/300 (60%) loss=7062.6354 elapsed=114s eta=76s
  [kd_dual_equal_fair] [epoch 75/100] batch 210/300 (70%) loss=7117.9707 elapsed=133s eta=57s
  [kd_dual_equal_fair] [epoch 75/100] batch 240/300 (80%) loss=7147.3058 elapsed=152s eta=38s
  [kd_dual_equal_fair] [epoch 75/100] batch 270/300 (90%) loss=7164.6957 elapsed=170s eta=19s
  [kd_dual_equal_fair] [epoch 75/100] batch 300/300 (100%) loss=7108.0324 elapsed=189s eta=0s
[kd_dual_equal_fair] [sampler] sampled: {0: 400, 1: 400, 2: 400} total=1200 spalling_ratio=24.33%
[kd_dual_equal_fair] [sampler] unique: {0: 400, 1: 400, 2: 400} unique_total=1200 dup_ratio=1.00x
[kd_dual_equal_fair] [epoch 075/100] remain=25 epochs ep_eta=80.6min (avg 193s/ep)
[kd_dual_equal_fair] [epoch 075/100] lr=0.000010  dt=198.7s
  train loss=7108.0324  ce=0.0862 dice=0.1777  tversky=0.0000 bd=0.0000  cldice=0.0000 snake=0.0000
  val   loss=0.2183
  IoU   bg=0.9773  crack=0.5791  spalling=0.8380  | mIoU_fg=0.7085  pix_acc=0.9778
  Dice  bg=0.9885  crack=0.7335  spalling=0.9118
  BF1   crack=0.7574  spalling=0.6712  | BF1_fg_mean=0.7143
[kd_dual_equal_fair] [curriculum] epoch 76: stage=2 tiers=[0, 1, 2] pool={0: 400, 1: 400, 2: 400}
  [kd_dual_equal_fair] [epoch 76/100] batch 30/300 (10%) loss=6571.7875 elapsed=19s eta=175s
  [kd_dual_equal_fair] [epoch 76/100] batch 60/300 (20%) loss=6692.7769 elapsed=38s eta=153s
  [kd_dual_equal_fair] [epoch 76/100] batch 90/300 (30%) loss=6789.5153 elapsed=57s eta=133s
  [kd_dual_equal_fair] [epoch 76/100] batch 120/300 (40%) loss=6922.5267 elapsed=76s eta=114s
  [kd_dual_equal_fair] [epoch 76/100] batch 150/300 (50%) loss=6876.8056 elapsed=95s eta=95s
  [kd_dual_equal_fair] [epoch 76/100] batch 180/300 (60%) loss=6826.9136 elapsed=114s eta=76s
  [kd_dual_equal_fair] [epoch 76/100] batch 210/300 (70%) loss=6866.0889 elapsed=132s eta=57s
  [kd_dual_equal_fair] [epoch 76/100] batch 240/300 (80%) loss=6804.3047 elapsed=151s eta=38s
  [kd_dual_equal_fair] [epoch 76/100] batch 270/300 (90%) loss=6798.7204 elapsed=170s eta=19s
  [kd_dual_equal_fair] [epoch 76/100] batch 300/300 (100%) loss=6791.9625 elapsed=188s eta=0s
[kd_dual_equal_fair] [sampler] sampled: {0: 400, 1: 400, 2: 400} total=1200 spalling_ratio=24.33%
[kd_dual_equal_fair] [sampler] unique: {0: 400, 1: 400, 2: 400} unique_total=1200 dup_ratio=1.00x
[kd_dual_equal_fair] [epoch 076/100] remain=24 epochs ep_eta=77.3min (avg 193s/ep)
[kd_dual_equal_fair] [epoch 076/100] lr=0.000009  dt=188.5s
  train loss=6791.9625  ce=0.0842 dice=0.1753  tversky=0.0000 bd=0.0000  cldice=0.0000 snake=0.0000
  val   skipped (next val at epoch 80)
[kd_dual_equal_fair] [curriculum] epoch 77: stage=2 tiers=[0, 1, 2] pool={0: 400, 1: 400, 2: 400}
  [kd_dual_equal_fair] [epoch 77/100] batch 30/300 (10%) loss=7088.4909 elapsed=19s eta=175s
  [kd_dual_equal_fair] [epoch 77/100] batch 60/300 (20%) loss=7028.6009 elapsed=39s eta=154s
  [kd_dual_equal_fair] [epoch 77/100] batch 90/300 (30%) loss=7086.5484 elapsed=57s eta=134s
  [kd_dual_equal_fair] [epoch 77/100] batch 120/300 (40%) loss=6980.2464 elapsed=76s eta=114s
  [kd_dual_equal_fair] [epoch 77/100] batch 150/300 (50%) loss=6994.1819 elapsed=95s eta=95s
  [kd_dual_equal_fair] [epoch 77/100] batch 180/300 (60%) loss=6936.2068 elapsed=114s eta=76s
  [kd_dual_equal_fair] [epoch 77/100] batch 210/300 (70%) loss=6920.7006 elapsed=133s eta=57s
  [kd_dual_equal_fair] [epoch 77/100] batch 240/300 (80%) loss=6915.9692 elapsed=151s eta=38s
  [kd_dual_equal_fair] [epoch 77/100] batch 270/300 (90%) loss=6943.4091 elapsed=170s eta=19s
  [kd_dual_equal_fair] [epoch 77/100] batch 300/300 (100%) loss=6949.8808 elapsed=189s eta=0s
[kd_dual_equal_fair] [sampler] sampled: {0: 400, 1: 400, 2: 400} total=1200 spalling_ratio=24.33%
[kd_dual_equal_fair] [sampler] unique: {0: 400, 1: 400, 2: 400} unique_total=1200 dup_ratio=1.00x
[kd_dual_equal_fair] [epoch 077/100] remain=23 epochs ep_eta=74.1min (avg 193s/ep)
[kd_dual_equal_fair] [epoch 077/100] lr=0.000008  dt=189.3s
  train loss=6949.8808  ce=0.0848 dice=0.1757  tversky=0.0000 bd=0.0000  cldice=0.0000 snake=0.0000
  val   skipped (next val at epoch 80)
[kd_dual_equal_fair] [curriculum] epoch 78: stage=2 tiers=[0, 1, 2] pool={0: 400, 1: 400, 2: 400}
  [kd_dual_equal_fair] [epoch 78/100] batch 30/300 (10%) loss=7005.7905 elapsed=20s eta=176s
  [kd_dual_equal_fair] [epoch 78/100] batch 60/300 (20%) loss=6926.6017 elapsed=38s eta=154s
  [kd_dual_equal_fair] [epoch 78/100] batch 90/300 (30%) loss=6891.9447 elapsed=57s eta=133s
  [kd_dual_equal_fair] [epoch 78/100] batch 120/300 (40%) loss=6898.4312 elapsed=76s eta=114s
  [kd_dual_equal_fair] [epoch 78/100] batch 150/300 (50%) loss=6874.5894 elapsed=95s eta=95s
  [kd_dual_equal_fair] [epoch 78/100] batch 180/300 (60%) loss=6895.4756 elapsed=114s eta=76s
  [kd_dual_equal_fair] [epoch 78/100] batch 210/300 (70%) loss=6874.4479 elapsed=133s eta=57s
  [kd_dual_equal_fair] [epoch 78/100] batch 240/300 (80%) loss=6848.4567 elapsed=151s eta=38s
  [kd_dual_equal_fair] [epoch 78/100] batch 270/300 (90%) loss=6854.7761 elapsed=170s eta=19s
  [kd_dual_equal_fair] [epoch 78/100] batch 300/300 (100%) loss=6851.1091 elapsed=189s eta=0s
[kd_dual_equal_fair] [sampler] sampled: {0: 400, 1: 400, 2: 400} total=1200 spalling_ratio=24.33%
[kd_dual_equal_fair] [sampler] unique: {0: 400, 1: 400, 2: 400} unique_total=1200 dup_ratio=1.00x
[kd_dual_equal_fair] [epoch 078/100] remain=22 epochs ep_eta=70.9min (avg 193s/ep)
[kd_dual_equal_fair] [epoch 078/100] lr=0.000008  dt=188.9s
  train loss=6851.1091  ce=0.0845 dice=0.1744  tversky=0.0000 bd=0.0000  cldice=0.0000 snake=0.0000
  val   skipped (next val at epoch 80)
[kd_dual_equal_fair] [curriculum] epoch 79: stage=2 tiers=[0, 1, 2] pool={0: 400, 1: 400, 2: 400}
  [kd_dual_equal_fair] [epoch 79/100] batch 30/300 (10%) loss=7441.4713 elapsed=19s eta=175s
  [kd_dual_equal_fair] [epoch 79/100] batch 60/300 (20%) loss=7109.0196 elapsed=38s eta=154s
  [kd_dual_equal_fair] [epoch 79/100] batch 90/300 (30%) loss=7047.4322 elapsed=57s eta=133s
  [kd_dual_equal_fair] [epoch 79/100] batch 120/300 (40%) loss=7013.5340 elapsed=76s eta=114s
  [kd_dual_equal_fair] [epoch 79/100] batch 150/300 (50%) loss=6967.5479 elapsed=95s eta=95s
  [kd_dual_equal_fair] [epoch 79/100] batch 180/300 (60%) loss=6989.6629 elapsed=113s eta=76s
  [kd_dual_equal_fair] [epoch 79/100] batch 210/300 (70%) loss=6943.8968 elapsed=132s eta=57s
  [kd_dual_equal_fair] [epoch 79/100] batch 240/300 (80%) loss=6898.8967 elapsed=151s eta=38s
  [kd_dual_equal_fair] [epoch 79/100] batch 270/300 (90%) loss=6840.3908 elapsed=169s eta=19s
  [kd_dual_equal_fair] [epoch 79/100] batch 300/300 (100%) loss=6840.7392 elapsed=188s eta=0s
[kd_dual_equal_fair] [sampler] sampled: {0: 400, 1: 400, 2: 400} total=1200 spalling_ratio=24.33%
[kd_dual_equal_fair] [sampler] unique: {0: 400, 1: 400, 2: 400} unique_total=1200 dup_ratio=1.00x
[kd_dual_equal_fair] [epoch 079/100] remain=21 epochs ep_eta=67.6min (avg 193s/ep)
[kd_dual_equal_fair] [epoch 079/100] lr=0.000007  dt=188.2s
  train loss=6840.7392  ce=0.0842 dice=0.1778  tversky=0.0000 bd=0.0000  cldice=0.0000 snake=0.0000
  val   skipped (next val at epoch 80)
[kd_dual_equal_fair] [curriculum] epoch 80: stage=2 tiers=[0, 1, 2] pool={0: 400, 1: 400, 2: 400}
  [kd_dual_equal_fair] [epoch 80/100] batch 30/300 (10%) loss=6336.9364 elapsed=19s eta=174s
  [kd_dual_equal_fair] [epoch 80/100] batch 60/300 (20%) loss=6724.7444 elapsed=38s eta=152s
  [kd_dual_equal_fair] [epoch 80/100] batch 90/300 (30%) loss=6753.9751 elapsed=57s eta=133s
  [kd_dual_equal_fair] [epoch 80/100] batch 120/300 (40%) loss=6776.6136 elapsed=76s eta=114s
  [kd_dual_equal_fair] [epoch 80/100] batch 150/300 (50%) loss=6794.7926 elapsed=95s eta=95s
  [kd_dual_equal_fair] [epoch 80/100] batch 180/300 (60%) loss=6819.6600 elapsed=113s eta=75s
  [kd_dual_equal_fair] [epoch 80/100] batch 210/300 (70%) loss=6829.5995 elapsed=132s eta=57s
  [kd_dual_equal_fair] [epoch 80/100] batch 240/300 (80%) loss=6838.8808 elapsed=151s eta=38s
  [kd_dual_equal_fair] [epoch 80/100] batch 270/300 (90%) loss=6817.7013 elapsed=170s eta=19s
  [kd_dual_equal_fair] [epoch 80/100] batch 300/300 (100%) loss=6808.5316 elapsed=188s eta=0s
[kd_dual_equal_fair] [sampler] sampled: {0: 400, 1: 400, 2: 400} total=1200 spalling_ratio=24.33%
[kd_dual_equal_fair] [sampler] unique: {0: 400, 1: 400, 2: 400} unique_total=1200 dup_ratio=1.00x
[kd_dual_equal_fair] [epoch 080/100] remain=20 epochs ep_eta=64.4min (avg 193s/ep)
[kd_dual_equal_fair] [epoch 080/100] lr=0.000006  dt=198.3s
  train loss=6808.5316  ce=0.0842 dice=0.1778  tversky=0.0000 bd=0.0000  cldice=0.0000 snake=0.0000
  val   loss=0.2196
  IoU   bg=0.9777  crack=0.5803  spalling=0.8330  | mIoU_fg=0.7067  pix_acc=0.9781
  Dice  bg=0.9887  crack=0.7344  spalling=0.9089
  BF1   crack=0.7603  spalling=0.6811  | BF1_fg_mean=0.7207
[kd_dual_equal_fair] [curriculum] epoch 81: stage=2 tiers=[0, 1, 2] pool={0: 400, 1: 400, 2: 400}
  [kd_dual_equal_fair] [epoch 81/100] batch 30/300 (10%) loss=6710.1316 elapsed=20s eta=176s
  [kd_dual_equal_fair] [epoch 81/100] batch 60/300 (20%) loss=6901.1863 elapsed=39s eta=155s
  [kd_dual_equal_fair] [epoch 81/100] batch 90/300 (30%) loss=6910.3013 elapsed=58s eta=134s
  [kd_dual_equal_fair] [epoch 81/100] batch 120/300 (40%) loss=6897.3734 elapsed=76s eta=114s
  [kd_dual_equal_fair] [epoch 81/100] batch 150/300 (50%) loss=6802.5009 elapsed=95s eta=95s
  [kd_dual_equal_fair] [epoch 81/100] batch 180/300 (60%) loss=6830.4501 elapsed=114s eta=76s
  [kd_dual_equal_fair] [epoch 81/100] batch 210/300 (70%) loss=6841.9920 elapsed=133s eta=57s
  [kd_dual_equal_fair] [epoch 81/100] batch 240/300 (80%) loss=6873.2129 elapsed=151s eta=38s
  [kd_dual_equal_fair] [epoch 81/100] batch 270/300 (90%) loss=6869.6267 elapsed=170s eta=19s
  [kd_dual_equal_fair] [epoch 81/100] batch 300/300 (100%) loss=6851.4118 elapsed=189s eta=0s
[kd_dual_equal_fair] [sampler] sampled: {0: 400, 1: 400, 2: 400} total=1200 spalling_ratio=24.33%
[kd_dual_equal_fair] [sampler] unique: {0: 400, 1: 400, 2: 400} unique_total=1200 dup_ratio=1.00x
[kd_dual_equal_fair] [epoch 081/100] remain=19 epochs ep_eta=61.2min (avg 193s/ep)
[kd_dual_equal_fair] [epoch 081/100] lr=0.000006  dt=189.0s
  train loss=6851.4118  ce=0.0846 dice=0.1726  tversky=0.0000 bd=0.0000  cldice=0.0000 snake=0.0000
  val   skipped (next val at epoch 85)
[kd_dual_equal_fair] [curriculum] epoch 82: stage=2 tiers=[0, 1, 2] pool={0: 400, 1: 400, 2: 400}
  [kd_dual_equal_fair] [epoch 82/100] batch 30/300 (10%) loss=6731.6483 elapsed=19s eta=175s
  [kd_dual_equal_fair] [epoch 82/100] batch 60/300 (20%) loss=6657.9024 elapsed=39s eta=154s
  [kd_dual_equal_fair] [epoch 82/100] batch 90/300 (30%) loss=6669.7398 elapsed=57s eta=134s
  [kd_dual_equal_fair] [epoch 82/100] batch 120/300 (40%) loss=6700.4783 elapsed=76s eta=114s
  [kd_dual_equal_fair] [epoch 82/100] batch 150/300 (50%) loss=6694.6743 elapsed=95s eta=95s
  [kd_dual_equal_fair] [epoch 82/100] batch 180/300 (60%) loss=6772.4660 elapsed=113s eta=75s
  [kd_dual_equal_fair] [epoch 82/100] batch 210/300 (70%) loss=6865.1799 elapsed=132s eta=57s
  [kd_dual_equal_fair] [epoch 82/100] batch 240/300 (80%) loss=6830.1522 elapsed=151s eta=38s
  [kd_dual_equal_fair] [epoch 82/100] batch 270/300 (90%) loss=6844.5631 elapsed=170s eta=19s
  [kd_dual_equal_fair] [epoch 82/100] batch 300/300 (100%) loss=6822.1620 elapsed=188s eta=0s
[kd_dual_equal_fair] [sampler] sampled: {0: 400, 1: 400, 2: 400} total=1200 spalling_ratio=24.33%
[kd_dual_equal_fair] [sampler] unique: {0: 400, 1: 400, 2: 400} unique_total=1200 dup_ratio=1.00x
[kd_dual_equal_fair] [epoch 082/100] remain=18 epochs ep_eta=58.0min (avg 193s/ep)
[kd_dual_equal_fair] [epoch 082/100] lr=0.000005  dt=188.5s
  train loss=6822.1620  ce=0.0845 dice=0.1792  tversky=0.0000 bd=0.0000  cldice=0.0000 snake=0.0000
  val   skipped (next val at epoch 85)
[kd_dual_equal_fair] [curriculum] epoch 83: stage=2 tiers=[0, 1, 2] pool={0: 400, 1: 400, 2: 400}
  [kd_dual_equal_fair] [epoch 83/100] batch 30/300 (10%) loss=6807.4115 elapsed=19s eta=175s
  [kd_dual_equal_fair] [epoch 83/100] batch 60/300 (20%) loss=6795.5240 elapsed=38s eta=153s
  [kd_dual_equal_fair] [epoch 83/100] batch 90/300 (30%) loss=6780.2398 elapsed=57s eta=133s
  [kd_dual_equal_fair] [epoch 83/100] batch 120/300 (40%) loss=6738.0522 elapsed=76s eta=114s
  [kd_dual_equal_fair] [epoch 83/100] batch 150/300 (50%) loss=6695.1889 elapsed=95s eta=95s
  [kd_dual_equal_fair] [epoch 83/100] batch 180/300 (60%) loss=6800.0582 elapsed=113s eta=76s
  [kd_dual_equal_fair] [epoch 83/100] batch 210/300 (70%) loss=6803.7004 elapsed=132s eta=57s
  [kd_dual_equal_fair] [epoch 83/100] batch 240/300 (80%) loss=6781.6681 elapsed=151s eta=38s
  [kd_dual_equal_fair] [epoch 83/100] batch 270/300 (90%) loss=6748.4967 elapsed=170s eta=19s
  [kd_dual_equal_fair] [epoch 83/100] batch 300/300 (100%) loss=6714.5225 elapsed=188s eta=0s
[kd_dual_equal_fair] [sampler] sampled: {0: 400, 1: 400, 2: 400} total=1200 spalling_ratio=24.33%
[kd_dual_equal_fair] [sampler] unique: {0: 400, 1: 400, 2: 400} unique_total=1200 dup_ratio=1.00x
[kd_dual_equal_fair] [epoch 083/100] remain=17 epochs ep_eta=54.7min (avg 193s/ep)
[kd_dual_equal_fair] [epoch 083/100] lr=0.000005  dt=188.7s
  train loss=6714.5225  ce=0.0836 dice=0.1767  tversky=0.0000 bd=0.0000  cldice=0.0000 snake=0.0000
  val   skipped (next val at epoch 85)
[kd_dual_equal_fair] [curriculum] epoch 84: stage=2 tiers=[0, 1, 2] pool={0: 400, 1: 400, 2: 400}
  [kd_dual_equal_fair] [epoch 84/100] batch 30/300 (10%) loss=6675.7101 elapsed=20s eta=176s
  [kd_dual_equal_fair] [epoch 84/100] batch 60/300 (20%) loss=6669.9051 elapsed=38s eta=153s
  [kd_dual_equal_fair] [epoch 84/100] batch 90/300 (30%) loss=6755.7891 elapsed=57s eta=133s
  [kd_dual_equal_fair] [epoch 84/100] batch 120/300 (40%) loss=6716.5116 elapsed=76s eta=114s
  [kd_dual_equal_fair] [epoch 84/100] batch 150/300 (50%) loss=6813.4327 elapsed=95s eta=95s
  [kd_dual_equal_fair] [epoch 84/100] batch 180/300 (60%) loss=6826.7690 elapsed=114s eta=76s
  [kd_dual_equal_fair] [epoch 84/100] batch 210/300 (70%) loss=6780.9156 elapsed=132s eta=57s
  [kd_dual_equal_fair] [epoch 84/100] batch 240/300 (80%) loss=6792.9125 elapsed=151s eta=38s
  [kd_dual_equal_fair] [epoch 84/100] batch 270/300 (90%) loss=6775.1751 elapsed=170s eta=19s
  [kd_dual_equal_fair] [epoch 84/100] batch 300/300 (100%) loss=6723.3797 elapsed=189s eta=0s
[kd_dual_equal_fair] [sampler] sampled: {0: 400, 1: 400, 2: 400} total=1200 spalling_ratio=24.33%
[kd_dual_equal_fair] [sampler] unique: {0: 400, 1: 400, 2: 400} unique_total=1200 dup_ratio=1.00x
[kd_dual_equal_fair] [epoch 084/100] remain=16 epochs ep_eta=51.5min (avg 193s/ep)
[kd_dual_equal_fair] [epoch 084/100] lr=0.000004  dt=188.9s
  train loss=6723.3797  ce=0.0839 dice=0.1749  tversky=0.0000 bd=0.0000  cldice=0.0000 snake=0.0000
  val   skipped (next val at epoch 85)
[kd_dual_equal_fair] [curriculum] epoch 85: stage=2 tiers=[0, 1, 2] pool={0: 400, 1: 400, 2: 400}
  [kd_dual_equal_fair] [epoch 85/100] batch 30/300 (10%) loss=6878.8585 elapsed=20s eta=179s
  [kd_dual_equal_fair] [epoch 85/100] batch 60/300 (20%) loss=6760.8791 elapsed=39s eta=154s
  [kd_dual_equal_fair] [epoch 85/100] batch 90/300 (30%) loss=6668.0778 elapsed=57s eta=134s
  [kd_dual_equal_fair] [epoch 85/100] batch 120/300 (40%) loss=6688.0136 elapsed=76s eta=114s
  [kd_dual_equal_fair] [epoch 85/100] batch 150/300 (50%) loss=6741.3941 elapsed=95s eta=95s
  [kd_dual_equal_fair] [epoch 85/100] batch 180/300 (60%) loss=6763.6440 elapsed=113s eta=76s
  [kd_dual_equal_fair] [epoch 85/100] batch 210/300 (70%) loss=6767.3434 elapsed=132s eta=57s
  [kd_dual_equal_fair] [epoch 85/100] batch 240/300 (80%) loss=6702.7719 elapsed=151s eta=38s
  [kd_dual_equal_fair] [epoch 85/100] batch 270/300 (90%) loss=6627.5468 elapsed=170s eta=19s
  [kd_dual_equal_fair] [epoch 85/100] batch 300/300 (100%) loss=6595.7990 elapsed=188s eta=0s
[kd_dual_equal_fair] [sampler] sampled: {0: 400, 1: 400, 2: 400} total=1200 spalling_ratio=24.33%
[kd_dual_equal_fair] [sampler] unique: {0: 400, 1: 400, 2: 400} unique_total=1200 dup_ratio=1.00x
[kd_dual_equal_fair] [epoch 085/100] remain=15 epochs ep_eta=48.3min (avg 193s/ep)
[kd_dual_equal_fair] [epoch 085/100] lr=0.000004  dt=198.1s
  train loss=6595.7990  ce=0.0834 dice=0.1740  tversky=0.0000 bd=0.0000  cldice=0.0000 snake=0.0000
  val   loss=0.2190
  IoU   bg=0.9777  crack=0.5816  spalling=0.8358  | mIoU_fg=0.7087  pix_acc=0.9782
  Dice  bg=0.9887  crack=0.7354  spalling=0.9106
  BF1   crack=0.7595  spalling=0.6758  | BF1_fg_mean=0.7176
[kd_dual_equal_fair] [curriculum] epoch 86: stage=2 tiers=[0, 1, 2] pool={0: 400, 1: 400, 2: 400}
  [kd_dual_equal_fair] [epoch 86/100] batch 30/300 (10%) loss=6471.3961 elapsed=19s eta=174s
  [kd_dual_equal_fair] [epoch 86/100] batch 60/300 (20%) loss=6549.5373 elapsed=38s eta=152s
  [kd_dual_equal_fair] [epoch 86/100] batch 90/300 (30%) loss=6481.7408 elapsed=57s eta=132s
  [kd_dual_equal_fair] [epoch 86/100] batch 120/300 (40%) loss=6628.0162 elapsed=76s eta=113s
  [kd_dual_equal_fair] [epoch 86/100] batch 150/300 (50%) loss=6581.6842 elapsed=94s eta=94s
  [kd_dual_equal_fair] [epoch 86/100] batch 180/300 (60%) loss=6537.1902 elapsed=113s eta=75s
  [kd_dual_equal_fair] [epoch 86/100] batch 210/300 (70%) loss=6723.3187 elapsed=132s eta=57s
  [kd_dual_equal_fair] [epoch 86/100] batch 240/300 (80%) loss=6662.4849 elapsed=151s eta=38s
  [kd_dual_equal_fair] [epoch 86/100] batch 270/300 (90%) loss=6624.2071 elapsed=169s eta=19s
  [kd_dual_equal_fair] [epoch 86/100] batch 300/300 (100%) loss=6656.4821 elapsed=188s eta=0s
[kd_dual_equal_fair] [sampler] sampled: {0: 400, 1: 400, 2: 400} total=1200 spalling_ratio=24.33%
[kd_dual_equal_fair] [sampler] unique: {0: 400, 1: 400, 2: 400} unique_total=1200 dup_ratio=1.00x
[kd_dual_equal_fair] [epoch 086/100] remain=14 epochs ep_eta=45.1min (avg 193s/ep)
[kd_dual_equal_fair] [epoch 086/100] lr=0.000003  dt=188.5s
  train loss=6656.4821  ce=0.0838 dice=0.1750  tversky=0.0000 bd=0.0000  cldice=0.0000 snake=0.0000
  val   skipped (next val at epoch 90)
[kd_dual_equal_fair] [curriculum] epoch 87: stage=2 tiers=[0, 1, 2] pool={0: 400, 1: 400, 2: 400}
  [kd_dual_equal_fair] [epoch 87/100] batch 30/300 (10%) loss=6654.6283 elapsed=20s eta=177s
  [kd_dual_equal_fair] [epoch 87/100] batch 60/300 (20%) loss=6699.8879 elapsed=38s eta=153s
  [kd_dual_equal_fair] [epoch 87/100] batch 90/300 (30%) loss=6764.6875 elapsed=57s eta=133s
  [kd_dual_equal_fair] [epoch 87/100] batch 120/300 (40%) loss=6766.9520 elapsed=76s eta=114s
  [kd_dual_equal_fair] [epoch 87/100] batch 150/300 (50%) loss=6629.5969 elapsed=94s eta=94s
  [kd_dual_equal_fair] [epoch 87/100] batch 180/300 (60%) loss=6648.1731 elapsed=114s eta=76s
  [kd_dual_equal_fair] [epoch 87/100] batch 210/300 (70%) loss=6668.4080 elapsed=133s eta=57s
  [kd_dual_equal_fair] [epoch 87/100] batch 240/300 (80%) loss=6660.1343 elapsed=152s eta=38s
  [kd_dual_equal_fair] [epoch 87/100] batch 270/300 (90%) loss=6602.3194 elapsed=170s eta=19s
  [kd_dual_equal_fair] [epoch 87/100] batch 300/300 (100%) loss=6602.8929 elapsed=189s eta=0s
[kd_dual_equal_fair] [sampler] sampled: {0: 400, 1: 400, 2: 400} total=1200 spalling_ratio=24.33%
[kd_dual_equal_fair] [sampler] unique: {0: 400, 1: 400, 2: 400} unique_total=1200 dup_ratio=1.00x
[kd_dual_equal_fair] [epoch 087/100] remain=13 epochs ep_eta=41.9min (avg 193s/ep)
[kd_dual_equal_fair] [epoch 087/100] lr=0.000003  dt=189.3s
  train loss=6602.8929  ce=0.0834 dice=0.1698  tversky=0.0000 bd=0.0000  cldice=0.0000 snake=0.0000
  val   skipped (next val at epoch 90)
[kd_dual_equal_fair] [curriculum] epoch 88: stage=2 tiers=[0, 1, 2] pool={0: 400, 1: 400, 2: 400}
  [kd_dual_equal_fair] [epoch 88/100] batch 30/300 (10%) loss=6881.3609 elapsed=19s eta=175s
  [kd_dual_equal_fair] [epoch 88/100] batch 60/300 (20%) loss=6860.6349 elapsed=38s eta=153s
  [kd_dual_equal_fair] [epoch 88/100] batch 90/300 (30%) loss=6743.4045 elapsed=57s eta=133s
  [kd_dual_equal_fair] [epoch 88/100] batch 120/300 (40%) loss=6682.7696 elapsed=76s eta=113s
  [kd_dual_equal_fair] [epoch 88/100] batch 150/300 (50%) loss=6776.0010 elapsed=94s eta=94s
  [kd_dual_equal_fair] [epoch 88/100] batch 180/300 (60%) loss=6748.3786 elapsed=113s eta=75s
  [kd_dual_equal_fair] [epoch 88/100] batch 210/300 (70%) loss=6731.7063 elapsed=132s eta=56s
  [kd_dual_equal_fair] [epoch 88/100] batch 240/300 (80%) loss=6718.0713 elapsed=151s eta=38s
  [kd_dual_equal_fair] [epoch 88/100] batch 270/300 (90%) loss=6664.9496 elapsed=170s eta=19s
  [kd_dual_equal_fair] [epoch 88/100] batch 300/300 (100%) loss=6639.9256 elapsed=188s eta=0s
[kd_dual_equal_fair] [sampler] sampled: {0: 400, 1: 400, 2: 400} total=1200 spalling_ratio=24.33%
[kd_dual_equal_fair] [sampler] unique: {0: 400, 1: 400, 2: 400} unique_total=1200 dup_ratio=1.00x
[kd_dual_equal_fair] [epoch 088/100] remain=12 epochs ep_eta=38.6min (avg 193s/ep)
[kd_dual_equal_fair] [epoch 088/100] lr=0.000002  dt=188.6s
  train loss=6639.9256  ce=0.0835 dice=0.1747  tversky=0.0000 bd=0.0000  cldice=0.0000 snake=0.0000
  val   skipped (next val at epoch 90)
[kd_dual_equal_fair] [curriculum] epoch 89: stage=2 tiers=[0, 1, 2] pool={0: 400, 1: 400, 2: 400}
  [kd_dual_equal_fair] [epoch 89/100] batch 30/300 (10%) loss=7060.4685 elapsed=20s eta=176s
  [kd_dual_equal_fair] [epoch 89/100] batch 60/300 (20%) loss=6754.0722 elapsed=38s eta=153s
  [kd_dual_equal_fair] [epoch 89/100] batch 90/300 (30%) loss=6688.6399 elapsed=57s eta=133s
  [kd_dual_equal_fair] [epoch 89/100] batch 120/300 (40%) loss=6665.4931 elapsed=76s eta=113s
  [kd_dual_equal_fair] [epoch 89/100] batch 150/300 (50%) loss=6543.7456 elapsed=95s eta=95s
  [kd_dual_equal_fair] [epoch 89/100] batch 180/300 (60%) loss=6614.6852 elapsed=113s eta=76s
  [kd_dual_equal_fair] [epoch 89/100] batch 210/300 (70%) loss=6627.7939 elapsed=132s eta=57s
  [kd_dual_equal_fair] [epoch 89/100] batch 240/300 (80%) loss=6667.7837 elapsed=151s eta=38s
  [kd_dual_equal_fair] [epoch 89/100] batch 270/300 (90%) loss=6661.5413 elapsed=170s eta=19s
  [kd_dual_equal_fair] [epoch 89/100] batch 300/300 (100%) loss=6637.9462 elapsed=189s eta=0s
[kd_dual_equal_fair] [sampler] sampled: {0: 400, 1: 400, 2: 400} total=1200 spalling_ratio=24.33%
[kd_dual_equal_fair] [sampler] unique: {0: 400, 1: 400, 2: 400} unique_total=1200 dup_ratio=1.00x
[kd_dual_equal_fair] [epoch 089/100] remain=11 epochs ep_eta=35.4min (avg 193s/ep)
[kd_dual_equal_fair] [epoch 089/100] lr=0.000002  dt=188.8s
  train loss=6637.9462  ce=0.0833 dice=0.1745  tversky=0.0000 bd=0.0000  cldice=0.0000 snake=0.0000
  val   skipped (next val at epoch 90)
[kd_dual_equal_fair] [curriculum] epoch 90: stage=2 tiers=[0, 1, 2] pool={0: 400, 1: 400, 2: 400}
  [kd_dual_equal_fair] [epoch 90/100] batch 30/300 (10%) loss=6964.5327 elapsed=19s eta=174s
  [kd_dual_equal_fair] [epoch 90/100] batch 60/300 (20%) loss=6697.9100 elapsed=38s eta=153s
  [kd_dual_equal_fair] [epoch 90/100] batch 90/300 (30%) loss=6609.6859 elapsed=57s eta=133s
  [kd_dual_equal_fair] [epoch 90/100] batch 120/300 (40%) loss=6605.6028 elapsed=76s eta=114s
  [kd_dual_equal_fair] [epoch 90/100] batch 150/300 (50%) loss=6509.6576 elapsed=94s eta=94s
  [kd_dual_equal_fair] [epoch 90/100] batch 180/300 (60%) loss=6603.1057 elapsed=113s eta=76s
  [kd_dual_equal_fair] [epoch 90/100] batch 210/300 (70%) loss=6611.7024 elapsed=132s eta=57s
  [kd_dual_equal_fair] [epoch 90/100] batch 240/300 (80%) loss=6621.8311 elapsed=151s eta=38s
  [kd_dual_equal_fair] [epoch 90/100] batch 270/300 (90%) loss=6624.3575 elapsed=170s eta=19s
  [kd_dual_equal_fair] [epoch 90/100] batch 300/300 (100%) loss=6630.4866 elapsed=189s eta=0s
[kd_dual_equal_fair] [sampler] sampled: {0: 400, 1: 400, 2: 400} total=1200 spalling_ratio=24.33%
[kd_dual_equal_fair] [sampler] unique: {0: 400, 1: 400, 2: 400} unique_total=1200 dup_ratio=1.00x
[kd_dual_equal_fair] [epoch 090/100] remain=10 epochs ep_eta=32.2min (avg 193s/ep)
[kd_dual_equal_fair] [epoch 090/100] lr=0.000002  dt=198.3s
  train loss=6630.4866  ce=0.0830 dice=0.1748  tversky=0.0000 bd=0.0000  cldice=0.0000 snake=0.0000
  val   loss=0.2197
  IoU   bg=0.9775  crack=0.5801  spalling=0.8377  | mIoU_fg=0.7089  pix_acc=0.9780
  Dice  bg=0.9886  crack=0.7342  spalling=0.9117
  BF1   crack=0.7595  spalling=0.6891  | BF1_fg_mean=0.7243
[kd_dual_equal_fair] [curriculum] epoch 91: stage=2 tiers=[0, 1, 2] pool={0: 400, 1: 400, 2: 400}
  [kd_dual_equal_fair] [epoch 91/100] batch 30/300 (10%) loss=6729.0551 elapsed=19s eta=173s
  [kd_dual_equal_fair] [epoch 91/100] batch 60/300 (20%) loss=6423.1533 elapsed=38s eta=152s
  [kd_dual_equal_fair] [epoch 91/100] batch 90/300 (30%) loss=6344.1317 elapsed=57s eta=132s
  [kd_dual_equal_fair] [epoch 91/100] batch 120/300 (40%) loss=6443.0101 elapsed=76s eta=114s
  [kd_dual_equal_fair] [epoch 91/100] batch 150/300 (50%) loss=6490.1760 elapsed=94s eta=94s
  [kd_dual_equal_fair] [epoch 91/100] batch 180/300 (60%) loss=6577.8414 elapsed=113s eta=75s
  [kd_dual_equal_fair] [epoch 91/100] batch 210/300 (70%) loss=6534.5493 elapsed=132s eta=56s
  [kd_dual_equal_fair] [epoch 91/100] batch 240/300 (80%) loss=6539.0952 elapsed=151s eta=38s
  [kd_dual_equal_fair] [epoch 91/100] batch 270/300 (90%) loss=6564.2070 elapsed=170s eta=19s
  [kd_dual_equal_fair] [epoch 91/100] batch 300/300 (100%) loss=6537.7227 elapsed=188s eta=0s
[kd_dual_equal_fair] [sampler] sampled: {0: 400, 1: 400, 2: 400} total=1200 spalling_ratio=24.33%
[kd_dual_equal_fair] [sampler] unique: {0: 400, 1: 400, 2: 400} unique_total=1200 dup_ratio=1.00x
[kd_dual_equal_fair] [epoch 091/100] remain=9 epochs ep_eta=29.0min (avg 193s/ep)
[kd_dual_equal_fair] [epoch 091/100] lr=0.000001  dt=198.0s
  train loss=6537.7227  ce=0.0833 dice=0.1769  tversky=0.0000 bd=0.0000  cldice=0.0000 snake=0.0000
  val   loss=0.2194
  IoU   bg=0.9774  crack=0.5806  spalling=0.8355  | mIoU_fg=0.7081  pix_acc=0.9780
  Dice  bg=0.9886  crack=0.7347  spalling=0.9104
  BF1   crack=0.7589  spalling=0.6946  | BF1_fg_mean=0.7267
[kd_dual_equal_fair] [curriculum] epoch 92: stage=2 tiers=[0, 1, 2] pool={0: 400, 1: 400, 2: 400}
  [kd_dual_equal_fair] [epoch 92/100] batch 30/300 (10%) loss=6305.2362 elapsed=20s eta=176s
  [kd_dual_equal_fair] [epoch 92/100] batch 60/300 (20%) loss=6345.4331 elapsed=38s eta=153s
  [kd_dual_equal_fair] [epoch 92/100] batch 90/300 (30%) loss=6392.7471 elapsed=57s eta=133s
  [kd_dual_equal_fair] [epoch 92/100] batch 120/300 (40%) loss=6407.4214 elapsed=76s eta=114s
  [kd_dual_equal_fair] [epoch 92/100] batch 150/300 (50%) loss=6383.0113 elapsed=95s eta=95s
  [kd_dual_equal_fair] [epoch 92/100] batch 180/300 (60%) loss=6440.5397 elapsed=114s eta=76s
  [kd_dual_equal_fair] [epoch 92/100] batch 210/300 (70%) loss=6407.2350 elapsed=132s eta=57s
  [kd_dual_equal_fair] [epoch 92/100] batch 240/300 (80%) loss=6446.6208 elapsed=151s eta=38s
  [kd_dual_equal_fair] [epoch 92/100] batch 270/300 (90%) loss=6463.8300 elapsed=170s eta=19s
  [kd_dual_equal_fair] [epoch 92/100] batch 300/300 (100%) loss=6445.6583 elapsed=189s eta=0s
[kd_dual_equal_fair] [sampler] sampled: {0: 400, 1: 400, 2: 400} total=1200 spalling_ratio=24.33%
[kd_dual_equal_fair] [sampler] unique: {0: 400, 1: 400, 2: 400} unique_total=1200 dup_ratio=1.00x
[kd_dual_equal_fair] [epoch 092/100] remain=8 epochs ep_eta=25.8min (avg 193s/ep)
[kd_dual_equal_fair] [epoch 092/100] lr=0.000001  dt=198.3s
  train loss=6445.6583  ce=0.0829 dice=0.1721  tversky=0.0000 bd=0.0000  cldice=0.0000 snake=0.0000
  val   loss=0.2184
  IoU   bg=0.9775  crack=0.5816  spalling=0.8369  | mIoU_fg=0.7093  pix_acc=0.9780
  Dice  bg=0.9886  crack=0.7354  spalling=0.9112
  BF1   crack=0.7596  spalling=0.6936  | BF1_fg_mean=0.7266
[kd_dual_equal_fair] [curriculum] epoch 93: stage=2 tiers=[0, 1, 2] pool={0: 400, 1: 400, 2: 400}
  [kd_dual_equal_fair] [epoch 93/100] batch 30/300 (10%) loss=6430.7362 elapsed=19s eta=175s
  [kd_dual_equal_fair] [epoch 93/100] batch 60/300 (20%) loss=6613.4128 elapsed=38s eta=154s
  [kd_dual_equal_fair] [epoch 93/100] batch 90/300 (30%) loss=6571.7278 elapsed=57s eta=133s
  [kd_dual_equal_fair] [epoch 93/100] batch 120/300 (40%) loss=6580.2385 elapsed=76s eta=114s
  [kd_dual_equal_fair] [epoch 93/100] batch 150/300 (50%) loss=6531.7494 elapsed=94s eta=94s
  [kd_dual_equal_fair] [epoch 93/100] batch 180/300 (60%) loss=6483.8167 elapsed=113s eta=75s
  [kd_dual_equal_fair] [epoch 93/100] batch 210/300 (70%) loss=6526.5856 elapsed=132s eta=57s
  [kd_dual_equal_fair] [epoch 93/100] batch 240/300 (80%) loss=6526.9054 elapsed=151s eta=38s
  [kd_dual_equal_fair] [epoch 93/100] batch 270/300 (90%) loss=6474.5960 elapsed=169s eta=19s
  [kd_dual_equal_fair] [epoch 93/100] batch 300/300 (100%) loss=6506.3653 elapsed=188s eta=0s
[kd_dual_equal_fair] [sampler] sampled: {0: 400, 1: 400, 2: 400} total=1200 spalling_ratio=24.33%
[kd_dual_equal_fair] [sampler] unique: {0: 400, 1: 400, 2: 400} unique_total=1200 dup_ratio=1.00x
[kd_dual_equal_fair] [epoch 093/100] remain=7 epochs ep_eta=22.6min (avg 193s/ep)
[kd_dual_equal_fair] [epoch 093/100] lr=0.000001  dt=197.6s
  train loss=6506.3653  ce=0.0831 dice=0.1726  tversky=0.0000 bd=0.0000  cldice=0.0000 snake=0.0000
  val   loss=0.2184
  IoU   bg=0.9774  crack=0.5805  spalling=0.8345  | mIoU_fg=0.7075  pix_acc=0.9779
  Dice  bg=0.9886  crack=0.7346  spalling=0.9098
  BF1   crack=0.7590  spalling=0.6978  | BF1_fg_mean=0.7284
[kd_dual_equal_fair] [curriculum] epoch 94: stage=2 tiers=[0, 1, 2] pool={0: 400, 1: 400, 2: 400}
  [kd_dual_equal_fair] [epoch 94/100] batch 30/300 (10%) loss=6446.8446 elapsed=19s eta=175s
  [kd_dual_equal_fair] [epoch 94/100] batch 60/300 (20%) loss=6689.9371 elapsed=38s eta=152s
  [kd_dual_equal_fair] [epoch 94/100] batch 90/300 (30%) loss=6546.5445 elapsed=57s eta=133s
  [kd_dual_equal_fair] [epoch 94/100] batch 120/300 (40%) loss=6635.4418 elapsed=76s eta=114s
  [kd_dual_equal_fair] [epoch 94/100] batch 150/300 (50%) loss=6548.1460 elapsed=95s eta=95s
  [kd_dual_equal_fair] [epoch 94/100] batch 180/300 (60%) loss=6520.4630 elapsed=114s eta=76s
  [kd_dual_equal_fair] [epoch 94/100] batch 210/300 (70%) loss=6586.9208 elapsed=132s eta=57s
  [kd_dual_equal_fair] [epoch 94/100] batch 240/300 (80%) loss=6613.1545 elapsed=151s eta=38s
  [kd_dual_equal_fair] [epoch 94/100] batch 270/300 (90%) loss=6590.0816 elapsed=170s eta=19s
  [kd_dual_equal_fair] [epoch 94/100] batch 300/300 (100%) loss=6627.6428 elapsed=189s eta=0s
[kd_dual_equal_fair] [sampler] sampled: {0: 400, 1: 400, 2: 400} total=1200 spalling_ratio=24.33%
[kd_dual_equal_fair] [sampler] unique: {0: 400, 1: 400, 2: 400} unique_total=1200 dup_ratio=1.00x
[kd_dual_equal_fair] [epoch 094/100] remain=6 epochs ep_eta=19.4min (avg 194s/ep)
[kd_dual_equal_fair] [epoch 094/100] lr=0.000001  dt=198.6s
  train loss=6627.6428  ce=0.0834 dice=0.1757  tversky=0.0000 bd=0.0000  cldice=0.0000 snake=0.0000
  val   loss=0.2184
  IoU   bg=0.9774  crack=0.5810  spalling=0.8348  | mIoU_fg=0.7079  pix_acc=0.9779
  Dice  bg=0.9886  crack=0.7350  spalling=0.9100
  BF1   crack=0.7583  spalling=0.6968  | BF1_fg_mean=0.7275
[kd_dual_equal_fair] [curriculum] epoch 95: stage=2 tiers=[0, 1, 2] pool={0: 400, 1: 400, 2: 400}
  [kd_dual_equal_fair] [epoch 95/100] batch 30/300 (10%) loss=6474.2196 elapsed=19s eta=175s
  [kd_dual_equal_fair] [epoch 95/100] batch 60/300 (20%) loss=6558.3810 elapsed=38s eta=153s
  [kd_dual_equal_fair] [epoch 95/100] batch 90/300 (30%) loss=6512.0177 elapsed=57s eta=133s
  [kd_dual_equal_fair] [epoch 95/100] batch 120/300 (40%) loss=6471.4024 elapsed=76s eta=114s
  [kd_dual_equal_fair] [epoch 95/100] batch 150/300 (50%) loss=6544.7159 elapsed=95s eta=95s
  [kd_dual_equal_fair] [epoch 95/100] batch 180/300 (60%) loss=6540.8466 elapsed=113s eta=76s
  [kd_dual_equal_fair] [epoch 95/100] batch 210/300 (70%) loss=6535.2313 elapsed=132s eta=57s
  [kd_dual_equal_fair] [epoch 95/100] batch 240/300 (80%) loss=6523.1210 elapsed=151s eta=38s
  [kd_dual_equal_fair] [epoch 95/100] batch 270/300 (90%) loss=6551.8937 elapsed=170s eta=19s
  [kd_dual_equal_fair] [epoch 95/100] batch 300/300 (100%) loss=6619.4743 elapsed=188s eta=0s
[kd_dual_equal_fair] [sampler] sampled: {0: 400, 1: 400, 2: 400} total=1200 spalling_ratio=24.33%
[kd_dual_equal_fair] [sampler] unique: {0: 400, 1: 400, 2: 400} unique_total=1200 dup_ratio=1.00x
[kd_dual_equal_fair] [epoch 095/100] remain=5 epochs ep_eta=16.1min (avg 194s/ep)
[kd_dual_equal_fair] [epoch 095/100] lr=0.000000  dt=198.1s
  train loss=6619.4743  ce=0.0832 dice=0.1738  tversky=0.0000 bd=0.0000  cldice=0.0000 snake=0.0000
  val   loss=0.2183
  IoU   bg=0.9775  crack=0.5812  spalling=0.8349  | mIoU_fg=0.7081  pix_acc=0.9780
  Dice  bg=0.9886  crack=0.7351  spalling=0.9100
  BF1   crack=0.7599  spalling=0.6950  | BF1_fg_mean=0.7275
[kd_dual_equal_fair] [curriculum] epoch 96: stage=2 tiers=[0, 1, 2] pool={0: 400, 1: 400, 2: 400}
  [kd_dual_equal_fair] [epoch 96/100] batch 30/300 (10%) loss=6335.3089 elapsed=19s eta=175s
  [kd_dual_equal_fair] [epoch 96/100] batch 60/300 (20%) loss=6269.9799 elapsed=38s eta=153s
  [kd_dual_equal_fair] [epoch 96/100] batch 90/300 (30%) loss=6278.3033 elapsed=57s eta=133s
  [kd_dual_equal_fair] [epoch 96/100] batch 120/300 (40%) loss=6367.2539 elapsed=76s eta=113s
  [kd_dual_equal_fair] [epoch 96/100] batch 150/300 (50%) loss=6328.3540 elapsed=94s eta=94s
  [kd_dual_equal_fair] [epoch 96/100] batch 180/300 (60%) loss=6388.1630 elapsed=113s eta=75s
  [kd_dual_equal_fair] [epoch 96/100] batch 210/300 (70%) loss=6374.1377 elapsed=131s eta=56s
  [kd_dual_equal_fair] [epoch 96/100] batch 240/300 (80%) loss=6421.4052 elapsed=150s eta=38s
  [kd_dual_equal_fair] [epoch 96/100] batch 270/300 (90%) loss=6408.5282 elapsed=169s eta=19s
  [kd_dual_equal_fair] [epoch 96/100] batch 300/300 (100%) loss=6470.0744 elapsed=188s eta=0s
[kd_dual_equal_fair] [sampler] sampled: {0: 400, 1: 400, 2: 400} total=1200 spalling_ratio=24.33%
[kd_dual_equal_fair] [sampler] unique: {0: 400, 1: 400, 2: 400} unique_total=1200 dup_ratio=1.00x
[kd_dual_equal_fair] [epoch 096/100] remain=4 epochs ep_eta=12.9min (avg 194s/ep)
[kd_dual_equal_fair] [epoch 096/100] lr=0.000000  dt=197.5s
  train loss=6470.0744  ce=0.0828 dice=0.1783  tversky=0.0000 bd=0.0000  cldice=0.0000 snake=0.0000
  val   loss=0.2184
  IoU   bg=0.9773  crack=0.5804  spalling=0.8339  | mIoU_fg=0.7071  pix_acc=0.9778
  Dice  bg=0.9885  crack=0.7345  spalling=0.9094
  BF1   crack=0.7583  spalling=0.6951  | BF1_fg_mean=0.7267
[kd_dual_equal_fair] [curriculum] epoch 97: stage=2 tiers=[0, 1, 2] pool={0: 400, 1: 400, 2: 400}
  [kd_dual_equal_fair] [epoch 97/100] batch 30/300 (10%) loss=6526.3482 elapsed=19s eta=175s
  [kd_dual_equal_fair] [epoch 97/100] batch 60/300 (20%) loss=6806.7999 elapsed=39s eta=154s
  [kd_dual_equal_fair] [epoch 97/100] batch 90/300 (30%) loss=6868.2818 elapsed=58s eta=135s
  [kd_dual_equal_fair] [epoch 97/100] batch 120/300 (40%) loss=6711.9830 elapsed=77s eta=115s
  [kd_dual_equal_fair] [epoch 97/100] batch 150/300 (50%) loss=6645.3612 elapsed=96s eta=96s
  [kd_dual_equal_fair] [epoch 97/100] batch 180/300 (60%) loss=6686.1668 elapsed=115s eta=77s
  [kd_dual_equal_fair] [epoch 97/100] batch 210/300 (70%) loss=6712.6498 elapsed=134s eta=57s
  [kd_dual_equal_fair] [epoch 97/100] batch 240/300 (80%) loss=6650.0979 elapsed=152s eta=38s
  [kd_dual_equal_fair] [epoch 97/100] batch 270/300 (90%) loss=6604.8429 elapsed=171s eta=19s
  [kd_dual_equal_fair] [epoch 97/100] batch 300/300 (100%) loss=6578.6740 elapsed=190s eta=0s
[kd_dual_equal_fair] [sampler] sampled: {0: 400, 1: 400, 2: 400} total=1200 spalling_ratio=24.33%
[kd_dual_equal_fair] [sampler] unique: {0: 400, 1: 400, 2: 400} unique_total=1200 dup_ratio=1.00x
[kd_dual_equal_fair] [epoch 097/100] remain=3 epochs ep_eta=9.7min (avg 194s/ep)
[kd_dual_equal_fair] [epoch 097/100] lr=0.000000  dt=199.1s
  train loss=6578.6740  ce=0.0831 dice=0.1760  tversky=0.0000 bd=0.0000  cldice=0.0000 snake=0.0000
  val   loss=0.2189
  IoU   bg=0.9775  crack=0.5816  spalling=0.8341  | mIoU_fg=0.7078  pix_acc=0.9781
  Dice  bg=0.9886  crack=0.7354  spalling=0.9096
  BF1   crack=0.7605  spalling=0.6948  | BF1_fg_mean=0.7276
[kd_dual_equal_fair] [curriculum] epoch 98: stage=2 tiers=[0, 1, 2] pool={0: 400, 1: 400, 2: 400}
  [kd_dual_equal_fair] [epoch 98/100] batch 30/300 (10%) loss=7168.2673 elapsed=20s eta=178s
  [kd_dual_equal_fair] [epoch 98/100] batch 60/300 (20%) loss=6896.5691 elapsed=39s eta=154s
  [kd_dual_equal_fair] [epoch 98/100] batch 90/300 (30%) loss=6652.4894 elapsed=59s eta=139s
  [kd_dual_equal_fair] [epoch 98/100] batch 120/300 (40%) loss=6626.8788 elapsed=78s eta=117s
  [kd_dual_equal_fair] [epoch 98/100] batch 150/300 (50%) loss=6513.2783 elapsed=97s eta=97s
  [kd_dual_equal_fair] [epoch 98/100] batch 180/300 (60%) loss=6420.9978 elapsed=115s eta=77s
  [kd_dual_equal_fair] [epoch 98/100] batch 210/300 (70%) loss=6457.2084 elapsed=135s eta=58s
  [kd_dual_equal_fair] [epoch 98/100] batch 240/300 (80%) loss=6442.8140 elapsed=153s eta=38s
  [kd_dual_equal_fair] [epoch 98/100] batch 270/300 (90%) loss=6417.3642 elapsed=172s eta=19s
  [kd_dual_equal_fair] [epoch 98/100] batch 300/300 (100%) loss=6393.7214 elapsed=191s eta=0s
[kd_dual_equal_fair] [sampler] sampled: {0: 400, 1: 400, 2: 400} total=1200 spalling_ratio=24.33%
[kd_dual_equal_fair] [sampler] unique: {0: 400, 1: 400, 2: 400} unique_total=1200 dup_ratio=1.00x
[kd_dual_equal_fair] [epoch 098/100] remain=2 epochs ep_eta=6.5min (avg 194s/ep)
[kd_dual_equal_fair] [epoch 098/100] lr=0.000000  dt=200.2s
  train loss=6393.7214  ce=0.0827 dice=0.1739  tversky=0.0000 bd=0.0000  cldice=0.0000 snake=0.0000
  val   loss=0.2191
  IoU   bg=0.9774  crack=0.5808  spalling=0.8345  | mIoU_fg=0.7077  pix_acc=0.9779
  Dice  bg=0.9886  crack=0.7349  spalling=0.9098
  BF1   crack=0.7591  spalling=0.6945  | BF1_fg_mean=0.7268
[kd_dual_equal_fair] [curriculum] epoch 99: stage=2 tiers=[0, 1, 2] pool={0: 400, 1: 400, 2: 400}
  [kd_dual_equal_fair] [epoch 99/100] batch 30/300 (10%) loss=7026.1833 elapsed=19s eta=174s
  [kd_dual_equal_fair] [epoch 99/100] batch 60/300 (20%) loss=6538.6355 elapsed=38s eta=152s
  [kd_dual_equal_fair] [epoch 99/100] batch 90/300 (30%) loss=6462.6975 elapsed=57s eta=133s
  [kd_dual_equal_fair] [epoch 99/100] batch 120/300 (40%) loss=6509.8478 elapsed=76s eta=114s
  [kd_dual_equal_fair] [epoch 99/100] batch 150/300 (50%) loss=6539.5380 elapsed=95s eta=95s
  [kd_dual_equal_fair] [epoch 99/100] batch 180/300 (60%) loss=6544.6219 elapsed=114s eta=76s
  [kd_dual_equal_fair] [epoch 99/100] batch 210/300 (70%) loss=6588.5556 elapsed=133s eta=57s
  [kd_dual_equal_fair] [epoch 99/100] batch 240/300 (80%) loss=6536.4660 elapsed=151s eta=38s
  [kd_dual_equal_fair] [epoch 99/100] batch 270/300 (90%) loss=6576.6961 elapsed=170s eta=19s
  [kd_dual_equal_fair] [epoch 99/100] batch 300/300 (100%) loss=6547.3637 elapsed=189s eta=0s
[kd_dual_equal_fair] [sampler] sampled: {0: 400, 1: 400, 2: 400} total=1200 spalling_ratio=24.33%
[kd_dual_equal_fair] [sampler] unique: {0: 400, 1: 400, 2: 400} unique_total=1200 dup_ratio=1.00x
[kd_dual_equal_fair] [epoch 099/100] remain=1 epochs ep_eta=3.2min (avg 194s/ep)
[kd_dual_equal_fair] [epoch 099/100] lr=0.000000  dt=198.4s
  train loss=6547.3637  ce=0.0833 dice=0.1764  tversky=0.0000 bd=0.0000  cldice=0.0000 snake=0.0000
  val   loss=0.2190
  IoU   bg=0.9775  crack=0.5811  spalling=0.8346  | mIoU_fg=0.7079  pix_acc=0.9780
  Dice  bg=0.9886  crack=0.7351  spalling=0.9098
  BF1   crack=0.7594  spalling=0.6933  | BF1_fg_mean=0.7263
[kd_dual_equal_fair] [curriculum] epoch 100: stage=2 tiers=[0, 1, 2] pool={0: 400, 1: 400, 2: 400}
  [kd_dual_equal_fair] [epoch 100/100] batch 30/300 (10%) loss=6808.2768 elapsed=20s eta=177s
  [kd_dual_equal_fair] [epoch 100/100] batch 60/300 (20%) loss=6531.8438 elapsed=38s eta=153s
  [kd_dual_equal_fair] [epoch 100/100] batch 90/300 (30%) loss=6512.9359 elapsed=57s eta=134s
  [kd_dual_equal_fair] [epoch 100/100] batch 120/300 (40%) loss=6418.2112 elapsed=76s eta=114s
  [kd_dual_equal_fair] [epoch 100/100] batch 150/300 (50%) loss=6490.3915 elapsed=95s eta=95s
  [kd_dual_equal_fair] [epoch 100/100] batch 180/300 (60%) loss=6512.9678 elapsed=114s eta=76s
  [kd_dual_equal_fair] [epoch 100/100] batch 210/300 (70%) loss=6491.7901 elapsed=132s eta=57s
  [kd_dual_equal_fair] [epoch 100/100] batch 240/300 (80%) loss=6557.8970 elapsed=151s eta=38s
  [kd_dual_equal_fair] [epoch 100/100] batch 270/300 (90%) loss=6519.1958 elapsed=170s eta=19s
  [kd_dual_equal_fair] [epoch 100/100] batch 300/300 (100%) loss=6509.9675 elapsed=189s eta=0s
[kd_dual_equal_fair] [sampler] sampled: {0: 400, 1: 400, 2: 400} total=1200 spalling_ratio=24.33%
[kd_dual_equal_fair] [sampler] unique: {0: 400, 1: 400, 2: 400} unique_total=1200 dup_ratio=1.00x
[kd_dual_equal_fair] [epoch 100/100] remain=0 epochs ep_eta=0.0min (avg 194s/ep)
[kd_dual_equal_fair] [epoch 100/100] lr=0.000000  dt=198.3s
  train loss=6509.9675  ce=0.0827 dice=0.1723  tversky=0.0000 bd=0.0000  cldice=0.0000 snake=0.0000
  val   loss=0.2184
  IoU   bg=0.9773  crack=0.5802  spalling=0.8347  | mIoU_fg=0.7074  pix_acc=0.9778
  Dice  bg=0.9885  crack=0.7343  spalling=0.9099
  BF1   crack=0.7579  spalling=0.6943  | BF1_fg_mean=0.7261

[train] final test eval using best checkpoint
IoU   bg=0.9762  crack=0.5761  spalling=0.8392  | mIoU_fg=0.7077  pix_acc=0.9770
Dice  bg=0.9880  crack=0.7311  spalling=0.9126
BF1   crack=0.7486  spalling=0.6518  | BF1_fg_mean=0.7002
clDice crack=0.8341
[train] wrote /workspace/dam-segmentation-baselines/full_method/runs/kd_dual_equal_fair/test_report.txt
[train] wrote /workspace/dam-segmentation-baselines/full_method/runs/kd_dual_equal_fair/curves.png
=== Training KD_DUAL_classaware (kd_dual_classaware_fair) ===
Some weights of SegformerForSemanticSegmentation were not initialized from the model checkpoint at nvidia/segformer-b2-finetuned-ade-512-512 and are newly initialized because the shapes did not match:
- decode_head.classifier.weight: found shape torch.Size([150, 768, 1, 1]) in the checkpoint and torch.Size([3, 768, 1, 1]) in the model instantiated
- decode_head.classifier.bias: found shape torch.Size([150]) in the checkpoint and torch.Size([3]) in the model instantiated
You should probably TRAIN this model on a down-stream task to be able to use it for predictions and inference.
Some weights of SegformerForSemanticSegmentation were not initialized from the model checkpoint at nvidia/segformer-b2-finetuned-ade-512-512 and are newly initialized because the shapes did not match:
- decode_head.classifier.weight: found shape torch.Size([150, 768, 1, 1]) in the checkpoint and torch.Size([3, 768, 1, 1]) in the model instantiated
- decode_head.classifier.bias: found shape torch.Size([150]) in the checkpoint and torch.Size([3]) in the model instantiated
You should probably TRAIN this model on a down-stream task to be able to use it for predictions and inference.
[train] cuDNN warmup OK
[train] full_method (kd_dual_classaware_fair)
[train] device=cuda  torch=2.6.0+cu124  transformers=4.44.2
[train] cfg: pretrained=nvidia/segformer-b2-finetuned-ade-512-512 img=512 bs=4 grad_accum=1 epochs=100 lr=6e-05 warmup=5
[train] difficulty: alpha=1.0 beta=0.5 gamma=0.3 delta=0.3 ema=0.9 tau=0.5
[train] bonuses: spalling=0.3 late_hard_crack=0.4
[train] ablation switches: dynamic_difficulty=False class_sampling_bonus=False class_loss_schedule=False boundary_loss=False tversky_loss=False
[train] new switches: soft_curriculum=False softmax_sampling=False dynamic_loss_reweight=False (lambda=0.5) soft_boundary=False (start=0.6 max=0.1)
[train] cldice: use=False weight=0.15 start_epoch=40 iters=7
[train] srl: use=False weight=0.15 start_epoch=40
[train] snake_aux: use=False weight=0.1
[train] model_type=dscformer snake_channels=64 snake_kernel=9
[train] no_curriculum=True
[train] competence: hard=False soft=False c0=0.333 duration=70 floors=[0.05,0.02,0.0]
[train] DGACL: use=False w_disagree=0.5 w_gap=0.3 w_loss=0.2 lambda=1.0 pixel_kd=True phase2_lr=1e-05 warmup=3
[train] MAC: use=False morph_diff=False adaptive_pacing=False class_loss=False diff_gamma=0.5 weights=[0.4,0.3,0.2,0.1]
[train] sizes: train=1200 val=150 test=150
[train] building records (scanning masks for has_spalling) ...
[train] records: {0: 400, 1: 400, 2: 400}  has_spalling=292/1200
[train] raw pixel frequency: {'background': 0.952165391031901, 'crack': 0.03423014119466146, 'spalling': 0.0136044677734375}
[train] clipped weights    : {'background': 0.25, 'crack': 1.080772481700143, 'spalling': 1.7143055384148256}
[train] running OOM probe ...
[train] OOM probe OK
[train] mixed precision (AMP) enabled
[train] viz samples (6):
    Hard/H (99).jpg
    Hard/H (365).jpg
    Medium/M (127).jpg
    Medium/M (422).jpg
    Hard/H (431).jpg
    Hard/H (476).jpg
[KD] loading teacher 1 from /workspace/dam-segmentation-baselines/full_method/runs/dscformer_srl_G1/best.pt
[KD] teacher 1 loaded (epoch=90, val_mIoU_fg=0.6853293144115854)
[KD] alpha=0.5 temperature=4.0
[KD] loading teacher 2 from /workspace/dam-segmentation-baselines/full_method/runs/sam_lora_srl_SAM2/best.pt
[TopoLoRA-SAM] loaded SAM ViT-B from sam_vit_b_01ec64.pth
[TopoLoRA-SAM] injected LoRA into 48 layers (rank=16)
[TopoLoRA-SAM] total params: 95.8M, trainable: 6.1M (6.4%)
[KD] teacher 2 loaded (epoch=40, val_mIoU_fg=0.6982195181523473)
[KD] dual-teacher mode: class-conditional (t1=0.5, t2=0.5)
[kd_dual_classaware_fair] [curriculum] epoch 1: stage=0 tiers=[0] pool={0: 400, 1: 0, 2: 0}
  [kd_dual_classaware_fair] [epoch 1/100] batch 30/300 (10%) loss=1695544.1917 elapsed=21s eta=193s
  [kd_dual_classaware_fair] [epoch 1/100] batch 60/300 (20%) loss=1707527.8896 elapsed=42s eta=168s
  [kd_dual_classaware_fair] [epoch 1/100] batch 90/300 (30%) loss=1710860.1292 elapsed=62s eta=145s
  [kd_dual_classaware_fair] [epoch 1/100] batch 120/300 (40%) loss=1717192.4604 elapsed=82s eta=123s
  [kd_dual_classaware_fair] [epoch 1/100] batch 150/300 (50%) loss=1718396.3475 elapsed=103s eta=103s
  [kd_dual_classaware_fair] [epoch 1/100] batch 180/300 (60%) loss=1719768.7979 elapsed=123s eta=82s
  [kd_dual_classaware_fair] [epoch 1/100] batch 210/300 (70%) loss=1717446.0637 elapsed=143s eta=61s
  [kd_dual_classaware_fair] [epoch 1/100] batch 240/300 (80%) loss=1715368.2161 elapsed=163s eta=41s
  [kd_dual_classaware_fair] [epoch 1/100] batch 270/300 (90%) loss=1714831.1046 elapsed=183s eta=20s
  [kd_dual_classaware_fair] [epoch 1/100] batch 300/300 (100%) loss=1713298.8208 elapsed=203s eta=0s
[kd_dual_classaware_fair] [sampler] sampled: {0: 400, 1: 400, 2: 400} total=1200 spalling_ratio=24.33%
[kd_dual_classaware_fair] [sampler] unique: {0: 400, 1: 400, 2: 400} unique_total=1200 dup_ratio=1.00x
[kd_dual_classaware_fair] [epoch 001/100] remain=99 epochs ep_eta=353.8min (avg 214s/ep)
[kd_dual_classaware_fair] [epoch 001/100] lr=0.000012  dt=214.4s
  train loss=1713298.8208  ce=1.0924 dice=0.9442  tversky=0.0000 bd=0.0000  cldice=0.0000 snake=0.0000
  val   loss=1.0108
  IoU   bg=0.4443  crack=0.0517  spalling=0.0118  | mIoU_fg=0.0318  pix_acc=0.4538
  Dice  bg=0.6153  crack=0.0983  spalling=0.0234
  BF1   crack=0.1203  spalling=0.0139  | BF1_fg_mean=0.0671
  [kd_dual_classaware_fair] [best] mIoU_fg=0.0318  saved -> best.pt
[kd_dual_classaware_fair] [curriculum] epoch 2: stage=0 tiers=[0] pool={0: 400, 1: 0, 2: 0}
  [kd_dual_classaware_fair] [epoch 2/100] batch 30/300 (10%) loss=1682421.5417 elapsed=21s eta=187s
  [kd_dual_classaware_fair] [epoch 2/100] batch 60/300 (20%) loss=1648866.2708 elapsed=41s eta=163s
  [kd_dual_classaware_fair] [epoch 2/100] batch 90/300 (30%) loss=1626681.3986 elapsed=60s eta=141s
  [kd_dual_classaware_fair] [epoch 2/100] batch 120/300 (40%) loss=1601564.5135 elapsed=80s eta=119s
  [kd_dual_classaware_fair] [epoch 2/100] batch 150/300 (50%) loss=1577058.6633 elapsed=99s eta=99s
  [kd_dual_classaware_fair] [epoch 2/100] batch 180/300 (60%) loss=1553601.2958 elapsed=118s eta=79s
  [kd_dual_classaware_fair] [epoch 2/100] batch 210/300 (70%) loss=1526640.9161 elapsed=138s eta=59s
  [kd_dual_classaware_fair] [epoch 2/100] batch 240/300 (80%) loss=1502309.8203 elapsed=157s eta=39s
  [kd_dual_classaware_fair] [epoch 2/100] batch 270/300 (90%) loss=1474913.9144 elapsed=176s eta=20s
  [kd_dual_classaware_fair] [epoch 2/100] batch 300/300 (100%) loss=1449709.6279 elapsed=195s eta=0s
[kd_dual_classaware_fair] [sampler] sampled: {0: 400, 1: 400, 2: 400} total=1200 spalling_ratio=24.33%
[kd_dual_classaware_fair] [sampler] unique: {0: 400, 1: 400, 2: 400} unique_total=1200 dup_ratio=1.00x
[kd_dual_classaware_fair] [epoch 002/100] remain=98 epochs ep_eta=337.9min (avg 207s/ep)
[kd_dual_classaware_fair] [epoch 002/100] lr=0.000024  dt=195.3s
  train loss=1449709.6279  ce=0.7260 dice=0.9029  tversky=0.0000 bd=0.0000  cldice=0.0000 snake=0.0000
  val   skipped (next val at epoch 5)
[kd_dual_classaware_fair] [curriculum] epoch 3: stage=0 tiers=[0] pool={0: 400, 1: 0, 2: 0}
  [kd_dual_classaware_fair] [epoch 3/100] batch 30/300 (10%) loss=1153636.0375 elapsed=20s eta=178s
  [kd_dual_classaware_fair] [epoch 3/100] batch 60/300 (20%) loss=1118773.7854 elapsed=39s eta=156s
  [kd_dual_classaware_fair] [epoch 3/100] batch 90/300 (30%) loss=1081670.8535 elapsed=58s eta=135s
  [kd_dual_classaware_fair] [epoch 3/100] batch 120/300 (40%) loss=1043691.4734 elapsed=77s eta=116s
  [kd_dual_classaware_fair] [epoch 3/100] batch 150/300 (50%) loss=1008941.1546 elapsed=96s eta=96s
  [kd_dual_classaware_fair] [epoch 3/100] batch 180/300 (60%) loss=976397.6493 elapsed=115s eta=77s
  [kd_dual_classaware_fair] [epoch 3/100] batch 210/300 (70%) loss=947969.5518 elapsed=133s eta=57s
  [kd_dual_classaware_fair] [epoch 3/100] batch 240/300 (80%) loss=921466.9615 elapsed=152s eta=38s
  [kd_dual_classaware_fair] [epoch 3/100] batch 270/300 (90%) loss=898390.7623 elapsed=171s eta=19s
  [kd_dual_classaware_fair] [epoch 3/100] batch 300/300 (100%) loss=875980.1967 elapsed=189s eta=0s
[kd_dual_classaware_fair] [sampler] sampled: {0: 400, 1: 400, 2: 400} total=1200 spalling_ratio=24.33%
[kd_dual_classaware_fair] [sampler] unique: {0: 400, 1: 400, 2: 400} unique_total=1200 dup_ratio=1.00x
[kd_dual_classaware_fair] [epoch 003/100] remain=97 epochs ep_eta=325.7min (avg 201s/ep)
[kd_dual_classaware_fair] [epoch 003/100] lr=0.000036  dt=189.1s
  train loss=875980.1967  ce=0.4212 dice=0.7680  tversky=0.0000 bd=0.0000  cldice=0.0000 snake=0.0000
  val   skipped (next val at epoch 5)
[kd_dual_classaware_fair] [curriculum] epoch 4: stage=0 tiers=[0] pool={0: 400, 1: 0, 2: 0}
  [kd_dual_classaware_fair] [epoch 4/100] batch 30/300 (10%) loss=629042.6354 elapsed=19s eta=168s
  [kd_dual_classaware_fair] [epoch 4/100] batch 60/300 (20%) loss=615391.1156 elapsed=37s eta=148s
  [kd_dual_classaware_fair] [epoch 4/100] batch 90/300 (30%) loss=594986.8938 elapsed=55s eta=129s
  [kd_dual_classaware_fair] [epoch 4/100] batch 120/300 (40%) loss=577157.0742 elapsed=73s eta=110s
  [kd_dual_classaware_fair] [epoch 4/100] batch 150/300 (50%) loss=562544.7927 elapsed=91s eta=91s
  [kd_dual_classaware_fair] [epoch 4/100] batch 180/300 (60%) loss=546560.0078 elapsed=110s eta=73s
  [kd_dual_classaware_fair] [epoch 4/100] batch 210/300 (70%) loss=532560.3594 elapsed=128s eta=55s
  [kd_dual_classaware_fair] [epoch 4/100] batch 240/300 (80%) loss=519199.8473 elapsed=146s eta=37s
  [kd_dual_classaware_fair] [epoch 4/100] batch 270/300 (90%) loss=505413.5644 elapsed=165s eta=18s
  [kd_dual_classaware_fair] [epoch 4/100] batch 300/300 (100%) loss=493678.0218 elapsed=183s eta=0s
[kd_dual_classaware_fair] [sampler] sampled: {0: 400, 1: 400, 2: 400} total=1200 spalling_ratio=24.33%
[kd_dual_classaware_fair] [sampler] unique: {0: 400, 1: 400, 2: 400} unique_total=1200 dup_ratio=1.00x
[kd_dual_classaware_fair] [epoch 004/100] remain=96 epochs ep_eta=315.6min (avg 197s/ep)
[kd_dual_classaware_fair] [epoch 004/100] lr=0.000048  dt=183.3s
  train loss=493678.0218  ce=0.4213 dice=0.6943  tversky=0.0000 bd=0.0000  cldice=0.0000 snake=0.0000
  val   skipped (next val at epoch 5)
[kd_dual_classaware_fair] [curriculum] epoch 5: stage=0 tiers=[0] pool={0: 400, 1: 0, 2: 0}
  [kd_dual_classaware_fair] [epoch 5/100] batch 30/300 (10%) loss=351505.0865 elapsed=19s eta=171s
  [kd_dual_classaware_fair] [epoch 5/100] batch 60/300 (20%) loss=341319.6786 elapsed=37s eta=150s
  [kd_dual_classaware_fair] [epoch 5/100] batch 90/300 (30%) loss=332127.3503 elapsed=56s eta=131s
  [kd_dual_classaware_fair] [epoch 5/100] batch 120/300 (40%) loss=320666.7900 elapsed=75s eta=112s
  [kd_dual_classaware_fair] [epoch 5/100] batch 150/300 (50%) loss=312744.2548 elapsed=93s eta=93s
  [kd_dual_classaware_fair] [epoch 5/100] batch 180/300 (60%) loss=305189.6592 elapsed=111s eta=74s
  [kd_dual_classaware_fair] [epoch 5/100] batch 210/300 (70%) loss=296639.7367 elapsed=130s eta=56s
  [kd_dual_classaware_fair] [epoch 5/100] batch 240/300 (80%) loss=290030.3866 elapsed=148s eta=37s
  [kd_dual_classaware_fair] [epoch 5/100] batch 270/300 (90%) loss=282539.0756 elapsed=167s eta=19s
  [kd_dual_classaware_fair] [epoch 5/100] batch 300/300 (100%) loss=275402.9865 elapsed=186s eta=0s
[kd_dual_classaware_fair] [sampler] sampled: {0: 400, 1: 400, 2: 400} total=1200 spalling_ratio=24.33%
[kd_dual_classaware_fair] [sampler] unique: {0: 400, 1: 400, 2: 400} unique_total=1200 dup_ratio=1.00x
/usr/local/lib/python3.11/dist-packages/torch/optim/lr_scheduler.py:243: UserWarning: The epoch parameter in `scheduler.step()` was not necessary and is being deprecated where possible. Please use `scheduler.step()` to step the scheduler. During the deprecation, if epoch is different from None, the closed form is used instead of the new chainable form, where available. Please open an issue if you are unable to replicate your use case: https://github.com/pytorch/pytorch/issues/new/choose.
  warnings.warn(EPOCH_DEPRECATION_WARNING, UserWarning)
[kd_dual_classaware_fair] [epoch 005/100] remain=95 epochs ep_eta=311.9min (avg 197s/ep)
[kd_dual_classaware_fair] [epoch 005/100] lr=0.000060  dt=195.0s
  train loss=275402.9865  ce=0.3439 dice=0.5475  tversky=0.0000 bd=0.0000  cldice=0.0000 snake=0.0000
  val   loss=0.3657
  IoU   bg=0.9685  crack=0.4606  spalling=0.6304  | mIoU_fg=0.5455  pix_acc=0.9693
  Dice  bg=0.9840  crack=0.6307  spalling=0.7733
  BF1   crack=0.6064  spalling=0.1435  | BF1_fg_mean=0.3749
  [kd_dual_classaware_fair] [best] mIoU_fg=0.5455  saved -> best.pt
[kd_dual_classaware_fair] [curriculum] epoch 6: stage=0 tiers=[0] pool={0: 400, 1: 0, 2: 0}
  [kd_dual_classaware_fair] [epoch 6/100] batch 30/300 (10%) loss=196047.6448 elapsed=19s eta=171s
  [kd_dual_classaware_fair] [epoch 6/100] batch 60/300 (20%) loss=193248.0549 elapsed=37s eta=150s
  [kd_dual_classaware_fair] [epoch 6/100] batch 90/300 (30%) loss=187123.8087 elapsed=56s eta=130s
  [kd_dual_classaware_fair] [epoch 6/100] batch 120/300 (40%) loss=182056.2613 elapsed=75s eta=112s
  [kd_dual_classaware_fair] [epoch 6/100] batch 150/300 (50%) loss=179771.1524 elapsed=93s eta=93s
  [kd_dual_classaware_fair] [epoch 6/100] batch 180/300 (60%) loss=176605.0520 elapsed=112s eta=74s
  [kd_dual_classaware_fair] [epoch 6/100] batch 210/300 (70%) loss=170842.5458 elapsed=130s eta=56s
  [kd_dual_classaware_fair] [epoch 6/100] batch 240/300 (80%) loss=166306.3574 elapsed=149s eta=37s
  [kd_dual_classaware_fair] [epoch 6/100] batch 270/300 (90%) loss=161306.5207 elapsed=167s eta=19s
  [kd_dual_classaware_fair] [epoch 6/100] batch 300/300 (100%) loss=157633.8316 elapsed=186s eta=0s
[kd_dual_classaware_fair] [sampler] sampled: {0: 400, 1: 400, 2: 400} total=1200 spalling_ratio=24.33%
[kd_dual_classaware_fair] [sampler] unique: {0: 400, 1: 400, 2: 400} unique_total=1200 dup_ratio=1.00x
[kd_dual_classaware_fair] [epoch 006/100] remain=94 epochs ep_eta=306.9min (avg 196s/ep)
[kd_dual_classaware_fair] [epoch 006/100] lr=0.000060  dt=186.7s
  train loss=157633.8316  ce=0.3115 dice=0.4860  tversky=0.0000 bd=0.0000  cldice=0.0000 snake=0.0000
  val   skipped (next val at epoch 10)
[kd_dual_classaware_fair] [curriculum] epoch 7: stage=0 tiers=[0] pool={0: 400, 1: 0, 2: 0}
  [kd_dual_classaware_fair] [epoch 7/100] batch 30/300 (10%) loss=117048.8076 elapsed=19s eta=173s
  [kd_dual_classaware_fair] [epoch 7/100] batch 60/300 (20%) loss=111395.6753 elapsed=38s eta=150s
  [kd_dual_classaware_fair] [epoch 7/100] batch 90/300 (30%) loss=109478.2225 elapsed=56s eta=131s
  [kd_dual_classaware_fair] [epoch 7/100] batch 120/300 (40%) loss=107734.8553 elapsed=75s eta=112s
  [kd_dual_classaware_fair] [epoch 7/100] batch 150/300 (50%) loss=103879.7310 elapsed=93s eta=93s
  [kd_dual_classaware_fair] [epoch 7/100] batch 180/300 (60%) loss=100615.2539 elapsed=112s eta=75s
  [kd_dual_classaware_fair] [epoch 7/100] batch 210/300 (70%) loss=98478.2006 elapsed=131s eta=56s
  [kd_dual_classaware_fair] [epoch 7/100] batch 240/300 (80%) loss=97558.9228 elapsed=150s eta=37s
  [kd_dual_classaware_fair] [epoch 7/100] batch 270/300 (90%) loss=95565.9264 elapsed=169s eta=19s
  [kd_dual_classaware_fair] [epoch 7/100] batch 300/300 (100%) loss=96842.9075 elapsed=188s eta=0s
[kd_dual_classaware_fair] [sampler] sampled: {0: 400, 1: 400, 2: 400} total=1200 spalling_ratio=24.33%
[kd_dual_classaware_fair] [sampler] unique: {0: 400, 1: 400, 2: 400} unique_total=1200 dup_ratio=1.00x
[kd_dual_classaware_fair] [epoch 007/100] remain=93 epochs ep_eta=302.1min (avg 195s/ep)
[kd_dual_classaware_fair] [epoch 007/100] lr=0.000060  dt=187.9s
  train loss=96842.9075  ce=0.2627 dice=0.4224  tversky=0.0000 bd=0.0000  cldice=0.0000 snake=0.0000
  val   skipped (next val at epoch 10)
[kd_dual_classaware_fair] [curriculum] epoch 8: stage=0 tiers=[0] pool={0: 400, 1: 0, 2: 0}
  [kd_dual_classaware_fair] [epoch 8/100] batch 30/300 (10%) loss=95580.6582 elapsed=19s eta=175s
  [kd_dual_classaware_fair] [epoch 8/100] batch 60/300 (20%) loss=87877.0523 elapsed=38s eta=153s
  [kd_dual_classaware_fair] [epoch 8/100] batch 90/300 (30%) loss=80819.8289 elapsed=57s eta=132s
  [kd_dual_classaware_fair] [epoch 8/100] batch 120/300 (40%) loss=77993.0618 elapsed=75s eta=113s
  [kd_dual_classaware_fair] [epoch 8/100] batch 150/300 (50%) loss=76206.5317 elapsed=94s eta=94s
  [kd_dual_classaware_fair] [epoch 8/100] batch 180/300 (60%) loss=74241.7981 elapsed=112s eta=75s
  [kd_dual_classaware_fair] [epoch 8/100] batch 210/300 (70%) loss=72366.6737 elapsed=131s eta=56s
  [kd_dual_classaware_fair] [epoch 8/100] batch 240/300 (80%) loss=71762.9794 elapsed=149s eta=37s
  [kd_dual_classaware_fair] [epoch 8/100] batch 270/300 (90%) loss=70715.9580 elapsed=168s eta=19s
  [kd_dual_classaware_fair] [epoch 8/100] batch 300/300 (100%) loss=68841.9610 elapsed=186s eta=0s
[kd_dual_classaware_fair] [sampler] sampled: {0: 400, 1: 400, 2: 400} total=1200 spalling_ratio=24.33%
[kd_dual_classaware_fair] [sampler] unique: {0: 400, 1: 400, 2: 400} unique_total=1200 dup_ratio=1.00x
[kd_dual_classaware_fair] [epoch 008/100] remain=92 epochs ep_eta=297.5min (avg 194s/ep)
[kd_dual_classaware_fair] [epoch 008/100] lr=0.000060  dt=186.7s
  train loss=68841.9610  ce=0.2302 dice=0.3786  tversky=0.0000 bd=0.0000  cldice=0.0000 snake=0.0000
  val   skipped (next val at epoch 10)
[kd_dual_classaware_fair] [curriculum] epoch 9: stage=0 tiers=[0] pool={0: 400, 1: 0, 2: 0}
  [kd_dual_classaware_fair] [epoch 9/100] batch 30/300 (10%) loss=50973.3677 elapsed=19s eta=173s
  [kd_dual_classaware_fair] [epoch 9/100] batch 60/300 (20%) loss=50470.1869 elapsed=38s eta=151s
  [kd_dual_classaware_fair] [epoch 9/100] batch 90/300 (30%) loss=51044.7516 elapsed=56s eta=132s
  [kd_dual_classaware_fair] [epoch 9/100] batch 120/300 (40%) loss=52764.4459 elapsed=75s eta=113s
  [kd_dual_classaware_fair] [epoch 9/100] batch 150/300 (50%) loss=52548.9762 elapsed=94s eta=94s
  [kd_dual_classaware_fair] [epoch 9/100] batch 180/300 (60%) loss=52756.0860 elapsed=113s eta=75s
  [kd_dual_classaware_fair] [epoch 9/100] batch 210/300 (70%) loss=52550.4922 elapsed=131s eta=56s
  [kd_dual_classaware_fair] [epoch 9/100] batch 240/300 (80%) loss=52182.5280 elapsed=150s eta=37s
  [kd_dual_classaware_fair] [epoch 9/100] batch 270/300 (90%) loss=52066.4478 elapsed=168s eta=19s
  [kd_dual_classaware_fair] [epoch 9/100] batch 300/300 (100%) loss=51344.4114 elapsed=187s eta=0s
[kd_dual_classaware_fair] [sampler] sampled: {0: 400, 1: 400, 2: 400} total=1200 spalling_ratio=24.33%
[kd_dual_classaware_fair] [sampler] unique: {0: 400, 1: 400, 2: 400} unique_total=1200 dup_ratio=1.00x
[kd_dual_classaware_fair] [epoch 009/100] remain=91 epochs ep_eta=293.3min (avg 193s/ep)
[kd_dual_classaware_fair] [epoch 009/100] lr=0.000060  dt=187.0s
  train loss=51344.4114  ce=0.2007 dice=0.3339  tversky=0.0000 bd=0.0000  cldice=0.0000 snake=0.0000
  val   skipped (next val at epoch 10)
[kd_dual_classaware_fair] [curriculum] epoch 10: stage=0 tiers=[0] pool={0: 400, 1: 0, 2: 0}
  [kd_dual_classaware_fair] [epoch 10/100] batch 30/300 (10%) loss=51475.3416 elapsed=19s eta=173s
  [kd_dual_classaware_fair] [epoch 10/100] batch 60/300 (20%) loss=45337.9761 elapsed=38s eta=150s
  [kd_dual_classaware_fair] [epoch 10/100] batch 90/300 (30%) loss=43973.2195 elapsed=56s eta=131s
  [kd_dual_classaware_fair] [epoch 10/100] batch 120/300 (40%) loss=45080.0861 elapsed=75s eta=112s
  [kd_dual_classaware_fair] [epoch 10/100] batch 150/300 (50%) loss=44438.0768 elapsed=94s eta=94s
  [kd_dual_classaware_fair] [epoch 10/100] batch 180/300 (60%) loss=44184.0551 elapsed=112s eta=75s
  [kd_dual_classaware_fair] [epoch 10/100] batch 210/300 (70%) loss=44380.8714 elapsed=131s eta=56s
  [kd_dual_classaware_fair] [epoch 10/100] batch 240/300 (80%) loss=43727.6978 elapsed=149s eta=37s
  [kd_dual_classaware_fair] [epoch 10/100] batch 270/300 (90%) loss=43232.3942 elapsed=168s eta=19s
  [kd_dual_classaware_fair] [epoch 10/100] batch 300/300 (100%) loss=42338.6704 elapsed=186s eta=0s
[kd_dual_classaware_fair] [sampler] sampled: {0: 400, 1: 400, 2: 400} total=1200 spalling_ratio=24.33%
[kd_dual_classaware_fair] [sampler] unique: {0: 400, 1: 400, 2: 400} unique_total=1200 dup_ratio=1.00x
[kd_dual_classaware_fair] [epoch 010/100] remain=90 epochs ep_eta=290.6min (avg 194s/ep)
[kd_dual_classaware_fair] [epoch 010/100] lr=0.000060  dt=195.8s
  train loss=42338.6704  ce=0.1914 dice=0.3070  tversky=0.0000 bd=0.0000  cldice=0.0000 snake=0.0000
  val   loss=0.2465
  IoU   bg=0.9745  crack=0.5413  spalling=0.7588  | mIoU_fg=0.6501  pix_acc=0.9750
  Dice  bg=0.9871  crack=0.7024  spalling=0.8629
  BF1   crack=0.7008  spalling=0.5733  | BF1_fg_mean=0.6371
  [kd_dual_classaware_fair] [best] mIoU_fg=0.6501  saved -> best.pt
[kd_dual_classaware_fair] [curriculum] epoch 11: stage=0 tiers=[0] pool={0: 400, 1: 0, 2: 0}
  [kd_dual_classaware_fair] [epoch 11/100] batch 30/300 (10%) loss=34210.1140 elapsed=20s eta=177s
  [kd_dual_classaware_fair] [epoch 11/100] batch 60/300 (20%) loss=37102.5246 elapsed=38s eta=153s
  [kd_dual_classaware_fair] [epoch 11/100] batch 90/300 (30%) loss=36641.4508 elapsed=57s eta=133s
  [kd_dual_classaware_fair] [epoch 11/100] batch 120/300 (40%) loss=36559.4576 elapsed=76s eta=114s
  [kd_dual_classaware_fair] [epoch 11/100] batch 150/300 (50%) loss=36742.2775 elapsed=94s eta=94s
  [kd_dual_classaware_fair] [epoch 11/100] batch 180/300 (60%) loss=36632.4367 elapsed=113s eta=75s
  [kd_dual_classaware_fair] [epoch 11/100] batch 210/300 (70%) loss=37083.1232 elapsed=132s eta=56s
  [kd_dual_classaware_fair] [epoch 11/100] batch 240/300 (80%) loss=37122.6106 elapsed=151s eta=38s
  [kd_dual_classaware_fair] [epoch 11/100] batch 270/300 (90%) loss=36981.1138 elapsed=169s eta=19s
  [kd_dual_classaware_fair] [epoch 11/100] batch 300/300 (100%) loss=36655.1688 elapsed=188s eta=0s
[kd_dual_classaware_fair] [sampler] sampled: {0: 400, 1: 400, 2: 400} total=1200 spalling_ratio=24.33%
[kd_dual_classaware_fair] [sampler] unique: {0: 400, 1: 400, 2: 400} unique_total=1200 dup_ratio=1.00x
[kd_dual_classaware_fair] [epoch 011/100] remain=89 epochs ep_eta=287.3min (avg 194s/ep)
[kd_dual_classaware_fair] [epoch 011/100] lr=0.000059  dt=188.3s
  train loss=36655.1688  ce=0.1789 dice=0.3050  tversky=0.0000 bd=0.0000  cldice=0.0000 snake=0.0000
  val   skipped (next val at epoch 15)
[kd_dual_classaware_fair] [curriculum] epoch 12: stage=0 tiers=[0] pool={0: 400, 1: 0, 2: 0}
  [kd_dual_classaware_fair] [epoch 12/100] batch 30/300 (10%) loss=38143.0615 elapsed=19s eta=174s
  [kd_dual_classaware_fair] [epoch 12/100] batch 60/300 (20%) loss=35186.5993 elapsed=38s eta=152s
  [kd_dual_classaware_fair] [epoch 12/100] batch 90/300 (30%) loss=34560.9423 elapsed=57s eta=132s
  [kd_dual_classaware_fair] [epoch 12/100] batch 120/300 (40%) loss=33860.5598 elapsed=76s eta=113s
  [kd_dual_classaware_fair] [epoch 12/100] batch 150/300 (50%) loss=32666.6804 elapsed=94s eta=94s
  [kd_dual_classaware_fair] [epoch 12/100] batch 180/300 (60%) loss=32166.0074 elapsed=113s eta=75s
  [kd_dual_classaware_fair] [epoch 12/100] batch 210/300 (70%) loss=32123.2145 elapsed=132s eta=56s
  [kd_dual_classaware_fair] [epoch 12/100] batch 240/300 (80%) loss=31726.6173 elapsed=150s eta=38s
  [kd_dual_classaware_fair] [epoch 12/100] batch 270/300 (90%) loss=31683.5018 elapsed=169s eta=19s
  [kd_dual_classaware_fair] [epoch 12/100] batch 300/300 (100%) loss=31542.5426 elapsed=188s eta=0s
[kd_dual_classaware_fair] [sampler] sampled: {0: 400, 1: 400, 2: 400} total=1200 spalling_ratio=24.33%
[kd_dual_classaware_fair] [sampler] unique: {0: 400, 1: 400, 2: 400} unique_total=1200 dup_ratio=1.00x
[kd_dual_classaware_fair] [epoch 012/100] remain=88 epochs ep_eta=283.5min (avg 193s/ep)
[kd_dual_classaware_fair] [epoch 012/100] lr=0.000059  dt=187.9s
  train loss=31542.5426  ce=0.1653 dice=0.2801  tversky=0.0000 bd=0.0000  cldice=0.0000 snake=0.0000
  val   skipped (next val at epoch 15)
[kd_dual_classaware_fair] [curriculum] epoch 13: stage=0 tiers=[0] pool={0: 400, 1: 0, 2: 0}
  [kd_dual_classaware_fair] [epoch 13/100] batch 30/300 (10%) loss=25617.1618 elapsed=19s eta=175s
  [kd_dual_classaware_fair] [epoch 13/100] batch 60/300 (20%) loss=27192.4935 elapsed=38s eta=153s
  [kd_dual_classaware_fair] [epoch 13/100] batch 90/300 (30%) loss=28086.8701 elapsed=57s eta=133s
  [kd_dual_classaware_fair] [epoch 13/100] batch 120/300 (40%) loss=28014.2089 elapsed=75s eta=113s
  [kd_dual_classaware_fair] [epoch 13/100] batch 150/300 (50%) loss=27968.8607 elapsed=94s eta=94s
  [kd_dual_classaware_fair] [epoch 13/100] batch 180/300 (60%) loss=28635.5151 elapsed=113s eta=75s
  [kd_dual_classaware_fair] [epoch 13/100] batch 210/300 (70%) loss=28778.2988 elapsed=132s eta=57s
  [kd_dual_classaware_fair] [epoch 13/100] batch 240/300 (80%) loss=29183.4346 elapsed=151s eta=38s
  [kd_dual_classaware_fair] [epoch 13/100] batch 270/300 (90%) loss=29396.7908 elapsed=170s eta=19s
  [kd_dual_classaware_fair] [epoch 13/100] batch 300/300 (100%) loss=29183.9686 elapsed=188s eta=0s
[kd_dual_classaware_fair] [sampler] sampled: {0: 400, 1: 400, 2: 400} total=1200 spalling_ratio=24.33%
[kd_dual_classaware_fair] [sampler] unique: {0: 400, 1: 400, 2: 400} unique_total=1200 dup_ratio=1.00x
[kd_dual_classaware_fair] [epoch 013/100] remain=87 epochs ep_eta=280.0min (avg 193s/ep)
[kd_dual_classaware_fair] [epoch 013/100] lr=0.000059  dt=188.6s
  train loss=29183.9686  ce=0.1630 dice=0.2720  tversky=0.0000 bd=0.0000  cldice=0.0000 snake=0.0000
  val   skipped (next val at epoch 15)
[kd_dual_classaware_fair] [curriculum] epoch 14: stage=0 tiers=[0] pool={0: 400, 1: 0, 2: 0}
  [kd_dual_classaware_fair] [epoch 14/100] batch 30/300 (10%) loss=26283.2798 elapsed=20s eta=176s
  [kd_dual_classaware_fair] [epoch 14/100] batch 60/300 (20%) loss=28988.7358 elapsed=38s eta=153s
  [kd_dual_classaware_fair] [epoch 14/100] batch 90/300 (30%) loss=27673.2465 elapsed=57s eta=133s
  [kd_dual_classaware_fair] [epoch 14/100] batch 120/300 (40%) loss=27712.7084 elapsed=76s eta=113s
  [kd_dual_classaware_fair] [epoch 14/100] batch 150/300 (50%) loss=27531.9508 elapsed=94s eta=94s
  [kd_dual_classaware_fair] [epoch 14/100] batch 180/300 (60%) loss=28412.0409 elapsed=113s eta=75s
  [kd_dual_classaware_fair] [epoch 14/100] batch 210/300 (70%) loss=32882.0297 elapsed=132s eta=56s
  [kd_dual_classaware_fair] [epoch 14/100] batch 240/300 (80%) loss=32871.2751 elapsed=150s eta=38s
  [kd_dual_classaware_fair] [epoch 14/100] batch 270/300 (90%) loss=32335.1186 elapsed=169s eta=19s
  [kd_dual_classaware_fair] [epoch 14/100] batch 300/300 (100%) loss=31957.7529 elapsed=188s eta=0s
[kd_dual_classaware_fair] [sampler] sampled: {0: 400, 1: 400, 2: 400} total=1200 spalling_ratio=24.33%
[kd_dual_classaware_fair] [sampler] unique: {0: 400, 1: 400, 2: 400} unique_total=1200 dup_ratio=1.00x
[kd_dual_classaware_fair] [epoch 014/100] remain=86 epochs ep_eta=276.4min (avg 193s/ep)
[kd_dual_classaware_fair] [epoch 014/100] lr=0.000059  dt=188.1s
  train loss=31957.7529  ce=0.1939 dice=0.2833  tversky=0.0000 bd=0.0000  cldice=0.0000 snake=0.0000
  val   skipped (next val at epoch 15)
[kd_dual_classaware_fair] [curriculum] epoch 15: stage=0 tiers=[0] pool={0: 400, 1: 0, 2: 0}
  [kd_dual_classaware_fair] [epoch 15/100] batch 30/300 (10%) loss=29386.8589 elapsed=20s eta=176s
  [kd_dual_classaware_fair] [epoch 15/100] batch 60/300 (20%) loss=28061.2586 elapsed=38s eta=153s
  [kd_dual_classaware_fair] [epoch 15/100] batch 90/300 (30%) loss=28021.1393 elapsed=57s eta=133s
  [kd_dual_classaware_fair] [epoch 15/100] batch 120/300 (40%) loss=28271.1579 elapsed=76s eta=114s
  [kd_dual_classaware_fair] [epoch 15/100] batch 150/300 (50%) loss=27981.7843 elapsed=95s eta=95s
  [kd_dual_classaware_fair] [epoch 15/100] batch 180/300 (60%) loss=27124.8684 elapsed=113s eta=75s
  [kd_dual_classaware_fair] [epoch 15/100] batch 210/300 (70%) loss=26728.1521 elapsed=132s eta=56s
  [kd_dual_classaware_fair] [epoch 15/100] batch 240/300 (80%) loss=26279.0601 elapsed=150s eta=38s
  [kd_dual_classaware_fair] [epoch 15/100] batch 270/300 (90%) loss=26212.8280 elapsed=169s eta=19s
  [kd_dual_classaware_fair] [epoch 15/100] batch 300/300 (100%) loss=25823.5646 elapsed=188s eta=0s
[kd_dual_classaware_fair] [sampler] sampled: {0: 400, 1: 400, 2: 400} total=1200 spalling_ratio=24.33%
[kd_dual_classaware_fair] [sampler] unique: {0: 400, 1: 400, 2: 400} unique_total=1200 dup_ratio=1.00x
[kd_dual_classaware_fair] [epoch 015/100] remain=85 epochs ep_eta=273.7min (avg 193s/ep)
[kd_dual_classaware_fair] [epoch 015/100] lr=0.000058  dt=197.2s
  train loss=25823.5646  ce=0.1572 dice=0.2624  tversky=0.0000 bd=0.0000  cldice=0.0000 snake=0.0000
  val   loss=0.2667
  IoU   bg=0.9768  crack=0.5533  spalling=0.7782  | mIoU_fg=0.6658  pix_acc=0.9772
  Dice  bg=0.9883  crack=0.7124  spalling=0.8753
  BF1   crack=0.7226  spalling=0.5834  | BF1_fg_mean=0.6530
  [kd_dual_classaware_fair] [best] mIoU_fg=0.6658  saved -> best.pt
[kd_dual_classaware_fair] [curriculum] epoch 16: stage=0 tiers=[0] pool={0: 400, 1: 0, 2: 0}
  [kd_dual_classaware_fair] [epoch 16/100] batch 30/300 (10%) loss=21636.7236 elapsed=20s eta=176s
  [kd_dual_classaware_fair] [epoch 16/100] batch 60/300 (20%) loss=23188.9575 elapsed=38s eta=153s
  [kd_dual_classaware_fair] [epoch 16/100] batch 90/300 (30%) loss=24574.5516 elapsed=57s eta=133s
  [kd_dual_classaware_fair] [epoch 16/100] batch 120/300 (40%) loss=23511.4939 elapsed=75s eta=113s
  [kd_dual_classaware_fair] [epoch 16/100] batch 150/300 (50%) loss=22964.3271 elapsed=94s eta=94s
  [kd_dual_classaware_fair] [epoch 16/100] batch 180/300 (60%) loss=23273.0346 elapsed=113s eta=75s
  [kd_dual_classaware_fair] [epoch 16/100] batch 210/300 (70%) loss=22878.4169 elapsed=132s eta=56s
  [kd_dual_classaware_fair] [epoch 16/100] batch 240/300 (80%) loss=23144.3799 elapsed=151s eta=38s
  [kd_dual_classaware_fair] [epoch 16/100] batch 270/300 (90%) loss=23225.8857 elapsed=169s eta=19s
  [kd_dual_classaware_fair] [epoch 16/100] batch 300/300 (100%) loss=23627.0994 elapsed=188s eta=0s
[kd_dual_classaware_fair] [sampler] sampled: {0: 400, 1: 400, 2: 400} total=1200 spalling_ratio=24.33%
[kd_dual_classaware_fair] [sampler] unique: {0: 400, 1: 400, 2: 400} unique_total=1200 dup_ratio=1.00x
[kd_dual_classaware_fair] [epoch 016/100] remain=84 epochs ep_eta=270.5min (avg 193s/ep)
[kd_dual_classaware_fair] [epoch 016/100] lr=0.000058  dt=188.5s
  train loss=23627.0994  ce=0.1501 dice=0.2539  tversky=0.0000 bd=0.0000  cldice=0.0000 snake=0.0000
  val   skipped (next val at epoch 20)
[kd_dual_classaware_fair] [curriculum] epoch 17: stage=0 tiers=[0] pool={0: 400, 1: 0, 2: 0}
  [kd_dual_classaware_fair] [epoch 17/100] batch 30/300 (10%) loss=26349.4819 elapsed=19s eta=174s
  [kd_dual_classaware_fair] [epoch 17/100] batch 60/300 (20%) loss=28715.4223 elapsed=38s eta=153s
  [kd_dual_classaware_fair] [epoch 17/100] batch 90/300 (30%) loss=30205.8635 elapsed=57s eta=132s
  [kd_dual_classaware_fair] [epoch 17/100] batch 120/300 (40%) loss=40525.2824 elapsed=75s eta=113s
  [kd_dual_classaware_fair] [epoch 17/100] batch 150/300 (50%) loss=38794.8007 elapsed=94s eta=94s
  [kd_dual_classaware_fair] [epoch 17/100] batch 180/300 (60%) loss=36203.3826 elapsed=112s eta=75s
  [kd_dual_classaware_fair] [epoch 17/100] batch 210/300 (70%) loss=36145.1491 elapsed=131s eta=56s
  [kd_dual_classaware_fair] [epoch 17/100] batch 240/300 (80%) loss=34717.6594 elapsed=150s eta=37s
  [kd_dual_classaware_fair] [epoch 17/100] batch 270/300 (90%) loss=33544.2054 elapsed=168s eta=19s
  [kd_dual_classaware_fair] [epoch 17/100] batch 300/300 (100%) loss=32725.4156 elapsed=187s eta=0s
[kd_dual_classaware_fair] [sampler] sampled: {0: 400, 1: 400, 2: 400} total=1200 spalling_ratio=24.33%
[kd_dual_classaware_fair] [sampler] unique: {0: 400, 1: 400, 2: 400} unique_total=1200 dup_ratio=1.00x
[kd_dual_classaware_fair] [epoch 017/100] remain=83 epochs ep_eta=266.9min (avg 193s/ep)
[kd_dual_classaware_fair] [epoch 017/100] lr=0.000058  dt=187.0s
  train loss=32725.4156  ce=0.2114 dice=0.2818  tversky=0.0000 bd=0.0000  cldice=0.0000 snake=0.0000
  val   skipped (next val at epoch 20)
[kd_dual_classaware_fair] [curriculum] epoch 18: stage=0 tiers=[0] pool={0: 400, 1: 0, 2: 0}
  [kd_dual_classaware_fair] [epoch 18/100] batch 30/300 (10%) loss=21391.2527 elapsed=19s eta=173s
  [kd_dual_classaware_fair] [epoch 18/100] batch 60/300 (20%) loss=21480.3401 elapsed=38s eta=151s
  [kd_dual_classaware_fair] [epoch 18/100] batch 90/300 (30%) loss=22165.2365 elapsed=56s eta=132s
  [kd_dual_classaware_fair] [epoch 18/100] batch 120/300 (40%) loss=21736.0991 elapsed=75s eta=113s
  [kd_dual_classaware_fair] [epoch 18/100] batch 150/300 (50%) loss=22115.1211 elapsed=94s eta=94s
  [kd_dual_classaware_fair] [epoch 18/100] batch 180/300 (60%) loss=22292.2486 elapsed=113s eta=75s
  [kd_dual_classaware_fair] [epoch 18/100] batch 210/300 (70%) loss=22216.3773 elapsed=131s eta=56s
  [kd_dual_classaware_fair] [epoch 18/100] batch 240/300 (80%) loss=22056.0789 elapsed=150s eta=38s
  [kd_dual_classaware_fair] [epoch 18/100] batch 270/300 (90%) loss=22131.6447 elapsed=169s eta=19s
  [kd_dual_classaware_fair] [epoch 18/100] batch 300/300 (100%) loss=22054.6994 elapsed=188s eta=0s
[kd_dual_classaware_fair] [sampler] sampled: {0: 400, 1: 400, 2: 400} total=1200 spalling_ratio=24.33%
[kd_dual_classaware_fair] [sampler] unique: {0: 400, 1: 400, 2: 400} unique_total=1200 dup_ratio=1.00x
[kd_dual_classaware_fair] [epoch 018/100] remain=82 epochs ep_eta=263.4min (avg 193s/ep)
[kd_dual_classaware_fair] [epoch 018/100] lr=0.000057  dt=187.8s
  train loss=22054.6994  ce=0.1466 dice=0.2612  tversky=0.0000 bd=0.0000  cldice=0.0000 snake=0.0000
  val   skipped (next val at epoch 20)
[kd_dual_classaware_fair] [curriculum] epoch 19: stage=0 tiers=[0] pool={0: 400, 1: 0, 2: 0}
  [kd_dual_classaware_fair] [epoch 19/100] batch 30/300 (10%) loss=19614.3071 elapsed=19s eta=175s
  [kd_dual_classaware_fair] [epoch 19/100] batch 60/300 (20%) loss=20528.6804 elapsed=38s eta=152s
  [kd_dual_classaware_fair] [epoch 19/100] batch 90/300 (30%) loss=20298.0086 elapsed=57s eta=133s
  [kd_dual_classaware_fair] [epoch 19/100] batch 120/300 (40%) loss=20127.7841 elapsed=76s eta=114s
  [kd_dual_classaware_fair] [epoch 19/100] batch 150/300 (50%) loss=20357.0812 elapsed=95s eta=95s
  [kd_dual_classaware_fair] [epoch 19/100] batch 180/300 (60%) loss=20252.9957 elapsed=114s eta=76s
  [kd_dual_classaware_fair] [epoch 19/100] batch 210/300 (70%) loss=20520.7094 elapsed=132s eta=57s
  [kd_dual_classaware_fair] [epoch 19/100] batch 240/300 (80%) loss=20533.0403 elapsed=151s eta=38s
  [kd_dual_classaware_fair] [epoch 19/100] batch 270/300 (90%) loss=20432.2156 elapsed=170s eta=19s
  [kd_dual_classaware_fair] [epoch 19/100] batch 300/300 (100%) loss=20547.0797 elapsed=188s eta=0s
[kd_dual_classaware_fair] [sampler] sampled: {0: 400, 1: 400, 2: 400} total=1200 spalling_ratio=24.33%
[kd_dual_classaware_fair] [sampler] unique: {0: 400, 1: 400, 2: 400} unique_total=1200 dup_ratio=1.00x
[kd_dual_classaware_fair] [epoch 019/100] remain=81 epochs ep_eta=260.0min (avg 193s/ep)
[kd_dual_classaware_fair] [epoch 019/100] lr=0.000057  dt=188.5s
  train loss=20547.0797  ce=0.1417 dice=0.2425  tversky=0.0000 bd=0.0000  cldice=0.0000 snake=0.0000
  val   skipped (next val at epoch 20)
[kd_dual_classaware_fair] [curriculum] epoch 20: stage=0 tiers=[0] pool={0: 400, 1: 0, 2: 0}
  [kd_dual_classaware_fair] [epoch 20/100] batch 30/300 (10%) loss=22234.8056 elapsed=20s eta=178s
  [kd_dual_classaware_fair] [epoch 20/100] batch 60/300 (20%) loss=20746.0450 elapsed=39s eta=154s
  [kd_dual_classaware_fair] [epoch 20/100] batch 90/300 (30%) loss=20135.1479 elapsed=57s eta=134s
  [kd_dual_classaware_fair] [epoch 20/100] batch 120/300 (40%) loss=20166.2753 elapsed=76s eta=114s
  [kd_dual_classaware_fair] [epoch 20/100] batch 150/300 (50%) loss=19920.7454 elapsed=95s eta=95s
  [kd_dual_classaware_fair] [epoch 20/100] batch 180/300 (60%) loss=19639.1613 elapsed=113s eta=76s
  [kd_dual_classaware_fair] [epoch 20/100] batch 210/300 (70%) loss=19230.5018 elapsed=132s eta=57s
  [kd_dual_classaware_fair] [epoch 20/100] batch 240/300 (80%) loss=19436.9797 elapsed=151s eta=38s
  [kd_dual_classaware_fair] [epoch 20/100] batch 270/300 (90%) loss=19391.0116 elapsed=169s eta=19s
  [kd_dual_classaware_fair] [epoch 20/100] batch 300/300 (100%) loss=19487.0066 elapsed=188s eta=0s
[kd_dual_classaware_fair] [sampler] sampled: {0: 400, 1: 400, 2: 400} total=1200 spalling_ratio=24.33%
[kd_dual_classaware_fair] [sampler] unique: {0: 400, 1: 400, 2: 400} unique_total=1200 dup_ratio=1.00x
[kd_dual_classaware_fair] [epoch 020/100] remain=80 epochs ep_eta=257.2min (avg 193s/ep)
[kd_dual_classaware_fair] [epoch 020/100] lr=0.000056  dt=197.1s
  train loss=19487.0066  ce=0.1381 dice=0.2444  tversky=0.0000 bd=0.0000  cldice=0.0000 snake=0.0000
  val   loss=0.2643
  IoU   bg=0.9759  crack=0.5609  spalling=0.7809  | mIoU_fg=0.6709  pix_acc=0.9764
  Dice  bg=0.9878  crack=0.7187  spalling=0.8770
  BF1   crack=0.7211  spalling=0.5391  | BF1_fg_mean=0.6301
  [kd_dual_classaware_fair] [best] mIoU_fg=0.6709  saved -> best.pt
[kd_dual_classaware_fair] [curriculum] epoch 21: stage=0 tiers=[0] pool={0: 400, 1: 0, 2: 0}
  [kd_dual_classaware_fair] [epoch 21/100] batch 30/300 (10%) loss=18782.3340 elapsed=20s eta=176s
  [kd_dual_classaware_fair] [epoch 21/100] batch 60/300 (20%) loss=19404.2131 elapsed=38s eta=153s
  [kd_dual_classaware_fair] [epoch 21/100] batch 90/300 (30%) loss=19211.0217 elapsed=57s eta=133s
  [kd_dual_classaware_fair] [epoch 21/100] batch 120/300 (40%) loss=18918.7935 elapsed=76s eta=114s
  [kd_dual_classaware_fair] [epoch 21/100] batch 150/300 (50%) loss=18666.8975 elapsed=94s eta=94s
  [kd_dual_classaware_fair] [epoch 21/100] batch 180/300 (60%) loss=18477.3820 elapsed=113s eta=75s
  [kd_dual_classaware_fair] [epoch 21/100] batch 210/300 (70%) loss=18380.5138 elapsed=132s eta=56s
  [kd_dual_classaware_fair] [epoch 21/100] batch 240/300 (80%) loss=18379.3381 elapsed=150s eta=38s
  [kd_dual_classaware_fair] [epoch 21/100] batch 270/300 (90%) loss=18550.0521 elapsed=169s eta=19s
  [kd_dual_classaware_fair] [epoch 21/100] batch 300/300 (100%) loss=18334.6847 elapsed=188s eta=0s
[kd_dual_classaware_fair] [sampler] sampled: {0: 400, 1: 400, 2: 400} total=1200 spalling_ratio=24.33%
[kd_dual_classaware_fair] [sampler] unique: {0: 400, 1: 400, 2: 400} unique_total=1200 dup_ratio=1.00x
[kd_dual_classaware_fair] [epoch 021/100] remain=79 epochs ep_eta=254.0min (avg 193s/ep)
[kd_dual_classaware_fair] [epoch 021/100] lr=0.000056  dt=188.0s
  train loss=18334.6847  ce=0.1377 dice=0.2326  tversky=0.0000 bd=0.0000  cldice=0.0000 snake=0.0000
  val   skipped (next val at epoch 25)
[kd_dual_classaware_fair] [curriculum] epoch 22: stage=0 tiers=[0] pool={0: 400, 1: 0, 2: 0}
  [kd_dual_classaware_fair] [epoch 22/100] batch 30/300 (10%) loss=17301.5246 elapsed=19s eta=173s
  [kd_dual_classaware_fair] [epoch 22/100] batch 60/300 (20%) loss=17599.9682 elapsed=38s eta=152s
  [kd_dual_classaware_fair] [epoch 22/100] batch 90/300 (30%) loss=17571.4226 elapsed=57s eta=132s
  [kd_dual_classaware_fair] [epoch 22/100] batch 120/300 (40%) loss=17281.1115 elapsed=75s eta=113s
  [kd_dual_classaware_fair] [epoch 22/100] batch 150/300 (50%) loss=17009.2142 elapsed=94s eta=94s
  [kd_dual_classaware_fair] [epoch 22/100] batch 180/300 (60%) loss=16920.0042 elapsed=113s eta=75s
  [kd_dual_classaware_fair] [epoch 22/100] batch 210/300 (70%) loss=16780.0745 elapsed=132s eta=56s
  [kd_dual_classaware_fair] [epoch 22/100] batch 240/300 (80%) loss=16875.4425 elapsed=150s eta=38s
  [kd_dual_classaware_fair] [epoch 22/100] batch 270/300 (90%) loss=16989.4950 elapsed=169s eta=19s
  [kd_dual_classaware_fair] [epoch 22/100] batch 300/300 (100%) loss=17081.3136 elapsed=188s eta=0s
[kd_dual_classaware_fair] [sampler] sampled: {0: 400, 1: 400, 2: 400} total=1200 spalling_ratio=24.33%
[kd_dual_classaware_fair] [sampler] unique: {0: 400, 1: 400, 2: 400} unique_total=1200 dup_ratio=1.00x
[kd_dual_classaware_fair] [epoch 022/100] remain=78 epochs ep_eta=250.6min (avg 193s/ep)
[kd_dual_classaware_fair] [epoch 022/100] lr=0.000055  dt=188.3s
  train loss=17081.3136  ce=0.1287 dice=0.2290  tversky=0.0000 bd=0.0000  cldice=0.0000 snake=0.0000
  val   skipped (next val at epoch 25)
[kd_dual_classaware_fair] [curriculum] epoch 23: stage=0 tiers=[0] pool={0: 400, 1: 0, 2: 0}
  [kd_dual_classaware_fair] [epoch 23/100] batch 30/300 (10%) loss=17062.9739 elapsed=19s eta=175s
  [kd_dual_classaware_fair] [epoch 23/100] batch 60/300 (20%) loss=16400.0997 elapsed=38s eta=153s
  [kd_dual_classaware_fair] [epoch 23/100] batch 90/300 (30%) loss=16743.7194 elapsed=57s eta=133s
  [kd_dual_classaware_fair] [epoch 23/100] batch 120/300 (40%) loss=17301.7041 elapsed=76s eta=113s
  [kd_dual_classaware_fair] [epoch 23/100] batch 150/300 (50%) loss=17221.6063 elapsed=94s eta=94s
  [kd_dual_classaware_fair] [epoch 23/100] batch 180/300 (60%) loss=18180.4234 elapsed=113s eta=75s
  [kd_dual_classaware_fair] [epoch 23/100] batch 210/300 (70%) loss=18393.0580 elapsed=132s eta=56s
  [kd_dual_classaware_fair] [epoch 23/100] batch 240/300 (80%) loss=18198.8131 elapsed=151s eta=38s
  [kd_dual_classaware_fair] [epoch 23/100] batch 270/300 (90%) loss=18057.6688 elapsed=169s eta=19s
  [kd_dual_classaware_fair] [epoch 23/100] batch 300/300 (100%) loss=17925.1512 elapsed=188s eta=0s
[kd_dual_classaware_fair] [sampler] sampled: {0: 400, 1: 400, 2: 400} total=1200 spalling_ratio=24.33%
[kd_dual_classaware_fair] [sampler] unique: {0: 400, 1: 400, 2: 400} unique_total=1200 dup_ratio=1.00x
[kd_dual_classaware_fair] [epoch 023/100] remain=77 epochs ep_eta=247.2min (avg 193s/ep)
[kd_dual_classaware_fair] [epoch 023/100] lr=0.000055  dt=188.2s
  train loss=17925.1512  ce=0.1317 dice=0.2403  tversky=0.0000 bd=0.0000  cldice=0.0000 snake=0.0000
  val   skipped (next val at epoch 25)
[kd_dual_classaware_fair] [curriculum] epoch 24: stage=0 tiers=[0] pool={0: 400, 1: 0, 2: 0}
  [kd_dual_classaware_fair] [epoch 24/100] batch 30/300 (10%) loss=16736.3221 elapsed=19s eta=174s
  [kd_dual_classaware_fair] [epoch 24/100] batch 60/300 (20%) loss=15626.0012 elapsed=38s eta=152s
  [kd_dual_classaware_fair] [epoch 24/100] batch 90/300 (30%) loss=15836.8673 elapsed=57s eta=133s
  [kd_dual_classaware_fair] [epoch 24/100] batch 120/300 (40%) loss=15889.6222 elapsed=76s eta=114s
  [kd_dual_classaware_fair] [epoch 24/100] batch 150/300 (50%) loss=16502.7905 elapsed=94s eta=94s
  [kd_dual_classaware_fair] [epoch 24/100] batch 180/300 (60%) loss=17807.0035 elapsed=113s eta=76s
  [kd_dual_classaware_fair] [epoch 24/100] batch 210/300 (70%) loss=17916.1952 elapsed=132s eta=57s
  [kd_dual_classaware_fair] [epoch 24/100] batch 240/300 (80%) loss=17768.7373 elapsed=151s eta=38s
  [kd_dual_classaware_fair] [epoch 24/100] batch 270/300 (90%) loss=17711.7905 elapsed=170s eta=19s
  [kd_dual_classaware_fair] [epoch 24/100] batch 300/300 (100%) loss=17623.3374 elapsed=188s eta=0s
[kd_dual_classaware_fair] [sampler] sampled: {0: 400, 1: 400, 2: 400} total=1200 spalling_ratio=24.33%
[kd_dual_classaware_fair] [sampler] unique: {0: 400, 1: 400, 2: 400} unique_total=1200 dup_ratio=1.00x
[kd_dual_classaware_fair] [epoch 024/100] remain=76 epochs ep_eta=243.9min (avg 193s/ep)
[kd_dual_classaware_fair] [epoch 024/100] lr=0.000054  dt=188.6s
  train loss=17623.3374  ce=0.1317 dice=0.2335  tversky=0.0000 bd=0.0000  cldice=0.0000 snake=0.0000
  val   skipped (next val at epoch 25)
[kd_dual_classaware_fair] [curriculum] epoch 25: stage=0 tiers=[0] pool={0: 400, 1: 0, 2: 0}
  [kd_dual_classaware_fair] [epoch 25/100] batch 30/300 (10%) loss=17058.6772 elapsed=19s eta=173s
  [kd_dual_classaware_fair] [epoch 25/100] batch 60/300 (20%) loss=16552.3162 elapsed=38s eta=152s
  [kd_dual_classaware_fair] [epoch 25/100] batch 90/300 (30%) loss=15955.5174 elapsed=57s eta=132s
  [kd_dual_classaware_fair] [epoch 25/100] batch 120/300 (40%) loss=16387.3190 elapsed=75s eta=113s
  [kd_dual_classaware_fair] [epoch 25/100] batch 150/300 (50%) loss=16249.7658 elapsed=94s eta=94s
  [kd_dual_classaware_fair] [epoch 25/100] batch 180/300 (60%) loss=16383.7714 elapsed=113s eta=75s
  [kd_dual_classaware_fair] [epoch 25/100] batch 210/300 (70%) loss=16382.2902 elapsed=132s eta=57s
  [kd_dual_classaware_fair] [epoch 25/100] batch 240/300 (80%) loss=16180.1200 elapsed=151s eta=38s
  [kd_dual_classaware_fair] [epoch 25/100] batch 270/300 (90%) loss=16192.2907 elapsed=170s eta=19s
  [kd_dual_classaware_fair] [epoch 25/100] batch 300/300 (100%) loss=16076.8361 elapsed=188s eta=0s
[kd_dual_classaware_fair] [sampler] sampled: {0: 400, 1: 400, 2: 400} total=1200 spalling_ratio=24.33%
[kd_dual_classaware_fair] [sampler] unique: {0: 400, 1: 400, 2: 400} unique_total=1200 dup_ratio=1.00x
[kd_dual_classaware_fair] [epoch 025/100] remain=75 epochs ep_eta=241.0min (avg 193s/ep)
[kd_dual_classaware_fair] [epoch 025/100] lr=0.000054  dt=197.7s
  train loss=16076.8361  ce=0.1246 dice=0.2340  tversky=0.0000 bd=0.0000  cldice=0.0000 snake=0.0000
  val   loss=0.2425
  IoU   bg=0.9756  crack=0.5671  spalling=0.7788  | mIoU_fg=0.6729  pix_acc=0.9761
  Dice  bg=0.9877  crack=0.7238  spalling=0.8756
  BF1   crack=0.7306  spalling=0.5922  | BF1_fg_mean=0.6614
  [kd_dual_classaware_fair] [best] mIoU_fg=0.6729  saved -> best.pt
[kd_dual_classaware_fair] [curriculum] epoch 26: stage=0 tiers=[0] pool={0: 400, 1: 0, 2: 0}
  [kd_dual_classaware_fair] [epoch 26/100] batch 30/300 (10%) loss=15636.6274 elapsed=19s eta=174s
  [kd_dual_classaware_fair] [epoch 26/100] batch 60/300 (20%) loss=16087.0689 elapsed=38s eta=152s
  [kd_dual_classaware_fair] [epoch 26/100] batch 90/300 (30%) loss=15714.7756 elapsed=57s eta=132s
  [kd_dual_classaware_fair] [epoch 26/100] batch 120/300 (40%) loss=15648.3686 elapsed=75s eta=113s
  [kd_dual_classaware_fair] [epoch 26/100] batch 150/300 (50%) loss=15287.2770 elapsed=94s eta=94s
  [kd_dual_classaware_fair] [epoch 26/100] batch 180/300 (60%) loss=15220.7615 elapsed=113s eta=75s
  [kd_dual_classaware_fair] [epoch 26/100] batch 210/300 (70%) loss=15200.8394 elapsed=132s eta=57s
  [kd_dual_classaware_fair] [epoch 26/100] batch 240/300 (80%) loss=15242.6981 elapsed=151s eta=38s
  [kd_dual_classaware_fair] [epoch 26/100] batch 270/300 (90%) loss=15214.1071 elapsed=169s eta=19s
  [kd_dual_classaware_fair] [epoch 26/100] batch 300/300 (100%) loss=15273.7385 elapsed=188s eta=0s
[kd_dual_classaware_fair] [sampler] sampled: {0: 400, 1: 400, 2: 400} total=1200 spalling_ratio=24.33%
[kd_dual_classaware_fair] [sampler] unique: {0: 400, 1: 400, 2: 400} unique_total=1200 dup_ratio=1.00x
[kd_dual_classaware_fair] [epoch 026/100] remain=74 epochs ep_eta=237.8min (avg 193s/ep)
[kd_dual_classaware_fair] [epoch 026/100] lr=0.000053  dt=188.3s
  train loss=15273.7385  ce=0.1214 dice=0.2310  tversky=0.0000 bd=0.0000  cldice=0.0000 snake=0.0000
  val   skipped (next val at epoch 30)
[kd_dual_classaware_fair] [curriculum] epoch 27: stage=0 tiers=[0] pool={0: 400, 1: 0, 2: 0}
  [kd_dual_classaware_fair] [epoch 27/100] batch 30/300 (10%) loss=15254.8717 elapsed=19s eta=174s
  [kd_dual_classaware_fair] [epoch 27/100] batch 60/300 (20%) loss=15460.0361 elapsed=39s eta=154s
  [kd_dual_classaware_fair] [epoch 27/100] batch 90/300 (30%) loss=15240.3283 elapsed=57s eta=134s
  [kd_dual_classaware_fair] [epoch 27/100] batch 120/300 (40%) loss=15359.1130 elapsed=76s eta=114s
  [kd_dual_classaware_fair] [epoch 27/100] batch 150/300 (50%) loss=15407.8035 elapsed=95s eta=95s
  [kd_dual_classaware_fair] [epoch 27/100] batch 180/300 (60%) loss=15195.3721 elapsed=113s eta=76s
  [kd_dual_classaware_fair] [epoch 27/100] batch 210/300 (70%) loss=15019.2936 elapsed=132s eta=57s
  [kd_dual_classaware_fair] [epoch 27/100] batch 240/300 (80%) loss=14912.2775 elapsed=151s eta=38s
  [kd_dual_classaware_fair] [epoch 27/100] batch 270/300 (90%) loss=14809.9787 elapsed=170s eta=19s
  [kd_dual_classaware_fair] [epoch 27/100] batch 300/300 (100%) loss=14896.2141 elapsed=189s eta=0s
[kd_dual_classaware_fair] [sampler] sampled: {0: 400, 1: 400, 2: 400} total=1200 spalling_ratio=24.33%
[kd_dual_classaware_fair] [sampler] unique: {0: 400, 1: 400, 2: 400} unique_total=1200 dup_ratio=1.00x
[kd_dual_classaware_fair] [epoch 027/100] remain=73 epochs ep_eta=234.4min (avg 193s/ep)
[kd_dual_classaware_fair] [epoch 027/100] lr=0.000052  dt=189.1s
  train loss=14896.2141  ce=0.1199 dice=0.2268  tversky=0.0000 bd=0.0000  cldice=0.0000 snake=0.0000
  val   skipped (next val at epoch 30)
[kd_dual_classaware_fair] [curriculum] epoch 28: stage=0 tiers=[0] pool={0: 400, 1: 0, 2: 0}
  [kd_dual_classaware_fair] [epoch 28/100] batch 30/300 (10%) loss=15603.7745 elapsed=20s eta=176s
  [kd_dual_classaware_fair] [epoch 28/100] batch 60/300 (20%) loss=15470.1375 elapsed=39s eta=155s
  [kd_dual_classaware_fair] [epoch 28/100] batch 90/300 (30%) loss=14947.0506 elapsed=58s eta=134s
  [kd_dual_classaware_fair] [epoch 28/100] batch 120/300 (40%) loss=14763.5395 elapsed=76s eta=115s
  [kd_dual_classaware_fair] [epoch 28/100] batch 150/300 (50%) loss=14610.2044 elapsed=95s eta=95s
  [kd_dual_classaware_fair] [epoch 28/100] batch 180/300 (60%) loss=14542.7106 elapsed=114s eta=76s
  [kd_dual_classaware_fair] [epoch 28/100] batch 210/300 (70%) loss=14328.8252 elapsed=133s eta=57s
  [kd_dual_classaware_fair] [epoch 28/100] batch 240/300 (80%) loss=14320.6732 elapsed=151s eta=38s
  [kd_dual_classaware_fair] [epoch 28/100] batch 270/300 (90%) loss=14288.9546 elapsed=170s eta=19s
  [kd_dual_classaware_fair] [epoch 28/100] batch 300/300 (100%) loss=14119.3800 elapsed=189s eta=0s
[kd_dual_classaware_fair] [sampler] sampled: {0: 400, 1: 400, 2: 400} total=1200 spalling_ratio=24.33%
[kd_dual_classaware_fair] [sampler] unique: {0: 400, 1: 400, 2: 400} unique_total=1200 dup_ratio=1.00x
[kd_dual_classaware_fair] [epoch 028/100] remain=72 epochs ep_eta=231.1min (avg 193s/ep)
[kd_dual_classaware_fair] [epoch 028/100] lr=0.000052  dt=188.9s
  train loss=14119.3800  ce=0.1163 dice=0.2177  tversky=0.0000 bd=0.0000  cldice=0.0000 snake=0.0000
  val   skipped (next val at epoch 30)
[kd_dual_classaware_fair] [curriculum] epoch 29: stage=0 tiers=[0] pool={0: 400, 1: 0, 2: 0}
  [kd_dual_classaware_fair] [epoch 29/100] batch 30/300 (10%) loss=14454.6923 elapsed=20s eta=177s
  [kd_dual_classaware_fair] [epoch 29/100] batch 60/300 (20%) loss=14120.3923 elapsed=38s eta=153s
  [kd_dual_classaware_fair] [epoch 29/100] batch 90/300 (30%) loss=14519.0426 elapsed=57s eta=133s
  [kd_dual_classaware_fair] [epoch 29/100] batch 120/300 (40%) loss=14436.0061 elapsed=76s eta=114s
  [kd_dual_classaware_fair] [epoch 29/100] batch 150/300 (50%) loss=14439.6364 elapsed=95s eta=95s
  [kd_dual_classaware_fair] [epoch 29/100] batch 180/300 (60%) loss=14072.1273 elapsed=114s eta=76s
  [kd_dual_classaware_fair] [epoch 29/100] batch 210/300 (70%) loss=13843.9012 elapsed=132s eta=57s
  [kd_dual_classaware_fair] [epoch 29/100] batch 240/300 (80%) loss=13828.6066 elapsed=151s eta=38s
  [kd_dual_classaware_fair] [epoch 29/100] batch 270/300 (90%) loss=13723.6481 elapsed=170s eta=19s
  [kd_dual_classaware_fair] [epoch 29/100] batch 300/300 (100%) loss=13711.8151 elapsed=189s eta=0s
[kd_dual_classaware_fair] [sampler] sampled: {0: 400, 1: 400, 2: 400} total=1200 spalling_ratio=24.33%
[kd_dual_classaware_fair] [sampler] unique: {0: 400, 1: 400, 2: 400} unique_total=1200 dup_ratio=1.00x
[kd_dual_classaware_fair] [epoch 029/100] remain=71 epochs ep_eta=227.8min (avg 193s/ep)
[kd_dual_classaware_fair] [epoch 029/100] lr=0.000051  dt=188.8s
  train loss=13711.8151  ce=0.1141 dice=0.2225  tversky=0.0000 bd=0.0000  cldice=0.0000 snake=0.0000
  val   skipped (next val at epoch 30)
[kd_dual_classaware_fair] [curriculum] epoch 30: stage=1 tiers=[0, 1] pool={0: 400, 1: 400, 2: 0}
  [kd_dual_classaware_fair] [epoch 30/100] batch 30/300 (10%) loss=12559.6370 elapsed=19s eta=175s
  [kd_dual_classaware_fair] [epoch 30/100] batch 60/300 (20%) loss=12832.3236 elapsed=38s eta=153s
  [kd_dual_classaware_fair] [epoch 30/100] batch 90/300 (30%) loss=13312.7302 elapsed=57s eta=133s
  [kd_dual_classaware_fair] [epoch 30/100] batch 120/300 (40%) loss=13154.0819 elapsed=76s eta=114s
  [kd_dual_classaware_fair] [epoch 30/100] batch 150/300 (50%) loss=13069.0428 elapsed=95s eta=95s
  [kd_dual_classaware_fair] [epoch 30/100] batch 180/300 (60%) loss=13073.9567 elapsed=113s eta=75s
  [kd_dual_classaware_fair] [epoch 30/100] batch 210/300 (70%) loss=13075.8047 elapsed=132s eta=57s
  [kd_dual_classaware_fair] [epoch 30/100] batch 240/300 (80%) loss=13024.0822 elapsed=151s eta=38s
  [kd_dual_classaware_fair] [epoch 30/100] batch 270/300 (90%) loss=13157.0125 elapsed=169s eta=19s
  [kd_dual_classaware_fair] [epoch 30/100] batch 300/300 (100%) loss=13147.5976 elapsed=188s eta=0s
[kd_dual_classaware_fair] [sampler] sampled: {0: 400, 1: 400, 2: 400} total=1200 spalling_ratio=24.33%
[kd_dual_classaware_fair] [sampler] unique: {0: 400, 1: 400, 2: 400} unique_total=1200 dup_ratio=1.00x
[kd_dual_classaware_fair] [epoch 030/100] remain=70 epochs ep_eta=224.9min (avg 193s/ep)
[kd_dual_classaware_fair] [epoch 030/100] lr=0.000050  dt=197.5s
  train loss=13147.5976  ce=0.1126 dice=0.2146  tversky=0.0000 bd=0.0000  cldice=0.0000 snake=0.0000
  val   loss=0.2574
  IoU   bg=0.9764  crack=0.5713  spalling=0.7495  | mIoU_fg=0.6604  pix_acc=0.9768
  Dice  bg=0.9881  crack=0.7271  spalling=0.8568
  BF1   crack=0.7422  spalling=0.6125  | BF1_fg_mean=0.6773
[kd_dual_classaware_fair] [curriculum] epoch 31: stage=1 tiers=[0, 1] pool={0: 400, 1: 400, 2: 0}
  [kd_dual_classaware_fair] [epoch 31/100] batch 30/300 (10%) loss=13105.1525 elapsed=19s eta=174s
  [kd_dual_classaware_fair] [epoch 31/100] batch 60/300 (20%) loss=13158.2446 elapsed=38s eta=153s
  [kd_dual_classaware_fair] [epoch 31/100] batch 90/300 (30%) loss=13438.8545 elapsed=57s eta=133s
  [kd_dual_classaware_fair] [epoch 31/100] batch 120/300 (40%) loss=13239.7629 elapsed=76s eta=113s
  [kd_dual_classaware_fair] [epoch 31/100] batch 150/300 (50%) loss=13400.2388 elapsed=94s eta=94s
  [kd_dual_classaware_fair] [epoch 31/100] batch 180/300 (60%) loss=13236.8863 elapsed=113s eta=75s
  [kd_dual_classaware_fair] [epoch 31/100] batch 210/300 (70%) loss=13142.4914 elapsed=132s eta=56s
  [kd_dual_classaware_fair] [epoch 31/100] batch 240/300 (80%) loss=13113.4282 elapsed=151s eta=38s
  [kd_dual_classaware_fair] [epoch 31/100] batch 270/300 (90%) loss=13087.7240 elapsed=170s eta=19s
  [kd_dual_classaware_fair] [epoch 31/100] batch 300/300 (100%) loss=13068.0675 elapsed=189s eta=0s
[kd_dual_classaware_fair] [sampler] sampled: {0: 400, 1: 400, 2: 400} total=1200 spalling_ratio=24.33%
[kd_dual_classaware_fair] [sampler] unique: {0: 400, 1: 400, 2: 400} unique_total=1200 dup_ratio=1.00x
[kd_dual_classaware_fair] [epoch 031/100] remain=69 epochs ep_eta=221.6min (avg 193s/ep)
[kd_dual_classaware_fair] [epoch 031/100] lr=0.000050  dt=188.8s
  train loss=13068.0675  ce=0.1114 dice=0.2144  tversky=0.0000 bd=0.0000  cldice=0.0000 snake=0.0000
  val   skipped (next val at epoch 35)
[kd_dual_classaware_fair] [curriculum] epoch 32: stage=1 tiers=[0, 1] pool={0: 400, 1: 400, 2: 0}
  [kd_dual_classaware_fair] [epoch 32/100] batch 30/300 (10%) loss=13447.6532 elapsed=20s eta=176s
  [kd_dual_classaware_fair] [epoch 32/100] batch 60/300 (20%) loss=13266.9212 elapsed=38s eta=154s
  [kd_dual_classaware_fair] [epoch 32/100] batch 90/300 (30%) loss=13020.9567 elapsed=57s eta=134s
  [kd_dual_classaware_fair] [epoch 32/100] batch 120/300 (40%) loss=12930.5425 elapsed=76s eta=114s
  [kd_dual_classaware_fair] [epoch 32/100] batch 150/300 (50%) loss=12901.0981 elapsed=95s eta=95s
  [kd_dual_classaware_fair] [epoch 32/100] batch 180/300 (60%) loss=12854.3930 elapsed=114s eta=76s
  [kd_dual_classaware_fair] [epoch 32/100] batch 210/300 (70%) loss=12666.8395 elapsed=132s eta=57s
  [kd_dual_classaware_fair] [epoch 32/100] batch 240/300 (80%) loss=12602.3380 elapsed=151s eta=38s
  [kd_dual_classaware_fair] [epoch 32/100] batch 270/300 (90%) loss=12609.8385 elapsed=170s eta=19s
  [kd_dual_classaware_fair] [epoch 32/100] batch 300/300 (100%) loss=12545.6763 elapsed=189s eta=0s
[kd_dual_classaware_fair] [sampler] sampled: {0: 400, 1: 400, 2: 400} total=1200 spalling_ratio=24.33%
[kd_dual_classaware_fair] [sampler] unique: {0: 400, 1: 400, 2: 400} unique_total=1200 dup_ratio=1.00x
[kd_dual_classaware_fair] [epoch 032/100] remain=68 epochs ep_eta=218.3min (avg 193s/ep)
[kd_dual_classaware_fair] [epoch 032/100] lr=0.000049  dt=189.1s
  train loss=12545.6763  ce=0.1094 dice=0.2069  tversky=0.0000 bd=0.0000  cldice=0.0000 snake=0.0000
  val   skipped (next val at epoch 35)
[kd_dual_classaware_fair] [curriculum] epoch 33: stage=1 tiers=[0, 1] pool={0: 400, 1: 400, 2: 0}
  [kd_dual_classaware_fair] [epoch 33/100] batch 30/300 (10%) loss=12698.6495 elapsed=20s eta=176s
  [kd_dual_classaware_fair] [epoch 33/100] batch 60/300 (20%) loss=13491.4133 elapsed=38s eta=153s
  [kd_dual_classaware_fair] [epoch 33/100] batch 90/300 (30%) loss=13262.6891 elapsed=57s eta=133s
  [kd_dual_classaware_fair] [epoch 33/100] batch 120/300 (40%) loss=13450.9780 elapsed=76s eta=114s
  [kd_dual_classaware_fair] [epoch 33/100] batch 150/300 (50%) loss=13541.7352 elapsed=95s eta=95s
  [kd_dual_classaware_fair] [epoch 33/100] batch 180/300 (60%) loss=13346.1358 elapsed=114s eta=76s
  [kd_dual_classaware_fair] [epoch 33/100] batch 210/300 (70%) loss=13502.6437 elapsed=132s eta=57s
  [kd_dual_classaware_fair] [epoch 33/100] batch 240/300 (80%) loss=13457.9243 elapsed=151s eta=38s
  [kd_dual_classaware_fair] [epoch 33/100] batch 270/300 (90%) loss=13203.6747 elapsed=170s eta=19s
  [kd_dual_classaware_fair] [epoch 33/100] batch 300/300 (100%) loss=13094.4761 elapsed=188s eta=0s
[kd_dual_classaware_fair] [sampler] sampled: {0: 400, 1: 400, 2: 400} total=1200 spalling_ratio=24.33%
[kd_dual_classaware_fair] [sampler] unique: {0: 400, 1: 400, 2: 400} unique_total=1200 dup_ratio=1.00x
[kd_dual_classaware_fair] [epoch 033/100] remain=67 epochs ep_eta=215.0min (avg 193s/ep)
[kd_dual_classaware_fair] [epoch 033/100] lr=0.000048  dt=188.6s
  train loss=13094.4761  ce=0.1116 dice=0.2160  tversky=0.0000 bd=0.0000  cldice=0.0000 snake=0.0000
  val   skipped (next val at epoch 35)
[kd_dual_classaware_fair] [curriculum] epoch 34: stage=1 tiers=[0, 1] pool={0: 400, 1: 400, 2: 0}
  [kd_dual_classaware_fair] [epoch 34/100] batch 30/300 (10%) loss=12711.8316 elapsed=19s eta=175s
  [kd_dual_classaware_fair] [epoch 34/100] batch 60/300 (20%) loss=12314.4688 elapsed=38s eta=151s
  [kd_dual_classaware_fair] [epoch 34/100] batch 90/300 (30%) loss=12331.4316 elapsed=57s eta=132s
  [kd_dual_classaware_fair] [epoch 34/100] batch 120/300 (40%) loss=12636.2159 elapsed=75s eta=113s
  [kd_dual_classaware_fair] [epoch 34/100] batch 150/300 (50%) loss=12440.5307 elapsed=94s eta=94s
  [kd_dual_classaware_fair] [epoch 34/100] batch 180/300 (60%) loss=12377.8056 elapsed=112s eta=75s
  [kd_dual_classaware_fair] [epoch 34/100] batch 210/300 (70%) loss=12424.7608 elapsed=131s eta=56s
  [kd_dual_classaware_fair] [epoch 34/100] batch 240/300 (80%) loss=12370.7326 elapsed=150s eta=38s
  [kd_dual_classaware_fair] [epoch 34/100] batch 270/300 (90%) loss=12251.3212 elapsed=169s eta=19s
  [kd_dual_classaware_fair] [epoch 34/100] batch 300/300 (100%) loss=12180.3973 elapsed=188s eta=0s
[kd_dual_classaware_fair] [sampler] sampled: {0: 400, 1: 400, 2: 400} total=1200 spalling_ratio=24.33%
[kd_dual_classaware_fair] [sampler] unique: {0: 400, 1: 400, 2: 400} unique_total=1200 dup_ratio=1.00x
[kd_dual_classaware_fair] [epoch 034/100] remain=66 epochs ep_eta=211.7min (avg 192s/ep)
[kd_dual_classaware_fair] [epoch 034/100] lr=0.000047  dt=188.1s
  train loss=12180.3973  ce=0.1070 dice=0.2077  tversky=0.0000 bd=0.0000  cldice=0.0000 snake=0.0000
  val   skipped (next val at epoch 35)
[kd_dual_classaware_fair] [curriculum] epoch 35: stage=1 tiers=[0, 1] pool={0: 400, 1: 400, 2: 0}
  [kd_dual_classaware_fair] [epoch 35/100] batch 30/300 (10%) loss=11616.5080 elapsed=19s eta=174s
  [kd_dual_classaware_fair] [epoch 35/100] batch 60/300 (20%) loss=11442.6631 elapsed=39s eta=154s
  [kd_dual_classaware_fair] [epoch 35/100] batch 90/300 (30%) loss=11703.5450 elapsed=57s eta=134s
  [kd_dual_classaware_fair] [epoch 35/100] batch 120/300 (40%) loss=11609.1943 elapsed=76s eta=114s
  [kd_dual_classaware_fair] [epoch 35/100] batch 150/300 (50%) loss=11724.1930 elapsed=95s eta=95s
  [kd_dual_classaware_fair] [epoch 35/100] batch 180/300 (60%) loss=11616.0678 elapsed=114s eta=76s
  [kd_dual_classaware_fair] [epoch 35/100] batch 210/300 (70%) loss=11542.5600 elapsed=132s eta=57s
  [kd_dual_classaware_fair] [epoch 35/100] batch 240/300 (80%) loss=11511.9993 elapsed=151s eta=38s
  [kd_dual_classaware_fair] [epoch 35/100] batch 270/300 (90%) loss=11587.4266 elapsed=170s eta=19s
  [kd_dual_classaware_fair] [epoch 35/100] batch 300/300 (100%) loss=11540.1124 elapsed=189s eta=0s
[kd_dual_classaware_fair] [sampler] sampled: {0: 400, 1: 400, 2: 400} total=1200 spalling_ratio=24.33%
[kd_dual_classaware_fair] [sampler] unique: {0: 400, 1: 400, 2: 400} unique_total=1200 dup_ratio=1.00x
[kd_dual_classaware_fair] [epoch 035/100] remain=65 epochs ep_eta=208.7min (avg 193s/ep)
[kd_dual_classaware_fair] [epoch 035/100] lr=0.000046  dt=198.4s
  train loss=11540.1124  ce=0.1044 dice=0.2009  tversky=0.0000 bd=0.0000  cldice=0.0000 snake=0.0000
  val   loss=0.2393
  IoU   bg=0.9763  crack=0.5724  spalling=0.7970  | mIoU_fg=0.6847  pix_acc=0.9768
  Dice  bg=0.9880  crack=0.7281  spalling=0.8870
  BF1   crack=0.7358  spalling=0.6241  | BF1_fg_mean=0.6800
  [kd_dual_classaware_fair] [best] mIoU_fg=0.6847  saved -> best.pt
[kd_dual_classaware_fair] [curriculum] epoch 36: stage=1 tiers=[0, 1] pool={0: 400, 1: 400, 2: 0}
  [kd_dual_classaware_fair] [epoch 36/100] batch 30/300 (10%) loss=11141.2103 elapsed=19s eta=174s
  [kd_dual_classaware_fair] [epoch 36/100] batch 60/300 (20%) loss=11512.6701 elapsed=38s eta=152s
  [kd_dual_classaware_fair] [epoch 36/100] batch 90/300 (30%) loss=11459.0036 elapsed=57s eta=133s
  [kd_dual_classaware_fair] [epoch 36/100] batch 120/300 (40%) loss=11496.6515 elapsed=76s eta=113s
  [kd_dual_classaware_fair] [epoch 36/100] batch 150/300 (50%) loss=11487.9889 elapsed=94s eta=94s
  [kd_dual_classaware_fair] [epoch 36/100] batch 180/300 (60%) loss=11487.8306 elapsed=113s eta=75s
  [kd_dual_classaware_fair] [epoch 36/100] batch 210/300 (70%) loss=11481.3499 elapsed=132s eta=57s
  [kd_dual_classaware_fair] [epoch 36/100] batch 240/300 (80%) loss=11427.5836 elapsed=151s eta=38s
  [kd_dual_classaware_fair] [epoch 36/100] batch 270/300 (90%) loss=11315.2309 elapsed=169s eta=19s
  [kd_dual_classaware_fair] [epoch 36/100] batch 300/300 (100%) loss=11330.7718 elapsed=188s eta=0s
[kd_dual_classaware_fair] [sampler] sampled: {0: 400, 1: 400, 2: 400} total=1200 spalling_ratio=24.33%
[kd_dual_classaware_fair] [sampler] unique: {0: 400, 1: 400, 2: 400} unique_total=1200 dup_ratio=1.00x
[kd_dual_classaware_fair] [epoch 036/100] remain=64 epochs ep_eta=205.5min (avg 193s/ep)
[kd_dual_classaware_fair] [epoch 036/100] lr=0.000046  dt=188.3s
  train loss=11330.7718  ce=0.1038 dice=0.1988  tversky=0.0000 bd=0.0000  cldice=0.0000 snake=0.0000
  val   skipped (next val at epoch 40)
[kd_dual_classaware_fair] [curriculum] epoch 37: stage=1 tiers=[0, 1] pool={0: 400, 1: 400, 2: 0}
  [kd_dual_classaware_fair] [epoch 37/100] batch 30/300 (10%) loss=13039.2112 elapsed=20s eta=178s
  [kd_dual_classaware_fair] [epoch 37/100] batch 60/300 (20%) loss=12009.9313 elapsed=39s eta=154s
  [kd_dual_classaware_fair] [epoch 37/100] batch 90/300 (30%) loss=11466.5766 elapsed=57s eta=133s
  [kd_dual_classaware_fair] [epoch 37/100] batch 120/300 (40%) loss=11332.4658 elapsed=76s eta=114s
  [kd_dual_classaware_fair] [epoch 37/100] batch 150/300 (50%) loss=11250.3941 elapsed=95s eta=95s
  [kd_dual_classaware_fair] [epoch 37/100] batch 180/300 (60%) loss=11364.1031 elapsed=113s eta=75s
  [kd_dual_classaware_fair] [epoch 37/100] batch 210/300 (70%) loss=11290.0020 elapsed=132s eta=57s
  [kd_dual_classaware_fair] [epoch 37/100] batch 240/300 (80%) loss=11317.0894 elapsed=151s eta=38s
  [kd_dual_classaware_fair] [epoch 37/100] batch 270/300 (90%) loss=11263.3984 elapsed=169s eta=19s
  [kd_dual_classaware_fair] [epoch 37/100] batch 300/300 (100%) loss=11295.2148 elapsed=188s eta=0s
[kd_dual_classaware_fair] [sampler] sampled: {0: 400, 1: 400, 2: 400} total=1200 spalling_ratio=24.33%
[kd_dual_classaware_fair] [sampler] unique: {0: 400, 1: 400, 2: 400} unique_total=1200 dup_ratio=1.00x
[kd_dual_classaware_fair] [epoch 037/100] remain=63 epochs ep_eta=202.2min (avg 193s/ep)
[kd_dual_classaware_fair] [epoch 037/100] lr=0.000045  dt=188.3s
  train loss=11295.2148  ce=0.1036 dice=0.2016  tversky=0.0000 bd=0.0000  cldice=0.0000 snake=0.0000
  val   skipped (next val at epoch 40)
[kd_dual_classaware_fair] [curriculum] epoch 38: stage=1 tiers=[0, 1] pool={0: 400, 1: 400, 2: 0}
  [kd_dual_classaware_fair] [epoch 38/100] batch 30/300 (10%) loss=11487.4718 elapsed=20s eta=176s
  [kd_dual_classaware_fair] [epoch 38/100] batch 60/300 (20%) loss=11751.8423 elapsed=39s eta=155s
  [kd_dual_classaware_fair] [epoch 38/100] batch 90/300 (30%) loss=11441.1585 elapsed=58s eta=134s
  [kd_dual_classaware_fair] [epoch 38/100] batch 120/300 (40%) loss=11213.7962 elapsed=76s eta=114s
  [kd_dual_classaware_fair] [epoch 38/100] batch 150/300 (50%) loss=10842.3485 elapsed=95s eta=95s
  [kd_dual_classaware_fair] [epoch 38/100] batch 180/300 (60%) loss=10744.5761 elapsed=113s eta=76s
  [kd_dual_classaware_fair] [epoch 38/100] batch 210/300 (70%) loss=10600.4467 elapsed=132s eta=57s
  [kd_dual_classaware_fair] [epoch 38/100] batch 240/300 (80%) loss=10597.9463 elapsed=151s eta=38s
  [kd_dual_classaware_fair] [epoch 38/100] batch 270/300 (90%) loss=10594.6177 elapsed=170s eta=19s
  [kd_dual_classaware_fair] [epoch 38/100] batch 300/300 (100%) loss=10673.0136 elapsed=189s eta=0s
[kd_dual_classaware_fair] [sampler] sampled: {0: 400, 1: 400, 2: 400} total=1200 spalling_ratio=24.33%
[kd_dual_classaware_fair] [sampler] unique: {0: 400, 1: 400, 2: 400} unique_total=1200 dup_ratio=1.00x
[kd_dual_classaware_fair] [epoch 038/100] remain=62 epochs ep_eta=199.0min (avg 193s/ep)
[kd_dual_classaware_fair] [epoch 038/100] lr=0.000044  dt=188.8s
  train loss=10673.0136  ce=0.1012 dice=0.2026  tversky=0.0000 bd=0.0000  cldice=0.0000 snake=0.0000
  val   skipped (next val at epoch 40)
[kd_dual_classaware_fair] [curriculum] epoch 39: stage=1 tiers=[0, 1] pool={0: 400, 1: 400, 2: 0}
  [kd_dual_classaware_fair] [epoch 39/100] batch 30/300 (10%) loss=11970.5777 elapsed=19s eta=174s
  [kd_dual_classaware_fair] [epoch 39/100] batch 60/300 (20%) loss=11524.1259 elapsed=38s eta=153s
  [kd_dual_classaware_fair] [epoch 39/100] batch 90/300 (30%) loss=11363.9598 elapsed=57s eta=133s
  [kd_dual_classaware_fair] [epoch 39/100] batch 120/300 (40%) loss=11174.9244 elapsed=76s eta=114s
  [kd_dual_classaware_fair] [epoch 39/100] batch 150/300 (50%) loss=11078.3523 elapsed=95s eta=95s
  [kd_dual_classaware_fair] [epoch 39/100] batch 180/300 (60%) loss=10890.4075 elapsed=113s eta=76s
  [kd_dual_classaware_fair] [epoch 39/100] batch 210/300 (70%) loss=10892.3560 elapsed=132s eta=57s
  [kd_dual_classaware_fair] [epoch 39/100] batch 240/300 (80%) loss=10767.3257 elapsed=151s eta=38s
  [kd_dual_classaware_fair] [epoch 39/100] batch 270/300 (90%) loss=10709.7422 elapsed=169s eta=19s
  [kd_dual_classaware_fair] [epoch 39/100] batch 300/300 (100%) loss=10875.3170 elapsed=188s eta=0s
[kd_dual_classaware_fair] [sampler] sampled: {0: 400, 1: 400, 2: 400} total=1200 spalling_ratio=24.33%
[kd_dual_classaware_fair] [sampler] unique: {0: 400, 1: 400, 2: 400} unique_total=1200 dup_ratio=1.00x
[kd_dual_classaware_fair] [epoch 039/100] remain=61 epochs ep_eta=195.7min (avg 192s/ep)
[kd_dual_classaware_fair] [epoch 039/100] lr=0.000043  dt=188.0s
  train loss=10875.3170  ce=0.1016 dice=0.1966  tversky=0.0000 bd=0.0000  cldice=0.0000 snake=0.0000
  val   skipped (next val at epoch 40)
[kd_dual_classaware_fair] [curriculum] epoch 40: stage=1 tiers=[0, 1] pool={0: 400, 1: 400, 2: 0}
  [kd_dual_classaware_fair] [epoch 40/100] batch 30/300 (10%) loss=14271.6551 elapsed=19s eta=173s
  [kd_dual_classaware_fair] [epoch 40/100] batch 60/300 (20%) loss=13416.5277 elapsed=38s eta=151s
  [kd_dual_classaware_fair] [epoch 40/100] batch 90/300 (30%) loss=12819.2724 elapsed=56s eta=132s
  [kd_dual_classaware_fair] [epoch 40/100] batch 120/300 (40%) loss=12355.0182 elapsed=75s eta=112s
  [kd_dual_classaware_fair] [epoch 40/100] batch 150/300 (50%) loss=11978.5452 elapsed=93s eta=93s
  [kd_dual_classaware_fair] [epoch 40/100] batch 180/300 (60%) loss=11847.3522 elapsed=112s eta=75s
  [kd_dual_classaware_fair] [epoch 40/100] batch 210/300 (70%) loss=11783.7437 elapsed=131s eta=56s
  [kd_dual_classaware_fair] [epoch 40/100] batch 240/300 (80%) loss=11733.2860 elapsed=150s eta=37s
  [kd_dual_classaware_fair] [epoch 40/100] batch 270/300 (90%) loss=11647.2096 elapsed=168s eta=19s
  [kd_dual_classaware_fair] [epoch 40/100] batch 300/300 (100%) loss=11537.1059 elapsed=187s eta=0s
[kd_dual_classaware_fair] [sampler] sampled: {0: 400, 1: 400, 2: 400} total=1200 spalling_ratio=24.33%
[kd_dual_classaware_fair] [sampler] unique: {0: 400, 1: 400, 2: 400} unique_total=1200 dup_ratio=1.00x
[kd_dual_classaware_fair] [epoch 040/100] remain=60 epochs ep_eta=192.6min (avg 193s/ep)
[kd_dual_classaware_fair] [epoch 040/100] lr=0.000042  dt=196.5s
  train loss=11537.1059  ce=0.1032 dice=0.2025  tversky=0.0000 bd=0.0000  cldice=0.0000 snake=0.0000
  val   loss=0.2409
  IoU   bg=0.9765  crack=0.5760  spalling=0.7780  | mIoU_fg=0.6770  pix_acc=0.9769
  Dice  bg=0.9881  crack=0.7310  spalling=0.8751
  BF1   crack=0.7427  spalling=0.6519  | BF1_fg_mean=0.6973
[kd_dual_classaware_fair] [curriculum] epoch 41: stage=1 tiers=[0, 1] pool={0: 400, 1: 400, 2: 0}
  [kd_dual_classaware_fair] [epoch 41/100] batch 30/300 (10%) loss=10147.3518 elapsed=20s eta=176s
  [kd_dual_classaware_fair] [epoch 41/100] batch 60/300 (20%) loss=10619.9735 elapsed=38s eta=153s
  [kd_dual_classaware_fair] [epoch 41/100] batch 90/300 (30%) loss=10377.4699 elapsed=57s eta=133s
  [kd_dual_classaware_fair] [epoch 41/100] batch 120/300 (40%) loss=10443.7105 elapsed=76s eta=114s
  [kd_dual_classaware_fair] [epoch 41/100] batch 150/300 (50%) loss=10433.6337 elapsed=95s eta=95s
  [kd_dual_classaware_fair] [epoch 41/100] batch 180/300 (60%) loss=10362.4955 elapsed=113s eta=76s
  [kd_dual_classaware_fair] [epoch 41/100] batch 210/300 (70%) loss=10307.0342 elapsed=132s eta=57s
  [kd_dual_classaware_fair] [epoch 41/100] batch 240/300 (80%) loss=10380.2637 elapsed=151s eta=38s
  [kd_dual_classaware_fair] [epoch 41/100] batch 270/300 (90%) loss=10353.6321 elapsed=169s eta=19s
  [kd_dual_classaware_fair] [epoch 41/100] batch 300/300 (100%) loss=10272.5411 elapsed=188s eta=0s
[kd_dual_classaware_fair] [sampler] sampled: {0: 400, 1: 400, 2: 400} total=1200 spalling_ratio=24.33%
[kd_dual_classaware_fair] [sampler] unique: {0: 400, 1: 400, 2: 400} unique_total=1200 dup_ratio=1.00x
[kd_dual_classaware_fair] [epoch 041/100] remain=59 epochs ep_eta=189.4min (avg 193s/ep)
[kd_dual_classaware_fair] [epoch 041/100] lr=0.000041  dt=188.4s
  train loss=10272.5411  ce=0.0990 dice=0.1987  tversky=0.0000 bd=0.0000  cldice=0.0000 snake=0.0000
  val   skipped (next val at epoch 45)
[kd_dual_classaware_fair] [curriculum] epoch 42: stage=1 tiers=[0, 1] pool={0: 400, 1: 400, 2: 0}
  [kd_dual_classaware_fair] [epoch 42/100] batch 30/300 (10%) loss=9631.5574 elapsed=20s eta=176s
  [kd_dual_classaware_fair] [epoch 42/100] batch 60/300 (20%) loss=9676.8967 elapsed=38s eta=153s
  [kd_dual_classaware_fair] [epoch 42/100] batch 90/300 (30%) loss=9697.6011 elapsed=57s eta=132s
  [kd_dual_classaware_fair] [epoch 42/100] batch 120/300 (40%) loss=9719.1646 elapsed=76s eta=113s
  [kd_dual_classaware_fair] [epoch 42/100] batch 150/300 (50%) loss=9931.6860 elapsed=95s eta=95s
  [kd_dual_classaware_fair] [epoch 42/100] batch 180/300 (60%) loss=10208.8013 elapsed=114s eta=76s
  [kd_dual_classaware_fair] [epoch 42/100] batch 210/300 (70%) loss=10397.2978 elapsed=132s eta=57s
  [kd_dual_classaware_fair] [epoch 42/100] batch 240/300 (80%) loss=10549.0137 elapsed=151s eta=38s
  [kd_dual_classaware_fair] [epoch 42/100] batch 270/300 (90%) loss=10558.3036 elapsed=170s eta=19s
  [kd_dual_classaware_fair] [epoch 42/100] batch 300/300 (100%) loss=10532.8600 elapsed=189s eta=0s
[kd_dual_classaware_fair] [sampler] sampled: {0: 400, 1: 400, 2: 400} total=1200 spalling_ratio=24.33%
[kd_dual_classaware_fair] [sampler] unique: {0: 400, 1: 400, 2: 400} unique_total=1200 dup_ratio=1.00x
[kd_dual_classaware_fair] [epoch 042/100] remain=58 epochs ep_eta=186.1min (avg 193s/ep)
[kd_dual_classaware_fair] [epoch 042/100] lr=0.000040  dt=189.0s
  train loss=10532.8600  ce=0.1000 dice=0.1978  tversky=0.0000 bd=0.0000  cldice=0.0000 snake=0.0000
  val   skipped (next val at epoch 45)
[kd_dual_classaware_fair] [curriculum] epoch 43: stage=1 tiers=[0, 1] pool={0: 400, 1: 400, 2: 0}
  [kd_dual_classaware_fair] [epoch 43/100] batch 30/300 (10%) loss=9896.3730 elapsed=19s eta=174s
  [kd_dual_classaware_fair] [epoch 43/100] batch 60/300 (20%) loss=10050.2767 elapsed=38s eta=153s
  [kd_dual_classaware_fair] [epoch 43/100] batch 90/300 (30%) loss=10260.1224 elapsed=57s eta=133s
  [kd_dual_classaware_fair] [epoch 43/100] batch 120/300 (40%) loss=10412.1093 elapsed=76s eta=114s
  [kd_dual_classaware_fair] [epoch 43/100] batch 150/300 (50%) loss=10346.6962 elapsed=95s eta=95s
  [kd_dual_classaware_fair] [epoch 43/100] batch 180/300 (60%) loss=10355.2769 elapsed=113s eta=76s
  [kd_dual_classaware_fair] [epoch 43/100] batch 210/300 (70%) loss=10347.9953 elapsed=132s eta=57s
  [kd_dual_classaware_fair] [epoch 43/100] batch 240/300 (80%) loss=10228.2508 elapsed=151s eta=38s
  [kd_dual_classaware_fair] [epoch 43/100] batch 270/300 (90%) loss=10182.0409 elapsed=170s eta=19s
  [kd_dual_classaware_fair] [epoch 43/100] batch 300/300 (100%) loss=10066.5101 elapsed=188s eta=0s
[kd_dual_classaware_fair] [sampler] sampled: {0: 400, 1: 400, 2: 400} total=1200 spalling_ratio=24.33%
[kd_dual_classaware_fair] [sampler] unique: {0: 400, 1: 400, 2: 400} unique_total=1200 dup_ratio=1.00x
[kd_dual_classaware_fair] [epoch 043/100] remain=57 epochs ep_eta=182.8min (avg 192s/ep)
[kd_dual_classaware_fair] [epoch 043/100] lr=0.000039  dt=188.7s
  train loss=10066.5101  ce=0.0983 dice=0.1932  tversky=0.0000 bd=0.0000  cldice=0.0000 snake=0.0000
  val   skipped (next val at epoch 45)
[kd_dual_classaware_fair] [curriculum] epoch 44: stage=1 tiers=[0, 1] pool={0: 400, 1: 400, 2: 0}
  [kd_dual_classaware_fair] [epoch 44/100] batch 30/300 (10%) loss=9380.7418 elapsed=20s eta=176s
  [kd_dual_classaware_fair] [epoch 44/100] batch 60/300 (20%) loss=9825.1633 elapsed=38s eta=154s
  [kd_dual_classaware_fair] [epoch 44/100] batch 90/300 (30%) loss=9880.6183 elapsed=57s eta=134s
  [kd_dual_classaware_fair] [epoch 44/100] batch 120/300 (40%) loss=9753.4281 elapsed=76s eta=114s
  [kd_dual_classaware_fair] [epoch 44/100] batch 150/300 (50%) loss=9624.4520 elapsed=95s eta=95s
  [kd_dual_classaware_fair] [epoch 44/100] batch 180/300 (60%) loss=9633.8214 elapsed=114s eta=76s
  [kd_dual_classaware_fair] [epoch 44/100] batch 210/300 (70%) loss=10728.6739 elapsed=132s eta=57s
  [kd_dual_classaware_fair] [epoch 44/100] batch 240/300 (80%) loss=10780.2665 elapsed=151s eta=38s
  [kd_dual_classaware_fair] [epoch 44/100] batch 270/300 (90%) loss=10815.6650 elapsed=170s eta=19s
  [kd_dual_classaware_fair] [epoch 44/100] batch 300/300 (100%) loss=10743.0267 elapsed=189s eta=0s
[kd_dual_classaware_fair] [sampler] sampled: {0: 400, 1: 400, 2: 400} total=1200 spalling_ratio=24.33%
[kd_dual_classaware_fair] [sampler] unique: {0: 400, 1: 400, 2: 400} unique_total=1200 dup_ratio=1.00x
[kd_dual_classaware_fair] [epoch 044/100] remain=56 epochs ep_eta=179.6min (avg 192s/ep)
[kd_dual_classaware_fair] [epoch 044/100] lr=0.000038  dt=189.1s
  train loss=10743.0267  ce=0.1059 dice=0.1977  tversky=0.0000 bd=0.0000  cldice=0.0000 snake=0.0000
  val   skipped (next val at epoch 45)
[kd_dual_classaware_fair] [curriculum] epoch 45: stage=1 tiers=[0, 1] pool={0: 400, 1: 400, 2: 0}
  [kd_dual_classaware_fair] [epoch 45/100] batch 30/300 (10%) loss=10067.3347 elapsed=20s eta=177s
  [kd_dual_classaware_fair] [epoch 45/100] batch 60/300 (20%) loss=10276.1754 elapsed=39s eta=154s
  [kd_dual_classaware_fair] [epoch 45/100] batch 90/300 (30%) loss=9889.9209 elapsed=57s eta=134s
  [kd_dual_classaware_fair] [epoch 45/100] batch 120/300 (40%) loss=9875.6654 elapsed=76s eta=114s
  [kd_dual_classaware_fair] [epoch 45/100] batch 150/300 (50%) loss=10038.1615 elapsed=95s eta=95s
  [kd_dual_classaware_fair] [epoch 45/100] batch 180/300 (60%) loss=10108.1130 elapsed=113s eta=76s
  [kd_dual_classaware_fair] [epoch 45/100] batch 210/300 (70%) loss=10030.6738 elapsed=132s eta=57s
  [kd_dual_classaware_fair] [epoch 45/100] batch 240/300 (80%) loss=10088.4714 elapsed=151s eta=38s
  [kd_dual_classaware_fair] [epoch 45/100] batch 270/300 (90%) loss=9954.9603 elapsed=170s eta=19s
  [kd_dual_classaware_fair] [epoch 45/100] batch 300/300 (100%) loss=9915.4660 elapsed=188s eta=0s
[kd_dual_classaware_fair] [sampler] sampled: {0: 400, 1: 400, 2: 400} total=1200 spalling_ratio=24.33%
[kd_dual_classaware_fair] [sampler] unique: {0: 400, 1: 400, 2: 400} unique_total=1200 dup_ratio=1.00x
[kd_dual_classaware_fair] [epoch 045/100] remain=55 epochs ep_eta=176.5min (avg 193s/ep)
[kd_dual_classaware_fair] [epoch 045/100] lr=0.000037  dt=197.7s
  train loss=9915.4660  ce=0.0972 dice=0.1923  tversky=0.0000 bd=0.0000  cldice=0.0000 snake=0.0000
  val   loss=0.2368
  IoU   bg=0.9760  crack=0.5723  spalling=0.7732  | mIoU_fg=0.6728  pix_acc=0.9764
  Dice  bg=0.9878  crack=0.7280  spalling=0.8721
  BF1   crack=0.7365  spalling=0.6275  | BF1_fg_mean=0.6820
[kd_dual_classaware_fair] [curriculum] epoch 46: stage=1 tiers=[0, 1] pool={0: 400, 1: 400, 2: 0}
  [kd_dual_classaware_fair] [epoch 46/100] batch 30/300 (10%) loss=9776.5639 elapsed=19s eta=174s
  [kd_dual_classaware_fair] [epoch 46/100] batch 60/300 (20%) loss=9422.9625 elapsed=38s eta=152s
  [kd_dual_classaware_fair] [epoch 46/100] batch 90/300 (30%) loss=9184.6732 elapsed=57s eta=132s
  [kd_dual_classaware_fair] [epoch 46/100] batch 120/300 (40%) loss=9384.6588 elapsed=76s eta=113s
  [kd_dual_classaware_fair] [epoch 46/100] batch 150/300 (50%) loss=9423.9567 elapsed=94s eta=94s
  [kd_dual_classaware_fair] [epoch 46/100] batch 180/300 (60%) loss=9418.0978 elapsed=113s eta=75s
  [kd_dual_classaware_fair] [epoch 46/100] batch 210/300 (70%) loss=9443.0819 elapsed=132s eta=56s
  [kd_dual_classaware_fair] [epoch 46/100] batch 240/300 (80%) loss=9459.0749 elapsed=151s eta=38s
  [kd_dual_classaware_fair] [epoch 46/100] batch 270/300 (90%) loss=9415.7935 elapsed=170s eta=19s
  [kd_dual_classaware_fair] [epoch 46/100] batch 300/300 (100%) loss=9549.5812 elapsed=188s eta=0s
[kd_dual_classaware_fair] [sampler] sampled: {0: 400, 1: 400, 2: 400} total=1200 spalling_ratio=24.33%
[kd_dual_classaware_fair] [sampler] unique: {0: 400, 1: 400, 2: 400} unique_total=1200 dup_ratio=1.00x
[kd_dual_classaware_fair] [epoch 046/100] remain=54 epochs ep_eta=173.3min (avg 193s/ep)
[kd_dual_classaware_fair] [epoch 046/100] lr=0.000036  dt=188.7s
  train loss=9549.5812  ce=0.0950 dice=0.1926  tversky=0.0000 bd=0.0000  cldice=0.0000 snake=0.0000
  val   skipped (next val at epoch 50)
[kd_dual_classaware_fair] [curriculum] epoch 47: stage=1 tiers=[0, 1] pool={0: 400, 1: 400, 2: 0}
  [kd_dual_classaware_fair] [epoch 47/100] batch 30/300 (10%) loss=8802.1671 elapsed=20s eta=179s
  [kd_dual_classaware_fair] [epoch 47/100] batch 60/300 (20%) loss=9262.6093 elapsed=39s eta=157s
  [kd_dual_classaware_fair] [epoch 47/100] batch 90/300 (30%) loss=9582.2233 elapsed=58s eta=135s
  [kd_dual_classaware_fair] [epoch 47/100] batch 120/300 (40%) loss=9476.8164 elapsed=77s eta=115s
  [kd_dual_classaware_fair] [epoch 47/100] batch 150/300 (50%) loss=9324.8978 elapsed=95s eta=95s
  [kd_dual_classaware_fair] [epoch 47/100] batch 180/300 (60%) loss=9273.9035 elapsed=114s eta=76s
  [kd_dual_classaware_fair] [epoch 47/100] batch 210/300 (70%) loss=9241.8973 elapsed=133s eta=57s
  [kd_dual_classaware_fair] [epoch 47/100] batch 240/300 (80%) loss=9233.8995 elapsed=152s eta=38s
  [kd_dual_classaware_fair] [epoch 47/100] batch 270/300 (90%) loss=9126.9765 elapsed=171s eta=19s
  [kd_dual_classaware_fair] [epoch 47/100] batch 300/300 (100%) loss=9183.9501 elapsed=190s eta=0s
[kd_dual_classaware_fair] [sampler] sampled: {0: 400, 1: 400, 2: 400} total=1200 spalling_ratio=24.33%
[kd_dual_classaware_fair] [sampler] unique: {0: 400, 1: 400, 2: 400} unique_total=1200 dup_ratio=1.00x
[kd_dual_classaware_fair] [epoch 047/100] remain=53 epochs ep_eta=170.1min (avg 193s/ep)
[kd_dual_classaware_fair] [epoch 047/100] lr=0.000035  dt=190.4s
  train loss=9183.9501  ce=0.0934 dice=0.1919  tversky=0.0000 bd=0.0000  cldice=0.0000 snake=0.0000
  val   skipped (next val at epoch 50)
[kd_dual_classaware_fair] [curriculum] epoch 48: stage=1 tiers=[0, 1] pool={0: 400, 1: 400, 2: 0}
  [kd_dual_classaware_fair] [epoch 48/100] batch 30/300 (10%) loss=9421.3237 elapsed=19s eta=174s
  [kd_dual_classaware_fair] [epoch 48/100] batch 60/300 (20%) loss=9002.5051 elapsed=38s eta=152s
  [kd_dual_classaware_fair] [epoch 48/100] batch 90/300 (30%) loss=8873.3577 elapsed=57s eta=132s
  [kd_dual_classaware_fair] [epoch 48/100] batch 120/300 (40%) loss=8903.6166 elapsed=75s eta=113s
  [kd_dual_classaware_fair] [epoch 48/100] batch 150/300 (50%) loss=8992.0152 elapsed=94s eta=94s
  [kd_dual_classaware_fair] [epoch 48/100] batch 180/300 (60%) loss=8986.9011 elapsed=113s eta=75s
  [kd_dual_classaware_fair] [epoch 48/100] batch 210/300 (70%) loss=8978.9691 elapsed=132s eta=57s
  [kd_dual_classaware_fair] [epoch 48/100] batch 240/300 (80%) loss=8997.6171 elapsed=151s eta=38s
  [kd_dual_classaware_fair] [epoch 48/100] batch 270/300 (90%) loss=9055.5807 elapsed=169s eta=19s
  [kd_dual_classaware_fair] [epoch 48/100] batch 300/300 (100%) loss=9074.1157 elapsed=188s eta=0s
[kd_dual_classaware_fair] [sampler] sampled: {0: 400, 1: 400, 2: 400} total=1200 spalling_ratio=24.33%
[kd_dual_classaware_fair] [sampler] unique: {0: 400, 1: 400, 2: 400} unique_total=1200 dup_ratio=1.00x
[kd_dual_classaware_fair] [epoch 048/100] remain=52 epochs ep_eta=166.8min (avg 192s/ep)
[kd_dual_classaware_fair] [epoch 048/100] lr=0.000034  dt=187.8s
  train loss=9074.1157  ce=0.0939 dice=0.1939  tversky=0.0000 bd=0.0000  cldice=0.0000 snake=0.0000
  val   skipped (next val at epoch 50)
[kd_dual_classaware_fair] [curriculum] epoch 49: stage=1 tiers=[0, 1] pool={0: 400, 1: 400, 2: 0}
  [kd_dual_classaware_fair] [epoch 49/100] batch 30/300 (10%) loss=9078.7715 elapsed=19s eta=174s
  [kd_dual_classaware_fair] [epoch 49/100] batch 60/300 (20%) loss=9671.5091 elapsed=38s eta=153s
  [kd_dual_classaware_fair] [epoch 49/100] batch 90/300 (30%) loss=9358.1074 elapsed=57s eta=133s
  [kd_dual_classaware_fair] [epoch 49/100] batch 120/300 (40%) loss=9156.3301 elapsed=76s eta=113s
  [kd_dual_classaware_fair] [epoch 49/100] batch 150/300 (50%) loss=9077.7524 elapsed=94s eta=94s
  [kd_dual_classaware_fair] [epoch 49/100] batch 180/300 (60%) loss=8950.5745 elapsed=113s eta=75s
  [kd_dual_classaware_fair] [epoch 49/100] batch 210/300 (70%) loss=8971.4320 elapsed=132s eta=56s
  [kd_dual_classaware_fair] [epoch 49/100] batch 240/300 (80%) loss=8919.0734 elapsed=151s eta=38s
  [kd_dual_classaware_fair] [epoch 49/100] batch 270/300 (90%) loss=8862.9617 elapsed=170s eta=19s
  [kd_dual_classaware_fair] [epoch 49/100] batch 300/300 (100%) loss=8871.8289 elapsed=189s eta=0s
[kd_dual_classaware_fair] [sampler] sampled: {0: 400, 1: 400, 2: 400} total=1200 spalling_ratio=24.33%
[kd_dual_classaware_fair] [sampler] unique: {0: 400, 1: 400, 2: 400} unique_total=1200 dup_ratio=1.00x
[kd_dual_classaware_fair] [epoch 049/100] remain=51 epochs ep_eta=163.5min (avg 192s/ep)
[kd_dual_classaware_fair] [epoch 049/100] lr=0.000033  dt=188.9s
  train loss=8871.8289  ce=0.0927 dice=0.1923  tversky=0.0000 bd=0.0000  cldice=0.0000 snake=0.0000
  val   skipped (next val at epoch 50)
[kd_dual_classaware_fair] [curriculum] epoch 50: stage=1 tiers=[0, 1] pool={0: 400, 1: 400, 2: 0}
  [kd_dual_classaware_fair] [epoch 50/100] batch 30/300 (10%) loss=8179.1946 elapsed=20s eta=176s
  [kd_dual_classaware_fair] [epoch 50/100] batch 60/300 (20%) loss=8840.1704 elapsed=39s eta=154s
  [kd_dual_classaware_fair] [epoch 50/100] batch 90/300 (30%) loss=8634.3693 elapsed=57s eta=134s
  [kd_dual_classaware_fair] [epoch 50/100] batch 120/300 (40%) loss=8604.1389 elapsed=76s eta=114s
  [kd_dual_classaware_fair] [epoch 50/100] batch 150/300 (50%) loss=8466.6485 elapsed=95s eta=95s
  [kd_dual_classaware_fair] [epoch 50/100] batch 180/300 (60%) loss=8489.6777 elapsed=114s eta=76s
  [kd_dual_classaware_fair] [epoch 50/100] batch 210/300 (70%) loss=8420.9299 elapsed=133s eta=57s
  [kd_dual_classaware_fair] [epoch 50/100] batch 240/300 (80%) loss=8502.5426 elapsed=152s eta=38s
  [kd_dual_classaware_fair] [epoch 50/100] batch 270/300 (90%) loss=8582.1167 elapsed=171s eta=19s
  [kd_dual_classaware_fair] [epoch 50/100] batch 300/300 (100%) loss=8616.1413 elapsed=190s eta=0s
[kd_dual_classaware_fair] [sampler] sampled: {0: 400, 1: 400, 2: 400} total=1200 spalling_ratio=24.33%
[kd_dual_classaware_fair] [sampler] unique: {0: 400, 1: 400, 2: 400} unique_total=1200 dup_ratio=1.00x
[kd_dual_classaware_fair] [epoch 050/100] remain=50 epochs ep_eta=160.5min (avg 193s/ep)
[kd_dual_classaware_fair] [epoch 050/100] lr=0.000032  dt=199.5s
  train loss=8616.1413  ce=0.0916 dice=0.1877  tversky=0.0000 bd=0.0000  cldice=0.0000 snake=0.0000
  val   loss=0.2173
  IoU   bg=0.9761  crack=0.5765  spalling=0.7918  | mIoU_fg=0.6841  pix_acc=0.9766
  Dice  bg=0.9879  crack=0.7313  spalling=0.8838
  BF1   crack=0.7439  spalling=0.6596  | BF1_fg_mean=0.7018
[kd_dual_classaware_fair] [curriculum] epoch 51: stage=1 tiers=[0, 1] pool={0: 400, 1: 400, 2: 0}
  [kd_dual_classaware_fair] [epoch 51/100] batch 30/300 (10%) loss=8649.6538 elapsed=20s eta=176s
  [kd_dual_classaware_fair] [epoch 51/100] batch 60/300 (20%) loss=8428.3194 elapsed=39s eta=154s
  [kd_dual_classaware_fair] [epoch 51/100] batch 90/300 (30%) loss=8383.9214 elapsed=58s eta=134s
  [kd_dual_classaware_fair] [epoch 51/100] batch 120/300 (40%) loss=8341.6644 elapsed=77s eta=115s
  [kd_dual_classaware_fair] [epoch 51/100] batch 150/300 (50%) loss=8395.5301 elapsed=96s eta=96s
  [kd_dual_classaware_fair] [epoch 51/100] batch 180/300 (60%) loss=8458.9246 elapsed=115s eta=76s
  [kd_dual_classaware_fair] [epoch 51/100] batch 210/300 (70%) loss=8399.9237 elapsed=133s eta=57s
  [kd_dual_classaware_fair] [epoch 51/100] batch 240/300 (80%) loss=8408.1881 elapsed=152s eta=38s
  [kd_dual_classaware_fair] [epoch 51/100] batch 270/300 (90%) loss=8418.4113 elapsed=171s eta=19s
  [kd_dual_classaware_fair] [epoch 51/100] batch 300/300 (100%) loss=8371.9820 elapsed=190s eta=0s
[kd_dual_classaware_fair] [sampler] sampled: {0: 400, 1: 400, 2: 400} total=1200 spalling_ratio=24.33%
[kd_dual_classaware_fair] [sampler] unique: {0: 400, 1: 400, 2: 400} unique_total=1200 dup_ratio=1.00x
[kd_dual_classaware_fair] [epoch 051/100] remain=49 epochs ep_eta=157.3min (avg 193s/ep)
[kd_dual_classaware_fair] [epoch 051/100] lr=0.000031  dt=190.2s
  train loss=8371.9820  ce=0.0902 dice=0.1841  tversky=0.0000 bd=0.0000  cldice=0.0000 snake=0.0000
  val   skipped (next val at epoch 55)
[kd_dual_classaware_fair] [curriculum] epoch 52: stage=1 tiers=[0, 1] pool={0: 400, 1: 400, 2: 0}
  [kd_dual_classaware_fair] [epoch 52/100] batch 30/300 (10%) loss=9124.6995 elapsed=20s eta=179s
  [kd_dual_classaware_fair] [epoch 52/100] batch 60/300 (20%) loss=8976.8683 elapsed=39s eta=156s
  [kd_dual_classaware_fair] [epoch 52/100] batch 90/300 (30%) loss=8879.3402 elapsed=58s eta=135s
  [kd_dual_classaware_fair] [epoch 52/100] batch 120/300 (40%) loss=8814.6545 elapsed=77s eta=116s
  [kd_dual_classaware_fair] [epoch 52/100] batch 150/300 (50%) loss=8697.6392 elapsed=96s eta=96s
  [kd_dual_classaware_fair] [epoch 52/100] batch 180/300 (60%) loss=8641.6953 elapsed=115s eta=77s
  [kd_dual_classaware_fair] [epoch 52/100] batch 210/300 (70%) loss=8728.9116 elapsed=134s eta=57s
  [kd_dual_classaware_fair] [epoch 52/100] batch 240/300 (80%) loss=8698.2267 elapsed=153s eta=38s
  [kd_dual_classaware_fair] [epoch 52/100] batch 270/300 (90%) loss=8681.2891 elapsed=172s eta=19s
  [kd_dual_classaware_fair] [epoch 52/100] batch 300/300 (100%) loss=8690.3187 elapsed=191s eta=0s
[kd_dual_classaware_fair] [sampler] sampled: {0: 400, 1: 400, 2: 400} total=1200 spalling_ratio=24.33%
[kd_dual_classaware_fair] [sampler] unique: {0: 400, 1: 400, 2: 400} unique_total=1200 dup_ratio=1.00x
[kd_dual_classaware_fair] [epoch 052/100] remain=48 epochs ep_eta=154.1min (avg 193s/ep)
[kd_dual_classaware_fair] [epoch 052/100] lr=0.000030  dt=191.3s
  train loss=8690.3187  ce=0.0906 dice=0.1869  tversky=0.0000 bd=0.0000  cldice=0.0000 snake=0.0000
  val   skipped (next val at epoch 55)
[kd_dual_classaware_fair] [curriculum] epoch 53: stage=1 tiers=[0, 1] pool={0: 400, 1: 400, 2: 0}
  [kd_dual_classaware_fair] [epoch 53/100] batch 30/300 (10%) loss=7919.2887 elapsed=20s eta=176s
  [kd_dual_classaware_fair] [epoch 53/100] batch 60/300 (20%) loss=8276.8801 elapsed=39s eta=154s
  [kd_dual_classaware_fair] [epoch 53/100] batch 90/300 (30%) loss=8356.4074 elapsed=58s eta=134s
  [kd_dual_classaware_fair] [epoch 53/100] batch 120/300 (40%) loss=8501.1753 elapsed=76s eta=115s
  [kd_dual_classaware_fair] [epoch 53/100] batch 150/300 (50%) loss=8520.0134 elapsed=96s eta=96s
  [kd_dual_classaware_fair] [epoch 53/100] batch 180/300 (60%) loss=8513.8873 elapsed=115s eta=76s
  [kd_dual_classaware_fair] [epoch 53/100] batch 210/300 (70%) loss=8483.4428 elapsed=134s eta=57s
  [kd_dual_classaware_fair] [epoch 53/100] batch 240/300 (80%) loss=8497.3982 elapsed=153s eta=38s
  [kd_dual_classaware_fair] [epoch 53/100] batch 270/300 (90%) loss=8541.8472 elapsed=172s eta=19s
  [kd_dual_classaware_fair] [epoch 53/100] batch 300/300 (100%) loss=8517.9673 elapsed=190s eta=0s
[kd_dual_classaware_fair] [sampler] sampled: {0: 400, 1: 400, 2: 400} total=1200 spalling_ratio=24.33%
[kd_dual_classaware_fair] [sampler] unique: {0: 400, 1: 400, 2: 400} unique_total=1200 dup_ratio=1.00x
[kd_dual_classaware_fair] [epoch 053/100] remain=47 epochs ep_eta=150.8min (avg 193s/ep)
[kd_dual_classaware_fair] [epoch 053/100] lr=0.000030  dt=190.5s
  train loss=8517.9673  ce=0.0911 dice=0.1923  tversky=0.0000 bd=0.0000  cldice=0.0000 snake=0.0000
  val   skipped (next val at epoch 55)
[kd_dual_classaware_fair] [curriculum] epoch 54: stage=1 tiers=[0, 1] pool={0: 400, 1: 400, 2: 0}
  [kd_dual_classaware_fair] [epoch 54/100] batch 30/300 (10%) loss=8454.0989 elapsed=19s eta=175s
  [kd_dual_classaware_fair] [epoch 54/100] batch 60/300 (20%) loss=8364.0633 elapsed=39s eta=154s
  [kd_dual_classaware_fair] [epoch 54/100] batch 90/300 (30%) loss=8610.8590 elapsed=58s eta=134s
  [kd_dual_classaware_fair] [epoch 54/100] batch 120/300 (40%) loss=8498.8761 elapsed=77s eta=115s
  [kd_dual_classaware_fair] [epoch 54/100] batch 150/300 (50%) loss=8374.7271 elapsed=95s eta=95s
  [kd_dual_classaware_fair] [epoch 54/100] batch 180/300 (60%) loss=8364.1394 elapsed=114s eta=76s
  [kd_dual_classaware_fair] [epoch 54/100] batch 210/300 (70%) loss=8431.3823 elapsed=133s eta=57s
  [kd_dual_classaware_fair] [epoch 54/100] batch 240/300 (80%) loss=8392.8596 elapsed=152s eta=38s
  [kd_dual_classaware_fair] [epoch 54/100] batch 270/300 (90%) loss=8375.3937 elapsed=171s eta=19s
  [kd_dual_classaware_fair] [epoch 54/100] batch 300/300 (100%) loss=8569.2427 elapsed=190s eta=0s
[kd_dual_classaware_fair] [sampler] sampled: {0: 400, 1: 400, 2: 400} total=1200 spalling_ratio=24.33%
[kd_dual_classaware_fair] [sampler] unique: {0: 400, 1: 400, 2: 400} unique_total=1200 dup_ratio=1.00x
[kd_dual_classaware_fair] [epoch 054/100] remain=46 epochs ep_eta=147.6min (avg 193s/ep)
[kd_dual_classaware_fair] [epoch 054/100] lr=0.000029  dt=190.5s
  train loss=8569.2427  ce=0.0912 dice=0.1892  tversky=0.0000 bd=0.0000  cldice=0.0000 snake=0.0000
  val   skipped (next val at epoch 55)
[kd_dual_classaware_fair] [curriculum] epoch 55: stage=1 tiers=[0, 1] pool={0: 400, 1: 400, 2: 0}
  [kd_dual_classaware_fair] [epoch 55/100] batch 30/300 (10%) loss=8250.0392 elapsed=20s eta=176s
  [kd_dual_classaware_fair] [epoch 55/100] batch 60/300 (20%) loss=8624.3328 elapsed=38s eta=154s
  [kd_dual_classaware_fair] [epoch 55/100] batch 90/300 (30%) loss=8583.6680 elapsed=57s eta=134s
  [kd_dual_classaware_fair] [epoch 55/100] batch 120/300 (40%) loss=8677.2530 elapsed=77s eta=115s
  [kd_dual_classaware_fair] [epoch 55/100] batch 150/300 (50%) loss=8577.3990 elapsed=95s eta=95s
  [kd_dual_classaware_fair] [epoch 55/100] batch 180/300 (60%) loss=8488.3858 elapsed=114s eta=76s
  [kd_dual_classaware_fair] [epoch 55/100] batch 210/300 (70%) loss=8394.6904 elapsed=133s eta=57s
  [kd_dual_classaware_fair] [epoch 55/100] batch 240/300 (80%) loss=8362.1040 elapsed=152s eta=38s
  [kd_dual_classaware_fair] [epoch 55/100] batch 270/300 (90%) loss=8319.2891 elapsed=171s eta=19s
  [kd_dual_classaware_fair] [epoch 55/100] batch 300/300 (100%) loss=8245.5692 elapsed=190s eta=0s
[kd_dual_classaware_fair] [sampler] sampled: {0: 400, 1: 400, 2: 400} total=1200 spalling_ratio=24.33%
[kd_dual_classaware_fair] [sampler] unique: {0: 400, 1: 400, 2: 400} unique_total=1200 dup_ratio=1.00x
[kd_dual_classaware_fair] [epoch 055/100] remain=45 epochs ep_eta=144.5min (avg 193s/ep)
[kd_dual_classaware_fair] [epoch 055/100] lr=0.000028  dt=199.6s
  train loss=8245.5692  ce=0.0897 dice=0.1859  tversky=0.0000 bd=0.0000  cldice=0.0000 snake=0.0000
  val   loss=0.2405
  IoU   bg=0.9764  crack=0.5750  spalling=0.7814  | mIoU_fg=0.6782  pix_acc=0.9769
  Dice  bg=0.9881  crack=0.7302  spalling=0.8773
  BF1   crack=0.7447  spalling=0.6436  | BF1_fg_mean=0.6941
[kd_dual_classaware_fair] [curriculum] epoch 56: stage=1 tiers=[0, 1] pool={0: 400, 1: 400, 2: 0}
  [kd_dual_classaware_fair] [epoch 56/100] batch 30/300 (10%) loss=8260.7530 elapsed=20s eta=176s
  [kd_dual_classaware_fair] [epoch 56/100] batch 60/300 (20%) loss=8169.1809 elapsed=39s eta=155s
  [kd_dual_classaware_fair] [epoch 56/100] batch 90/300 (30%) loss=8620.2256 elapsed=57s eta=134s
  [kd_dual_classaware_fair] [epoch 56/100] batch 120/300 (40%) loss=8695.1325 elapsed=77s eta=115s
  [kd_dual_classaware_fair] [epoch 56/100] batch 150/300 (50%) loss=8717.0100 elapsed=95s eta=95s
  [kd_dual_classaware_fair] [epoch 56/100] batch 180/300 (60%) loss=8568.8290 elapsed=115s eta=77s
  [kd_dual_classaware_fair] [epoch 56/100] batch 210/300 (70%) loss=8494.7880 elapsed=133s eta=57s
  [kd_dual_classaware_fair] [epoch 56/100] batch 240/300 (80%) loss=8660.6954 elapsed=152s eta=38s
  [kd_dual_classaware_fair] [epoch 56/100] batch 270/300 (90%) loss=8656.4004 elapsed=171s eta=19s
  [kd_dual_classaware_fair] [epoch 56/100] batch 300/300 (100%) loss=8576.5759 elapsed=190s eta=0s
[kd_dual_classaware_fair] [sampler] sampled: {0: 400, 1: 400, 2: 400} total=1200 spalling_ratio=24.33%
[kd_dual_classaware_fair] [sampler] unique: {0: 400, 1: 400, 2: 400} unique_total=1200 dup_ratio=1.00x
[kd_dual_classaware_fair] [epoch 056/100] remain=44 epochs ep_eta=141.3min (avg 193s/ep)
[kd_dual_classaware_fair] [epoch 056/100] lr=0.000027  dt=190.3s
  train loss=8576.5759  ce=0.0916 dice=0.1865  tversky=0.0000 bd=0.0000  cldice=0.0000 snake=0.0000
  val   skipped (next val at epoch 60)
[kd_dual_classaware_fair] [curriculum] epoch 57: stage=1 tiers=[0, 1] pool={0: 400, 1: 400, 2: 0}
  [kd_dual_classaware_fair] [epoch 57/100] batch 30/300 (10%) loss=8275.3748 elapsed=20s eta=176s
  [kd_dual_classaware_fair] [epoch 57/100] batch 60/300 (20%) loss=8251.4338 elapsed=38s eta=154s
  [kd_dual_classaware_fair] [epoch 57/100] batch 90/300 (30%) loss=8210.5454 elapsed=57s eta=133s
  [kd_dual_classaware_fair] [epoch 57/100] batch 120/300 (40%) loss=8301.2080 elapsed=76s eta=114s
  [kd_dual_classaware_fair] [epoch 57/100] batch 150/300 (50%) loss=8201.1776 elapsed=95s eta=95s
  [kd_dual_classaware_fair] [epoch 57/100] batch 180/300 (60%) loss=8248.6956 elapsed=114s eta=76s
  [kd_dual_classaware_fair] [epoch 57/100] batch 210/300 (70%) loss=8210.9421 elapsed=133s eta=57s
  [kd_dual_classaware_fair] [epoch 57/100] batch 240/300 (80%) loss=8147.5796 elapsed=152s eta=38s
  [kd_dual_classaware_fair] [epoch 57/100] batch 270/300 (90%) loss=8072.6496 elapsed=171s eta=19s
  [kd_dual_classaware_fair] [epoch 57/100] batch 300/300 (100%) loss=8112.8426 elapsed=190s eta=0s
[kd_dual_classaware_fair] [sampler] sampled: {0: 400, 1: 400, 2: 400} total=1200 spalling_ratio=24.33%
[kd_dual_classaware_fair] [sampler] unique: {0: 400, 1: 400, 2: 400} unique_total=1200 dup_ratio=1.00x
[kd_dual_classaware_fair] [epoch 057/100] remain=43 epochs ep_eta=138.1min (avg 193s/ep)
[kd_dual_classaware_fair] [epoch 057/100] lr=0.000026  dt=189.8s
  train loss=8112.8426  ce=0.0892 dice=0.1819  tversky=0.0000 bd=0.0000  cldice=0.0000 snake=0.0000
  val   skipped (next val at epoch 60)
[kd_dual_classaware_fair] [curriculum] epoch 58: stage=1 tiers=[0, 1] pool={0: 400, 1: 400, 2: 0}
  [kd_dual_classaware_fair] [epoch 58/100] batch 30/300 (10%) loss=7573.9213 elapsed=19s eta=175s
  [kd_dual_classaware_fair] [epoch 58/100] batch 60/300 (20%) loss=7974.0317 elapsed=38s eta=153s
  [kd_dual_classaware_fair] [epoch 58/100] batch 90/300 (30%) loss=8020.1474 elapsed=58s eta=134s
  [kd_dual_classaware_fair] [epoch 58/100] batch 120/300 (40%) loss=8007.2701 elapsed=76s eta=115s
  [kd_dual_classaware_fair] [epoch 58/100] batch 150/300 (50%) loss=8297.5458 elapsed=95s eta=95s
  [kd_dual_classaware_fair] [epoch 58/100] batch 180/300 (60%) loss=8255.8131 elapsed=114s eta=76s
  [kd_dual_classaware_fair] [epoch 58/100] batch 210/300 (70%) loss=8188.4790 elapsed=133s eta=57s
  [kd_dual_classaware_fair] [epoch 58/100] batch 240/300 (80%) loss=8160.8239 elapsed=152s eta=38s
  [kd_dual_classaware_fair] [epoch 58/100] batch 270/300 (90%) loss=8100.1805 elapsed=170s eta=19s
  [kd_dual_classaware_fair] [epoch 58/100] batch 300/300 (100%) loss=8120.6003 elapsed=189s eta=0s
[kd_dual_classaware_fair] [sampler] sampled: {0: 400, 1: 400, 2: 400} total=1200 spalling_ratio=24.33%
[kd_dual_classaware_fair] [sampler] unique: {0: 400, 1: 400, 2: 400} unique_total=1200 dup_ratio=1.00x
[kd_dual_classaware_fair] [epoch 058/100] remain=42 epochs ep_eta=134.8min (avg 193s/ep)
[kd_dual_classaware_fair] [epoch 058/100] lr=0.000025  dt=189.5s
  train loss=8120.6003  ce=0.0893 dice=0.1873  tversky=0.0000 bd=0.0000  cldice=0.0000 snake=0.0000
  val   skipped (next val at epoch 60)
[kd_dual_classaware_fair] [curriculum] epoch 59: stage=1 tiers=[0, 1] pool={0: 400, 1: 400, 2: 0}
  [kd_dual_classaware_fair] [epoch 59/100] batch 30/300 (10%) loss=7897.1959 elapsed=19s eta=174s
  [kd_dual_classaware_fair] [epoch 59/100] batch 60/300 (20%) loss=7918.0794 elapsed=38s eta=152s
  [kd_dual_classaware_fair] [epoch 59/100] batch 90/300 (30%) loss=7718.0656 elapsed=57s eta=133s
  [kd_dual_classaware_fair] [epoch 59/100] batch 120/300 (40%) loss=7856.6074 elapsed=76s eta=114s
  [kd_dual_classaware_fair] [epoch 59/100] batch 150/300 (50%) loss=7754.8668 elapsed=94s eta=94s
  [kd_dual_classaware_fair] [epoch 59/100] batch 180/300 (60%) loss=7774.1370 elapsed=113s eta=76s
  [kd_dual_classaware_fair] [epoch 59/100] batch 210/300 (70%) loss=7878.2934 elapsed=133s eta=57s
  [kd_dual_classaware_fair] [epoch 59/100] batch 240/300 (80%) loss=7871.6413 elapsed=152s eta=38s
  [kd_dual_classaware_fair] [epoch 59/100] batch 270/300 (90%) loss=7874.1694 elapsed=171s eta=19s
  [kd_dual_classaware_fair] [epoch 59/100] batch 300/300 (100%) loss=7900.8838 elapsed=189s eta=0s
[kd_dual_classaware_fair] [sampler] sampled: {0: 400, 1: 400, 2: 400} total=1200 spalling_ratio=24.33%
[kd_dual_classaware_fair] [sampler] unique: {0: 400, 1: 400, 2: 400} unique_total=1200 dup_ratio=1.00x
[kd_dual_classaware_fair] [epoch 059/100] remain=41 epochs ep_eta=131.6min (avg 193s/ep)
[kd_dual_classaware_fair] [epoch 059/100] lr=0.000024  dt=189.6s
  train loss=7900.8838  ce=0.0880 dice=0.1825  tversky=0.0000 bd=0.0000  cldice=0.0000 snake=0.0000
  val   skipped (next val at epoch 60)
[kd_dual_classaware_fair] [curriculum] epoch 60: stage=1 tiers=[0, 1] pool={0: 400, 1: 400, 2: 0}
  [kd_dual_classaware_fair] [epoch 60/100] batch 30/300 (10%) loss=7790.3096 elapsed=19s eta=175s
  [kd_dual_classaware_fair] [epoch 60/100] batch 60/300 (20%) loss=7751.8961 elapsed=38s eta=153s
  [kd_dual_classaware_fair] [epoch 60/100] batch 90/300 (30%) loss=7783.0714 elapsed=57s eta=134s
  [kd_dual_classaware_fair] [epoch 60/100] batch 120/300 (40%) loss=7795.4346 elapsed=76s eta=114s
  [kd_dual_classaware_fair] [epoch 60/100] batch 150/300 (50%) loss=7873.1527 elapsed=95s eta=95s
  [kd_dual_classaware_fair] [epoch 60/100] batch 180/300 (60%) loss=7786.6751 elapsed=114s eta=76s
  [kd_dual_classaware_fair] [epoch 60/100] batch 210/300 (70%) loss=7850.2944 elapsed=133s eta=57s
  [kd_dual_classaware_fair] [epoch 60/100] batch 240/300 (80%) loss=7825.6333 elapsed=151s eta=38s
  [kd_dual_classaware_fair] [epoch 60/100] batch 270/300 (90%) loss=7826.1280 elapsed=170s eta=19s
  [kd_dual_classaware_fair] [epoch 60/100] batch 300/300 (100%) loss=7804.8626 elapsed=189s eta=0s
[kd_dual_classaware_fair] [sampler] sampled: {0: 400, 1: 400, 2: 400} total=1200 spalling_ratio=24.33%
[kd_dual_classaware_fair] [sampler] unique: {0: 400, 1: 400, 2: 400} unique_total=1200 dup_ratio=1.00x
[kd_dual_classaware_fair] [epoch 060/100] remain=40 epochs ep_eta=128.5min (avg 193s/ep)
[kd_dual_classaware_fair] [epoch 060/100] lr=0.000023  dt=198.7s
  train loss=7804.8626  ce=0.0877 dice=0.1821  tversky=0.0000 bd=0.0000  cldice=0.0000 snake=0.0000
  val   loss=0.2323
  IoU   bg=0.9765  crack=0.5757  spalling=0.7808  | mIoU_fg=0.6782  pix_acc=0.9769
  Dice  bg=0.9881  crack=0.7307  spalling=0.8769
  BF1   crack=0.7486  spalling=0.6642  | BF1_fg_mean=0.7064
[kd_dual_classaware_fair] [curriculum] epoch 61: stage=1 tiers=[0, 1] pool={0: 400, 1: 400, 2: 0}
  [kd_dual_classaware_fair] [epoch 61/100] batch 30/300 (10%) loss=7701.8960 elapsed=20s eta=178s
  [kd_dual_classaware_fair] [epoch 61/100] batch 60/300 (20%) loss=7596.9092 elapsed=39s eta=155s
  [kd_dual_classaware_fair] [epoch 61/100] batch 90/300 (30%) loss=7665.7560 elapsed=57s eta=134s
  [kd_dual_classaware_fair] [epoch 61/100] batch 120/300 (40%) loss=7658.3449 elapsed=76s eta=114s
  [kd_dual_classaware_fair] [epoch 61/100] batch 150/300 (50%) loss=7662.4803 elapsed=95s eta=95s
  [kd_dual_classaware_fair] [epoch 61/100] batch 180/300 (60%) loss=7635.6888 elapsed=115s eta=76s
  [kd_dual_classaware_fair] [epoch 61/100] batch 210/300 (70%) loss=7645.1410 elapsed=134s eta=57s
  [kd_dual_classaware_fair] [epoch 61/100] batch 240/300 (80%) loss=7558.9415 elapsed=153s eta=38s
  [kd_dual_classaware_fair] [epoch 61/100] batch 270/300 (90%) loss=7538.0678 elapsed=172s eta=19s
  [kd_dual_classaware_fair] [epoch 61/100] batch 300/300 (100%) loss=7549.6478 elapsed=192s eta=0s
[kd_dual_classaware_fair] [sampler] sampled: {0: 400, 1: 400, 2: 400} total=1200 spalling_ratio=24.33%
[kd_dual_classaware_fair] [sampler] unique: {0: 400, 1: 400, 2: 400} unique_total=1200 dup_ratio=1.00x
[kd_dual_classaware_fair] [epoch 061/100] remain=39 epochs ep_eta=125.3min (avg 193s/ep)
[kd_dual_classaware_fair] [epoch 061/100] lr=0.000022  dt=192.2s
  train loss=7549.6478  ce=0.0867 dice=0.1817  tversky=0.0000 bd=0.0000  cldice=0.0000 snake=0.0000
  val   skipped (next val at epoch 65)
[kd_dual_classaware_fair] [curriculum] epoch 62: stage=1 tiers=[0, 1] pool={0: 400, 1: 400, 2: 0}
  [kd_dual_classaware_fair] [epoch 62/100] batch 30/300 (10%) loss=8313.9176 elapsed=20s eta=180s
  [kd_dual_classaware_fair] [epoch 62/100] batch 60/300 (20%) loss=8089.4304 elapsed=39s eta=157s
  [kd_dual_classaware_fair] [epoch 62/100] batch 90/300 (30%) loss=7990.1677 elapsed=58s eta=136s
  [kd_dual_classaware_fair] [epoch 62/100] batch 120/300 (40%) loss=8024.1987 elapsed=77s eta=116s
  [kd_dual_classaware_fair] [epoch 62/100] batch 150/300 (50%) loss=7893.8318 elapsed=97s eta=97s
  [kd_dual_classaware_fair] [epoch 62/100] batch 180/300 (60%) loss=7899.0132 elapsed=116s eta=77s
  [kd_dual_classaware_fair] [epoch 62/100] batch 210/300 (70%) loss=7788.9293 elapsed=135s eta=58s
  [kd_dual_classaware_fair] [epoch 62/100] batch 240/300 (80%) loss=7733.2207 elapsed=154s eta=38s
  [kd_dual_classaware_fair] [epoch 62/100] batch 270/300 (90%) loss=7836.4513 elapsed=173s eta=19s
  [kd_dual_classaware_fair] [epoch 62/100] batch 300/300 (100%) loss=7781.0978 elapsed=191s eta=0s
[kd_dual_classaware_fair] [sampler] sampled: {0: 400, 1: 400, 2: 400} total=1200 spalling_ratio=24.33%
[kd_dual_classaware_fair] [sampler] unique: {0: 400, 1: 400, 2: 400} unique_total=1200 dup_ratio=1.00x
[kd_dual_classaware_fair] [epoch 062/100] remain=38 epochs ep_eta=122.1min (avg 193s/ep)
[kd_dual_classaware_fair] [epoch 062/100] lr=0.000021  dt=191.7s
  train loss=7781.0978  ce=0.0872 dice=0.1801  tversky=0.0000 bd=0.0000  cldice=0.0000 snake=0.0000
  val   skipped (next val at epoch 65)
[kd_dual_classaware_fair] [curriculum] epoch 63: stage=1 tiers=[0, 1] pool={0: 400, 1: 400, 2: 0}
  [kd_dual_classaware_fair] [epoch 63/100] batch 30/300 (10%) loss=7866.6780 elapsed=19s eta=173s
  [kd_dual_classaware_fair] [epoch 63/100] batch 60/300 (20%) loss=7998.3822 elapsed=38s eta=153s
  [kd_dual_classaware_fair] [epoch 63/100] batch 90/300 (30%) loss=7857.8988 elapsed=57s eta=133s
  [kd_dual_classaware_fair] [epoch 63/100] batch 120/300 (40%) loss=7858.5929 elapsed=76s eta=114s
  [kd_dual_classaware_fair] [epoch 63/100] batch 150/300 (50%) loss=7758.9218 elapsed=95s eta=95s
  [kd_dual_classaware_fair] [epoch 63/100] batch 180/300 (60%) loss=7696.2353 elapsed=114s eta=76s
  [kd_dual_classaware_fair] [epoch 63/100] batch 210/300 (70%) loss=7800.6612 elapsed=133s eta=57s
  [kd_dual_classaware_fair] [epoch 63/100] batch 240/300 (80%) loss=7743.4730 elapsed=152s eta=38s
  [kd_dual_classaware_fair] [epoch 63/100] batch 270/300 (90%) loss=7745.8414 elapsed=170s eta=19s
  [kd_dual_classaware_fair] [epoch 63/100] batch 300/300 (100%) loss=7726.2651 elapsed=189s eta=0s
[kd_dual_classaware_fair] [sampler] sampled: {0: 400, 1: 400, 2: 400} total=1200 spalling_ratio=24.33%
[kd_dual_classaware_fair] [sampler] unique: {0: 400, 1: 400, 2: 400} unique_total=1200 dup_ratio=1.00x
[kd_dual_classaware_fair] [epoch 063/100] remain=37 epochs ep_eta=118.8min (avg 193s/ep)
[kd_dual_classaware_fair] [epoch 063/100] lr=0.000020  dt=189.7s
  train loss=7726.2651  ce=0.0876 dice=0.1838  tversky=0.0000 bd=0.0000  cldice=0.0000 snake=0.0000
  val   skipped (next val at epoch 65)
[kd_dual_classaware_fair] [curriculum] epoch 64: stage=1 tiers=[0, 1] pool={0: 400, 1: 400, 2: 0}
  [kd_dual_classaware_fair] [epoch 64/100] batch 30/300 (10%) loss=7340.3492 elapsed=20s eta=180s
  [kd_dual_classaware_fair] [epoch 64/100] batch 60/300 (20%) loss=7701.9265 elapsed=39s eta=156s
  [kd_dual_classaware_fair] [epoch 64/100] batch 90/300 (30%) loss=7811.5194 elapsed=58s eta=136s
  [kd_dual_classaware_fair] [epoch 64/100] batch 120/300 (40%) loss=7652.1367 elapsed=77s eta=115s
  [kd_dual_classaware_fair] [epoch 64/100] batch 150/300 (50%) loss=7578.2850 elapsed=96s eta=96s
  [kd_dual_classaware_fair] [epoch 64/100] batch 180/300 (60%) loss=7511.6896 elapsed=115s eta=77s
  [kd_dual_classaware_fair] [epoch 64/100] batch 210/300 (70%) loss=7544.9650 elapsed=134s eta=57s
  [kd_dual_classaware_fair] [epoch 64/100] batch 240/300 (80%) loss=7530.5650 elapsed=153s eta=38s
  [kd_dual_classaware_fair] [epoch 64/100] batch 270/300 (90%) loss=7578.1817 elapsed=172s eta=19s
  [kd_dual_classaware_fair] [epoch 64/100] batch 300/300 (100%) loss=7670.9011 elapsed=190s eta=0s
[kd_dual_classaware_fair] [sampler] sampled: {0: 400, 1: 400, 2: 400} total=1200 spalling_ratio=24.33%
[kd_dual_classaware_fair] [sampler] unique: {0: 400, 1: 400, 2: 400} unique_total=1200 dup_ratio=1.00x
[kd_dual_classaware_fair] [epoch 064/100] remain=36 epochs ep_eta=115.6min (avg 193s/ep)
[kd_dual_classaware_fair] [epoch 064/100] lr=0.000019  dt=190.6s
  train loss=7670.9011  ce=0.0871 dice=0.1857  tversky=0.0000 bd=0.0000  cldice=0.0000 snake=0.0000
  val   skipped (next val at epoch 65)
[kd_dual_classaware_fair] [curriculum] epoch 65: stage=1 tiers=[0, 1] pool={0: 400, 1: 400, 2: 0}
  [kd_dual_classaware_fair] [epoch 65/100] batch 30/300 (10%) loss=7794.0231 elapsed=19s eta=175s
  [kd_dual_classaware_fair] [epoch 65/100] batch 60/300 (20%) loss=7344.5347 elapsed=38s eta=152s
  [kd_dual_classaware_fair] [epoch 65/100] batch 90/300 (30%) loss=7197.6785 elapsed=57s eta=133s
  [kd_dual_classaware_fair] [epoch 65/100] batch 120/300 (40%) loss=7243.6464 elapsed=76s eta=114s
  [kd_dual_classaware_fair] [epoch 65/100] batch 150/300 (50%) loss=7310.3633 elapsed=95s eta=95s
  [kd_dual_classaware_fair] [epoch 65/100] batch 180/300 (60%) loss=7345.0196 elapsed=114s eta=76s
  [kd_dual_classaware_fair] [epoch 65/100] batch 210/300 (70%) loss=7386.6149 elapsed=133s eta=57s
  [kd_dual_classaware_fair] [epoch 65/100] batch 240/300 (80%) loss=7443.9304 elapsed=152s eta=38s
  [kd_dual_classaware_fair] [epoch 65/100] batch 270/300 (90%) loss=7402.7307 elapsed=170s eta=19s
  [kd_dual_classaware_fair] [epoch 65/100] batch 300/300 (100%) loss=7449.9008 elapsed=189s eta=0s
[kd_dual_classaware_fair] [sampler] sampled: {0: 400, 1: 400, 2: 400} total=1200 spalling_ratio=24.33%
[kd_dual_classaware_fair] [sampler] unique: {0: 400, 1: 400, 2: 400} unique_total=1200 dup_ratio=1.00x
[kd_dual_classaware_fair] [epoch 065/100] remain=35 epochs ep_eta=112.5min (avg 193s/ep)
[kd_dual_classaware_fair] [epoch 065/100] lr=0.000018  dt=198.5s
  train loss=7449.9008  ce=0.0861 dice=0.1814  tversky=0.0000 bd=0.0000  cldice=0.0000 snake=0.0000
  val   loss=0.2202
  IoU   bg=0.9771  crack=0.5789  spalling=0.8028  | mIoU_fg=0.6908  pix_acc=0.9776
  Dice  bg=0.9884  crack=0.7333  spalling=0.8906
  BF1   crack=0.7519  spalling=0.6793  | BF1_fg_mean=0.7156
  [kd_dual_classaware_fair] [best] mIoU_fg=0.6908  saved -> best.pt
[kd_dual_classaware_fair] [curriculum] epoch 66: stage=1 tiers=[0, 1] pool={0: 400, 1: 400, 2: 0}
  [kd_dual_classaware_fair] [epoch 66/100] batch 30/300 (10%) loss=7749.1846 elapsed=19s eta=175s
  [kd_dual_classaware_fair] [epoch 66/100] batch 60/300 (20%) loss=7441.9473 elapsed=38s eta=152s
  [kd_dual_classaware_fair] [epoch 66/100] batch 90/300 (30%) loss=7636.9503 elapsed=57s eta=133s
  [kd_dual_classaware_fair] [epoch 66/100] batch 120/300 (40%) loss=7569.5221 elapsed=76s eta=114s
  [kd_dual_classaware_fair] [epoch 66/100] batch 150/300 (50%) loss=7494.0824 elapsed=95s eta=95s
  [kd_dual_classaware_fair] [epoch 66/100] batch 180/300 (60%) loss=7449.0029 elapsed=114s eta=76s
  [kd_dual_classaware_fair] [epoch 66/100] batch 210/300 (70%) loss=7376.1105 elapsed=133s eta=57s
  [kd_dual_classaware_fair] [epoch 66/100] batch 240/300 (80%) loss=7379.2286 elapsed=152s eta=38s
  [kd_dual_classaware_fair] [epoch 66/100] batch 270/300 (90%) loss=7425.9735 elapsed=171s eta=19s
  [kd_dual_classaware_fair] [epoch 66/100] batch 300/300 (100%) loss=7419.3745 elapsed=190s eta=0s
[kd_dual_classaware_fair] [sampler] sampled: {0: 400, 1: 400, 2: 400} total=1200 spalling_ratio=24.33%
[kd_dual_classaware_fair] [sampler] unique: {0: 400, 1: 400, 2: 400} unique_total=1200 dup_ratio=1.00x
[kd_dual_classaware_fair] [epoch 066/100] remain=34 epochs ep_eta=109.3min (avg 193s/ep)
[kd_dual_classaware_fair] [epoch 066/100] lr=0.000017  dt=189.8s
  train loss=7419.3745  ce=0.0858 dice=0.1819  tversky=0.0000 bd=0.0000  cldice=0.0000 snake=0.0000
  val   skipped (next val at epoch 70)
[kd_dual_classaware_fair] [curriculum] epoch 67: stage=1 tiers=[0, 1] pool={0: 400, 1: 400, 2: 0}
  [kd_dual_classaware_fair] [epoch 67/100] batch 30/300 (10%) loss=7399.5471 elapsed=19s eta=174s
  [kd_dual_classaware_fair] [epoch 67/100] batch 60/300 (20%) loss=7170.4645 elapsed=38s eta=154s
  [kd_dual_classaware_fair] [epoch 67/100] batch 90/300 (30%) loss=7252.9990 elapsed=57s eta=134s
  [kd_dual_classaware_fair] [epoch 67/100] batch 120/300 (40%) loss=7081.4198 elapsed=76s eta=115s
  [kd_dual_classaware_fair] [epoch 67/100] batch 150/300 (50%) loss=7068.1509 elapsed=95s eta=95s
  [kd_dual_classaware_fair] [epoch 67/100] batch 180/300 (60%) loss=7142.6456 elapsed=114s eta=76s
  [kd_dual_classaware_fair] [epoch 67/100] batch 210/300 (70%) loss=7142.1640 elapsed=133s eta=57s
  [kd_dual_classaware_fair] [epoch 67/100] batch 240/300 (80%) loss=7227.0063 elapsed=152s eta=38s
  [kd_dual_classaware_fair] [epoch 67/100] batch 270/300 (90%) loss=7284.2069 elapsed=171s eta=19s
  [kd_dual_classaware_fair] [epoch 67/100] batch 300/300 (100%) loss=7312.2660 elapsed=190s eta=0s
[kd_dual_classaware_fair] [sampler] sampled: {0: 400, 1: 400, 2: 400} total=1200 spalling_ratio=24.33%
[kd_dual_classaware_fair] [sampler] unique: {0: 400, 1: 400, 2: 400} unique_total=1200 dup_ratio=1.00x
[kd_dual_classaware_fair] [epoch 067/100] remain=33 epochs ep_eta=106.0min (avg 193s/ep)
[kd_dual_classaware_fair] [epoch 067/100] lr=0.000016  dt=190.2s
  train loss=7312.2660  ce=0.0854 dice=0.1811  tversky=0.0000 bd=0.0000  cldice=0.0000 snake=0.0000
  val   skipped (next val at epoch 70)
[kd_dual_classaware_fair] [curriculum] epoch 68: stage=1 tiers=[0, 1] pool={0: 400, 1: 400, 2: 0}
  [kd_dual_classaware_fair] [epoch 68/100] batch 30/300 (10%) loss=7556.3747 elapsed=20s eta=178s
  [kd_dual_classaware_fair] [epoch 68/100] batch 60/300 (20%) loss=7535.4998 elapsed=39s eta=155s
  [kd_dual_classaware_fair] [epoch 68/100] batch 90/300 (30%) loss=7496.1320 elapsed=57s eta=134s
  [kd_dual_classaware_fair] [epoch 68/100] batch 120/300 (40%) loss=7389.3370 elapsed=76s eta=114s
  [kd_dual_classaware_fair] [epoch 68/100] batch 150/300 (50%) loss=7311.3569 elapsed=95s eta=95s
  [kd_dual_classaware_fair] [epoch 68/100] batch 180/300 (60%) loss=7319.5598 elapsed=114s eta=76s
  [kd_dual_classaware_fair] [epoch 68/100] batch 210/300 (70%) loss=7321.6630 elapsed=133s eta=57s
  [kd_dual_classaware_fair] [epoch 68/100] batch 240/300 (80%) loss=7324.1380 elapsed=151s eta=38s
  [kd_dual_classaware_fair] [epoch 68/100] batch 270/300 (90%) loss=7281.5335 elapsed=170s eta=19s
  [kd_dual_classaware_fair] [epoch 68/100] batch 300/300 (100%) loss=7231.9443 elapsed=189s eta=0s
[kd_dual_classaware_fair] [sampler] sampled: {0: 400, 1: 400, 2: 400} total=1200 spalling_ratio=24.33%
[kd_dual_classaware_fair] [sampler] unique: {0: 400, 1: 400, 2: 400} unique_total=1200 dup_ratio=1.00x
[kd_dual_classaware_fair] [epoch 068/100] remain=32 epochs ep_eta=102.8min (avg 193s/ep)
[kd_dual_classaware_fair] [epoch 068/100] lr=0.000015  dt=189.1s
  train loss=7231.9443  ce=0.0852 dice=0.1773  tversky=0.0000 bd=0.0000  cldice=0.0000 snake=0.0000
  val   skipped (next val at epoch 70)
[kd_dual_classaware_fair] [curriculum] epoch 69: stage=1 tiers=[0, 1] pool={0: 400, 1: 400, 2: 0}
  [kd_dual_classaware_fair] [epoch 69/100] batch 30/300 (10%) loss=7132.5587 elapsed=20s eta=178s
  [kd_dual_classaware_fair] [epoch 69/100] batch 60/300 (20%) loss=7074.5017 elapsed=39s eta=154s
  [kd_dual_classaware_fair] [epoch 69/100] batch 90/300 (30%) loss=6981.9347 elapsed=57s eta=134s
  [kd_dual_classaware_fair] [epoch 69/100] batch 120/300 (40%) loss=6981.6433 elapsed=76s eta=114s
  [kd_dual_classaware_fair] [epoch 69/100] batch 150/300 (50%) loss=7050.1699 elapsed=95s eta=95s
  [kd_dual_classaware_fair] [epoch 69/100] batch 180/300 (60%) loss=7083.2709 elapsed=114s eta=76s
  [kd_dual_classaware_fair] [epoch 69/100] batch 210/300 (70%) loss=7114.5333 elapsed=133s eta=57s
  [kd_dual_classaware_fair] [epoch 69/100] batch 240/300 (80%) loss=7138.3638 elapsed=152s eta=38s
  [kd_dual_classaware_fair] [epoch 69/100] batch 270/300 (90%) loss=7156.7779 elapsed=170s eta=19s
  [kd_dual_classaware_fair] [epoch 69/100] batch 300/300 (100%) loss=7133.4219 elapsed=189s eta=0s
[kd_dual_classaware_fair] [sampler] sampled: {0: 400, 1: 400, 2: 400} total=1200 spalling_ratio=24.33%
[kd_dual_classaware_fair] [sampler] unique: {0: 400, 1: 400, 2: 400} unique_total=1200 dup_ratio=1.00x
[kd_dual_classaware_fair] [epoch 069/100] remain=31 epochs ep_eta=99.6min (avg 193s/ep)
[kd_dual_classaware_fair] [epoch 069/100] lr=0.000014  dt=189.3s
  train loss=7133.4219  ce=0.0845 dice=0.1799  tversky=0.0000 bd=0.0000  cldice=0.0000 snake=0.0000
  val   skipped (next val at epoch 70)
[kd_dual_classaware_fair] [curriculum] epoch 70: stage=2 tiers=[0, 1, 2] pool={0: 400, 1: 400, 2: 400}
  [kd_dual_classaware_fair] [epoch 70/100] batch 30/300 (10%) loss=6703.6286 elapsed=19s eta=173s
  [kd_dual_classaware_fair] [epoch 70/100] batch 60/300 (20%) loss=6849.4845 elapsed=38s eta=152s
  [kd_dual_classaware_fair] [epoch 70/100] batch 90/300 (30%) loss=6963.8921 elapsed=57s eta=133s
  [kd_dual_classaware_fair] [epoch 70/100] batch 120/300 (40%) loss=7043.9080 elapsed=76s eta=114s
  [kd_dual_classaware_fair] [epoch 70/100] batch 150/300 (50%) loss=7053.0179 elapsed=95s eta=95s
  [kd_dual_classaware_fair] [epoch 70/100] batch 180/300 (60%) loss=7025.9999 elapsed=114s eta=76s
  [kd_dual_classaware_fair] [epoch 70/100] batch 210/300 (70%) loss=7045.7965 elapsed=132s eta=57s
  [kd_dual_classaware_fair] [epoch 70/100] batch 240/300 (80%) loss=7078.8535 elapsed=151s eta=38s
  [kd_dual_classaware_fair] [epoch 70/100] batch 270/300 (90%) loss=7053.1985 elapsed=170s eta=19s
  [kd_dual_classaware_fair] [epoch 70/100] batch 300/300 (100%) loss=7084.9668 elapsed=189s eta=0s
[kd_dual_classaware_fair] [sampler] sampled: {0: 400, 1: 400, 2: 400} total=1200 spalling_ratio=24.33%
[kd_dual_classaware_fair] [sampler] unique: {0: 400, 1: 400, 2: 400} unique_total=1200 dup_ratio=1.00x
[kd_dual_classaware_fair] [epoch 070/100] remain=30 epochs ep_eta=96.4min (avg 193s/ep)
[kd_dual_classaware_fair] [epoch 070/100] lr=0.000014  dt=198.0s
  train loss=7084.9668  ce=0.0844 dice=0.1800  tversky=0.0000 bd=0.0000  cldice=0.0000 snake=0.0000
  val   loss=0.2346
  IoU   bg=0.9769  crack=0.5774  spalling=0.8087  | mIoU_fg=0.6930  pix_acc=0.9775
  Dice  bg=0.9883  crack=0.7321  spalling=0.8942
  BF1   crack=0.7457  spalling=0.6563  | BF1_fg_mean=0.7010
  [kd_dual_classaware_fair] [best] mIoU_fg=0.6930  saved -> best.pt
[kd_dual_classaware_fair] [curriculum] epoch 71: stage=2 tiers=[0, 1, 2] pool={0: 400, 1: 400, 2: 400}
  [kd_dual_classaware_fair] [epoch 71/100] batch 30/300 (10%) loss=6712.2094 elapsed=19s eta=174s
  [kd_dual_classaware_fair] [epoch 71/100] batch 60/300 (20%) loss=6727.0103 elapsed=38s eta=153s
  [kd_dual_classaware_fair] [epoch 71/100] batch 90/300 (30%) loss=6783.5176 elapsed=57s eta=133s
  [kd_dual_classaware_fair] [epoch 71/100] batch 120/300 (40%) loss=6892.6716 elapsed=75s eta=113s
  [kd_dual_classaware_fair] [epoch 71/100] batch 150/300 (50%) loss=6966.0208 elapsed=94s eta=94s
  [kd_dual_classaware_fair] [epoch 71/100] batch 180/300 (60%) loss=7057.0078 elapsed=113s eta=75s
  [kd_dual_classaware_fair] [epoch 71/100] batch 210/300 (70%) loss=7127.6608 elapsed=132s eta=56s
  [kd_dual_classaware_fair] [epoch 71/100] batch 240/300 (80%) loss=7108.4063 elapsed=151s eta=38s
  [kd_dual_classaware_fair] [epoch 71/100] batch 270/300 (90%) loss=7108.1281 elapsed=169s eta=19s
  [kd_dual_classaware_fair] [epoch 71/100] batch 300/300 (100%) loss=7068.8722 elapsed=188s eta=0s
[kd_dual_classaware_fair] [sampler] sampled: {0: 400, 1: 400, 2: 400} total=1200 spalling_ratio=24.33%
[kd_dual_classaware_fair] [sampler] unique: {0: 400, 1: 400, 2: 400} unique_total=1200 dup_ratio=1.00x
[kd_dual_classaware_fair] [epoch 071/100] remain=29 epochs ep_eta=93.2min (avg 193s/ep)
[kd_dual_classaware_fair] [epoch 071/100] lr=0.000013  dt=187.8s
  train loss=7068.8722  ce=0.0846 dice=0.1810  tversky=0.0000 bd=0.0000  cldice=0.0000 snake=0.0000
  val   skipped (next val at epoch 75)
[kd_dual_classaware_fair] [curriculum] epoch 72: stage=2 tiers=[0, 1, 2] pool={0: 400, 1: 400, 2: 400}
  [kd_dual_classaware_fair] [epoch 72/100] batch 30/300 (10%) loss=7023.4758 elapsed=19s eta=173s
  [kd_dual_classaware_fair] [epoch 72/100] batch 60/300 (20%) loss=6867.1585 elapsed=38s eta=152s
  [kd_dual_classaware_fair] [epoch 72/100] batch 90/300 (30%) loss=6974.3673 elapsed=57s eta=132s
  [kd_dual_classaware_fair] [epoch 72/100] batch 120/300 (40%) loss=7087.7075 elapsed=75s eta=113s
  [kd_dual_classaware_fair] [epoch 72/100] batch 150/300 (50%) loss=7176.1430 elapsed=94s eta=94s
  [kd_dual_classaware_fair] [epoch 72/100] batch 180/300 (60%) loss=7136.3150 elapsed=112s eta=75s
  [kd_dual_classaware_fair] [epoch 72/100] batch 210/300 (70%) loss=7130.1701 elapsed=131s eta=56s
  [kd_dual_classaware_fair] [epoch 72/100] batch 240/300 (80%) loss=7143.4447 elapsed=149s eta=37s
  [kd_dual_classaware_fair] [epoch 72/100] batch 270/300 (90%) loss=7144.2609 elapsed=168s eta=19s
  [kd_dual_classaware_fair] [epoch 72/100] batch 300/300 (100%) loss=7088.2453 elapsed=187s eta=0s
[kd_dual_classaware_fair] [sampler] sampled: {0: 400, 1: 400, 2: 400} total=1200 spalling_ratio=24.33%
[kd_dual_classaware_fair] [sampler] unique: {0: 400, 1: 400, 2: 400} unique_total=1200 dup_ratio=1.00x
[kd_dual_classaware_fair] [epoch 072/100] remain=28 epochs ep_eta=89.9min (avg 193s/ep)
[kd_dual_classaware_fair] [epoch 072/100] lr=0.000012  dt=186.9s
  train loss=7088.2453  ce=0.0846 dice=0.1791  tversky=0.0000 bd=0.0000  cldice=0.0000 snake=0.0000
  val   skipped (next val at epoch 75)
[kd_dual_classaware_fair] [curriculum] epoch 73: stage=2 tiers=[0, 1, 2] pool={0: 400, 1: 400, 2: 400}
  [kd_dual_classaware_fair] [epoch 73/100] batch 30/300 (10%) loss=6932.8283 elapsed=19s eta=172s
  [kd_dual_classaware_fair] [epoch 73/100] batch 60/300 (20%) loss=6965.3909 elapsed=38s eta=151s
  [kd_dual_classaware_fair] [epoch 73/100] batch 90/300 (30%) loss=6890.3814 elapsed=56s eta=131s
  [kd_dual_classaware_fair] [epoch 73/100] batch 120/300 (40%) loss=6909.8971 elapsed=75s eta=112s
  [kd_dual_classaware_fair] [epoch 73/100] batch 150/300 (50%) loss=6993.0917 elapsed=94s eta=94s
  [kd_dual_classaware_fair] [epoch 73/100] batch 180/300 (60%) loss=7044.6711 elapsed=112s eta=75s
  [kd_dual_classaware_fair] [epoch 73/100] batch 210/300 (70%) loss=7059.1111 elapsed=131s eta=56s
  [kd_dual_classaware_fair] [epoch 73/100] batch 240/300 (80%) loss=7102.0387 elapsed=150s eta=38s
  [kd_dual_classaware_fair] [epoch 73/100] batch 270/300 (90%) loss=7067.0440 elapsed=169s eta=19s
  [kd_dual_classaware_fair] [epoch 73/100] batch 300/300 (100%) loss=7025.8640 elapsed=187s eta=0s
[kd_dual_classaware_fair] [sampler] sampled: {0: 400, 1: 400, 2: 400} total=1200 spalling_ratio=24.33%
[kd_dual_classaware_fair] [sampler] unique: {0: 400, 1: 400, 2: 400} unique_total=1200 dup_ratio=1.00x
[kd_dual_classaware_fair] [epoch 073/100] remain=27 epochs ep_eta=86.7min (avg 193s/ep)
[kd_dual_classaware_fair] [epoch 073/100] lr=0.000011  dt=187.6s
  train loss=7025.8640  ce=0.0843 dice=0.1823  tversky=0.0000 bd=0.0000  cldice=0.0000 snake=0.0000
  val   skipped (next val at epoch 75)
[kd_dual_classaware_fair] [curriculum] epoch 74: stage=2 tiers=[0, 1, 2] pool={0: 400, 1: 400, 2: 400}
  [kd_dual_classaware_fair] [epoch 74/100] batch 30/300 (10%) loss=6717.0501 elapsed=19s eta=172s
  [kd_dual_classaware_fair] [epoch 74/100] batch 60/300 (20%) loss=6926.7341 elapsed=38s eta=150s
  [kd_dual_classaware_fair] [epoch 74/100] batch 90/300 (30%) loss=6938.0786 elapsed=56s eta=131s
  [kd_dual_classaware_fair] [epoch 74/100] batch 120/300 (40%) loss=7109.7988 elapsed=75s eta=112s
  [kd_dual_classaware_fair] [epoch 74/100] batch 150/300 (50%) loss=7024.9879 elapsed=93s eta=93s
  [kd_dual_classaware_fair] [epoch 74/100] batch 180/300 (60%) loss=6978.1671 elapsed=112s eta=75s
  [kd_dual_classaware_fair] [epoch 74/100] batch 210/300 (70%) loss=6940.0866 elapsed=131s eta=56s
  [kd_dual_classaware_fair] [epoch 74/100] batch 240/300 (80%) loss=6967.7639 elapsed=149s eta=37s
  [kd_dual_classaware_fair] [epoch 74/100] batch 270/300 (90%) loss=6994.2644 elapsed=168s eta=19s
  [kd_dual_classaware_fair] [epoch 74/100] batch 300/300 (100%) loss=6967.6232 elapsed=186s eta=0s
[kd_dual_classaware_fair] [sampler] sampled: {0: 400, 1: 400, 2: 400} total=1200 spalling_ratio=24.33%
[kd_dual_classaware_fair] [sampler] unique: {0: 400, 1: 400, 2: 400} unique_total=1200 dup_ratio=1.00x
[kd_dual_classaware_fair] [epoch 074/100] remain=26 epochs ep_eta=83.5min (avg 193s/ep)
[kd_dual_classaware_fair] [epoch 074/100] lr=0.000010  dt=186.7s
  train loss=6967.6232  ce=0.0840 dice=0.1789  tversky=0.0000 bd=0.0000  cldice=0.0000 snake=0.0000
  val   skipped (next val at epoch 75)
[kd_dual_classaware_fair] [curriculum] epoch 75: stage=2 tiers=[0, 1, 2] pool={0: 400, 1: 400, 2: 400}
  [kd_dual_classaware_fair] [epoch 75/100] batch 30/300 (10%) loss=6774.9935 elapsed=19s eta=174s
  [kd_dual_classaware_fair] [epoch 75/100] batch 60/300 (20%) loss=7046.9422 elapsed=38s eta=152s
  [kd_dual_classaware_fair] [epoch 75/100] batch 90/300 (30%) loss=6927.4395 elapsed=57s eta=132s
  [kd_dual_classaware_fair] [epoch 75/100] batch 120/300 (40%) loss=6820.5408 elapsed=75s eta=112s
  [kd_dual_classaware_fair] [epoch 75/100] batch 150/300 (50%) loss=6899.4536 elapsed=93s eta=93s
  [kd_dual_classaware_fair] [epoch 75/100] batch 180/300 (60%) loss=6950.6628 elapsed=112s eta=75s
  [kd_dual_classaware_fair] [epoch 75/100] batch 210/300 (70%) loss=6998.4249 elapsed=131s eta=56s
  [kd_dual_classaware_fair] [epoch 75/100] batch 240/300 (80%) loss=7028.9211 elapsed=150s eta=37s
  [kd_dual_classaware_fair] [epoch 75/100] batch 270/300 (90%) loss=7047.0200 elapsed=168s eta=19s
  [kd_dual_classaware_fair] [epoch 75/100] batch 300/300 (100%) loss=6983.0495 elapsed=187s eta=0s
[kd_dual_classaware_fair] [sampler] sampled: {0: 400, 1: 400, 2: 400} total=1200 spalling_ratio=24.33%
[kd_dual_classaware_fair] [sampler] unique: {0: 400, 1: 400, 2: 400} unique_total=1200 dup_ratio=1.00x
[kd_dual_classaware_fair] [epoch 075/100] remain=25 epochs ep_eta=80.3min (avg 193s/ep)
[kd_dual_classaware_fair] [epoch 075/100] lr=0.000010  dt=196.0s
  train loss=6983.0495  ce=0.0840 dice=0.1796  tversky=0.0000 bd=0.0000  cldice=0.0000 snake=0.0000
  val   loss=0.2301
  IoU   bg=0.9771  crack=0.5808  spalling=0.7959  | mIoU_fg=0.6883  pix_acc=0.9775
  Dice  bg=0.9884  crack=0.7348  spalling=0.8863
  BF1   crack=0.7552  spalling=0.6650  | BF1_fg_mean=0.7101
[kd_dual_classaware_fair] [curriculum] epoch 76: stage=2 tiers=[0, 1, 2] pool={0: 400, 1: 400, 2: 400}
  [kd_dual_classaware_fair] [epoch 76/100] batch 30/300 (10%) loss=6431.0334 elapsed=19s eta=173s
  [kd_dual_classaware_fair] [epoch 76/100] batch 60/300 (20%) loss=6714.5491 elapsed=38s eta=151s
  [kd_dual_classaware_fair] [epoch 76/100] batch 90/300 (30%) loss=6786.6626 elapsed=56s eta=132s
  [kd_dual_classaware_fair] [epoch 76/100] batch 120/300 (40%) loss=6853.4730 elapsed=75s eta=112s
  [kd_dual_classaware_fair] [epoch 76/100] batch 150/300 (50%) loss=6818.3820 elapsed=94s eta=94s
  [kd_dual_classaware_fair] [epoch 76/100] batch 180/300 (60%) loss=6789.4127 elapsed=112s eta=75s
  [kd_dual_classaware_fair] [epoch 76/100] batch 210/300 (70%) loss=6828.4700 elapsed=131s eta=56s
  [kd_dual_classaware_fair] [epoch 76/100] batch 240/300 (80%) loss=6788.2527 elapsed=150s eta=37s
  [kd_dual_classaware_fair] [epoch 76/100] batch 270/300 (90%) loss=6779.0218 elapsed=168s eta=19s
  [kd_dual_classaware_fair] [epoch 76/100] batch 300/300 (100%) loss=6759.8616 elapsed=187s eta=0s
[kd_dual_classaware_fair] [sampler] sampled: {0: 400, 1: 400, 2: 400} total=1200 spalling_ratio=24.33%
[kd_dual_classaware_fair] [sampler] unique: {0: 400, 1: 400, 2: 400} unique_total=1200 dup_ratio=1.00x
[kd_dual_classaware_fair] [epoch 076/100] remain=24 epochs ep_eta=77.1min (avg 193s/ep)
[kd_dual_classaware_fair] [epoch 076/100] lr=0.000009  dt=187.0s
  train loss=6759.8616  ce=0.0828 dice=0.1781  tversky=0.0000 bd=0.0000  cldice=0.0000 snake=0.0000
  val   skipped (next val at epoch 80)
[kd_dual_classaware_fair] [curriculum] epoch 77: stage=2 tiers=[0, 1, 2] pool={0: 400, 1: 400, 2: 400}
  [kd_dual_classaware_fair] [epoch 77/100] batch 30/300 (10%) loss=7164.5246 elapsed=19s eta=174s
  [kd_dual_classaware_fair] [epoch 77/100] batch 60/300 (20%) loss=6904.4729 elapsed=38s eta=153s
  [kd_dual_classaware_fair] [epoch 77/100] batch 90/300 (30%) loss=6982.1084 elapsed=57s eta=133s
  [kd_dual_classaware_fair] [epoch 77/100] batch 120/300 (40%) loss=6920.3325 elapsed=75s eta=113s
  [kd_dual_classaware_fair] [epoch 77/100] batch 150/300 (50%) loss=6940.8442 elapsed=94s eta=94s
  [kd_dual_classaware_fair] [epoch 77/100] batch 180/300 (60%) loss=6837.0626 elapsed=112s eta=75s
  [kd_dual_classaware_fair] [epoch 77/100] batch 210/300 (70%) loss=6811.3873 elapsed=131s eta=56s
  [kd_dual_classaware_fair] [epoch 77/100] batch 240/300 (80%) loss=6814.1316 elapsed=149s eta=37s
  [kd_dual_classaware_fair] [epoch 77/100] batch 270/300 (90%) loss=6838.7225 elapsed=168s eta=19s
  [kd_dual_classaware_fair] [epoch 77/100] batch 300/300 (100%) loss=6842.5318 elapsed=187s eta=0s
[kd_dual_classaware_fair] [sampler] sampled: {0: 400, 1: 400, 2: 400} total=1200 spalling_ratio=24.33%
[kd_dual_classaware_fair] [sampler] unique: {0: 400, 1: 400, 2: 400} unique_total=1200 dup_ratio=1.00x
[kd_dual_classaware_fair] [epoch 077/100] remain=23 epochs ep_eta=73.8min (avg 193s/ep)
[kd_dual_classaware_fair] [epoch 077/100] lr=0.000008  dt=187.3s
  train loss=6842.5318  ce=0.0834 dice=0.1787  tversky=0.0000 bd=0.0000  cldice=0.0000 snake=0.0000
  val   skipped (next val at epoch 80)
[kd_dual_classaware_fair] [curriculum] epoch 78: stage=2 tiers=[0, 1, 2] pool={0: 400, 1: 400, 2: 400}
  [kd_dual_classaware_fair] [epoch 78/100] batch 30/300 (10%) loss=6810.9036 elapsed=19s eta=174s
  [kd_dual_classaware_fair] [epoch 78/100] batch 60/300 (20%) loss=6913.0225 elapsed=38s eta=152s
  [kd_dual_classaware_fair] [epoch 78/100] batch 90/300 (30%) loss=6870.0244 elapsed=57s eta=132s
  [kd_dual_classaware_fair] [epoch 78/100] batch 120/300 (40%) loss=6903.7774 elapsed=75s eta=113s
  [kd_dual_classaware_fair] [epoch 78/100] batch 150/300 (50%) loss=6833.5537 elapsed=94s eta=94s
  [kd_dual_classaware_fair] [epoch 78/100] batch 180/300 (60%) loss=6838.5414 elapsed=113s eta=75s
  [kd_dual_classaware_fair] [epoch 78/100] batch 210/300 (70%) loss=6808.1304 elapsed=131s eta=56s
  [kd_dual_classaware_fair] [epoch 78/100] batch 240/300 (80%) loss=6793.6279 elapsed=150s eta=37s
  [kd_dual_classaware_fair] [epoch 78/100] batch 270/300 (90%) loss=6796.8213 elapsed=168s eta=19s
  [kd_dual_classaware_fair] [epoch 78/100] batch 300/300 (100%) loss=6801.0593 elapsed=187s eta=0s
[kd_dual_classaware_fair] [sampler] sampled: {0: 400, 1: 400, 2: 400} total=1200 spalling_ratio=24.33%
[kd_dual_classaware_fair] [sampler] unique: {0: 400, 1: 400, 2: 400} unique_total=1200 dup_ratio=1.00x
[kd_dual_classaware_fair] [epoch 078/100] remain=22 epochs ep_eta=70.6min (avg 193s/ep)
[kd_dual_classaware_fair] [epoch 078/100] lr=0.000008  dt=186.9s
  train loss=6801.0593  ce=0.0833 dice=0.1774  tversky=0.0000 bd=0.0000  cldice=0.0000 snake=0.0000
  val   skipped (next val at epoch 80)
[kd_dual_classaware_fair] [curriculum] epoch 79: stage=2 tiers=[0, 1, 2] pool={0: 400, 1: 400, 2: 400}
  [kd_dual_classaware_fair] [epoch 79/100] batch 30/300 (10%) loss=7119.6302 elapsed=19s eta=173s
  [kd_dual_classaware_fair] [epoch 79/100] batch 60/300 (20%) loss=7014.9135 elapsed=38s eta=153s
  [kd_dual_classaware_fair] [epoch 79/100] batch 90/300 (30%) loss=6982.0203 elapsed=57s eta=132s
  [kd_dual_classaware_fair] [epoch 79/100] batch 120/300 (40%) loss=6911.6759 elapsed=75s eta=113s
  [kd_dual_classaware_fair] [epoch 79/100] batch 150/300 (50%) loss=6887.3077 elapsed=94s eta=94s
  [kd_dual_classaware_fair] [epoch 79/100] batch 180/300 (60%) loss=6901.9389 elapsed=112s eta=75s
  [kd_dual_classaware_fair] [epoch 79/100] batch 210/300 (70%) loss=6854.2492 elapsed=131s eta=56s
  [kd_dual_classaware_fair] [epoch 79/100] batch 240/300 (80%) loss=6797.2839 elapsed=149s eta=37s
  [kd_dual_classaware_fair] [epoch 79/100] batch 270/300 (90%) loss=6735.7610 elapsed=168s eta=19s
  [kd_dual_classaware_fair] [epoch 79/100] batch 300/300 (100%) loss=6730.6971 elapsed=186s eta=0s
[kd_dual_classaware_fair] [sampler] sampled: {0: 400, 1: 400, 2: 400} total=1200 spalling_ratio=24.33%
[kd_dual_classaware_fair] [sampler] unique: {0: 400, 1: 400, 2: 400} unique_total=1200 dup_ratio=1.00x
[kd_dual_classaware_fair] [epoch 079/100] remain=21 epochs ep_eta=67.4min (avg 192s/ep)
[kd_dual_classaware_fair] [epoch 079/100] lr=0.000007  dt=186.5s
  train loss=6730.6971  ce=0.0829 dice=0.1796  tversky=0.0000 bd=0.0000  cldice=0.0000 snake=0.0000
  val   skipped (next val at epoch 80)
[kd_dual_classaware_fair] [curriculum] epoch 80: stage=2 tiers=[0, 1, 2] pool={0: 400, 1: 400, 2: 400}
  [kd_dual_classaware_fair] [epoch 80/100] batch 30/300 (10%) loss=6170.4953 elapsed=19s eta=172s
  [kd_dual_classaware_fair] [epoch 80/100] batch 60/300 (20%) loss=6558.0481 elapsed=38s eta=151s
  [kd_dual_classaware_fair] [epoch 80/100] batch 90/300 (30%) loss=6631.9853 elapsed=56s eta=131s
  [kd_dual_classaware_fair] [epoch 80/100] batch 120/300 (40%) loss=6700.2245 elapsed=75s eta=112s
  [kd_dual_classaware_fair] [epoch 80/100] batch 150/300 (50%) loss=6720.3852 elapsed=94s eta=94s
  [kd_dual_classaware_fair] [epoch 80/100] batch 180/300 (60%) loss=6717.2092 elapsed=112s eta=75s
  [kd_dual_classaware_fair] [epoch 80/100] batch 210/300 (70%) loss=6760.0096 elapsed=131s eta=56s
  [kd_dual_classaware_fair] [epoch 80/100] batch 240/300 (80%) loss=6791.5624 elapsed=150s eta=37s
  [kd_dual_classaware_fair] [epoch 80/100] batch 270/300 (90%) loss=6770.4255 elapsed=168s eta=19s
  [kd_dual_classaware_fair] [epoch 80/100] batch 300/300 (100%) loss=6756.0259 elapsed=187s eta=0s
[kd_dual_classaware_fair] [sampler] sampled: {0: 400, 1: 400, 2: 400} total=1200 spalling_ratio=24.33%
[kd_dual_classaware_fair] [sampler] unique: {0: 400, 1: 400, 2: 400} unique_total=1200 dup_ratio=1.00x
[kd_dual_classaware_fair] [epoch 080/100] remain=20 epochs ep_eta=64.2min (avg 193s/ep)
[kd_dual_classaware_fair] [epoch 080/100] lr=0.000006  dt=196.4s
  train loss=6756.0259  ce=0.0828 dice=0.1806  tversky=0.0000 bd=0.0000  cldice=0.0000 snake=0.0000
  val   loss=0.2342
  IoU   bg=0.9770  crack=0.5800  spalling=0.7891  | mIoU_fg=0.6845  pix_acc=0.9774
  Dice  bg=0.9884  crack=0.7342  spalling=0.8821
  BF1   crack=0.7540  spalling=0.6355  | BF1_fg_mean=0.6948
[kd_dual_classaware_fair] [curriculum] epoch 81: stage=2 tiers=[0, 1, 2] pool={0: 400, 1: 400, 2: 400}
  [kd_dual_classaware_fair] [epoch 81/100] batch 30/300 (10%) loss=6568.8873 elapsed=19s eta=174s
  [kd_dual_classaware_fair] [epoch 81/100] batch 60/300 (20%) loss=6703.8382 elapsed=38s eta=151s
  [kd_dual_classaware_fair] [epoch 81/100] batch 90/300 (30%) loss=6674.3657 elapsed=56s eta=131s
  [kd_dual_classaware_fair] [epoch 81/100] batch 120/300 (40%) loss=6712.3003 elapsed=75s eta=112s
  [kd_dual_classaware_fair] [epoch 81/100] batch 150/300 (50%) loss=6666.1020 elapsed=93s eta=93s
  [kd_dual_classaware_fair] [epoch 81/100] batch 180/300 (60%) loss=6730.9566 elapsed=112s eta=75s
  [kd_dual_classaware_fair] [epoch 81/100] batch 210/300 (70%) loss=6720.3613 elapsed=131s eta=56s
  [kd_dual_classaware_fair] [epoch 81/100] batch 240/300 (80%) loss=6767.1659 elapsed=149s eta=37s
  [kd_dual_classaware_fair] [epoch 81/100] batch 270/300 (90%) loss=6767.7310 elapsed=168s eta=19s
  [kd_dual_classaware_fair] [epoch 81/100] batch 300/300 (100%) loss=6763.8720 elapsed=186s eta=0s
[kd_dual_classaware_fair] [sampler] sampled: {0: 400, 1: 400, 2: 400} total=1200 spalling_ratio=24.33%
[kd_dual_classaware_fair] [sampler] unique: {0: 400, 1: 400, 2: 400} unique_total=1200 dup_ratio=1.00x
[kd_dual_classaware_fair] [epoch 081/100] remain=19 epochs ep_eta=61.0min (avg 193s/ep)
[kd_dual_classaware_fair] [epoch 081/100] lr=0.000006  dt=186.7s
  train loss=6763.8720  ce=0.0831 dice=0.1759  tversky=0.0000 bd=0.0000  cldice=0.0000 snake=0.0000
  val   skipped (next val at epoch 85)
[kd_dual_classaware_fair] [curriculum] epoch 82: stage=2 tiers=[0, 1, 2] pool={0: 400, 1: 400, 2: 400}
  [kd_dual_classaware_fair] [epoch 82/100] batch 30/300 (10%) loss=6420.8012 elapsed=19s eta=173s
  [kd_dual_classaware_fair] [epoch 82/100] batch 60/300 (20%) loss=6530.3505 elapsed=38s eta=152s
  [kd_dual_classaware_fair] [epoch 82/100] batch 90/300 (30%) loss=6536.1679 elapsed=56s eta=131s
  [kd_dual_classaware_fair] [epoch 82/100] batch 120/300 (40%) loss=6563.1154 elapsed=75s eta=112s
  [kd_dual_classaware_fair] [epoch 82/100] batch 150/300 (50%) loss=6517.1677 elapsed=94s eta=94s
  [kd_dual_classaware_fair] [epoch 82/100] batch 180/300 (60%) loss=6616.8517 elapsed=112s eta=75s
  [kd_dual_classaware_fair] [epoch 82/100] batch 210/300 (70%) loss=6738.4191 elapsed=131s eta=56s
  [kd_dual_classaware_fair] [epoch 82/100] batch 240/300 (80%) loss=6686.8480 elapsed=150s eta=37s
  [kd_dual_classaware_fair] [epoch 82/100] batch 270/300 (90%) loss=6696.3340 elapsed=168s eta=19s
  [kd_dual_classaware_fair] [epoch 82/100] batch 300/300 (100%) loss=6675.5548 elapsed=187s eta=0s
[kd_dual_classaware_fair] [sampler] sampled: {0: 400, 1: 400, 2: 400} total=1200 spalling_ratio=24.33%
[kd_dual_classaware_fair] [sampler] unique: {0: 400, 1: 400, 2: 400} unique_total=1200 dup_ratio=1.00x
[kd_dual_classaware_fair] [epoch 082/100] remain=18 epochs ep_eta=57.7min (avg 192s/ep)
[kd_dual_classaware_fair] [epoch 082/100] lr=0.000005  dt=187.1s
  train loss=6675.5548  ce=0.0828 dice=0.1811  tversky=0.0000 bd=0.0000  cldice=0.0000 snake=0.0000
  val   skipped (next val at epoch 85)
[kd_dual_classaware_fair] [curriculum] epoch 83: stage=2 tiers=[0, 1, 2] pool={0: 400, 1: 400, 2: 400}
  [kd_dual_classaware_fair] [epoch 83/100] batch 30/300 (10%) loss=6393.4173 elapsed=20s eta=177s
  [kd_dual_classaware_fair] [epoch 83/100] batch 60/300 (20%) loss=6581.3533 elapsed=38s eta=153s
  [kd_dual_classaware_fair] [epoch 83/100] batch 90/300 (30%) loss=6671.3874 elapsed=57s eta=133s
  [kd_dual_classaware_fair] [epoch 83/100] batch 120/300 (40%) loss=6691.8426 elapsed=76s eta=114s
  [kd_dual_classaware_fair] [epoch 83/100] batch 150/300 (50%) loss=6625.7197 elapsed=95s eta=95s
  [kd_dual_classaware_fair] [epoch 83/100] batch 180/300 (60%) loss=6730.5219 elapsed=114s eta=76s
  [kd_dual_classaware_fair] [epoch 83/100] batch 210/300 (70%) loss=6721.5332 elapsed=132s eta=57s
  [kd_dual_classaware_fair] [epoch 83/100] batch 240/300 (80%) loss=6698.6733 elapsed=151s eta=38s
  [kd_dual_classaware_fair] [epoch 83/100] batch 270/300 (90%) loss=6673.7959 elapsed=170s eta=19s
  [kd_dual_classaware_fair] [epoch 83/100] batch 300/300 (100%) loss=6630.7565 elapsed=188s eta=0s
[kd_dual_classaware_fair] [sampler] sampled: {0: 400, 1: 400, 2: 400} total=1200 spalling_ratio=24.33%
[kd_dual_classaware_fair] [sampler] unique: {0: 400, 1: 400, 2: 400} unique_total=1200 dup_ratio=1.00x
[kd_dual_classaware_fair] [epoch 083/100] remain=17 epochs ep_eta=54.5min (avg 192s/ep)
[kd_dual_classaware_fair] [epoch 083/100] lr=0.000005  dt=188.7s
  train loss=6630.7565  ce=0.0823 dice=0.1794  tversky=0.0000 bd=0.0000  cldice=0.0000 snake=0.0000
  val   skipped (next val at epoch 85)
[kd_dual_classaware_fair] [curriculum] epoch 84: stage=2 tiers=[0, 1, 2] pool={0: 400, 1: 400, 2: 400}
  [kd_dual_classaware_fair] [epoch 84/100] batch 30/300 (10%) loss=6741.6499 elapsed=19s eta=174s
  [kd_dual_classaware_fair] [epoch 84/100] batch 60/300 (20%) loss=6601.8089 elapsed=38s eta=152s
  [kd_dual_classaware_fair] [epoch 84/100] batch 90/300 (30%) loss=6672.9741 elapsed=56s eta=132s
  [kd_dual_classaware_fair] [epoch 84/100] batch 120/300 (40%) loss=6667.0637 elapsed=75s eta=113s
  [kd_dual_classaware_fair] [epoch 84/100] batch 150/300 (50%) loss=6764.7976 elapsed=94s eta=94s
  [kd_dual_classaware_fair] [epoch 84/100] batch 180/300 (60%) loss=6766.4546 elapsed=113s eta=75s
  [kd_dual_classaware_fair] [epoch 84/100] batch 210/300 (70%) loss=6713.4606 elapsed=131s eta=56s
  [kd_dual_classaware_fair] [epoch 84/100] batch 240/300 (80%) loss=6698.1435 elapsed=150s eta=37s
  [kd_dual_classaware_fair] [epoch 84/100] batch 270/300 (90%) loss=6682.1326 elapsed=168s eta=19s
  [kd_dual_classaware_fair] [epoch 84/100] batch 300/300 (100%) loss=6639.6959 elapsed=187s eta=0s
[kd_dual_classaware_fair] [sampler] sampled: {0: 400, 1: 400, 2: 400} total=1200 spalling_ratio=24.33%
[kd_dual_classaware_fair] [sampler] unique: {0: 400, 1: 400, 2: 400} unique_total=1200 dup_ratio=1.00x
[kd_dual_classaware_fair] [epoch 084/100] remain=16 epochs ep_eta=51.3min (avg 192s/ep)
[kd_dual_classaware_fair] [epoch 084/100] lr=0.000004  dt=186.9s
  train loss=6639.6959  ce=0.0827 dice=0.1779  tversky=0.0000 bd=0.0000  cldice=0.0000 snake=0.0000
  val   skipped (next val at epoch 85)
[kd_dual_classaware_fair] [curriculum] epoch 85: stage=2 tiers=[0, 1, 2] pool={0: 400, 1: 400, 2: 400}
  [kd_dual_classaware_fair] [epoch 85/100] batch 30/300 (10%) loss=6716.6995 elapsed=19s eta=175s
  [kd_dual_classaware_fair] [epoch 85/100] batch 60/300 (20%) loss=6774.0421 elapsed=38s eta=152s
  [kd_dual_classaware_fair] [epoch 85/100] batch 90/300 (30%) loss=6655.7829 elapsed=57s eta=132s
  [kd_dual_classaware_fair] [epoch 85/100] batch 120/300 (40%) loss=6679.5764 elapsed=75s eta=113s
  [kd_dual_classaware_fair] [epoch 85/100] batch 150/300 (50%) loss=6750.6943 elapsed=94s eta=94s
  [kd_dual_classaware_fair] [epoch 85/100] batch 180/300 (60%) loss=6787.4900 elapsed=112s eta=75s
  [kd_dual_classaware_fair] [epoch 85/100] batch 210/300 (70%) loss=6751.4797 elapsed=131s eta=56s
  [kd_dual_classaware_fair] [epoch 85/100] batch 240/300 (80%) loss=6654.9354 elapsed=150s eta=37s
  [kd_dual_classaware_fair] [epoch 85/100] batch 270/300 (90%) loss=6585.3880 elapsed=168s eta=19s
  [kd_dual_classaware_fair] [epoch 85/100] batch 300/300 (100%) loss=6545.0417 elapsed=187s eta=0s
[kd_dual_classaware_fair] [sampler] sampled: {0: 400, 1: 400, 2: 400} total=1200 spalling_ratio=24.33%
[kd_dual_classaware_fair] [sampler] unique: {0: 400, 1: 400, 2: 400} unique_total=1200 dup_ratio=1.00x
[kd_dual_classaware_fair] [epoch 085/100] remain=15 epochs ep_eta=48.1min (avg 192s/ep)
[kd_dual_classaware_fair] [epoch 085/100] lr=0.000004  dt=196.4s
  train loss=6545.0417  ce=0.0821 dice=0.1768  tversky=0.0000 bd=0.0000  cldice=0.0000 snake=0.0000
  val   loss=0.2377
  IoU   bg=0.9772  crack=0.5828  spalling=0.7890  | mIoU_fg=0.6859  pix_acc=0.9776
  Dice  bg=0.9885  crack=0.7364  spalling=0.8821
  BF1   crack=0.7569  spalling=0.6382  | BF1_fg_mean=0.6976
[kd_dual_classaware_fair] [curriculum] epoch 86: stage=2 tiers=[0, 1, 2] pool={0: 400, 1: 400, 2: 400}
  [kd_dual_classaware_fair] [epoch 86/100] batch 30/300 (10%) loss=6294.5845 elapsed=19s eta=172s
  [kd_dual_classaware_fair] [epoch 86/100] batch 60/300 (20%) loss=6449.7106 elapsed=38s eta=150s
  [kd_dual_classaware_fair] [epoch 86/100] batch 90/300 (30%) loss=6355.0561 elapsed=56s eta=131s
  [kd_dual_classaware_fair] [epoch 86/100] batch 120/300 (40%) loss=6580.7419 elapsed=75s eta=112s
  [kd_dual_classaware_fair] [epoch 86/100] batch 150/300 (50%) loss=6488.2878 elapsed=93s eta=93s
  [kd_dual_classaware_fair] [epoch 86/100] batch 180/300 (60%) loss=6451.8865 elapsed=112s eta=75s
  [kd_dual_classaware_fair] [epoch 86/100] batch 210/300 (70%) loss=6609.6816 elapsed=130s eta=56s
  [kd_dual_classaware_fair] [epoch 86/100] batch 240/300 (80%) loss=6559.3294 elapsed=149s eta=37s
  [kd_dual_classaware_fair] [epoch 86/100] batch 270/300 (90%) loss=6546.6459 elapsed=168s eta=19s
  [kd_dual_classaware_fair] [epoch 86/100] batch 300/300 (100%) loss=6602.2197 elapsed=186s eta=0s
[kd_dual_classaware_fair] [sampler] sampled: {0: 400, 1: 400, 2: 400} total=1200 spalling_ratio=24.33%
[kd_dual_classaware_fair] [sampler] unique: {0: 400, 1: 400, 2: 400} unique_total=1200 dup_ratio=1.00x
[kd_dual_classaware_fair] [epoch 086/100] remain=14 epochs ep_eta=44.9min (avg 192s/ep)
[kd_dual_classaware_fair] [epoch 086/100] lr=0.000003  dt=186.3s
  train loss=6602.2197  ce=0.0824 dice=0.1782  tversky=0.0000 bd=0.0000  cldice=0.0000 snake=0.0000
  val   skipped (next val at epoch 90)
[kd_dual_classaware_fair] [curriculum] epoch 87: stage=2 tiers=[0, 1, 2] pool={0: 400, 1: 400, 2: 400}
  [kd_dual_classaware_fair] [epoch 87/100] batch 30/300 (10%) loss=6719.2640 elapsed=19s eta=174s
  [kd_dual_classaware_fair] [epoch 87/100] batch 60/300 (20%) loss=6695.0149 elapsed=38s eta=151s
  [kd_dual_classaware_fair] [epoch 87/100] batch 90/300 (30%) loss=6772.3214 elapsed=56s eta=132s
  [kd_dual_classaware_fair] [epoch 87/100] batch 120/300 (40%) loss=6746.9585 elapsed=75s eta=112s
  [kd_dual_classaware_fair] [epoch 87/100] batch 150/300 (50%) loss=6616.4246 elapsed=93s eta=93s
  [kd_dual_classaware_fair] [epoch 87/100] batch 180/300 (60%) loss=6636.4999 elapsed=112s eta=75s
  [kd_dual_classaware_fair] [epoch 87/100] batch 210/300 (70%) loss=6660.8567 elapsed=131s eta=56s
  [kd_dual_classaware_fair] [epoch 87/100] batch 240/300 (80%) loss=6651.1517 elapsed=149s eta=37s
  [kd_dual_classaware_fair] [epoch 87/100] batch 270/300 (90%) loss=6588.5917 elapsed=168s eta=19s
  [kd_dual_classaware_fair] [epoch 87/100] batch 300/300 (100%) loss=6571.8849 elapsed=186s eta=0s
[kd_dual_classaware_fair] [sampler] sampled: {0: 400, 1: 400, 2: 400} total=1200 spalling_ratio=24.33%
[kd_dual_classaware_fair] [sampler] unique: {0: 400, 1: 400, 2: 400} unique_total=1200 dup_ratio=1.00x
[kd_dual_classaware_fair] [epoch 087/100] remain=13 epochs ep_eta=41.7min (avg 192s/ep)
[kd_dual_classaware_fair] [epoch 087/100] lr=0.000003  dt=186.6s
  train loss=6571.8849  ce=0.0815 dice=0.1728  tversky=0.0000 bd=0.0000  cldice=0.0000 snake=0.0000
  val   skipped (next val at epoch 90)
[kd_dual_classaware_fair] [curriculum] epoch 88: stage=2 tiers=[0, 1, 2] pool={0: 400, 1: 400, 2: 400}
  [kd_dual_classaware_fair] [epoch 88/100] batch 30/300 (10%) loss=6872.4596 elapsed=19s eta=173s
  [kd_dual_classaware_fair] [epoch 88/100] batch 60/300 (20%) loss=6943.4425 elapsed=38s eta=153s
  [kd_dual_classaware_fair] [epoch 88/100] batch 90/300 (30%) loss=6743.5722 elapsed=57s eta=132s
  [kd_dual_classaware_fair] [epoch 88/100] batch 120/300 (40%) loss=6661.4844 elapsed=75s eta=113s
  [kd_dual_classaware_fair] [epoch 88/100] batch 150/300 (50%) loss=6768.7528 elapsed=94s eta=94s
  [kd_dual_classaware_fair] [epoch 88/100] batch 180/300 (60%) loss=6718.0747 elapsed=112s eta=75s
  [kd_dual_classaware_fair] [epoch 88/100] batch 210/300 (70%) loss=6719.1150 elapsed=131s eta=56s
  [kd_dual_classaware_fair] [epoch 88/100] batch 240/300 (80%) loss=6721.7113 elapsed=150s eta=38s
  [kd_dual_classaware_fair] [epoch 88/100] batch 270/300 (90%) loss=6654.1400 elapsed=169s eta=19s
  [kd_dual_classaware_fair] [epoch 88/100] batch 300/300 (100%) loss=6625.2054 elapsed=188s eta=0s
[kd_dual_classaware_fair] [sampler] sampled: {0: 400, 1: 400, 2: 400} total=1200 spalling_ratio=24.33%
[kd_dual_classaware_fair] [sampler] unique: {0: 400, 1: 400, 2: 400} unique_total=1200 dup_ratio=1.00x
[kd_dual_classaware_fair] [epoch 088/100] remain=12 epochs ep_eta=38.5min (avg 192s/ep)
[kd_dual_classaware_fair] [epoch 088/100] lr=0.000002  dt=187.9s
  train loss=6625.2054  ce=0.0821 dice=0.1776  tversky=0.0000 bd=0.0000  cldice=0.0000 snake=0.0000
  val   skipped (next val at epoch 90)
[kd_dual_classaware_fair] [curriculum] epoch 89: stage=2 tiers=[0, 1, 2] pool={0: 400, 1: 400, 2: 400}
  [kd_dual_classaware_fair] [epoch 89/100] batch 30/300 (10%) loss=6997.9906 elapsed=19s eta=173s
  [kd_dual_classaware_fair] [epoch 89/100] batch 60/300 (20%) loss=6762.2334 elapsed=38s eta=151s
  [kd_dual_classaware_fair] [epoch 89/100] batch 90/300 (30%) loss=6621.6261 elapsed=56s eta=131s
  [kd_dual_classaware_fair] [epoch 89/100] batch 120/300 (40%) loss=6593.8308 elapsed=75s eta=112s
  [kd_dual_classaware_fair] [epoch 89/100] batch 150/300 (50%) loss=6503.9968 elapsed=93s eta=93s
  [kd_dual_classaware_fair] [epoch 89/100] batch 180/300 (60%) loss=6567.6291 elapsed=112s eta=75s
  [kd_dual_classaware_fair] [epoch 89/100] batch 210/300 (70%) loss=6603.2172 elapsed=131s eta=56s
  [kd_dual_classaware_fair] [epoch 89/100] batch 240/300 (80%) loss=6649.6260 elapsed=150s eta=37s
  [kd_dual_classaware_fair] [epoch 89/100] batch 270/300 (90%) loss=6625.6965 elapsed=168s eta=19s
  [kd_dual_classaware_fair] [epoch 89/100] batch 300/300 (100%) loss=6591.3866 elapsed=186s eta=0s
[kd_dual_classaware_fair] [sampler] sampled: {0: 400, 1: 400, 2: 400} total=1200 spalling_ratio=24.33%
[kd_dual_classaware_fair] [sampler] unique: {0: 400, 1: 400, 2: 400} unique_total=1200 dup_ratio=1.00x
[kd_dual_classaware_fair] [epoch 089/100] remain=11 epochs ep_eta=35.3min (avg 192s/ep)
[kd_dual_classaware_fair] [epoch 089/100] lr=0.000002  dt=186.7s
  train loss=6591.3866  ce=0.0816 dice=0.1757  tversky=0.0000 bd=0.0000  cldice=0.0000 snake=0.0000
  val   skipped (next val at epoch 90)
[kd_dual_classaware_fair] [curriculum] epoch 90: stage=2 tiers=[0, 1, 2] pool={0: 400, 1: 400, 2: 400}
  [kd_dual_classaware_fair] [epoch 90/100] batch 30/300 (10%) loss=6568.3177 elapsed=19s eta=173s
  [kd_dual_classaware_fair] [epoch 90/100] batch 60/300 (20%) loss=6532.4921 elapsed=38s eta=151s
  [kd_dual_classaware_fair] [epoch 90/100] batch 90/300 (30%) loss=6466.9713 elapsed=56s eta=132s
  [kd_dual_classaware_fair] [epoch 90/100] batch 120/300 (40%) loss=6488.0451 elapsed=75s eta=113s
  [kd_dual_classaware_fair] [epoch 90/100] batch 150/300 (50%) loss=6403.2976 elapsed=94s eta=94s
  [kd_dual_classaware_fair] [epoch 90/100] batch 180/300 (60%) loss=6496.5181 elapsed=112s eta=75s
  [kd_dual_classaware_fair] [epoch 90/100] batch 210/300 (70%) loss=6493.0921 elapsed=131s eta=56s
  [kd_dual_classaware_fair] [epoch 90/100] batch 240/300 (80%) loss=6492.8950 elapsed=149s eta=37s
  [kd_dual_classaware_fair] [epoch 90/100] batch 270/300 (90%) loss=6499.7682 elapsed=168s eta=19s
  [kd_dual_classaware_fair] [epoch 90/100] batch 300/300 (100%) loss=6553.7501 elapsed=187s eta=0s
[kd_dual_classaware_fair] [sampler] sampled: {0: 400, 1: 400, 2: 400} total=1200 spalling_ratio=24.33%
[kd_dual_classaware_fair] [sampler] unique: {0: 400, 1: 400, 2: 400} unique_total=1200 dup_ratio=1.00x
[kd_dual_classaware_fair] [epoch 090/100] remain=10 epochs ep_eta=32.1min (avg 192s/ep)
[kd_dual_classaware_fair] [epoch 090/100] lr=0.000002  dt=196.0s
  train loss=6553.7501  ce=0.0818 dice=0.1779  tversky=0.0000 bd=0.0000  cldice=0.0000 snake=0.0000
  val   loss=0.2400
  IoU   bg=0.9770  crack=0.5810  spalling=0.7805  | mIoU_fg=0.6808  pix_acc=0.9774
  Dice  bg=0.9883  crack=0.7350  spalling=0.8767
  BF1   crack=0.7553  spalling=0.6477  | BF1_fg_mean=0.7015
[kd_dual_classaware_fair] [curriculum] epoch 91: stage=2 tiers=[0, 1, 2] pool={0: 400, 1: 400, 2: 400}
  [kd_dual_classaware_fair] [epoch 91/100] batch 30/300 (10%) loss=6644.2689 elapsed=19s eta=172s
  [kd_dual_classaware_fair] [epoch 91/100] batch 60/300 (20%) loss=6401.2711 elapsed=38s eta=151s
  [kd_dual_classaware_fair] [epoch 91/100] batch 90/300 (30%) loss=6337.7682 elapsed=56s eta=131s
  [kd_dual_classaware_fair] [epoch 91/100] batch 120/300 (40%) loss=6420.5064 elapsed=75s eta=113s
  [kd_dual_classaware_fair] [epoch 91/100] batch 150/300 (50%) loss=6454.8175 elapsed=93s eta=93s
  [kd_dual_classaware_fair] [epoch 91/100] batch 180/300 (60%) loss=6526.4473 elapsed=112s eta=75s
  [kd_dual_classaware_fair] [epoch 91/100] batch 210/300 (70%) loss=6522.1953 elapsed=130s eta=56s
  [kd_dual_classaware_fair] [epoch 91/100] batch 240/300 (80%) loss=6524.7852 elapsed=149s eta=37s
  [kd_dual_classaware_fair] [epoch 91/100] batch 270/300 (90%) loss=6523.7013 elapsed=168s eta=19s
  [kd_dual_classaware_fair] [epoch 91/100] batch 300/300 (100%) loss=6486.2753 elapsed=186s eta=0s
[kd_dual_classaware_fair] [sampler] sampled: {0: 400, 1: 400, 2: 400} total=1200 spalling_ratio=24.33%
[kd_dual_classaware_fair] [sampler] unique: {0: 400, 1: 400, 2: 400} unique_total=1200 dup_ratio=1.00x
[kd_dual_classaware_fair] [epoch 091/100] remain=9 epochs ep_eta=28.9min (avg 192s/ep)
[kd_dual_classaware_fair] [epoch 091/100] lr=0.000001  dt=195.7s
  train loss=6486.2753  ce=0.0817 dice=0.1797  tversky=0.0000 bd=0.0000  cldice=0.0000 snake=0.0000
  val   loss=0.2379
  IoU   bg=0.9770  crack=0.5813  spalling=0.7806  | mIoU_fg=0.6810  pix_acc=0.9774
  Dice  bg=0.9883  crack=0.7353  spalling=0.8768
  BF1   crack=0.7554  spalling=0.6314  | BF1_fg_mean=0.6934
[kd_dual_classaware_fair] [curriculum] epoch 92: stage=2 tiers=[0, 1, 2] pool={0: 400, 1: 400, 2: 400}
  [kd_dual_classaware_fair] [epoch 92/100] batch 30/300 (10%) loss=6192.2976 elapsed=20s eta=176s
  [kd_dual_classaware_fair] [epoch 92/100] batch 60/300 (20%) loss=6300.4797 elapsed=38s eta=152s
  [kd_dual_classaware_fair] [epoch 92/100] batch 90/300 (30%) loss=6350.3024 elapsed=57s eta=132s
  [kd_dual_classaware_fair] [epoch 92/100] batch 120/300 (40%) loss=6406.7400 elapsed=75s eta=113s
  [kd_dual_classaware_fair] [epoch 92/100] batch 150/300 (50%) loss=6398.2344 elapsed=94s eta=94s
  [kd_dual_classaware_fair] [epoch 92/100] batch 180/300 (60%) loss=6447.3759 elapsed=112s eta=75s
  [kd_dual_classaware_fair] [epoch 92/100] batch 210/300 (70%) loss=6397.9553 elapsed=131s eta=56s
  [kd_dual_classaware_fair] [epoch 92/100] batch 240/300 (80%) loss=6438.8376 elapsed=149s eta=37s
  [kd_dual_classaware_fair] [epoch 92/100] batch 270/300 (90%) loss=6465.4151 elapsed=168s eta=19s
  [kd_dual_classaware_fair] [epoch 92/100] batch 300/300 (100%) loss=6451.3949 elapsed=187s eta=0s
[kd_dual_classaware_fair] [sampler] sampled: {0: 400, 1: 400, 2: 400} total=1200 spalling_ratio=24.33%
[kd_dual_classaware_fair] [sampler] unique: {0: 400, 1: 400, 2: 400} unique_total=1200 dup_ratio=1.00x
[kd_dual_classaware_fair] [epoch 092/100] remain=8 epochs ep_eta=25.7min (avg 192s/ep)
[kd_dual_classaware_fair] [epoch 092/100] lr=0.000001  dt=196.1s
  train loss=6451.3949  ce=0.0814 dice=0.1748  tversky=0.0000 bd=0.0000  cldice=0.0000 snake=0.0000
  val   loss=0.2340
  IoU   bg=0.9770  crack=0.5815  spalling=0.7850  | mIoU_fg=0.6832  pix_acc=0.9774
  Dice  bg=0.9883  crack=0.7354  spalling=0.8795
  BF1   crack=0.7550  spalling=0.6569  | BF1_fg_mean=0.7059
[kd_dual_classaware_fair] [curriculum] epoch 93: stage=2 tiers=[0, 1, 2] pool={0: 400, 1: 400, 2: 400}
  [kd_dual_classaware_fair] [epoch 93/100] batch 30/300 (10%) loss=6265.3901 elapsed=19s eta=173s
  [kd_dual_classaware_fair] [epoch 93/100] batch 60/300 (20%) loss=6584.1587 elapsed=38s eta=152s
  [kd_dual_classaware_fair] [epoch 93/100] batch 90/300 (30%) loss=6535.0479 elapsed=56s eta=132s
  [kd_dual_classaware_fair] [epoch 93/100] batch 120/300 (40%) loss=6555.9680 elapsed=75s eta=112s
  [kd_dual_classaware_fair] [epoch 93/100] batch 150/300 (50%) loss=6528.9182 elapsed=93s eta=93s
  [kd_dual_classaware_fair] [epoch 93/100] batch 180/300 (60%) loss=6459.8567 elapsed=112s eta=75s
  [kd_dual_classaware_fair] [epoch 93/100] batch 210/300 (70%) loss=6530.3416 elapsed=131s eta=56s
  [kd_dual_classaware_fair] [epoch 93/100] batch 240/300 (80%) loss=6510.9660 elapsed=149s eta=37s
  [kd_dual_classaware_fair] [epoch 93/100] batch 270/300 (90%) loss=6464.5173 elapsed=168s eta=19s
  [kd_dual_classaware_fair] [epoch 93/100] batch 300/300 (100%) loss=6462.9947 elapsed=186s eta=0s
[kd_dual_classaware_fair] [sampler] sampled: {0: 400, 1: 400, 2: 400} total=1200 spalling_ratio=24.33%
[kd_dual_classaware_fair] [sampler] unique: {0: 400, 1: 400, 2: 400} unique_total=1200 dup_ratio=1.00x
[kd_dual_classaware_fair] [epoch 093/100] remain=7 epochs ep_eta=22.5min (avg 193s/ep)
[kd_dual_classaware_fair] [epoch 093/100] lr=0.000001  dt=195.6s
  train loss=6462.9947  ce=0.0815 dice=0.1755  tversky=0.0000 bd=0.0000  cldice=0.0000 snake=0.0000
  val   loss=0.2317
  IoU   bg=0.9769  crack=0.5807  spalling=0.7870  | mIoU_fg=0.6838  pix_acc=0.9773
  Dice  bg=0.9883  crack=0.7347  spalling=0.8808
  BF1   crack=0.7543  spalling=0.6494  | BF1_fg_mean=0.7018
[kd_dual_classaware_fair] [curriculum] epoch 94: stage=2 tiers=[0, 1, 2] pool={0: 400, 1: 400, 2: 400}
  [kd_dual_classaware_fair] [epoch 94/100] batch 30/300 (10%) loss=6197.1747 elapsed=19s eta=174s
  [kd_dual_classaware_fair] [epoch 94/100] batch 60/300 (20%) loss=6641.5648 elapsed=38s eta=150s
  [kd_dual_classaware_fair] [epoch 94/100] batch 90/300 (30%) loss=6487.1010 elapsed=56s eta=131s
  [kd_dual_classaware_fair] [epoch 94/100] batch 120/300 (40%) loss=6630.8097 elapsed=75s eta=112s
  [kd_dual_classaware_fair] [epoch 94/100] batch 150/300 (50%) loss=6545.0610 elapsed=93s eta=93s
  [kd_dual_classaware_fair] [epoch 94/100] batch 180/300 (60%) loss=6505.9069 elapsed=112s eta=75s
  [kd_dual_classaware_fair] [epoch 94/100] batch 210/300 (70%) loss=6563.4979 elapsed=130s eta=56s
  [kd_dual_classaware_fair] [epoch 94/100] batch 240/300 (80%) loss=6607.1032 elapsed=149s eta=37s
  [kd_dual_classaware_fair] [epoch 94/100] batch 270/300 (90%) loss=6562.8389 elapsed=168s eta=19s
  [kd_dual_classaware_fair] [epoch 94/100] batch 300/300 (100%) loss=6610.2376 elapsed=187s eta=0s
[kd_dual_classaware_fair] [sampler] sampled: {0: 400, 1: 400, 2: 400} total=1200 spalling_ratio=24.33%
[kd_dual_classaware_fair] [sampler] unique: {0: 400, 1: 400, 2: 400} unique_total=1200 dup_ratio=1.00x
[kd_dual_classaware_fair] [epoch 094/100] remain=6 epochs ep_eta=19.3min (avg 193s/ep)
[kd_dual_classaware_fair] [epoch 094/100] lr=0.000001  dt=196.6s
  train loss=6610.2376  ce=0.0823 dice=0.1777  tversky=0.0000 bd=0.0000  cldice=0.0000 snake=0.0000
  val   loss=0.2319
  IoU   bg=0.9771  crack=0.5819  spalling=0.7878  | mIoU_fg=0.6849  pix_acc=0.9775
  Dice  bg=0.9884  crack=0.7357  spalling=0.8813
  BF1   crack=0.7557  spalling=0.6521  | BF1_fg_mean=0.7039
[kd_dual_classaware_fair] [curriculum] epoch 95: stage=2 tiers=[0, 1, 2] pool={0: 400, 1: 400, 2: 400}
  [kd_dual_classaware_fair] [epoch 95/100] batch 30/300 (10%) loss=6395.5524 elapsed=19s eta=174s
  [kd_dual_classaware_fair] [epoch 95/100] batch 60/300 (20%) loss=6479.3934 elapsed=38s eta=152s
  [kd_dual_classaware_fair] [epoch 95/100] batch 90/300 (30%) loss=6461.4820 elapsed=57s eta=132s
  [kd_dual_classaware_fair] [epoch 95/100] batch 120/300 (40%) loss=6430.3314 elapsed=75s eta=113s
  [kd_dual_classaware_fair] [epoch 95/100] batch 150/300 (50%) loss=6493.4445 elapsed=94s eta=94s
  [kd_dual_classaware_fair] [epoch 95/100] batch 180/300 (60%) loss=6509.6029 elapsed=112s eta=75s
  [kd_dual_classaware_fair] [epoch 95/100] batch 210/300 (70%) loss=6537.4451 elapsed=131s eta=56s
  [kd_dual_classaware_fair] [epoch 95/100] batch 240/300 (80%) loss=6536.6871 elapsed=150s eta=37s
  [kd_dual_classaware_fair] [epoch 95/100] batch 270/300 (90%) loss=6540.6221 elapsed=168s eta=19s
  [kd_dual_classaware_fair] [epoch 95/100] batch 300/300 (100%) loss=6599.2678 elapsed=187s eta=0s
[kd_dual_classaware_fair] [sampler] sampled: {0: 400, 1: 400, 2: 400} total=1200 spalling_ratio=24.33%
[kd_dual_classaware_fair] [sampler] unique: {0: 400, 1: 400, 2: 400} unique_total=1200 dup_ratio=1.00x
[kd_dual_classaware_fair] [epoch 095/100] remain=5 epochs ep_eta=16.1min (avg 193s/ep)
[kd_dual_classaware_fair] [epoch 095/100] lr=0.000000  dt=196.1s
  train loss=6599.2678  ce=0.0817 dice=0.1769  tversky=0.0000 bd=0.0000  cldice=0.0000 snake=0.0000
  val   loss=0.2306
  IoU   bg=0.9770  crack=0.5811  spalling=0.7895  | mIoU_fg=0.6853  pix_acc=0.9774
  Dice  bg=0.9884  crack=0.7351  spalling=0.8824
  BF1   crack=0.7548  spalling=0.6537  | BF1_fg_mean=0.7042
[kd_dual_classaware_fair] [curriculum] epoch 96: stage=2 tiers=[0, 1, 2] pool={0: 400, 1: 400, 2: 400}
  [kd_dual_classaware_fair] [epoch 96/100] batch 30/300 (10%) loss=6305.4187 elapsed=19s eta=172s
  [kd_dual_classaware_fair] [epoch 96/100] batch 60/300 (20%) loss=6340.6836 elapsed=38s eta=151s
  [kd_dual_classaware_fair] [epoch 96/100] batch 90/300 (30%) loss=6346.8203 elapsed=56s eta=132s
  [kd_dual_classaware_fair] [epoch 96/100] batch 120/300 (40%) loss=6416.5489 elapsed=75s eta=112s
  [kd_dual_classaware_fair] [epoch 96/100] batch 150/300 (50%) loss=6367.9720 elapsed=94s eta=94s
  [kd_dual_classaware_fair] [epoch 96/100] batch 180/300 (60%) loss=6412.5778 elapsed=112s eta=75s
  [kd_dual_classaware_fair] [epoch 96/100] batch 210/300 (70%) loss=6388.9124 elapsed=131s eta=56s
  [kd_dual_classaware_fair] [epoch 96/100] batch 240/300 (80%) loss=6439.3383 elapsed=149s eta=37s
  [kd_dual_classaware_fair] [epoch 96/100] batch 270/300 (90%) loss=6417.7362 elapsed=168s eta=19s
  [kd_dual_classaware_fair] [epoch 96/100] batch 300/300 (100%) loss=6482.3585 elapsed=186s eta=0s
[kd_dual_classaware_fair] [sampler] sampled: {0: 400, 1: 400, 2: 400} total=1200 spalling_ratio=24.33%
[kd_dual_classaware_fair] [sampler] unique: {0: 400, 1: 400, 2: 400} unique_total=1200 dup_ratio=1.00x
[kd_dual_classaware_fair] [epoch 096/100] remain=4 epochs ep_eta=12.8min (avg 193s/ep)
[kd_dual_classaware_fair] [epoch 096/100] lr=0.000000  dt=195.9s
  train loss=6482.3585  ce=0.0817 dice=0.1807  tversky=0.0000 bd=0.0000  cldice=0.0000 snake=0.0000
  val   loss=0.2308
  IoU   bg=0.9769  crack=0.5803  spalling=0.7891  | mIoU_fg=0.6847  pix_acc=0.9773
  Dice  bg=0.9883  crack=0.7344  spalling=0.8822
  BF1   crack=0.7536  spalling=0.6543  | BF1_fg_mean=0.7039
[kd_dual_classaware_fair] [curriculum] epoch 97: stage=2 tiers=[0, 1, 2] pool={0: 400, 1: 400, 2: 400}
  [kd_dual_classaware_fair] [epoch 97/100] batch 30/300 (10%) loss=6439.5822 elapsed=19s eta=172s
  [kd_dual_classaware_fair] [epoch 97/100] batch 60/300 (20%) loss=6884.3456 elapsed=38s eta=152s
  [kd_dual_classaware_fair] [epoch 97/100] batch 90/300 (30%) loss=6919.5300 elapsed=57s eta=132s
  [kd_dual_classaware_fair] [epoch 97/100] batch 120/300 (40%) loss=6771.9695 elapsed=75s eta=113s
  [kd_dual_classaware_fair] [epoch 97/100] batch 150/300 (50%) loss=6702.8668 elapsed=94s eta=94s
  [kd_dual_classaware_fair] [epoch 97/100] batch 180/300 (60%) loss=6712.6121 elapsed=112s eta=75s
  [kd_dual_classaware_fair] [epoch 97/100] batch 210/300 (70%) loss=6717.8202 elapsed=131s eta=56s
  [kd_dual_classaware_fair] [epoch 97/100] batch 240/300 (80%) loss=6639.0179 elapsed=149s eta=37s
  [kd_dual_classaware_fair] [epoch 97/100] batch 270/300 (90%) loss=6579.7480 elapsed=168s eta=19s
  [kd_dual_classaware_fair] [epoch 97/100] batch 300/300 (100%) loss=6544.0213 elapsed=186s eta=0s
[kd_dual_classaware_fair] [sampler] sampled: {0: 400, 1: 400, 2: 400} total=1200 spalling_ratio=24.33%
[kd_dual_classaware_fair] [sampler] unique: {0: 400, 1: 400, 2: 400} unique_total=1200 dup_ratio=1.00x
[kd_dual_classaware_fair] [epoch 097/100] remain=3 epochs ep_eta=9.6min (avg 193s/ep)
[kd_dual_classaware_fair] [epoch 097/100] lr=0.000000  dt=195.7s
  train loss=6544.0213  ce=0.0818 dice=0.1782  tversky=0.0000 bd=0.0000  cldice=0.0000 snake=0.0000
  val   loss=0.2308
  IoU   bg=0.9771  crack=0.5816  spalling=0.7896  | mIoU_fg=0.6856  pix_acc=0.9775
  Dice  bg=0.9884  crack=0.7355  spalling=0.8825
  BF1   crack=0.7558  spalling=0.6573  | BF1_fg_mean=0.7065
[kd_dual_classaware_fair] [curriculum] epoch 98: stage=2 tiers=[0, 1, 2] pool={0: 400, 1: 400, 2: 400}
  [kd_dual_classaware_fair] [epoch 98/100] batch 30/300 (10%) loss=7085.7227 elapsed=19s eta=174s
  [kd_dual_classaware_fair] [epoch 98/100] batch 60/300 (20%) loss=6784.1239 elapsed=38s eta=152s
  [kd_dual_classaware_fair] [epoch 98/100] batch 90/300 (30%) loss=6626.9011 elapsed=56s eta=132s
  [kd_dual_classaware_fair] [epoch 98/100] batch 120/300 (40%) loss=6633.4593 elapsed=75s eta=112s
  [kd_dual_classaware_fair] [epoch 98/100] batch 150/300 (50%) loss=6492.8243 elapsed=94s eta=94s
  [kd_dual_classaware_fair] [epoch 98/100] batch 180/300 (60%) loss=6397.2084 elapsed=112s eta=75s
  [kd_dual_classaware_fair] [epoch 98/100] batch 210/300 (70%) loss=6449.2412 elapsed=131s eta=56s
  [kd_dual_classaware_fair] [epoch 98/100] batch 240/300 (80%) loss=6422.0108 elapsed=149s eta=37s
  [kd_dual_classaware_fair] [epoch 98/100] batch 270/300 (90%) loss=6380.6383 elapsed=168s eta=19s
  [kd_dual_classaware_fair] [epoch 98/100] batch 300/300 (100%) loss=6366.3245 elapsed=186s eta=0s
[kd_dual_classaware_fair] [sampler] sampled: {0: 400, 1: 400, 2: 400} total=1200 spalling_ratio=24.33%
[kd_dual_classaware_fair] [sampler] unique: {0: 400, 1: 400, 2: 400} unique_total=1200 dup_ratio=1.00x
[kd_dual_classaware_fair] [epoch 098/100] remain=2 epochs ep_eta=6.4min (avg 193s/ep)
[kd_dual_classaware_fair] [epoch 098/100] lr=0.000000  dt=195.6s
  train loss=6366.3245  ce=0.0818 dice=0.1763  tversky=0.0000 bd=0.0000  cldice=0.0000 snake=0.0000
  val   loss=0.2305
  IoU   bg=0.9770  crack=0.5807  spalling=0.7905  | mIoU_fg=0.6856  pix_acc=0.9774
  Dice  bg=0.9884  crack=0.7347  spalling=0.8830
  BF1   crack=0.7544  spalling=0.6582  | BF1_fg_mean=0.7063
[kd_dual_classaware_fair] [curriculum] epoch 99: stage=2 tiers=[0, 1, 2] pool={0: 400, 1: 400, 2: 400}
  [kd_dual_classaware_fair] [epoch 99/100] batch 30/300 (10%) loss=7074.9029 elapsed=19s eta=173s
  [kd_dual_classaware_fair] [epoch 99/100] batch 60/300 (20%) loss=6596.6401 elapsed=38s eta=150s
  [kd_dual_classaware_fair] [epoch 99/100] batch 90/300 (30%) loss=6512.1318 elapsed=56s eta=131s
  [kd_dual_classaware_fair] [epoch 99/100] batch 120/300 (40%) loss=6550.1517 elapsed=75s eta=112s
  [kd_dual_classaware_fair] [epoch 99/100] batch 150/300 (50%) loss=6570.9844 elapsed=94s eta=94s
  [kd_dual_classaware_fair] [epoch 99/100] batch 180/300 (60%) loss=6554.2868 elapsed=112s eta=75s
  [kd_dual_classaware_fair] [epoch 99/100] batch 210/300 (70%) loss=6582.2973 elapsed=131s eta=56s
  [kd_dual_classaware_fair] [epoch 99/100] batch 240/300 (80%) loss=6509.4028 elapsed=149s eta=37s
  [kd_dual_classaware_fair] [epoch 99/100] batch 270/300 (90%) loss=6548.3963 elapsed=168s eta=19s
  [kd_dual_classaware_fair] [epoch 99/100] batch 300/300 (100%) loss=6521.1019 elapsed=186s eta=0s
[kd_dual_classaware_fair] [sampler] sampled: {0: 400, 1: 400, 2: 400} total=1200 spalling_ratio=24.33%
[kd_dual_classaware_fair] [sampler] unique: {0: 400, 1: 400, 2: 400} unique_total=1200 dup_ratio=1.00x
[kd_dual_classaware_fair] [epoch 099/100] remain=1 epochs ep_eta=3.2min (avg 193s/ep)
[kd_dual_classaware_fair] [epoch 099/100] lr=0.000000  dt=195.8s
  train loss=6521.1019  ce=0.0817 dice=0.1787  tversky=0.0000 bd=0.0000  cldice=0.0000 snake=0.0000
  val   loss=0.2306
  IoU   bg=0.9770  crack=0.5810  spalling=0.7907  | mIoU_fg=0.6858  pix_acc=0.9774
  Dice  bg=0.9884  crack=0.7350  spalling=0.8831
  BF1   crack=0.7544  spalling=0.6562  | BF1_fg_mean=0.7053
[kd_dual_classaware_fair] [curriculum] epoch 100: stage=2 tiers=[0, 1, 2] pool={0: 400, 1: 400, 2: 400}
  [kd_dual_classaware_fair] [epoch 100/100] batch 30/300 (10%) loss=6708.2964 elapsed=19s eta=175s
  [kd_dual_classaware_fair] [epoch 100/100] batch 60/300 (20%) loss=6502.4472 elapsed=38s eta=151s
  [kd_dual_classaware_fair] [epoch 100/100] batch 90/300 (30%) loss=6488.6962 elapsed=56s eta=132s
  [kd_dual_classaware_fair] [epoch 100/100] batch 120/300 (40%) loss=6383.2691 elapsed=75s eta=112s
  [kd_dual_classaware_fair] [epoch 100/100] batch 150/300 (50%) loss=6474.4316 elapsed=94s eta=94s
  [kd_dual_classaware_fair] [epoch 100/100] batch 180/300 (60%) loss=6495.9106 elapsed=112s eta=75s
  [kd_dual_classaware_fair] [epoch 100/100] batch 210/300 (70%) loss=6455.5455 elapsed=131s eta=56s
  [kd_dual_classaware_fair] [epoch 100/100] batch 240/300 (80%) loss=6520.6640 elapsed=149s eta=37s
  [kd_dual_classaware_fair] [epoch 100/100] batch 270/300 (90%) loss=6474.9397 elapsed=168s eta=19s
  [kd_dual_classaware_fair] [epoch 100/100] batch 300/300 (100%) loss=6465.7389 elapsed=186s eta=0s
[kd_dual_classaware_fair] [sampler] sampled: {0: 400, 1: 400, 2: 400} total=1200 spalling_ratio=24.33%
[kd_dual_classaware_fair] [sampler] unique: {0: 400, 1: 400, 2: 400} unique_total=1200 dup_ratio=1.00x
[kd_dual_classaware_fair] [epoch 100/100] remain=0 epochs ep_eta=0.0min (avg 193s/ep)
[kd_dual_classaware_fair] [epoch 100/100] lr=0.000000  dt=195.5s
  train loss=6465.7389  ce=0.0812 dice=0.1752  tversky=0.0000 bd=0.0000  cldice=0.0000 snake=0.0000
  val   loss=0.2299
  IoU   bg=0.9768  crack=0.5799  spalling=0.7905  | mIoU_fg=0.6852  pix_acc=0.9772
  Dice  bg=0.9883  crack=0.7341  spalling=0.8830
  BF1   crack=0.7531  spalling=0.6567  | BF1_fg_mean=0.7049

[train] final test eval using best checkpoint
IoU   bg=0.9760  crack=0.5734  spalling=0.8149  | mIoU_fg=0.6942  pix_acc=0.9766
Dice  bg=0.9879  crack=0.7288  spalling=0.8980
BF1   crack=0.7423  spalling=0.6199  | BF1_fg_mean=0.6811
clDice crack=0.8352
[train] wrote /workspace/dam-segmentation-baselines/full_method/runs/kd_dual_classaware_fair/test_report.txt
[train] wrote /workspace/dam-segmentation-baselines/full_method/runs/kd_dual_classaware_fair/curves.png

=== All fair single-teacher runs complete ===
Run evaluation with: python -m full_method.eval --runs kd_t1only_fair kd_t2only_fair kd_dual_equal_fair kd_dual_classaware_fair dscformer_plain_G0
