Some weights of SegformerForSemanticSegmentation were not initialized from the model checkpoint at nvidia/segformer-b2-finetuned-ade-512-512 and are newly initialized because the shapes did not match:
- decode_head.classifier.weight: found shape torch.Size([150, 768, 1, 1]) in the checkpoint and torch.Size([3, 768, 1, 1]) in the model instantiated
- decode_head.classifier.bias: found shape torch.Size([150]) in the checkpoint and torch.Size([3]) in the model instantiated
You should probably TRAIN this model on a down-stream task to be able to use it for predictions and inference.
[train] cuDNN warmup OK
[train] full_method (dscformer_srl_G1_seed2024)
[train] device=cuda  torch=2.6.0+cu124  transformers=4.44.2
[train] cfg: pretrained=nvidia/segformer-b2-finetuned-ade-512-512 img=512 bs=4 grad_accum=1 epochs=100 lr=6e-05 warmup=5
[train] difficulty: alpha=1.0 beta=0.5 gamma=0.3 delta=0.3 ema=0.9 tau=0.5
[train] bonuses: spalling=0.3 late_hard_crack=0.4
[train] ablation switches: dynamic_difficulty=False class_sampling_bonus=False class_loss_schedule=False boundary_loss=False tversky_loss=False
[train] new switches: soft_curriculum=False softmax_sampling=False dynamic_loss_reweight=False (lambda=0.5) soft_boundary=False (start=0.6 max=0.1)
[train] cldice: use=False weight=0.05 start_epoch=60 iters=7
[train] srl: use=True weight=0.05 start_epoch=60
[train] snake_aux: use=False weight=0.1
[train] model_type=dscformer snake_channels=64 snake_kernel=9
[train] no_curriculum=True
[train] competence: hard=False soft=False c0=0.333 duration=70 floors=[0.05,0.02,0.0]
[train] MAC: use=False morph_diff=False adaptive_pacing=False class_loss=False diff_gamma=0.5 weights=[0.4,0.3,0.2,0.1]
[train] sizes: train=1200 val=150 test=150
[train] building records (scanning masks for has_spalling) ...
[train] records: {0: 400, 1: 400, 2: 400}  has_spalling=292/1200
[train] raw pixel frequency: {'background': 0.952165391031901, 'crack': 0.03423014119466146, 'spalling': 0.0136044677734375}
[train] clipped weights    : {'background': 0.25, 'crack': 1.080772481700143, 'spalling': 1.7143055384148256}
[train] running OOM probe ...
[train] OOM probe OK
[train] mixed precision (AMP) enabled
[train] viz samples (6):
    Hard/H (99).jpg
    Hard/H (365).jpg
    Medium/M (127).jpg
    Medium/M (422).jpg
    Hard/H (431).jpg
    Hard/H (476).jpg
[dscformer_srl_G1_seed2024] [curriculum] epoch 1: stage=0 tiers=[0] pool={0: 400, 1: 0, 2: 0}
  [dscformer_srl_G1_seed2024] [epoch 1/100] batch 30/300 (10%) loss=1.1302 elapsed=7s eta=63s
  [dscformer_srl_G1_seed2024] [epoch 1/100] batch 60/300 (20%) loss=1.1270 elapsed=14s eta=54s
  [dscformer_srl_G1_seed2024] [epoch 1/100] batch 90/300 (30%) loss=1.1258 elapsed=20s eta=46s
  [dscformer_srl_G1_seed2024] [epoch 1/100] batch 120/300 (40%) loss=1.1246 elapsed=26s eta=39s
  [dscformer_srl_G1_seed2024] [epoch 1/100] batch 150/300 (50%) loss=1.1222 elapsed=32s eta=32s
  [dscformer_srl_G1_seed2024] [epoch 1/100] batch 180/300 (60%) loss=1.1192 elapsed=39s eta=26s
  [dscformer_srl_G1_seed2024] [epoch 1/100] batch 210/300 (70%) loss=1.1184 elapsed=45s eta=19s
  [dscformer_srl_G1_seed2024] [epoch 1/100] batch 240/300 (80%) loss=1.1168 elapsed=51s eta=13s
  [dscformer_srl_G1_seed2024] [epoch 1/100] batch 270/300 (90%) loss=1.1159 elapsed=58s eta=6s
  [dscformer_srl_G1_seed2024] [epoch 1/100] batch 300/300 (100%) loss=1.1143 elapsed=64s eta=0s
[dscformer_srl_G1_seed2024] [sampler] sampled: {0: 400, 1: 400, 2: 400} total=1200 spalling_ratio=24.33%
[dscformer_srl_G1_seed2024] [sampler] unique: {0: 400, 1: 400, 2: 400} unique_total=1200 dup_ratio=1.00x
[dscformer_srl_G1_seed2024] [epoch 001/100] remain=99 epochs ep_eta=115.8min (avg 70s/ep)
[dscformer_srl_G1_seed2024] [epoch 001/100] lr=0.000012  dt=70.2s
  train loss=1.1143  ce=1.2858 dice=0.9428  tversky=0.0000 bd=0.0000  cldice=0.0000 snake=0.0000
  val   loss=1.1043
  IoU   bg=0.0125  crack=0.0528  spalling=0.0134  | mIoU_fg=0.0331  pix_acc=0.0460
  Dice  bg=0.0248  crack=0.1003  spalling=0.0264
  BF1   crack=0.0779  spalling=0.0283  | BF1_fg_mean=0.0531
  [dscformer_srl_G1_seed2024] [best] mIoU_fg=0.0331  saved -> best.pt
[dscformer_srl_G1_seed2024] [curriculum] epoch 2: stage=0 tiers=[0] pool={0: 400, 1: 0, 2: 0}
  [dscformer_srl_G1_seed2024] [epoch 2/100] batch 30/300 (10%) loss=1.0807 elapsed=7s eta=60s
  [dscformer_srl_G1_seed2024] [epoch 2/100] batch 60/300 (20%) loss=1.0536 elapsed=13s eta=52s
  [dscformer_srl_G1_seed2024] [epoch 2/100] batch 90/300 (30%) loss=1.0260 elapsed=19s eta=45s
  [dscformer_srl_G1_seed2024] [epoch 2/100] batch 120/300 (40%) loss=0.9978 elapsed=25s eta=38s
  [dscformer_srl_G1_seed2024] [epoch 2/100] batch 150/300 (50%) loss=0.9746 elapsed=32s eta=32s
  [dscformer_srl_G1_seed2024] [epoch 2/100] batch 180/300 (60%) loss=0.9504 elapsed=38s eta=25s
  [dscformer_srl_G1_seed2024] [epoch 2/100] batch 210/300 (70%) loss=0.9279 elapsed=44s eta=19s
  [dscformer_srl_G1_seed2024] [epoch 2/100] batch 240/300 (80%) loss=0.9062 elapsed=50s eta=12s
  [dscformer_srl_G1_seed2024] [epoch 2/100] batch 270/300 (90%) loss=0.8857 elapsed=56s eta=6s
  [dscformer_srl_G1_seed2024] [epoch 2/100] batch 300/300 (100%) loss=0.8672 elapsed=62s eta=0s
[dscformer_srl_G1_seed2024] [sampler] sampled: {0: 400, 1: 400, 2: 400} total=1200 spalling_ratio=24.33%
[dscformer_srl_G1_seed2024] [sampler] unique: {0: 400, 1: 400, 2: 400} unique_total=1200 dup_ratio=1.00x
[dscformer_srl_G1_seed2024] [epoch 002/100] remain=98 epochs ep_eta=109.2min (avg 67s/ep)
[dscformer_srl_G1_seed2024] [epoch 002/100] lr=0.000024  dt=61.7s
  train loss=0.8672  ce=0.8544 dice=0.8800  tversky=0.0000 bd=0.0000  cldice=0.0000 snake=0.0000
  val   skipped (next val at epoch 5)
[dscformer_srl_G1_seed2024] [curriculum] epoch 3: stage=0 tiers=[0] pool={0: 400, 1: 0, 2: 0}
  [dscformer_srl_G1_seed2024] [epoch 3/100] batch 30/300 (10%) loss=0.6528 elapsed=6s eta=56s
  [dscformer_srl_G1_seed2024] [epoch 3/100] batch 60/300 (20%) loss=0.6408 elapsed=12s eta=48s
  [dscformer_srl_G1_seed2024] [epoch 3/100] batch 90/300 (30%) loss=0.6196 elapsed=18s eta=41s
  [dscformer_srl_G1_seed2024] [epoch 3/100] batch 120/300 (40%) loss=0.6034 elapsed=24s eta=35s
  [dscformer_srl_G1_seed2024] [epoch 3/100] batch 150/300 (50%) loss=0.5899 elapsed=29s eta=29s
  [dscformer_srl_G1_seed2024] [epoch 3/100] batch 180/300 (60%) loss=0.5760 elapsed=35s eta=23s
  [dscformer_srl_G1_seed2024] [epoch 3/100] batch 210/300 (70%) loss=0.5641 elapsed=41s eta=17s
  [dscformer_srl_G1_seed2024] [epoch 3/100] batch 240/300 (80%) loss=0.5522 elapsed=46s eta=12s
  [dscformer_srl_G1_seed2024] [epoch 3/100] batch 270/300 (90%) loss=0.5374 elapsed=52s eta=6s
  [dscformer_srl_G1_seed2024] [epoch 3/100] batch 300/300 (100%) loss=0.5289 elapsed=58s eta=0s
[dscformer_srl_G1_seed2024] [sampler] sampled: {0: 400, 1: 400, 2: 400} total=1200 spalling_ratio=24.33%
[dscformer_srl_G1_seed2024] [sampler] unique: {0: 400, 1: 400, 2: 400} unique_total=1200 dup_ratio=1.00x
[dscformer_srl_G1_seed2024] [epoch 003/100] remain=97 epochs ep_eta=103.4min (avg 64s/ep)
[dscformer_srl_G1_seed2024] [epoch 003/100] lr=0.000036  dt=57.7s
  train loss=0.5289  ce=0.3749 dice=0.6828  tversky=0.0000 bd=0.0000  cldice=0.0000 snake=0.0000
  val   skipped (next val at epoch 5)
[dscformer_srl_G1_seed2024] [curriculum] epoch 4: stage=0 tiers=[0] pool={0: 400, 1: 0, 2: 0}
  [dscformer_srl_G1_seed2024] [epoch 4/100] batch 30/300 (10%) loss=0.4287 elapsed=6s eta=55s
  [dscformer_srl_G1_seed2024] [epoch 4/100] batch 60/300 (20%) loss=0.4337 elapsed=12s eta=47s
  [dscformer_srl_G1_seed2024] [epoch 4/100] batch 90/300 (30%) loss=0.4268 elapsed=17s eta=40s
  [dscformer_srl_G1_seed2024] [epoch 4/100] batch 120/300 (40%) loss=0.4232 elapsed=23s eta=35s
  [dscformer_srl_G1_seed2024] [epoch 4/100] batch 150/300 (50%) loss=0.4087 elapsed=29s eta=29s
  [dscformer_srl_G1_seed2024] [epoch 4/100] batch 180/300 (60%) loss=0.4009 elapsed=34s eta=23s
  [dscformer_srl_G1_seed2024] [epoch 4/100] batch 210/300 (70%) loss=0.3964 elapsed=40s eta=17s
  [dscformer_srl_G1_seed2024] [epoch 4/100] batch 240/300 (80%) loss=0.3936 elapsed=46s eta=11s
  [dscformer_srl_G1_seed2024] [epoch 4/100] batch 270/300 (90%) loss=0.3898 elapsed=51s eta=6s
  [dscformer_srl_G1_seed2024] [epoch 4/100] batch 300/300 (100%) loss=0.3864 elapsed=57s eta=0s
[dscformer_srl_G1_seed2024] [sampler] sampled: {0: 400, 1: 400, 2: 400} total=1200 spalling_ratio=24.33%
[dscformer_srl_G1_seed2024] [sampler] unique: {0: 400, 1: 400, 2: 400} unique_total=1200 dup_ratio=1.00x
[dscformer_srl_G1_seed2024] [epoch 004/100] remain=96 epochs ep_eta=99.8min (avg 62s/ep)
[dscformer_srl_G1_seed2024] [epoch 004/100] lr=0.000048  dt=57.0s
  train loss=0.3864  ce=0.2265 dice=0.5463  tversky=0.0000 bd=0.0000  cldice=0.0000 snake=0.0000
  val   skipped (next val at epoch 5)
[dscformer_srl_G1_seed2024] [curriculum] epoch 5: stage=0 tiers=[0] pool={0: 400, 1: 0, 2: 0}
  [dscformer_srl_G1_seed2024] [epoch 5/100] batch 30/300 (10%) loss=0.3395 elapsed=6s eta=53s
  [dscformer_srl_G1_seed2024] [epoch 5/100] batch 60/300 (20%) loss=0.3408 elapsed=12s eta=47s
  [dscformer_srl_G1_seed2024] [epoch 5/100] batch 90/300 (30%) loss=0.3392 elapsed=17s eta=40s
  [dscformer_srl_G1_seed2024] [epoch 5/100] batch 120/300 (40%) loss=0.3468 elapsed=23s eta=35s
  [dscformer_srl_G1_seed2024] [epoch 5/100] batch 150/300 (50%) loss=0.3499 elapsed=29s eta=29s
  [dscformer_srl_G1_seed2024] [epoch 5/100] batch 180/300 (60%) loss=0.3446 elapsed=35s eta=23s
  [dscformer_srl_G1_seed2024] [epoch 5/100] batch 210/300 (70%) loss=0.3399 elapsed=40s eta=17s
  [dscformer_srl_G1_seed2024] [epoch 5/100] batch 240/300 (80%) loss=0.3387 elapsed=46s eta=11s
  [dscformer_srl_G1_seed2024] [epoch 5/100] batch 270/300 (90%) loss=0.3356 elapsed=51s eta=6s
  [dscformer_srl_G1_seed2024] [epoch 5/100] batch 300/300 (100%) loss=0.3330 elapsed=57s eta=0s
[dscformer_srl_G1_seed2024] [sampler] sampled: {0: 400, 1: 400, 2: 400} total=1200 spalling_ratio=24.33%
[dscformer_srl_G1_seed2024] [sampler] unique: {0: 400, 1: 400, 2: 400} unique_total=1200 dup_ratio=1.00x
/usr/local/lib/python3.11/dist-packages/torch/optim/lr_scheduler.py:243: UserWarning: The epoch parameter in `scheduler.step()` was not necessary and is being deprecated where possible. Please use `scheduler.step()` to step the scheduler. During the deprecation, if epoch is different from None, the closed form is used instead of the new chainable form, where available. Please open an issue if you are unable to replicate your use case: https://github.com/pytorch/pytorch/issues/new/choose.
  warnings.warn(EPOCH_DEPRECATION_WARNING, UserWarning)
[dscformer_srl_G1_seed2024] [epoch 005/100] remain=95 epochs ep_eta=98.7min (avg 62s/ep)
[dscformer_srl_G1_seed2024] [epoch 005/100] lr=0.000060  dt=61.8s
  train loss=0.3330  ce=0.1810 dice=0.4851  tversky=0.0000 bd=0.0000  cldice=0.0000 snake=0.0000
  val   loss=0.2999
  IoU   bg=0.9671  crack=0.5264  spalling=0.5216  | mIoU_fg=0.5240  pix_acc=0.9676
  Dice  bg=0.9833  crack=0.6897  spalling=0.6856
  BF1   crack=0.6818  spalling=0.2508  | BF1_fg_mean=0.4663
  [dscformer_srl_G1_seed2024] [best] mIoU_fg=0.5240  saved -> best.pt
[dscformer_srl_G1_seed2024] [curriculum] epoch 6: stage=0 tiers=[0] pool={0: 400, 1: 0, 2: 0}
  [dscformer_srl_G1_seed2024] [epoch 6/100] batch 30/300 (10%) loss=0.3092 elapsed=6s eta=52s
  [dscformer_srl_G1_seed2024] [epoch 6/100] batch 60/300 (20%) loss=0.2937 elapsed=11s eta=45s
  [dscformer_srl_G1_seed2024] [epoch 6/100] batch 90/300 (30%) loss=0.2943 elapsed=17s eta=39s
  [dscformer_srl_G1_seed2024] [epoch 6/100] batch 120/300 (40%) loss=0.2891 elapsed=22s eta=34s
  [dscformer_srl_G1_seed2024] [epoch 6/100] batch 150/300 (50%) loss=0.2798 elapsed=28s eta=28s
  [dscformer_srl_G1_seed2024] [epoch 6/100] batch 180/300 (60%) loss=0.2799 elapsed=33s eta=22s
  [dscformer_srl_G1_seed2024] [epoch 6/100] batch 210/300 (70%) loss=0.2818 elapsed=39s eta=17s
  [dscformer_srl_G1_seed2024] [epoch 6/100] batch 240/300 (80%) loss=0.2827 elapsed=44s eta=11s
  [dscformer_srl_G1_seed2024] [epoch 6/100] batch 270/300 (90%) loss=0.2820 elapsed=50s eta=6s
  [dscformer_srl_G1_seed2024] [epoch 6/100] batch 300/300 (100%) loss=0.2808 elapsed=55s eta=0s
[dscformer_srl_G1_seed2024] [sampler] sampled: {0: 400, 1: 400, 2: 400} total=1200 spalling_ratio=24.33%
[dscformer_srl_G1_seed2024] [sampler] unique: {0: 400, 1: 400, 2: 400} unique_total=1200 dup_ratio=1.00x
[dscformer_srl_G1_seed2024] [epoch 006/100] remain=94 epochs ep_eta=96.4min (avg 62s/ep)
[dscformer_srl_G1_seed2024] [epoch 006/100] lr=0.000060  dt=55.6s
  train loss=0.2808  ce=0.1545 dice=0.4071  tversky=0.0000 bd=0.0000  cldice=0.0000 snake=0.0000
  val   skipped (next val at epoch 10)
[dscformer_srl_G1_seed2024] [curriculum] epoch 7: stage=0 tiers=[0] pool={0: 400, 1: 0, 2: 0}
  [dscformer_srl_G1_seed2024] [epoch 7/100] batch 30/300 (10%) loss=0.2669 elapsed=6s eta=54s
  [dscformer_srl_G1_seed2024] [epoch 7/100] batch 60/300 (20%) loss=0.2633 elapsed=12s eta=46s
  [dscformer_srl_G1_seed2024] [epoch 7/100] batch 90/300 (30%) loss=0.2602 elapsed=17s eta=40s
  [dscformer_srl_G1_seed2024] [epoch 7/100] batch 120/300 (40%) loss=0.2684 elapsed=23s eta=34s
  [dscformer_srl_G1_seed2024] [epoch 7/100] batch 150/300 (50%) loss=0.2674 elapsed=28s eta=28s
  [dscformer_srl_G1_seed2024] [epoch 7/100] batch 180/300 (60%) loss=0.2665 elapsed=34s eta=22s
  [dscformer_srl_G1_seed2024] [epoch 7/100] batch 210/300 (70%) loss=0.2669 elapsed=39s eta=17s
  [dscformer_srl_G1_seed2024] [epoch 7/100] batch 240/300 (80%) loss=0.2651 elapsed=45s eta=11s
  [dscformer_srl_G1_seed2024] [epoch 7/100] batch 270/300 (90%) loss=0.2611 elapsed=50s eta=6s
  [dscformer_srl_G1_seed2024] [epoch 7/100] batch 300/300 (100%) loss=0.2587 elapsed=56s eta=0s
[dscformer_srl_G1_seed2024] [sampler] sampled: {0: 400, 1: 400, 2: 400} total=1200 spalling_ratio=24.33%
[dscformer_srl_G1_seed2024] [sampler] unique: {0: 400, 1: 400, 2: 400} unique_total=1200 dup_ratio=1.00x
[dscformer_srl_G1_seed2024] [epoch 007/100] remain=93 epochs ep_eta=94.2min (avg 61s/ep)
[dscformer_srl_G1_seed2024] [epoch 007/100] lr=0.000060  dt=55.8s
  train loss=0.2587  ce=0.1505 dice=0.3670  tversky=0.0000 bd=0.0000  cldice=0.0000 snake=0.0000
  val   skipped (next val at epoch 10)
[dscformer_srl_G1_seed2024] [curriculum] epoch 8: stage=0 tiers=[0] pool={0: 400, 1: 0, 2: 0}
  [dscformer_srl_G1_seed2024] [epoch 8/100] batch 30/300 (10%) loss=0.2525 elapsed=6s eta=53s
  [dscformer_srl_G1_seed2024] [epoch 8/100] batch 60/300 (20%) loss=0.2500 elapsed=11s eta=45s
  [dscformer_srl_G1_seed2024] [epoch 8/100] batch 90/300 (30%) loss=0.2406 elapsed=17s eta=39s
  [dscformer_srl_G1_seed2024] [epoch 8/100] batch 120/300 (40%) loss=0.2398 elapsed=22s eta=34s
  [dscformer_srl_G1_seed2024] [epoch 8/100] batch 150/300 (50%) loss=0.2425 elapsed=28s eta=28s
  [dscformer_srl_G1_seed2024] [epoch 8/100] batch 180/300 (60%) loss=0.2368 elapsed=33s eta=22s
  [dscformer_srl_G1_seed2024] [epoch 8/100] batch 210/300 (70%) loss=0.2334 elapsed=39s eta=17s
  [dscformer_srl_G1_seed2024] [epoch 8/100] batch 240/300 (80%) loss=0.2336 elapsed=44s eta=11s
  [dscformer_srl_G1_seed2024] [epoch 8/100] batch 270/300 (90%) loss=0.2329 elapsed=50s eta=6s
  [dscformer_srl_G1_seed2024] [epoch 8/100] batch 300/300 (100%) loss=0.2327 elapsed=55s eta=0s
[dscformer_srl_G1_seed2024] [sampler] sampled: {0: 400, 1: 400, 2: 400} total=1200 spalling_ratio=24.33%
[dscformer_srl_G1_seed2024] [sampler] unique: {0: 400, 1: 400, 2: 400} unique_total=1200 dup_ratio=1.00x
[dscformer_srl_G1_seed2024] [epoch 008/100] remain=92 epochs ep_eta=92.3min (avg 60s/ep)
[dscformer_srl_G1_seed2024] [epoch 008/100] lr=0.000060  dt=55.3s
  train loss=0.2327  ce=0.1385 dice=0.3268  tversky=0.0000 bd=0.0000  cldice=0.0000 snake=0.0000
  val   skipped (next val at epoch 10)
[dscformer_srl_G1_seed2024] [curriculum] epoch 9: stage=0 tiers=[0] pool={0: 400, 1: 0, 2: 0}
  [dscformer_srl_G1_seed2024] [epoch 9/100] batch 30/300 (10%) loss=0.2119 elapsed=6s eta=52s
  [dscformer_srl_G1_seed2024] [epoch 9/100] batch 60/300 (20%) loss=0.2170 elapsed=11s eta=45s
  [dscformer_srl_G1_seed2024] [epoch 9/100] batch 90/300 (30%) loss=0.2165 elapsed=17s eta=39s
  [dscformer_srl_G1_seed2024] [epoch 9/100] batch 120/300 (40%) loss=0.2184 elapsed=22s eta=34s
  [dscformer_srl_G1_seed2024] [epoch 9/100] batch 150/300 (50%) loss=0.2235 elapsed=28s eta=28s
  [dscformer_srl_G1_seed2024] [epoch 9/100] batch 180/300 (60%) loss=0.2249 elapsed=33s eta=22s
  [dscformer_srl_G1_seed2024] [epoch 9/100] batch 210/300 (70%) loss=0.2262 elapsed=39s eta=17s
  [dscformer_srl_G1_seed2024] [epoch 9/100] batch 240/300 (80%) loss=0.2259 elapsed=44s eta=11s
  [dscformer_srl_G1_seed2024] [epoch 9/100] batch 270/300 (90%) loss=0.2268 elapsed=49s eta=5s
  [dscformer_srl_G1_seed2024] [epoch 9/100] batch 300/300 (100%) loss=0.2253 elapsed=55s eta=0s
[dscformer_srl_G1_seed2024] [sampler] sampled: {0: 400, 1: 400, 2: 400} total=1200 spalling_ratio=24.33%
[dscformer_srl_G1_seed2024] [sampler] unique: {0: 400, 1: 400, 2: 400} unique_total=1200 dup_ratio=1.00x
[dscformer_srl_G1_seed2024] [epoch 009/100] remain=91 epochs ep_eta=90.5min (avg 60s/ep)
[dscformer_srl_G1_seed2024] [epoch 009/100] lr=0.000060  dt=54.7s
  train loss=0.2253  ce=0.1388 dice=0.3118  tversky=0.0000 bd=0.0000  cldice=0.0000 snake=0.0000
  val   skipped (next val at epoch 10)
[dscformer_srl_G1_seed2024] [curriculum] epoch 10: stage=0 tiers=[0] pool={0: 400, 1: 0, 2: 0}
  [dscformer_srl_G1_seed2024] [epoch 10/100] batch 30/300 (10%) loss=0.2078 elapsed=6s eta=53s
  [dscformer_srl_G1_seed2024] [epoch 10/100] batch 60/300 (20%) loss=0.2124 elapsed=11s eta=46s
  [dscformer_srl_G1_seed2024] [epoch 10/100] batch 90/300 (30%) loss=0.2168 elapsed=17s eta=39s
  [dscformer_srl_G1_seed2024] [epoch 10/100] batch 120/300 (40%) loss=0.2165 elapsed=22s eta=34s
  [dscformer_srl_G1_seed2024] [epoch 10/100] batch 150/300 (50%) loss=0.2152 elapsed=28s eta=28s
  [dscformer_srl_G1_seed2024] [epoch 10/100] batch 180/300 (60%) loss=0.2161 elapsed=33s eta=22s
  [dscformer_srl_G1_seed2024] [epoch 10/100] batch 210/300 (70%) loss=0.2183 elapsed=39s eta=17s
  [dscformer_srl_G1_seed2024] [epoch 10/100] batch 240/300 (80%) loss=0.2196 elapsed=44s eta=11s
  [dscformer_srl_G1_seed2024] [epoch 10/100] batch 270/300 (90%) loss=0.2173 elapsed=50s eta=6s
  [dscformer_srl_G1_seed2024] [epoch 10/100] batch 300/300 (100%) loss=0.2181 elapsed=55s eta=0s
[dscformer_srl_G1_seed2024] [sampler] sampled: {0: 400, 1: 400, 2: 400} total=1200 spalling_ratio=24.33%
[dscformer_srl_G1_seed2024] [sampler] unique: {0: 400, 1: 400, 2: 400} unique_total=1200 dup_ratio=1.00x
[dscformer_srl_G1_seed2024] [epoch 010/100] remain=90 epochs ep_eta=89.6min (avg 60s/ep)
[dscformer_srl_G1_seed2024] [epoch 010/100] lr=0.000060  dt=60.1s
  train loss=0.2181  ce=0.1321 dice=0.3041  tversky=0.0000 bd=0.0000  cldice=0.0000 snake=0.0000
  val   loss=0.2347
  IoU   bg=0.9749  crack=0.5529  spalling=0.7447  | mIoU_fg=0.6488  pix_acc=0.9754
  Dice  bg=0.9873  crack=0.7121  spalling=0.8537
  BF1   crack=0.7131  spalling=0.4360  | BF1_fg_mean=0.5745
  [dscformer_srl_G1_seed2024] [best] mIoU_fg=0.6488  saved -> best.pt
[dscformer_srl_G1_seed2024] [curriculum] epoch 11: stage=0 tiers=[0] pool={0: 400, 1: 0, 2: 0}
  [dscformer_srl_G1_seed2024] [epoch 11/100] batch 30/300 (10%) loss=0.2157 elapsed=6s eta=52s
  [dscformer_srl_G1_seed2024] [epoch 11/100] batch 60/300 (20%) loss=0.2138 elapsed=11s eta=45s
  [dscformer_srl_G1_seed2024] [epoch 11/100] batch 90/300 (30%) loss=0.2147 elapsed=17s eta=39s
  [dscformer_srl_G1_seed2024] [epoch 11/100] batch 120/300 (40%) loss=0.2119 elapsed=22s eta=33s
  [dscformer_srl_G1_seed2024] [epoch 11/100] batch 150/300 (50%) loss=0.2098 elapsed=27s eta=27s
  [dscformer_srl_G1_seed2024] [epoch 11/100] batch 180/300 (60%) loss=0.2087 elapsed=33s eta=22s
  [dscformer_srl_G1_seed2024] [epoch 11/100] batch 210/300 (70%) loss=0.2046 elapsed=38s eta=16s
  [dscformer_srl_G1_seed2024] [epoch 11/100] batch 240/300 (80%) loss=0.2050 elapsed=43s eta=11s
  [dscformer_srl_G1_seed2024] [epoch 11/100] batch 270/300 (90%) loss=0.2067 elapsed=49s eta=5s
  [dscformer_srl_G1_seed2024] [epoch 11/100] batch 300/300 (100%) loss=0.2056 elapsed=54s eta=0s
[dscformer_srl_G1_seed2024] [sampler] sampled: {0: 400, 1: 400, 2: 400} total=1200 spalling_ratio=24.33%
[dscformer_srl_G1_seed2024] [sampler] unique: {0: 400, 1: 400, 2: 400} unique_total=1200 dup_ratio=1.00x
[dscformer_srl_G1_seed2024] [epoch 011/100] remain=89 epochs ep_eta=88.2min (avg 59s/ep)
[dscformer_srl_G1_seed2024] [epoch 011/100] lr=0.000059  dt=54.3s
  train loss=0.2056  ce=0.1285 dice=0.2828  tversky=0.0000 bd=0.0000  cldice=0.0000 snake=0.0000
  val   skipped (next val at epoch 15)
[dscformer_srl_G1_seed2024] [curriculum] epoch 12: stage=0 tiers=[0] pool={0: 400, 1: 0, 2: 0}
  [dscformer_srl_G1_seed2024] [epoch 12/100] batch 30/300 (10%) loss=0.1784 elapsed=6s eta=51s
  [dscformer_srl_G1_seed2024] [epoch 12/100] batch 60/300 (20%) loss=0.1810 elapsed=11s eta=44s
  [dscformer_srl_G1_seed2024] [epoch 12/100] batch 90/300 (30%) loss=0.1853 elapsed=17s eta=39s
  [dscformer_srl_G1_seed2024] [epoch 12/100] batch 120/300 (40%) loss=0.1919 elapsed=22s eta=33s
  [dscformer_srl_G1_seed2024] [epoch 12/100] batch 150/300 (50%) loss=0.1976 elapsed=27s eta=27s
  [dscformer_srl_G1_seed2024] [epoch 12/100] batch 180/300 (60%) loss=0.2035 elapsed=33s eta=22s
  [dscformer_srl_G1_seed2024] [epoch 12/100] batch 210/300 (70%) loss=0.2066 elapsed=38s eta=16s
  [dscformer_srl_G1_seed2024] [epoch 12/100] batch 240/300 (80%) loss=0.2066 elapsed=44s eta=11s
  [dscformer_srl_G1_seed2024] [epoch 12/100] batch 270/300 (90%) loss=0.2050 elapsed=49s eta=5s
  [dscformer_srl_G1_seed2024] [epoch 12/100] batch 300/300 (100%) loss=0.2064 elapsed=55s eta=0s
[dscformer_srl_G1_seed2024] [sampler] sampled: {0: 400, 1: 400, 2: 400} total=1200 spalling_ratio=24.33%
[dscformer_srl_G1_seed2024] [sampler] unique: {0: 400, 1: 400, 2: 400} unique_total=1200 dup_ratio=1.00x
[dscformer_srl_G1_seed2024] [epoch 012/100] remain=88 epochs ep_eta=86.7min (avg 59s/ep)
[dscformer_srl_G1_seed2024] [epoch 012/100] lr=0.000059  dt=54.7s
  train loss=0.2064  ce=0.1269 dice=0.2859  tversky=0.0000 bd=0.0000  cldice=0.0000 snake=0.0000
  val   skipped (next val at epoch 15)
[dscformer_srl_G1_seed2024] [curriculum] epoch 13: stage=0 tiers=[0] pool={0: 400, 1: 0, 2: 0}
  [dscformer_srl_G1_seed2024] [epoch 13/100] batch 30/300 (10%) loss=0.2019 elapsed=6s eta=54s
  [dscformer_srl_G1_seed2024] [epoch 13/100] batch 60/300 (20%) loss=0.2138 elapsed=11s eta=46s
  [dscformer_srl_G1_seed2024] [epoch 13/100] batch 90/300 (30%) loss=0.2218 elapsed=17s eta=39s
  [dscformer_srl_G1_seed2024] [epoch 13/100] batch 120/300 (40%) loss=0.2166 elapsed=22s eta=33s
  [dscformer_srl_G1_seed2024] [epoch 13/100] batch 150/300 (50%) loss=0.2144 elapsed=27s eta=27s
  [dscformer_srl_G1_seed2024] [epoch 13/100] batch 180/300 (60%) loss=0.2116 elapsed=33s eta=22s
  [dscformer_srl_G1_seed2024] [epoch 13/100] batch 210/300 (70%) loss=0.2098 elapsed=38s eta=16s
  [dscformer_srl_G1_seed2024] [epoch 13/100] batch 240/300 (80%) loss=0.2086 elapsed=44s eta=11s
  [dscformer_srl_G1_seed2024] [epoch 13/100] batch 270/300 (90%) loss=0.2137 elapsed=49s eta=5s
  [dscformer_srl_G1_seed2024] [epoch 13/100] batch 300/300 (100%) loss=0.2118 elapsed=55s eta=0s
[dscformer_srl_G1_seed2024] [sampler] sampled: {0: 400, 1: 400, 2: 400} total=1200 spalling_ratio=24.33%
[dscformer_srl_G1_seed2024] [sampler] unique: {0: 400, 1: 400, 2: 400} unique_total=1200 dup_ratio=1.00x
[dscformer_srl_G1_seed2024] [epoch 013/100] remain=87 epochs ep_eta=85.3min (avg 59s/ep)
[dscformer_srl_G1_seed2024] [epoch 013/100] lr=0.000059  dt=54.6s
  train loss=0.2118  ce=0.1333 dice=0.2902  tversky=0.0000 bd=0.0000  cldice=0.0000 snake=0.0000
  val   skipped (next val at epoch 15)
[dscformer_srl_G1_seed2024] [curriculum] epoch 14: stage=0 tiers=[0] pool={0: 400, 1: 0, 2: 0}
  [dscformer_srl_G1_seed2024] [epoch 14/100] batch 30/300 (10%) loss=0.2090 elapsed=6s eta=51s
  [dscformer_srl_G1_seed2024] [epoch 14/100] batch 60/300 (20%) loss=0.2025 elapsed=11s eta=44s
  [dscformer_srl_G1_seed2024] [epoch 14/100] batch 90/300 (30%) loss=0.1996 elapsed=16s eta=38s
  [dscformer_srl_G1_seed2024] [epoch 14/100] batch 120/300 (40%) loss=0.1946 elapsed=22s eta=33s
  [dscformer_srl_G1_seed2024] [epoch 14/100] batch 150/300 (50%) loss=0.1952 elapsed=27s eta=27s
  [dscformer_srl_G1_seed2024] [epoch 14/100] batch 180/300 (60%) loss=0.1960 elapsed=32s eta=22s
  [dscformer_srl_G1_seed2024] [epoch 14/100] batch 210/300 (70%) loss=0.1949 elapsed=38s eta=16s
  [dscformer_srl_G1_seed2024] [epoch 14/100] batch 240/300 (80%) loss=0.1962 elapsed=43s eta=11s
  [dscformer_srl_G1_seed2024] [epoch 14/100] batch 270/300 (90%) loss=0.1958 elapsed=49s eta=5s
  [dscformer_srl_G1_seed2024] [epoch 14/100] batch 300/300 (100%) loss=0.1959 elapsed=54s eta=0s
[dscformer_srl_G1_seed2024] [sampler] sampled: {0: 400, 1: 400, 2: 400} total=1200 spalling_ratio=24.33%
[dscformer_srl_G1_seed2024] [sampler] unique: {0: 400, 1: 400, 2: 400} unique_total=1200 dup_ratio=1.00x
[dscformer_srl_G1_seed2024] [epoch 014/100] remain=86 epochs ep_eta=83.8min (avg 58s/ep)
[dscformer_srl_G1_seed2024] [epoch 014/100] lr=0.000059  dt=54.1s
  train loss=0.1959  ce=0.1210 dice=0.2708  tversky=0.0000 bd=0.0000  cldice=0.0000 snake=0.0000
  val   skipped (next val at epoch 15)
[dscformer_srl_G1_seed2024] [curriculum] epoch 15: stage=0 tiers=[0] pool={0: 400, 1: 0, 2: 0}
  [dscformer_srl_G1_seed2024] [epoch 15/100] batch 30/300 (10%) loss=0.2043 elapsed=6s eta=51s
  [dscformer_srl_G1_seed2024] [epoch 15/100] batch 60/300 (20%) loss=0.1997 elapsed=11s eta=44s
  [dscformer_srl_G1_seed2024] [epoch 15/100] batch 90/300 (30%) loss=0.1925 elapsed=16s eta=38s
  [dscformer_srl_G1_seed2024] [epoch 15/100] batch 120/300 (40%) loss=0.1945 elapsed=22s eta=33s
  [dscformer_srl_G1_seed2024] [epoch 15/100] batch 150/300 (50%) loss=0.1953 elapsed=27s eta=27s
  [dscformer_srl_G1_seed2024] [epoch 15/100] batch 180/300 (60%) loss=0.2003 elapsed=33s eta=22s
  [dscformer_srl_G1_seed2024] [epoch 15/100] batch 210/300 (70%) loss=0.1984 elapsed=38s eta=16s
  [dscformer_srl_G1_seed2024] [epoch 15/100] batch 240/300 (80%) loss=0.1967 elapsed=43s eta=11s
  [dscformer_srl_G1_seed2024] [epoch 15/100] batch 270/300 (90%) loss=0.1966 elapsed=49s eta=5s
  [dscformer_srl_G1_seed2024] [epoch 15/100] batch 300/300 (100%) loss=0.1962 elapsed=54s eta=0s
[dscformer_srl_G1_seed2024] [sampler] sampled: {0: 400, 1: 400, 2: 400} total=1200 spalling_ratio=24.33%
[dscformer_srl_G1_seed2024] [sampler] unique: {0: 400, 1: 400, 2: 400} unique_total=1200 dup_ratio=1.00x
[dscformer_srl_G1_seed2024] [epoch 015/100] remain=85 epochs ep_eta=83.0min (avg 59s/ep)
[dscformer_srl_G1_seed2024] [epoch 015/100] lr=0.000058  dt=59.1s
  train loss=0.1962  ce=0.1239 dice=0.2685  tversky=0.0000 bd=0.0000  cldice=0.0000 snake=0.0000
  val   loss=0.2329
  IoU   bg=0.9745  crack=0.5477  spalling=0.7964  | mIoU_fg=0.6721  pix_acc=0.9750
  Dice  bg=0.9871  crack=0.7078  spalling=0.8867
  BF1   crack=0.7090  spalling=0.6473  | BF1_fg_mean=0.6781
  [dscformer_srl_G1_seed2024] [best] mIoU_fg=0.6721  saved -> best.pt
[dscformer_srl_G1_seed2024] [curriculum] epoch 16: stage=0 tiers=[0] pool={0: 400, 1: 0, 2: 0}
  [dscformer_srl_G1_seed2024] [epoch 16/100] batch 30/300 (10%) loss=0.1731 elapsed=6s eta=53s
  [dscformer_srl_G1_seed2024] [epoch 16/100] batch 60/300 (20%) loss=0.1844 elapsed=11s eta=45s
  [dscformer_srl_G1_seed2024] [epoch 16/100] batch 90/300 (30%) loss=0.1851 elapsed=17s eta=39s
  [dscformer_srl_G1_seed2024] [epoch 16/100] batch 120/300 (40%) loss=0.1863 elapsed=22s eta=33s
  [dscformer_srl_G1_seed2024] [epoch 16/100] batch 150/300 (50%) loss=0.1910 elapsed=28s eta=28s
  [dscformer_srl_G1_seed2024] [epoch 16/100] batch 180/300 (60%) loss=0.1908 elapsed=33s eta=22s
  [dscformer_srl_G1_seed2024] [epoch 16/100] batch 210/300 (70%) loss=0.1924 elapsed=39s eta=17s
  [dscformer_srl_G1_seed2024] [epoch 16/100] batch 240/300 (80%) loss=0.1912 elapsed=44s eta=11s
  [dscformer_srl_G1_seed2024] [epoch 16/100] batch 270/300 (90%) loss=0.1908 elapsed=50s eta=6s
  [dscformer_srl_G1_seed2024] [epoch 16/100] batch 300/300 (100%) loss=0.1915 elapsed=55s eta=0s
[dscformer_srl_G1_seed2024] [sampler] sampled: {0: 400, 1: 400, 2: 400} total=1200 spalling_ratio=24.33%
[dscformer_srl_G1_seed2024] [sampler] unique: {0: 400, 1: 400, 2: 400} unique_total=1200 dup_ratio=1.00x
[dscformer_srl_G1_seed2024] [epoch 016/100] remain=84 epochs ep_eta=81.9min (avg 58s/ep)
[dscformer_srl_G1_seed2024] [epoch 016/100] lr=0.000058  dt=55.1s
  train loss=0.1915  ce=0.1191 dice=0.2640  tversky=0.0000 bd=0.0000  cldice=0.0000 snake=0.0000
  val   skipped (next val at epoch 20)
[dscformer_srl_G1_seed2024] [curriculum] epoch 17: stage=0 tiers=[0] pool={0: 400, 1: 0, 2: 0}
  [dscformer_srl_G1_seed2024] [epoch 17/100] batch 30/300 (10%) loss=0.1964 elapsed=6s eta=52s
  [dscformer_srl_G1_seed2024] [epoch 17/100] batch 60/300 (20%) loss=0.1934 elapsed=11s eta=45s
  [dscformer_srl_G1_seed2024] [epoch 17/100] batch 90/300 (30%) loss=0.1900 elapsed=17s eta=39s
  [dscformer_srl_G1_seed2024] [epoch 17/100] batch 120/300 (40%) loss=0.1840 elapsed=22s eta=33s
  [dscformer_srl_G1_seed2024] [epoch 17/100] batch 150/300 (50%) loss=0.1811 elapsed=27s eta=27s
  [dscformer_srl_G1_seed2024] [epoch 17/100] batch 180/300 (60%) loss=0.1829 elapsed=33s eta=22s
  [dscformer_srl_G1_seed2024] [epoch 17/100] batch 210/300 (70%) loss=0.1853 elapsed=38s eta=16s
  [dscformer_srl_G1_seed2024] [epoch 17/100] batch 240/300 (80%) loss=0.1854 elapsed=44s eta=11s
  [dscformer_srl_G1_seed2024] [epoch 17/100] batch 270/300 (90%) loss=0.1870 elapsed=49s eta=5s
  [dscformer_srl_G1_seed2024] [epoch 17/100] batch 300/300 (100%) loss=0.1869 elapsed=54s eta=0s
[dscformer_srl_G1_seed2024] [sampler] sampled: {0: 400, 1: 400, 2: 400} total=1200 spalling_ratio=24.33%
[dscformer_srl_G1_seed2024] [sampler] unique: {0: 400, 1: 400, 2: 400} unique_total=1200 dup_ratio=1.00x
[dscformer_srl_G1_seed2024] [epoch 017/100] remain=83 epochs ep_eta=80.6min (avg 58s/ep)
[dscformer_srl_G1_seed2024] [epoch 017/100] lr=0.000058  dt=54.6s
  train loss=0.1869  ce=0.1171 dice=0.2567  tversky=0.0000 bd=0.0000  cldice=0.0000 snake=0.0000
  val   skipped (next val at epoch 20)
[dscformer_srl_G1_seed2024] [curriculum] epoch 18: stage=0 tiers=[0] pool={0: 400, 1: 0, 2: 0}
  [dscformer_srl_G1_seed2024] [epoch 18/100] batch 30/300 (10%) loss=0.1759 elapsed=6s eta=53s
  [dscformer_srl_G1_seed2024] [epoch 18/100] batch 60/300 (20%) loss=0.1890 elapsed=11s eta=45s
  [dscformer_srl_G1_seed2024] [epoch 18/100] batch 90/300 (30%) loss=0.1853 elapsed=17s eta=39s
  [dscformer_srl_G1_seed2024] [epoch 18/100] batch 120/300 (40%) loss=0.1812 elapsed=22s eta=33s
  [dscformer_srl_G1_seed2024] [epoch 18/100] batch 150/300 (50%) loss=0.1802 elapsed=27s eta=27s
  [dscformer_srl_G1_seed2024] [epoch 18/100] batch 180/300 (60%) loss=0.1829 elapsed=33s eta=22s
  [dscformer_srl_G1_seed2024] [epoch 18/100] batch 210/300 (70%) loss=0.1804 elapsed=38s eta=16s
  [dscformer_srl_G1_seed2024] [epoch 18/100] batch 240/300 (80%) loss=0.1797 elapsed=43s eta=11s
  [dscformer_srl_G1_seed2024] [epoch 18/100] batch 270/300 (90%) loss=0.1791 elapsed=49s eta=5s
  [dscformer_srl_G1_seed2024] [epoch 18/100] batch 300/300 (100%) loss=0.1838 elapsed=54s eta=0s
[dscformer_srl_G1_seed2024] [sampler] sampled: {0: 400, 1: 400, 2: 400} total=1200 spalling_ratio=24.33%
[dscformer_srl_G1_seed2024] [sampler] unique: {0: 400, 1: 400, 2: 400} unique_total=1200 dup_ratio=1.00x
[dscformer_srl_G1_seed2024] [epoch 018/100] remain=82 epochs ep_eta=79.4min (avg 58s/ep)
[dscformer_srl_G1_seed2024] [epoch 018/100] lr=0.000057  dt=54.5s
  train loss=0.1838  ce=0.1180 dice=0.2495  tversky=0.0000 bd=0.0000  cldice=0.0000 snake=0.0000
  val   skipped (next val at epoch 20)
[dscformer_srl_G1_seed2024] [curriculum] epoch 19: stage=0 tiers=[0] pool={0: 400, 1: 0, 2: 0}
  [dscformer_srl_G1_seed2024] [epoch 19/100] batch 30/300 (10%) loss=0.1742 elapsed=6s eta=51s
  [dscformer_srl_G1_seed2024] [epoch 19/100] batch 60/300 (20%) loss=0.1775 elapsed=11s eta=44s
  [dscformer_srl_G1_seed2024] [epoch 19/100] batch 90/300 (30%) loss=0.1782 elapsed=16s eta=38s
  [dscformer_srl_G1_seed2024] [epoch 19/100] batch 120/300 (40%) loss=0.1784 elapsed=22s eta=32s
  [dscformer_srl_G1_seed2024] [epoch 19/100] batch 150/300 (50%) loss=0.1806 elapsed=27s eta=27s
  [dscformer_srl_G1_seed2024] [epoch 19/100] batch 180/300 (60%) loss=0.1784 elapsed=32s eta=22s
  [dscformer_srl_G1_seed2024] [epoch 19/100] batch 210/300 (70%) loss=0.1756 elapsed=38s eta=16s
  [dscformer_srl_G1_seed2024] [epoch 19/100] batch 240/300 (80%) loss=0.1767 elapsed=43s eta=11s
  [dscformer_srl_G1_seed2024] [epoch 19/100] batch 270/300 (90%) loss=0.1778 elapsed=48s eta=5s
  [dscformer_srl_G1_seed2024] [epoch 19/100] batch 300/300 (100%) loss=0.1787 elapsed=54s eta=0s
[dscformer_srl_G1_seed2024] [sampler] sampled: {0: 400, 1: 400, 2: 400} total=1200 spalling_ratio=24.33%
[dscformer_srl_G1_seed2024] [sampler] unique: {0: 400, 1: 400, 2: 400} unique_total=1200 dup_ratio=1.00x
[dscformer_srl_G1_seed2024] [epoch 019/100] remain=81 epochs ep_eta=78.2min (avg 58s/ep)
[dscformer_srl_G1_seed2024] [epoch 019/100] lr=0.000057  dt=53.7s
  train loss=0.1787  ce=0.1103 dice=0.2471  tversky=0.0000 bd=0.0000  cldice=0.0000 snake=0.0000
  val   skipped (next val at epoch 20)
[dscformer_srl_G1_seed2024] [curriculum] epoch 20: stage=0 tiers=[0] pool={0: 400, 1: 0, 2: 0}
  [dscformer_srl_G1_seed2024] [epoch 20/100] batch 30/300 (10%) loss=0.1947 elapsed=6s eta=50s
  [dscformer_srl_G1_seed2024] [epoch 20/100] batch 60/300 (20%) loss=0.1926 elapsed=11s eta=44s
  [dscformer_srl_G1_seed2024] [epoch 20/100] batch 90/300 (30%) loss=0.1864 elapsed=16s eta=38s
  [dscformer_srl_G1_seed2024] [epoch 20/100] batch 120/300 (40%) loss=0.1817 elapsed=22s eta=33s
  [dscformer_srl_G1_seed2024] [epoch 20/100] batch 150/300 (50%) loss=0.1816 elapsed=27s eta=27s
  [dscformer_srl_G1_seed2024] [epoch 20/100] batch 180/300 (60%) loss=0.1870 elapsed=33s eta=22s
  [dscformer_srl_G1_seed2024] [epoch 20/100] batch 210/300 (70%) loss=0.1855 elapsed=38s eta=16s
  [dscformer_srl_G1_seed2024] [epoch 20/100] batch 240/300 (80%) loss=0.1851 elapsed=43s eta=11s
  [dscformer_srl_G1_seed2024] [epoch 20/100] batch 270/300 (90%) loss=0.1831 elapsed=49s eta=5s
  [dscformer_srl_G1_seed2024] [epoch 20/100] batch 300/300 (100%) loss=0.1835 elapsed=54s eta=0s
[dscformer_srl_G1_seed2024] [sampler] sampled: {0: 400, 1: 400, 2: 400} total=1200 spalling_ratio=24.33%
[dscformer_srl_G1_seed2024] [sampler] unique: {0: 400, 1: 400, 2: 400} unique_total=1200 dup_ratio=1.00x
[dscformer_srl_G1_seed2024] [epoch 020/100] remain=80 epochs ep_eta=77.3min (avg 58s/ep)
[dscformer_srl_G1_seed2024] [epoch 020/100] lr=0.000056  dt=58.9s
  train loss=0.1835  ce=0.1131 dice=0.2538  tversky=0.0000 bd=0.0000  cldice=0.0000 snake=0.0000
  val   loss=0.3204
  IoU   bg=0.9734  crack=0.5593  spalling=0.6231  | mIoU_fg=0.5912  pix_acc=0.9741
  Dice  bg=0.9865  crack=0.7174  spalling=0.7678
  BF1   crack=0.7269  spalling=0.5996  | BF1_fg_mean=0.6633
[dscformer_srl_G1_seed2024] [curriculum] epoch 21: stage=0 tiers=[0] pool={0: 400, 1: 0, 2: 0}
  [dscformer_srl_G1_seed2024] [epoch 21/100] batch 30/300 (10%) loss=0.1997 elapsed=6s eta=51s
  [dscformer_srl_G1_seed2024] [epoch 21/100] batch 60/300 (20%) loss=0.1818 elapsed=11s eta=44s
  [dscformer_srl_G1_seed2024] [epoch 21/100] batch 90/300 (30%) loss=0.1785 elapsed=16s eta=38s
  [dscformer_srl_G1_seed2024] [epoch 21/100] batch 120/300 (40%) loss=0.1777 elapsed=22s eta=33s
  [dscformer_srl_G1_seed2024] [epoch 21/100] batch 150/300 (50%) loss=0.1759 elapsed=27s eta=27s
  [dscformer_srl_G1_seed2024] [epoch 21/100] batch 180/300 (60%) loss=0.1787 elapsed=33s eta=22s
  [dscformer_srl_G1_seed2024] [epoch 21/100] batch 210/300 (70%) loss=0.1831 elapsed=38s eta=16s
  [dscformer_srl_G1_seed2024] [epoch 21/100] batch 240/300 (80%) loss=0.1848 elapsed=44s eta=11s
  [dscformer_srl_G1_seed2024] [epoch 21/100] batch 270/300 (90%) loss=0.1875 elapsed=49s eta=5s
  [dscformer_srl_G1_seed2024] [epoch 21/100] batch 300/300 (100%) loss=0.1881 elapsed=55s eta=0s
[dscformer_srl_G1_seed2024] [sampler] sampled: {0: 400, 1: 400, 2: 400} total=1200 spalling_ratio=24.33%
[dscformer_srl_G1_seed2024] [sampler] unique: {0: 400, 1: 400, 2: 400} unique_total=1200 dup_ratio=1.00x
[dscformer_srl_G1_seed2024] [epoch 021/100] remain=79 epochs ep_eta=76.2min (avg 58s/ep)
[dscformer_srl_G1_seed2024] [epoch 021/100] lr=0.000056  dt=54.7s
  train loss=0.1881  ce=0.1167 dice=0.2595  tversky=0.0000 bd=0.0000  cldice=0.0000 snake=0.0000
  val   skipped (next val at epoch 25)
[dscformer_srl_G1_seed2024] [curriculum] epoch 22: stage=0 tiers=[0] pool={0: 400, 1: 0, 2: 0}
  [dscformer_srl_G1_seed2024] [epoch 22/100] batch 30/300 (10%) loss=0.1823 elapsed=6s eta=51s
  [dscformer_srl_G1_seed2024] [epoch 22/100] batch 60/300 (20%) loss=0.1949 elapsed=11s eta=44s
  [dscformer_srl_G1_seed2024] [epoch 22/100] batch 90/300 (30%) loss=0.2019 elapsed=16s eta=38s
  [dscformer_srl_G1_seed2024] [epoch 22/100] batch 120/300 (40%) loss=0.2035 elapsed=22s eta=33s
  [dscformer_srl_G1_seed2024] [epoch 22/100] batch 150/300 (50%) loss=0.1989 elapsed=27s eta=27s
  [dscformer_srl_G1_seed2024] [epoch 22/100] batch 180/300 (60%) loss=0.1941 elapsed=33s eta=22s
  [dscformer_srl_G1_seed2024] [epoch 22/100] batch 210/300 (70%) loss=0.1908 elapsed=38s eta=16s
  [dscformer_srl_G1_seed2024] [epoch 22/100] batch 240/300 (80%) loss=0.1920 elapsed=43s eta=11s
  [dscformer_srl_G1_seed2024] [epoch 22/100] batch 270/300 (90%) loss=0.1905 elapsed=49s eta=5s
  [dscformer_srl_G1_seed2024] [epoch 22/100] batch 300/300 (100%) loss=0.1888 elapsed=54s eta=0s
[dscformer_srl_G1_seed2024] [sampler] sampled: {0: 400, 1: 400, 2: 400} total=1200 spalling_ratio=24.33%
[dscformer_srl_G1_seed2024] [sampler] unique: {0: 400, 1: 400, 2: 400} unique_total=1200 dup_ratio=1.00x
[dscformer_srl_G1_seed2024] [epoch 022/100] remain=78 epochs ep_eta=75.1min (avg 58s/ep)
[dscformer_srl_G1_seed2024] [epoch 022/100] lr=0.000055  dt=54.4s
  train loss=0.1888  ce=0.1224 dice=0.2552  tversky=0.0000 bd=0.0000  cldice=0.0000 snake=0.0000
  val   skipped (next val at epoch 25)
[dscformer_srl_G1_seed2024] [curriculum] epoch 23: stage=0 tiers=[0] pool={0: 400, 1: 0, 2: 0}
  [dscformer_srl_G1_seed2024] [epoch 23/100] batch 30/300 (10%) loss=0.1854 elapsed=6s eta=52s
  [dscformer_srl_G1_seed2024] [epoch 23/100] batch 60/300 (20%) loss=0.1790 elapsed=11s eta=45s
  [dscformer_srl_G1_seed2024] [epoch 23/100] batch 90/300 (30%) loss=0.1780 elapsed=17s eta=39s
  [dscformer_srl_G1_seed2024] [epoch 23/100] batch 120/300 (40%) loss=0.1773 elapsed=22s eta=33s
  [dscformer_srl_G1_seed2024] [epoch 23/100] batch 150/300 (50%) loss=0.1749 elapsed=27s eta=27s
  [dscformer_srl_G1_seed2024] [epoch 23/100] batch 180/300 (60%) loss=0.1751 elapsed=33s eta=22s
  [dscformer_srl_G1_seed2024] [epoch 23/100] batch 210/300 (70%) loss=0.1723 elapsed=38s eta=16s
  [dscformer_srl_G1_seed2024] [epoch 23/100] batch 240/300 (80%) loss=0.1732 elapsed=44s eta=11s
  [dscformer_srl_G1_seed2024] [epoch 23/100] batch 270/300 (90%) loss=0.1749 elapsed=49s eta=5s
  [dscformer_srl_G1_seed2024] [epoch 23/100] batch 300/300 (100%) loss=0.1772 elapsed=54s eta=0s
[dscformer_srl_G1_seed2024] [sampler] sampled: {0: 400, 1: 400, 2: 400} total=1200 spalling_ratio=24.33%
[dscformer_srl_G1_seed2024] [sampler] unique: {0: 400, 1: 400, 2: 400} unique_total=1200 dup_ratio=1.00x
[dscformer_srl_G1_seed2024] [epoch 023/100] remain=77 epochs ep_eta=74.0min (avg 58s/ep)
[dscformer_srl_G1_seed2024] [epoch 023/100] lr=0.000055  dt=54.4s
  train loss=0.1772  ce=0.1110 dice=0.2434  tversky=0.0000 bd=0.0000  cldice=0.0000 snake=0.0000
  val   skipped (next val at epoch 25)
[dscformer_srl_G1_seed2024] [curriculum] epoch 24: stage=0 tiers=[0] pool={0: 400, 1: 0, 2: 0}
  [dscformer_srl_G1_seed2024] [epoch 24/100] batch 30/300 (10%) loss=0.1829 elapsed=6s eta=53s
  [dscformer_srl_G1_seed2024] [epoch 24/100] batch 60/300 (20%) loss=0.1836 elapsed=11s eta=46s
  [dscformer_srl_G1_seed2024] [epoch 24/100] batch 90/300 (30%) loss=0.1766 elapsed=17s eta=39s
  [dscformer_srl_G1_seed2024] [epoch 24/100] batch 120/300 (40%) loss=0.1719 elapsed=22s eta=34s
  [dscformer_srl_G1_seed2024] [epoch 24/100] batch 150/300 (50%) loss=0.1733 elapsed=28s eta=28s
  [dscformer_srl_G1_seed2024] [epoch 24/100] batch 180/300 (60%) loss=0.1756 elapsed=33s eta=22s
  [dscformer_srl_G1_seed2024] [epoch 24/100] batch 210/300 (70%) loss=0.1748 elapsed=39s eta=17s
  [dscformer_srl_G1_seed2024] [epoch 24/100] batch 240/300 (80%) loss=0.1751 elapsed=44s eta=11s
  [dscformer_srl_G1_seed2024] [epoch 24/100] batch 270/300 (90%) loss=0.1743 elapsed=49s eta=5s
  [dscformer_srl_G1_seed2024] [epoch 24/100] batch 300/300 (100%) loss=0.1763 elapsed=55s eta=0s
[dscformer_srl_G1_seed2024] [sampler] sampled: {0: 400, 1: 400, 2: 400} total=1200 spalling_ratio=24.33%
[dscformer_srl_G1_seed2024] [sampler] unique: {0: 400, 1: 400, 2: 400} unique_total=1200 dup_ratio=1.00x
[dscformer_srl_G1_seed2024] [epoch 024/100] remain=76 epochs ep_eta=72.9min (avg 58s/ep)
[dscformer_srl_G1_seed2024] [epoch 024/100] lr=0.000054  dt=54.7s
  train loss=0.1763  ce=0.1108 dice=0.2419  tversky=0.0000 bd=0.0000  cldice=0.0000 snake=0.0000
  val   skipped (next val at epoch 25)
[dscformer_srl_G1_seed2024] [curriculum] epoch 25: stage=0 tiers=[0] pool={0: 400, 1: 0, 2: 0}
  [dscformer_srl_G1_seed2024] [epoch 25/100] batch 30/300 (10%) loss=0.2175 elapsed=6s eta=54s
  [dscformer_srl_G1_seed2024] [epoch 25/100] batch 60/300 (20%) loss=0.2140 elapsed=11s eta=45s
  [dscformer_srl_G1_seed2024] [epoch 25/100] batch 90/300 (30%) loss=0.2045 elapsed=17s eta=39s
  [dscformer_srl_G1_seed2024] [epoch 25/100] batch 120/300 (40%) loss=0.1964 elapsed=22s eta=33s
  [dscformer_srl_G1_seed2024] [epoch 25/100] batch 150/300 (50%) loss=0.1953 elapsed=27s eta=27s
  [dscformer_srl_G1_seed2024] [epoch 25/100] batch 180/300 (60%) loss=0.1920 elapsed=33s eta=22s
  [dscformer_srl_G1_seed2024] [epoch 25/100] batch 210/300 (70%) loss=0.1883 elapsed=38s eta=16s
  [dscformer_srl_G1_seed2024] [epoch 25/100] batch 240/300 (80%) loss=0.1910 elapsed=43s eta=11s
  [dscformer_srl_G1_seed2024] [epoch 25/100] batch 270/300 (90%) loss=0.1900 elapsed=49s eta=5s
  [dscformer_srl_G1_seed2024] [epoch 25/100] batch 300/300 (100%) loss=0.1872 elapsed=54s eta=0s
[dscformer_srl_G1_seed2024] [sampler] sampled: {0: 400, 1: 400, 2: 400} total=1200 spalling_ratio=24.33%
[dscformer_srl_G1_seed2024] [sampler] unique: {0: 400, 1: 400, 2: 400} unique_total=1200 dup_ratio=1.00x
[dscformer_srl_G1_seed2024] [epoch 025/100] remain=75 epochs ep_eta=72.0min (avg 58s/ep)
[dscformer_srl_G1_seed2024] [epoch 025/100] lr=0.000054  dt=59.0s
  train loss=0.1872  ce=0.1255 dice=0.2489  tversky=0.0000 bd=0.0000  cldice=0.0000 snake=0.0000
  val   loss=0.2254
  IoU   bg=0.9755  crack=0.5674  spalling=0.7920  | mIoU_fg=0.6797  pix_acc=0.9762
  Dice  bg=0.9876  crack=0.7240  spalling=0.8840
  BF1   crack=0.7257  spalling=0.6415  | BF1_fg_mean=0.6836
  [dscformer_srl_G1_seed2024] [best] mIoU_fg=0.6797  saved -> best.pt
[dscformer_srl_G1_seed2024] [curriculum] epoch 26: stage=0 tiers=[0] pool={0: 400, 1: 0, 2: 0}
  [dscformer_srl_G1_seed2024] [epoch 26/100] batch 30/300 (10%) loss=0.1688 elapsed=6s eta=51s
  [dscformer_srl_G1_seed2024] [epoch 26/100] batch 60/300 (20%) loss=0.1720 elapsed=11s eta=45s
  [dscformer_srl_G1_seed2024] [epoch 26/100] batch 90/300 (30%) loss=0.1757 elapsed=17s eta=39s
  [dscformer_srl_G1_seed2024] [epoch 26/100] batch 120/300 (40%) loss=0.1736 elapsed=22s eta=33s
  [dscformer_srl_G1_seed2024] [epoch 26/100] batch 150/300 (50%) loss=0.1750 elapsed=28s eta=28s
  [dscformer_srl_G1_seed2024] [epoch 26/100] batch 180/300 (60%) loss=0.1775 elapsed=34s eta=22s
  [dscformer_srl_G1_seed2024] [epoch 26/100] batch 210/300 (70%) loss=0.1778 elapsed=39s eta=17s
  [dscformer_srl_G1_seed2024] [epoch 26/100] batch 240/300 (80%) loss=0.1769 elapsed=45s eta=11s
  [dscformer_srl_G1_seed2024] [epoch 26/100] batch 270/300 (90%) loss=0.1761 elapsed=51s eta=6s
  [dscformer_srl_G1_seed2024] [epoch 26/100] batch 300/300 (100%) loss=0.1743 elapsed=56s eta=0s
[dscformer_srl_G1_seed2024] [sampler] sampled: {0: 400, 1: 400, 2: 400} total=1200 spalling_ratio=24.33%
[dscformer_srl_G1_seed2024] [sampler] unique: {0: 400, 1: 400, 2: 400} unique_total=1200 dup_ratio=1.00x
[dscformer_srl_G1_seed2024] [epoch 026/100] remain=74 epochs ep_eta=71.1min (avg 58s/ep)
[dscformer_srl_G1_seed2024] [epoch 026/100] lr=0.000053  dt=56.2s
  train loss=0.1743  ce=0.1096 dice=0.2389  tversky=0.0000 bd=0.0000  cldice=0.0000 snake=0.0000
  val   skipped (next val at epoch 30)
[dscformer_srl_G1_seed2024] [curriculum] epoch 27: stage=0 tiers=[0] pool={0: 400, 1: 0, 2: 0}
  [dscformer_srl_G1_seed2024] [epoch 27/100] batch 30/300 (10%) loss=0.1896 elapsed=6s eta=52s
  [dscformer_srl_G1_seed2024] [epoch 27/100] batch 60/300 (20%) loss=0.1758 elapsed=11s eta=45s
  [dscformer_srl_G1_seed2024] [epoch 27/100] batch 90/300 (30%) loss=0.1711 elapsed=17s eta=39s
  [dscformer_srl_G1_seed2024] [epoch 27/100] batch 120/300 (40%) loss=0.1690 elapsed=22s eta=33s
  [dscformer_srl_G1_seed2024] [epoch 27/100] batch 150/300 (50%) loss=0.1664 elapsed=28s eta=28s
  [dscformer_srl_G1_seed2024] [epoch 27/100] batch 180/300 (60%) loss=0.1651 elapsed=33s eta=22s
  [dscformer_srl_G1_seed2024] [epoch 27/100] batch 210/300 (70%) loss=0.1659 elapsed=39s eta=17s
  [dscformer_srl_G1_seed2024] [epoch 27/100] batch 240/300 (80%) loss=0.1652 elapsed=44s eta=11s
  [dscformer_srl_G1_seed2024] [epoch 27/100] batch 270/300 (90%) loss=0.1680 elapsed=50s eta=6s
  [dscformer_srl_G1_seed2024] [epoch 27/100] batch 300/300 (100%) loss=0.1673 elapsed=55s eta=0s
[dscformer_srl_G1_seed2024] [sampler] sampled: {0: 400, 1: 400, 2: 400} total=1200 spalling_ratio=24.33%
[dscformer_srl_G1_seed2024] [sampler] unique: {0: 400, 1: 400, 2: 400} unique_total=1200 dup_ratio=1.00x
[dscformer_srl_G1_seed2024] [epoch 027/100] remain=73 epochs ep_eta=70.0min (avg 58s/ep)
[dscformer_srl_G1_seed2024] [epoch 027/100] lr=0.000052  dt=55.2s
  train loss=0.1673  ce=0.1047 dice=0.2300  tversky=0.0000 bd=0.0000  cldice=0.0000 snake=0.0000
  val   skipped (next val at epoch 30)
[dscformer_srl_G1_seed2024] [curriculum] epoch 28: stage=0 tiers=[0] pool={0: 400, 1: 0, 2: 0}
  [dscformer_srl_G1_seed2024] [epoch 28/100] batch 30/300 (10%) loss=0.1615 elapsed=6s eta=52s
  [dscformer_srl_G1_seed2024] [epoch 28/100] batch 60/300 (20%) loss=0.1702 elapsed=11s eta=45s
  [dscformer_srl_G1_seed2024] [epoch 28/100] batch 90/300 (30%) loss=0.1706 elapsed=17s eta=39s
  [dscformer_srl_G1_seed2024] [epoch 28/100] batch 120/300 (40%) loss=0.1684 elapsed=22s eta=33s
  [dscformer_srl_G1_seed2024] [epoch 28/100] batch 150/300 (50%) loss=0.1693 elapsed=27s eta=27s
  [dscformer_srl_G1_seed2024] [epoch 28/100] batch 180/300 (60%) loss=0.1691 elapsed=33s eta=22s
  [dscformer_srl_G1_seed2024] [epoch 28/100] batch 210/300 (70%) loss=0.1687 elapsed=38s eta=16s
  [dscformer_srl_G1_seed2024] [epoch 28/100] batch 240/300 (80%) loss=0.1688 elapsed=44s eta=11s
  [dscformer_srl_G1_seed2024] [epoch 28/100] batch 270/300 (90%) loss=0.1693 elapsed=49s eta=5s
  [dscformer_srl_G1_seed2024] [epoch 28/100] batch 300/300 (100%) loss=0.1665 elapsed=55s eta=0s
[dscformer_srl_G1_seed2024] [sampler] sampled: {0: 400, 1: 400, 2: 400} total=1200 spalling_ratio=24.33%
[dscformer_srl_G1_seed2024] [sampler] unique: {0: 400, 1: 400, 2: 400} unique_total=1200 dup_ratio=1.00x
[dscformer_srl_G1_seed2024] [epoch 028/100] remain=72 epochs ep_eta=69.0min (avg 57s/ep)
[dscformer_srl_G1_seed2024] [epoch 028/100] lr=0.000052  dt=54.8s
  train loss=0.1665  ce=0.1046 dice=0.2283  tversky=0.0000 bd=0.0000  cldice=0.0000 snake=0.0000
  val   skipped (next val at epoch 30)
[dscformer_srl_G1_seed2024] [curriculum] epoch 29: stage=0 tiers=[0] pool={0: 400, 1: 0, 2: 0}
  [dscformer_srl_G1_seed2024] [epoch 29/100] batch 30/300 (10%) loss=0.1719 elapsed=6s eta=51s
  [dscformer_srl_G1_seed2024] [epoch 29/100] batch 60/300 (20%) loss=0.1692 elapsed=11s eta=44s
  [dscformer_srl_G1_seed2024] [epoch 29/100] batch 90/300 (30%) loss=0.1636 elapsed=16s eta=38s
  [dscformer_srl_G1_seed2024] [epoch 29/100] batch 120/300 (40%) loss=0.1653 elapsed=22s eta=33s
  [dscformer_srl_G1_seed2024] [epoch 29/100] batch 150/300 (50%) loss=0.1610 elapsed=27s eta=27s
  [dscformer_srl_G1_seed2024] [epoch 29/100] batch 180/300 (60%) loss=0.1611 elapsed=33s eta=22s
  [dscformer_srl_G1_seed2024] [epoch 29/100] batch 210/300 (70%) loss=0.1619 elapsed=38s eta=16s
  [dscformer_srl_G1_seed2024] [epoch 29/100] batch 240/300 (80%) loss=0.1639 elapsed=44s eta=11s
  [dscformer_srl_G1_seed2024] [epoch 29/100] batch 270/300 (90%) loss=0.1623 elapsed=49s eta=5s
  [dscformer_srl_G1_seed2024] [epoch 29/100] batch 300/300 (100%) loss=0.1614 elapsed=55s eta=0s
[dscformer_srl_G1_seed2024] [sampler] sampled: {0: 400, 1: 400, 2: 400} total=1200 spalling_ratio=24.33%
[dscformer_srl_G1_seed2024] [sampler] unique: {0: 400, 1: 400, 2: 400} unique_total=1200 dup_ratio=1.00x
[dscformer_srl_G1_seed2024] [epoch 029/100] remain=71 epochs ep_eta=67.9min (avg 57s/ep)
[dscformer_srl_G1_seed2024] [epoch 029/100] lr=0.000051  dt=54.7s
  train loss=0.1614  ce=0.1020 dice=0.2207  tversky=0.0000 bd=0.0000  cldice=0.0000 snake=0.0000
  val   skipped (next val at epoch 30)
[dscformer_srl_G1_seed2024] [curriculum] epoch 30: stage=1 tiers=[0, 1] pool={0: 400, 1: 400, 2: 0}
  [dscformer_srl_G1_seed2024] [epoch 30/100] batch 30/300 (10%) loss=0.1546 elapsed=6s eta=51s
  [dscformer_srl_G1_seed2024] [epoch 30/100] batch 60/300 (20%) loss=0.1565 elapsed=11s eta=44s
  [dscformer_srl_G1_seed2024] [epoch 30/100] batch 90/300 (30%) loss=0.1529 elapsed=17s eta=39s
  [dscformer_srl_G1_seed2024] [epoch 30/100] batch 120/300 (40%) loss=0.1602 elapsed=22s eta=33s
  [dscformer_srl_G1_seed2024] [epoch 30/100] batch 150/300 (50%) loss=0.1595 elapsed=27s eta=27s
  [dscformer_srl_G1_seed2024] [epoch 30/100] batch 180/300 (60%) loss=0.1582 elapsed=33s eta=22s
  [dscformer_srl_G1_seed2024] [epoch 30/100] batch 210/300 (70%) loss=0.1576 elapsed=38s eta=16s
  [dscformer_srl_G1_seed2024] [epoch 30/100] batch 240/300 (80%) loss=0.1582 elapsed=43s eta=11s
  [dscformer_srl_G1_seed2024] [epoch 30/100] batch 270/300 (90%) loss=0.1579 elapsed=49s eta=5s
  [dscformer_srl_G1_seed2024] [epoch 30/100] batch 300/300 (100%) loss=0.1575 elapsed=54s eta=0s
[dscformer_srl_G1_seed2024] [sampler] sampled: {0: 400, 1: 400, 2: 400} total=1200 spalling_ratio=24.33%
[dscformer_srl_G1_seed2024] [sampler] unique: {0: 400, 1: 400, 2: 400} unique_total=1200 dup_ratio=1.00x
[dscformer_srl_G1_seed2024] [epoch 030/100] remain=70 epochs ep_eta=67.1min (avg 57s/ep)
[dscformer_srl_G1_seed2024] [epoch 030/100] lr=0.000050  dt=59.3s
  train loss=0.1575  ce=0.0997 dice=0.2154  tversky=0.0000 bd=0.0000  cldice=0.0000 snake=0.0000
  val   loss=0.2369
  IoU   bg=0.9757  crack=0.5635  spalling=0.7559  | mIoU_fg=0.6597  pix_acc=0.9761
  Dice  bg=0.9877  crack=0.7208  spalling=0.8610
  BF1   crack=0.7354  spalling=0.6350  | BF1_fg_mean=0.6852
[dscformer_srl_G1_seed2024] [curriculum] epoch 31: stage=1 tiers=[0, 1] pool={0: 400, 1: 400, 2: 0}
  [dscformer_srl_G1_seed2024] [epoch 31/100] batch 30/300 (10%) loss=0.1446 elapsed=6s eta=51s
  [dscformer_srl_G1_seed2024] [epoch 31/100] batch 60/300 (20%) loss=0.1532 elapsed=11s eta=44s
  [dscformer_srl_G1_seed2024] [epoch 31/100] batch 90/300 (30%) loss=0.1608 elapsed=16s eta=38s
  [dscformer_srl_G1_seed2024] [epoch 31/100] batch 120/300 (40%) loss=0.1610 elapsed=22s eta=33s
  [dscformer_srl_G1_seed2024] [epoch 31/100] batch 150/300 (50%) loss=0.1574 elapsed=27s eta=27s
  [dscformer_srl_G1_seed2024] [epoch 31/100] batch 180/300 (60%) loss=0.1585 elapsed=32s eta=22s
  [dscformer_srl_G1_seed2024] [epoch 31/100] batch 210/300 (70%) loss=0.1591 elapsed=38s eta=16s
  [dscformer_srl_G1_seed2024] [epoch 31/100] batch 240/300 (80%) loss=0.1582 elapsed=43s eta=11s
  [dscformer_srl_G1_seed2024] [epoch 31/100] batch 270/300 (90%) loss=0.1590 elapsed=49s eta=5s
  [dscformer_srl_G1_seed2024] [epoch 31/100] batch 300/300 (100%) loss=0.1608 elapsed=54s eta=0s
[dscformer_srl_G1_seed2024] [sampler] sampled: {0: 400, 1: 400, 2: 400} total=1200 spalling_ratio=24.33%
[dscformer_srl_G1_seed2024] [sampler] unique: {0: 400, 1: 400, 2: 400} unique_total=1200 dup_ratio=1.00x
[dscformer_srl_G1_seed2024] [epoch 031/100] remain=69 epochs ep_eta=66.0min (avg 57s/ep)
[dscformer_srl_G1_seed2024] [epoch 031/100] lr=0.000050  dt=54.3s
  train loss=0.1608  ce=0.1003 dice=0.2214  tversky=0.0000 bd=0.0000  cldice=0.0000 snake=0.0000
  val   skipped (next val at epoch 35)
[dscformer_srl_G1_seed2024] [curriculum] epoch 32: stage=1 tiers=[0, 1] pool={0: 400, 1: 400, 2: 0}
  [dscformer_srl_G1_seed2024] [epoch 32/100] batch 30/300 (10%) loss=0.1407 elapsed=6s eta=51s
  [dscformer_srl_G1_seed2024] [epoch 32/100] batch 60/300 (20%) loss=0.1481 elapsed=11s eta=44s
  [dscformer_srl_G1_seed2024] [epoch 32/100] batch 90/300 (30%) loss=0.1501 elapsed=16s eta=38s
  [dscformer_srl_G1_seed2024] [epoch 32/100] batch 120/300 (40%) loss=0.1522 elapsed=22s eta=33s
  [dscformer_srl_G1_seed2024] [epoch 32/100] batch 150/300 (50%) loss=0.1539 elapsed=27s eta=27s
  [dscformer_srl_G1_seed2024] [epoch 32/100] batch 180/300 (60%) loss=0.1567 elapsed=33s eta=22s
  [dscformer_srl_G1_seed2024] [epoch 32/100] batch 210/300 (70%) loss=0.1571 elapsed=38s eta=16s
  [dscformer_srl_G1_seed2024] [epoch 32/100] batch 240/300 (80%) loss=0.1574 elapsed=43s eta=11s
  [dscformer_srl_G1_seed2024] [epoch 32/100] batch 270/300 (90%) loss=0.1560 elapsed=49s eta=5s
  [dscformer_srl_G1_seed2024] [epoch 32/100] batch 300/300 (100%) loss=0.1570 elapsed=54s eta=0s
[dscformer_srl_G1_seed2024] [sampler] sampled: {0: 400, 1: 400, 2: 400} total=1200 spalling_ratio=24.33%
[dscformer_srl_G1_seed2024] [sampler] unique: {0: 400, 1: 400, 2: 400} unique_total=1200 dup_ratio=1.00x
[dscformer_srl_G1_seed2024] [epoch 032/100] remain=68 epochs ep_eta=65.0min (avg 57s/ep)
[dscformer_srl_G1_seed2024] [epoch 032/100] lr=0.000049  dt=54.1s
  train loss=0.1570  ce=0.0995 dice=0.2145  tversky=0.0000 bd=0.0000  cldice=0.0000 snake=0.0000
  val   skipped (next val at epoch 35)
[dscformer_srl_G1_seed2024] [curriculum] epoch 33: stage=1 tiers=[0, 1] pool={0: 400, 1: 400, 2: 0}
  [dscformer_srl_G1_seed2024] [epoch 33/100] batch 30/300 (10%) loss=0.1499 elapsed=6s eta=52s
  [dscformer_srl_G1_seed2024] [epoch 33/100] batch 60/300 (20%) loss=0.1487 elapsed=11s eta=44s
  [dscformer_srl_G1_seed2024] [epoch 33/100] batch 90/300 (30%) loss=0.1481 elapsed=17s eta=39s
  [dscformer_srl_G1_seed2024] [epoch 33/100] batch 120/300 (40%) loss=0.1475 elapsed=22s eta=33s
  [dscformer_srl_G1_seed2024] [epoch 33/100] batch 150/300 (50%) loss=0.1484 elapsed=28s eta=28s
  [dscformer_srl_G1_seed2024] [epoch 33/100] batch 180/300 (60%) loss=0.1490 elapsed=33s eta=22s
  [dscformer_srl_G1_seed2024] [epoch 33/100] batch 210/300 (70%) loss=0.1512 elapsed=38s eta=16s
  [dscformer_srl_G1_seed2024] [epoch 33/100] batch 240/300 (80%) loss=0.1538 elapsed=44s eta=11s
  [dscformer_srl_G1_seed2024] [epoch 33/100] batch 270/300 (90%) loss=0.1549 elapsed=49s eta=5s
  [dscformer_srl_G1_seed2024] [epoch 33/100] batch 300/300 (100%) loss=0.1568 elapsed=55s eta=0s
[dscformer_srl_G1_seed2024] [sampler] sampled: {0: 400, 1: 400, 2: 400} total=1200 spalling_ratio=24.33%
[dscformer_srl_G1_seed2024] [sampler] unique: {0: 400, 1: 400, 2: 400} unique_total=1200 dup_ratio=1.00x
[dscformer_srl_G1_seed2024] [epoch 033/100] remain=67 epochs ep_eta=64.0min (avg 57s/ep)
[dscformer_srl_G1_seed2024] [epoch 033/100] lr=0.000048  dt=54.7s
  train loss=0.1568  ce=0.0978 dice=0.2159  tversky=0.0000 bd=0.0000  cldice=0.0000 snake=0.0000
  val   skipped (next val at epoch 35)
[dscformer_srl_G1_seed2024] [curriculum] epoch 34: stage=1 tiers=[0, 1] pool={0: 400, 1: 400, 2: 0}
  [dscformer_srl_G1_seed2024] [epoch 34/100] batch 30/300 (10%) loss=0.1622 elapsed=6s eta=54s
  [dscformer_srl_G1_seed2024] [epoch 34/100] batch 60/300 (20%) loss=0.1572 elapsed=11s eta=45s
  [dscformer_srl_G1_seed2024] [epoch 34/100] batch 90/300 (30%) loss=0.1555 elapsed=17s eta=39s
  [dscformer_srl_G1_seed2024] [epoch 34/100] batch 120/300 (40%) loss=0.1599 elapsed=22s eta=33s
  [dscformer_srl_G1_seed2024] [epoch 34/100] batch 150/300 (50%) loss=0.1553 elapsed=27s eta=27s
  [dscformer_srl_G1_seed2024] [epoch 34/100] batch 180/300 (60%) loss=0.1562 elapsed=33s eta=22s
  [dscformer_srl_G1_seed2024] [epoch 34/100] batch 210/300 (70%) loss=0.1567 elapsed=38s eta=16s
  [dscformer_srl_G1_seed2024] [epoch 34/100] batch 240/300 (80%) loss=0.1562 elapsed=44s eta=11s
  [dscformer_srl_G1_seed2024] [epoch 34/100] batch 270/300 (90%) loss=0.1562 elapsed=49s eta=5s
  [dscformer_srl_G1_seed2024] [epoch 34/100] batch 300/300 (100%) loss=0.1567 elapsed=54s eta=0s
[dscformer_srl_G1_seed2024] [sampler] sampled: {0: 400, 1: 400, 2: 400} total=1200 spalling_ratio=24.33%
[dscformer_srl_G1_seed2024] [sampler] unique: {0: 400, 1: 400, 2: 400} unique_total=1200 dup_ratio=1.00x
[dscformer_srl_G1_seed2024] [epoch 034/100] remain=66 epochs ep_eta=62.9min (avg 57s/ep)
[dscformer_srl_G1_seed2024] [epoch 034/100] lr=0.000047  dt=54.6s
  train loss=0.1567  ce=0.0981 dice=0.2153  tversky=0.0000 bd=0.0000  cldice=0.0000 snake=0.0000
  val   skipped (next val at epoch 35)
[dscformer_srl_G1_seed2024] [curriculum] epoch 35: stage=1 tiers=[0, 1] pool={0: 400, 1: 400, 2: 0}
  [dscformer_srl_G1_seed2024] [epoch 35/100] batch 30/300 (10%) loss=0.1504 elapsed=6s eta=51s
  [dscformer_srl_G1_seed2024] [epoch 35/100] batch 60/300 (20%) loss=0.1430 elapsed=11s eta=44s
  [dscformer_srl_G1_seed2024] [epoch 35/100] batch 90/300 (30%) loss=0.1445 elapsed=17s eta=39s
  [dscformer_srl_G1_seed2024] [epoch 35/100] batch 120/300 (40%) loss=0.1478 elapsed=22s eta=33s
  [dscformer_srl_G1_seed2024] [epoch 35/100] batch 150/300 (50%) loss=0.1486 elapsed=27s eta=27s
  [dscformer_srl_G1_seed2024] [epoch 35/100] batch 180/300 (60%) loss=0.1489 elapsed=33s eta=22s
  [dscformer_srl_G1_seed2024] [epoch 35/100] batch 210/300 (70%) loss=0.1492 elapsed=38s eta=16s
  [dscformer_srl_G1_seed2024] [epoch 35/100] batch 240/300 (80%) loss=0.1505 elapsed=44s eta=11s
  [dscformer_srl_G1_seed2024] [epoch 35/100] batch 270/300 (90%) loss=0.1521 elapsed=49s eta=5s
  [dscformer_srl_G1_seed2024] [epoch 35/100] batch 300/300 (100%) loss=0.1526 elapsed=55s eta=0s
[dscformer_srl_G1_seed2024] [sampler] sampled: {0: 400, 1: 400, 2: 400} total=1200 spalling_ratio=24.33%
[dscformer_srl_G1_seed2024] [sampler] unique: {0: 400, 1: 400, 2: 400} unique_total=1200 dup_ratio=1.00x
[dscformer_srl_G1_seed2024] [epoch 035/100] remain=65 epochs ep_eta=62.1min (avg 57s/ep)
[dscformer_srl_G1_seed2024] [epoch 035/100] lr=0.000046  dt=59.7s
  train loss=0.1526  ce=0.0962 dice=0.2089  tversky=0.0000 bd=0.0000  cldice=0.0000 snake=0.0000
  val   loss=0.2374
  IoU   bg=0.9752  crack=0.5616  spalling=0.7699  | mIoU_fg=0.6658  pix_acc=0.9757
  Dice  bg=0.9875  crack=0.7192  spalling=0.8700
  BF1   crack=0.7241  spalling=0.6247  | BF1_fg_mean=0.6744
[dscformer_srl_G1_seed2024] [curriculum] epoch 36: stage=1 tiers=[0, 1] pool={0: 400, 1: 400, 2: 0}
  [dscformer_srl_G1_seed2024] [epoch 36/100] batch 30/300 (10%) loss=0.1522 elapsed=6s eta=51s
  [dscformer_srl_G1_seed2024] [epoch 36/100] batch 60/300 (20%) loss=0.1521 elapsed=11s eta=45s
  [dscformer_srl_G1_seed2024] [epoch 36/100] batch 90/300 (30%) loss=0.1492 elapsed=17s eta=39s
  [dscformer_srl_G1_seed2024] [epoch 36/100] batch 120/300 (40%) loss=0.1487 elapsed=22s eta=33s
  [dscformer_srl_G1_seed2024] [epoch 36/100] batch 150/300 (50%) loss=0.1483 elapsed=28s eta=28s
  [dscformer_srl_G1_seed2024] [epoch 36/100] batch 180/300 (60%) loss=0.1494 elapsed=33s eta=22s
  [dscformer_srl_G1_seed2024] [epoch 36/100] batch 210/300 (70%) loss=0.1514 elapsed=39s eta=17s
  [dscformer_srl_G1_seed2024] [epoch 36/100] batch 240/300 (80%) loss=0.1526 elapsed=44s eta=11s
  [dscformer_srl_G1_seed2024] [epoch 36/100] batch 270/300 (90%) loss=0.1564 elapsed=50s eta=6s
  [dscformer_srl_G1_seed2024] [epoch 36/100] batch 300/300 (100%) loss=0.1564 elapsed=55s eta=0s
[dscformer_srl_G1_seed2024] [sampler] sampled: {0: 400, 1: 400, 2: 400} total=1200 spalling_ratio=24.33%
[dscformer_srl_G1_seed2024] [sampler] unique: {0: 400, 1: 400, 2: 400} unique_total=1200 dup_ratio=1.00x
[dscformer_srl_G1_seed2024] [epoch 036/100] remain=64 epochs ep_eta=61.1min (avg 57s/ep)
[dscformer_srl_G1_seed2024] [epoch 036/100] lr=0.000046  dt=55.3s
  train loss=0.1564  ce=0.1006 dice=0.2122  tversky=0.0000 bd=0.0000  cldice=0.0000 snake=0.0000
  val   skipped (next val at epoch 40)
[dscformer_srl_G1_seed2024] [curriculum] epoch 37: stage=1 tiers=[0, 1] pool={0: 400, 1: 400, 2: 0}
  [dscformer_srl_G1_seed2024] [epoch 37/100] batch 30/300 (10%) loss=0.1513 elapsed=6s eta=52s
  [dscformer_srl_G1_seed2024] [epoch 37/100] batch 60/300 (20%) loss=0.1469 elapsed=11s eta=45s
  [dscformer_srl_G1_seed2024] [epoch 37/100] batch 90/300 (30%) loss=0.1514 elapsed=17s eta=39s
  [dscformer_srl_G1_seed2024] [epoch 37/100] batch 120/300 (40%) loss=0.1501 elapsed=22s eta=33s
  [dscformer_srl_G1_seed2024] [epoch 37/100] batch 150/300 (50%) loss=0.1483 elapsed=28s eta=28s
  [dscformer_srl_G1_seed2024] [epoch 37/100] batch 180/300 (60%) loss=0.1497 elapsed=33s eta=22s
  [dscformer_srl_G1_seed2024] [epoch 37/100] batch 210/300 (70%) loss=0.1498 elapsed=38s eta=16s
  [dscformer_srl_G1_seed2024] [epoch 37/100] batch 240/300 (80%) loss=0.1516 elapsed=44s eta=11s
  [dscformer_srl_G1_seed2024] [epoch 37/100] batch 270/300 (90%) loss=0.1521 elapsed=49s eta=5s
  [dscformer_srl_G1_seed2024] [epoch 37/100] batch 300/300 (100%) loss=0.1521 elapsed=54s eta=0s
[dscformer_srl_G1_seed2024] [sampler] sampled: {0: 400, 1: 400, 2: 400} total=1200 spalling_ratio=24.33%
[dscformer_srl_G1_seed2024] [sampler] unique: {0: 400, 1: 400, 2: 400} unique_total=1200 dup_ratio=1.00x
[dscformer_srl_G1_seed2024] [epoch 037/100] remain=63 epochs ep_eta=60.1min (avg 57s/ep)
[dscformer_srl_G1_seed2024] [epoch 037/100] lr=0.000045  dt=54.4s
  train loss=0.1521  ce=0.0952 dice=0.2091  tversky=0.0000 bd=0.0000  cldice=0.0000 snake=0.0000
  val   skipped (next val at epoch 40)
[dscformer_srl_G1_seed2024] [curriculum] epoch 38: stage=1 tiers=[0, 1] pool={0: 400, 1: 400, 2: 0}
  [dscformer_srl_G1_seed2024] [epoch 38/100] batch 30/300 (10%) loss=0.1505 elapsed=6s eta=51s
  [dscformer_srl_G1_seed2024] [epoch 38/100] batch 60/300 (20%) loss=0.1523 elapsed=11s eta=45s
  [dscformer_srl_G1_seed2024] [epoch 38/100] batch 90/300 (30%) loss=0.1499 elapsed=17s eta=39s
  [dscformer_srl_G1_seed2024] [epoch 38/100] batch 120/300 (40%) loss=0.1500 elapsed=22s eta=33s
  [dscformer_srl_G1_seed2024] [epoch 38/100] batch 150/300 (50%) loss=0.1500 elapsed=28s eta=28s
  [dscformer_srl_G1_seed2024] [epoch 38/100] batch 180/300 (60%) loss=0.1513 elapsed=33s eta=22s
  [dscformer_srl_G1_seed2024] [epoch 38/100] batch 210/300 (70%) loss=0.1512 elapsed=39s eta=17s
  [dscformer_srl_G1_seed2024] [epoch 38/100] batch 240/300 (80%) loss=0.1525 elapsed=44s eta=11s
  [dscformer_srl_G1_seed2024] [epoch 38/100] batch 270/300 (90%) loss=0.1509 elapsed=50s eta=6s
  [dscformer_srl_G1_seed2024] [epoch 38/100] batch 300/300 (100%) loss=0.1511 elapsed=55s eta=0s
[dscformer_srl_G1_seed2024] [sampler] sampled: {0: 400, 1: 400, 2: 400} total=1200 spalling_ratio=24.33%
[dscformer_srl_G1_seed2024] [sampler] unique: {0: 400, 1: 400, 2: 400} unique_total=1200 dup_ratio=1.00x
[dscformer_srl_G1_seed2024] [epoch 038/100] remain=62 epochs ep_eta=59.1min (avg 57s/ep)
[dscformer_srl_G1_seed2024] [epoch 038/100] lr=0.000044  dt=55.2s
  train loss=0.1511  ce=0.0956 dice=0.2066  tversky=0.0000 bd=0.0000  cldice=0.0000 snake=0.0000
  val   skipped (next val at epoch 40)
[dscformer_srl_G1_seed2024] [curriculum] epoch 39: stage=1 tiers=[0, 1] pool={0: 400, 1: 400, 2: 0}
  [dscformer_srl_G1_seed2024] [epoch 39/100] batch 30/300 (10%) loss=0.1517 elapsed=6s eta=51s
  [dscformer_srl_G1_seed2024] [epoch 39/100] batch 60/300 (20%) loss=0.1401 elapsed=11s eta=44s
  [dscformer_srl_G1_seed2024] [epoch 39/100] batch 90/300 (30%) loss=0.1477 elapsed=16s eta=38s
  [dscformer_srl_G1_seed2024] [epoch 39/100] batch 120/300 (40%) loss=0.1518 elapsed=22s eta=33s
  [dscformer_srl_G1_seed2024] [epoch 39/100] batch 150/300 (50%) loss=0.1499 elapsed=27s eta=27s
  [dscformer_srl_G1_seed2024] [epoch 39/100] batch 180/300 (60%) loss=0.1476 elapsed=33s eta=22s
  [dscformer_srl_G1_seed2024] [epoch 39/100] batch 210/300 (70%) loss=0.1497 elapsed=38s eta=16s
  [dscformer_srl_G1_seed2024] [epoch 39/100] batch 240/300 (80%) loss=0.1503 elapsed=44s eta=11s
  [dscformer_srl_G1_seed2024] [epoch 39/100] batch 270/300 (90%) loss=0.1502 elapsed=49s eta=5s
  [dscformer_srl_G1_seed2024] [epoch 39/100] batch 300/300 (100%) loss=0.1503 elapsed=54s eta=0s
[dscformer_srl_G1_seed2024] [sampler] sampled: {0: 400, 1: 400, 2: 400} total=1200 spalling_ratio=24.33%
[dscformer_srl_G1_seed2024] [sampler] unique: {0: 400, 1: 400, 2: 400} unique_total=1200 dup_ratio=1.00x
[dscformer_srl_G1_seed2024] [epoch 039/100] remain=61 epochs ep_eta=58.1min (avg 57s/ep)
[dscformer_srl_G1_seed2024] [epoch 039/100] lr=0.000043  dt=54.6s
  train loss=0.1503  ce=0.0949 dice=0.2057  tversky=0.0000 bd=0.0000  cldice=0.0000 snake=0.0000
  val   skipped (next val at epoch 40)
[dscformer_srl_G1_seed2024] [curriculum] epoch 40: stage=1 tiers=[0, 1] pool={0: 400, 1: 400, 2: 0}
  [dscformer_srl_G1_seed2024] [epoch 40/100] batch 30/300 (10%) loss=0.1446 elapsed=6s eta=52s
  [dscformer_srl_G1_seed2024] [epoch 40/100] batch 60/300 (20%) loss=0.1462 elapsed=11s eta=45s
  [dscformer_srl_G1_seed2024] [epoch 40/100] batch 90/300 (30%) loss=0.1443 elapsed=17s eta=39s
  [dscformer_srl_G1_seed2024] [epoch 40/100] batch 120/300 (40%) loss=0.1494 elapsed=22s eta=34s
  [dscformer_srl_G1_seed2024] [epoch 40/100] batch 150/300 (50%) loss=0.1466 elapsed=28s eta=28s
  [dscformer_srl_G1_seed2024] [epoch 40/100] batch 180/300 (60%) loss=0.1457 elapsed=33s eta=22s
  [dscformer_srl_G1_seed2024] [epoch 40/100] batch 210/300 (70%) loss=0.1452 elapsed=38s eta=16s
  [dscformer_srl_G1_seed2024] [epoch 40/100] batch 240/300 (80%) loss=0.1479 elapsed=44s eta=11s
  [dscformer_srl_G1_seed2024] [epoch 40/100] batch 270/300 (90%) loss=0.1481 elapsed=49s eta=5s
  [dscformer_srl_G1_seed2024] [epoch 40/100] batch 300/300 (100%) loss=0.1469 elapsed=55s eta=0s
[dscformer_srl_G1_seed2024] [sampler] sampled: {0: 400, 1: 400, 2: 400} total=1200 spalling_ratio=24.33%
[dscformer_srl_G1_seed2024] [sampler] unique: {0: 400, 1: 400, 2: 400} unique_total=1200 dup_ratio=1.00x
[dscformer_srl_G1_seed2024] [epoch 040/100] remain=60 epochs ep_eta=57.2min (avg 57s/ep)
[dscformer_srl_G1_seed2024] [epoch 040/100] lr=0.000042  dt=59.9s
  train loss=0.1469  ce=0.0928 dice=0.2010  tversky=0.0000 bd=0.0000  cldice=0.0000 snake=0.0000
  val   loss=0.2424
  IoU   bg=0.9756  crack=0.5653  spalling=0.7754  | mIoU_fg=0.6703  pix_acc=0.9761
  Dice  bg=0.9876  crack=0.7223  spalling=0.8735
  BF1   crack=0.7298  spalling=0.6774  | BF1_fg_mean=0.7036
[dscformer_srl_G1_seed2024] [curriculum] epoch 41: stage=1 tiers=[0, 1] pool={0: 400, 1: 400, 2: 0}
  [dscformer_srl_G1_seed2024] [epoch 41/100] batch 30/300 (10%) loss=0.1392 elapsed=6s eta=50s
  [dscformer_srl_G1_seed2024] [epoch 41/100] batch 60/300 (20%) loss=0.1478 elapsed=11s eta=43s
  [dscformer_srl_G1_seed2024] [epoch 41/100] batch 90/300 (30%) loss=0.1433 elapsed=16s eta=38s
  [dscformer_srl_G1_seed2024] [epoch 41/100] batch 120/300 (40%) loss=0.1417 elapsed=21s eta=32s
  [dscformer_srl_G1_seed2024] [epoch 41/100] batch 150/300 (50%) loss=0.1433 elapsed=27s eta=27s
  [dscformer_srl_G1_seed2024] [epoch 41/100] batch 180/300 (60%) loss=0.1431 elapsed=32s eta=22s
  [dscformer_srl_G1_seed2024] [epoch 41/100] batch 210/300 (70%) loss=0.1430 elapsed=38s eta=16s
  [dscformer_srl_G1_seed2024] [epoch 41/100] batch 240/300 (80%) loss=0.1439 elapsed=43s eta=11s
  [dscformer_srl_G1_seed2024] [epoch 41/100] batch 270/300 (90%) loss=0.1426 elapsed=49s eta=5s
  [dscformer_srl_G1_seed2024] [epoch 41/100] batch 300/300 (100%) loss=0.1431 elapsed=54s eta=0s
[dscformer_srl_G1_seed2024] [sampler] sampled: {0: 400, 1: 400, 2: 400} total=1200 spalling_ratio=24.33%
[dscformer_srl_G1_seed2024] [sampler] unique: {0: 400, 1: 400, 2: 400} unique_total=1200 dup_ratio=1.00x
[dscformer_srl_G1_seed2024] [epoch 041/100] remain=59 epochs ep_eta=56.2min (avg 57s/ep)
[dscformer_srl_G1_seed2024] [epoch 041/100] lr=0.000041  dt=54.4s
  train loss=0.1431  ce=0.0904 dice=0.1959  tversky=0.0000 bd=0.0000  cldice=0.0000 snake=0.0000
  val   skipped (next val at epoch 45)
[dscformer_srl_G1_seed2024] [curriculum] epoch 42: stage=1 tiers=[0, 1] pool={0: 400, 1: 400, 2: 0}
  [dscformer_srl_G1_seed2024] [epoch 42/100] batch 30/300 (10%) loss=0.1417 elapsed=6s eta=51s
  [dscformer_srl_G1_seed2024] [epoch 42/100] batch 60/300 (20%) loss=0.1543 elapsed=11s eta=45s
  [dscformer_srl_G1_seed2024] [epoch 42/100] batch 90/300 (30%) loss=0.1516 elapsed=17s eta=39s
  [dscformer_srl_G1_seed2024] [epoch 42/100] batch 120/300 (40%) loss=0.1506 elapsed=22s eta=33s
  [dscformer_srl_G1_seed2024] [epoch 42/100] batch 150/300 (50%) loss=0.1489 elapsed=27s eta=27s
  [dscformer_srl_G1_seed2024] [epoch 42/100] batch 180/300 (60%) loss=0.1482 elapsed=33s eta=22s
  [dscformer_srl_G1_seed2024] [epoch 42/100] batch 210/300 (70%) loss=0.1477 elapsed=38s eta=16s
  [dscformer_srl_G1_seed2024] [epoch 42/100] batch 240/300 (80%) loss=0.1482 elapsed=43s eta=11s
  [dscformer_srl_G1_seed2024] [epoch 42/100] batch 270/300 (90%) loss=0.1469 elapsed=49s eta=5s
  [dscformer_srl_G1_seed2024] [epoch 42/100] batch 300/300 (100%) loss=0.1448 elapsed=54s eta=0s
[dscformer_srl_G1_seed2024] [sampler] sampled: {0: 400, 1: 400, 2: 400} total=1200 spalling_ratio=24.33%
[dscformer_srl_G1_seed2024] [sampler] unique: {0: 400, 1: 400, 2: 400} unique_total=1200 dup_ratio=1.00x
[dscformer_srl_G1_seed2024] [epoch 042/100] remain=58 epochs ep_eta=55.2min (avg 57s/ep)
[dscformer_srl_G1_seed2024] [epoch 042/100] lr=0.000040  dt=54.6s
  train loss=0.1448  ce=0.0911 dice=0.1984  tversky=0.0000 bd=0.0000  cldice=0.0000 snake=0.0000
  val   skipped (next val at epoch 45)
[dscformer_srl_G1_seed2024] [curriculum] epoch 43: stage=1 tiers=[0, 1] pool={0: 400, 1: 400, 2: 0}
  [dscformer_srl_G1_seed2024] [epoch 43/100] batch 30/300 (10%) loss=0.1436 elapsed=6s eta=51s
  [dscformer_srl_G1_seed2024] [epoch 43/100] batch 60/300 (20%) loss=0.1456 elapsed=11s eta=45s
  [dscformer_srl_G1_seed2024] [epoch 43/100] batch 90/300 (30%) loss=0.1436 elapsed=17s eta=39s
  [dscformer_srl_G1_seed2024] [epoch 43/100] batch 120/300 (40%) loss=0.1439 elapsed=22s eta=33s
  [dscformer_srl_G1_seed2024] [epoch 43/100] batch 150/300 (50%) loss=0.1436 elapsed=27s eta=27s
  [dscformer_srl_G1_seed2024] [epoch 43/100] batch 180/300 (60%) loss=0.1417 elapsed=33s eta=22s
  [dscformer_srl_G1_seed2024] [epoch 43/100] batch 210/300 (70%) loss=0.1415 elapsed=38s eta=16s
  [dscformer_srl_G1_seed2024] [epoch 43/100] batch 240/300 (80%) loss=0.1404 elapsed=44s eta=11s
  [dscformer_srl_G1_seed2024] [epoch 43/100] batch 270/300 (90%) loss=0.1390 elapsed=49s eta=5s
  [dscformer_srl_G1_seed2024] [epoch 43/100] batch 300/300 (100%) loss=0.1384 elapsed=55s eta=0s
[dscformer_srl_G1_seed2024] [sampler] sampled: {0: 400, 1: 400, 2: 400} total=1200 spalling_ratio=24.33%
[dscformer_srl_G1_seed2024] [sampler] unique: {0: 400, 1: 400, 2: 400} unique_total=1200 dup_ratio=1.00x
[dscformer_srl_G1_seed2024] [epoch 043/100] remain=57 epochs ep_eta=54.2min (avg 57s/ep)
[dscformer_srl_G1_seed2024] [epoch 043/100] lr=0.000039  dt=54.7s
  train loss=0.1384  ce=0.0882 dice=0.1885  tversky=0.0000 bd=0.0000  cldice=0.0000 snake=0.0000
  val   skipped (next val at epoch 45)
[dscformer_srl_G1_seed2024] [curriculum] epoch 44: stage=1 tiers=[0, 1] pool={0: 400, 1: 400, 2: 0}
  [dscformer_srl_G1_seed2024] [epoch 44/100] batch 30/300 (10%) loss=0.1428 elapsed=6s eta=50s
  [dscformer_srl_G1_seed2024] [epoch 44/100] batch 60/300 (20%) loss=0.1390 elapsed=11s eta=44s
  [dscformer_srl_G1_seed2024] [epoch 44/100] batch 90/300 (30%) loss=0.1431 elapsed=16s eta=38s
  [dscformer_srl_G1_seed2024] [epoch 44/100] batch 120/300 (40%) loss=0.1432 elapsed=21s eta=32s
  [dscformer_srl_G1_seed2024] [epoch 44/100] batch 150/300 (50%) loss=0.1442 elapsed=27s eta=27s
  [dscformer_srl_G1_seed2024] [epoch 44/100] batch 180/300 (60%) loss=0.1432 elapsed=32s eta=22s
  [dscformer_srl_G1_seed2024] [epoch 44/100] batch 210/300 (70%) loss=0.1425 elapsed=38s eta=16s
  [dscformer_srl_G1_seed2024] [epoch 44/100] batch 240/300 (80%) loss=0.1421 elapsed=43s eta=11s
  [dscformer_srl_G1_seed2024] [epoch 44/100] batch 270/300 (90%) loss=0.1420 elapsed=48s eta=5s
  [dscformer_srl_G1_seed2024] [epoch 44/100] batch 300/300 (100%) loss=0.1415 elapsed=54s eta=0s
[dscformer_srl_G1_seed2024] [sampler] sampled: {0: 400, 1: 400, 2: 400} total=1200 spalling_ratio=24.33%
[dscformer_srl_G1_seed2024] [sampler] unique: {0: 400, 1: 400, 2: 400} unique_total=1200 dup_ratio=1.00x
[dscformer_srl_G1_seed2024] [epoch 044/100] remain=56 epochs ep_eta=53.2min (avg 57s/ep)
[dscformer_srl_G1_seed2024] [epoch 044/100] lr=0.000038  dt=53.7s
  train loss=0.1415  ce=0.0881 dice=0.1949  tversky=0.0000 bd=0.0000  cldice=0.0000 snake=0.0000
  val   skipped (next val at epoch 45)
[dscformer_srl_G1_seed2024] [curriculum] epoch 45: stage=1 tiers=[0, 1] pool={0: 400, 1: 400, 2: 0}
  [dscformer_srl_G1_seed2024] [epoch 45/100] batch 30/300 (10%) loss=0.1479 elapsed=6s eta=50s
  [dscformer_srl_G1_seed2024] [epoch 45/100] batch 60/300 (20%) loss=0.1436 elapsed=11s eta=43s
  [dscformer_srl_G1_seed2024] [epoch 45/100] batch 90/300 (30%) loss=0.1377 elapsed=16s eta=38s
  [dscformer_srl_G1_seed2024] [epoch 45/100] batch 120/300 (40%) loss=0.1397 elapsed=22s eta=32s
  [dscformer_srl_G1_seed2024] [epoch 45/100] batch 150/300 (50%) loss=0.1381 elapsed=27s eta=27s
  [dscformer_srl_G1_seed2024] [epoch 45/100] batch 180/300 (60%) loss=0.1352 elapsed=32s eta=22s
  [dscformer_srl_G1_seed2024] [epoch 45/100] batch 210/300 (70%) loss=0.1375 elapsed=38s eta=16s
  [dscformer_srl_G1_seed2024] [epoch 45/100] batch 240/300 (80%) loss=0.1371 elapsed=43s eta=11s
  [dscformer_srl_G1_seed2024] [epoch 45/100] batch 270/300 (90%) loss=0.1372 elapsed=49s eta=5s
  [dscformer_srl_G1_seed2024] [epoch 45/100] batch 300/300 (100%) loss=0.1377 elapsed=54s eta=0s
[dscformer_srl_G1_seed2024] [sampler] sampled: {0: 400, 1: 400, 2: 400} total=1200 spalling_ratio=24.33%
[dscformer_srl_G1_seed2024] [sampler] unique: {0: 400, 1: 400, 2: 400} unique_total=1200 dup_ratio=1.00x
[dscformer_srl_G1_seed2024] [epoch 045/100] remain=55 epochs ep_eta=52.3min (avg 57s/ep)
[dscformer_srl_G1_seed2024] [epoch 045/100] lr=0.000037  dt=59.4s
  train loss=0.1377  ce=0.0872 dice=0.1882  tversky=0.0000 bd=0.0000  cldice=0.0000 snake=0.0000
  val   loss=0.2195
  IoU   bg=0.9760  crack=0.5783  spalling=0.7859  | mIoU_fg=0.6821  pix_acc=0.9766
  Dice  bg=0.9878  crack=0.7328  spalling=0.8801
  BF1   crack=0.7440  spalling=0.6052  | BF1_fg_mean=0.6746
  [dscformer_srl_G1_seed2024] [best] mIoU_fg=0.6821  saved -> best.pt
[dscformer_srl_G1_seed2024] [curriculum] epoch 46: stage=1 tiers=[0, 1] pool={0: 400, 1: 400, 2: 0}
  [dscformer_srl_G1_seed2024] [epoch 46/100] batch 30/300 (10%) loss=0.1289 elapsed=6s eta=53s
  [dscformer_srl_G1_seed2024] [epoch 46/100] batch 60/300 (20%) loss=0.1392 elapsed=11s eta=45s
  [dscformer_srl_G1_seed2024] [epoch 46/100] batch 90/300 (30%) loss=0.1366 elapsed=17s eta=39s
  [dscformer_srl_G1_seed2024] [epoch 46/100] batch 120/300 (40%) loss=0.1347 elapsed=22s eta=33s
  [dscformer_srl_G1_seed2024] [epoch 46/100] batch 150/300 (50%) loss=0.1371 elapsed=28s eta=28s
  [dscformer_srl_G1_seed2024] [epoch 46/100] batch 180/300 (60%) loss=0.1366 elapsed=33s eta=22s
  [dscformer_srl_G1_seed2024] [epoch 46/100] batch 210/300 (70%) loss=0.1382 elapsed=39s eta=17s
  [dscformer_srl_G1_seed2024] [epoch 46/100] batch 240/300 (80%) loss=0.1389 elapsed=44s eta=11s
  [dscformer_srl_G1_seed2024] [epoch 46/100] batch 270/300 (90%) loss=0.1376 elapsed=49s eta=5s
  [dscformer_srl_G1_seed2024] [epoch 46/100] batch 300/300 (100%) loss=0.1373 elapsed=55s eta=0s
[dscformer_srl_G1_seed2024] [sampler] sampled: {0: 400, 1: 400, 2: 400} total=1200 spalling_ratio=24.33%
[dscformer_srl_G1_seed2024] [sampler] unique: {0: 400, 1: 400, 2: 400} unique_total=1200 dup_ratio=1.00x
[dscformer_srl_G1_seed2024] [epoch 046/100] remain=54 epochs ep_eta=51.4min (avg 57s/ep)
[dscformer_srl_G1_seed2024] [epoch 046/100] lr=0.000036  dt=55.0s
  train loss=0.1373  ce=0.0863 dice=0.1884  tversky=0.0000 bd=0.0000  cldice=0.0000 snake=0.0000
  val   skipped (next val at epoch 50)
[dscformer_srl_G1_seed2024] [curriculum] epoch 47: stage=1 tiers=[0, 1] pool={0: 400, 1: 400, 2: 0}
  [dscformer_srl_G1_seed2024] [epoch 47/100] batch 30/300 (10%) loss=0.1285 elapsed=6s eta=52s
  [dscformer_srl_G1_seed2024] [epoch 47/100] batch 60/300 (20%) loss=0.1278 elapsed=11s eta=45s
  [dscformer_srl_G1_seed2024] [epoch 47/100] batch 90/300 (30%) loss=0.1281 elapsed=17s eta=39s
  [dscformer_srl_G1_seed2024] [epoch 47/100] batch 120/300 (40%) loss=0.1279 elapsed=22s eta=33s
  [dscformer_srl_G1_seed2024] [epoch 47/100] batch 150/300 (50%) loss=0.1316 elapsed=27s eta=27s
  [dscformer_srl_G1_seed2024] [epoch 47/100] batch 180/300 (60%) loss=0.1339 elapsed=33s eta=22s
  [dscformer_srl_G1_seed2024] [epoch 47/100] batch 210/300 (70%) loss=0.1323 elapsed=38s eta=16s
  [dscformer_srl_G1_seed2024] [epoch 47/100] batch 240/300 (80%) loss=0.1328 elapsed=44s eta=11s
  [dscformer_srl_G1_seed2024] [epoch 47/100] batch 270/300 (90%) loss=0.1348 elapsed=49s eta=5s
  [dscformer_srl_G1_seed2024] [epoch 47/100] batch 300/300 (100%) loss=0.1356 elapsed=55s eta=0s
[dscformer_srl_G1_seed2024] [sampler] sampled: {0: 400, 1: 400, 2: 400} total=1200 spalling_ratio=24.33%
[dscformer_srl_G1_seed2024] [sampler] unique: {0: 400, 1: 400, 2: 400} unique_total=1200 dup_ratio=1.00x
[dscformer_srl_G1_seed2024] [epoch 047/100] remain=53 epochs ep_eta=50.4min (avg 57s/ep)
[dscformer_srl_G1_seed2024] [epoch 047/100] lr=0.000035  dt=54.6s
  train loss=0.1356  ce=0.0853 dice=0.1859  tversky=0.0000 bd=0.0000  cldice=0.0000 snake=0.0000
  val   skipped (next val at epoch 50)
[dscformer_srl_G1_seed2024] [curriculum] epoch 48: stage=1 tiers=[0, 1] pool={0: 400, 1: 400, 2: 0}
  [dscformer_srl_G1_seed2024] [epoch 48/100] batch 30/300 (10%) loss=0.1418 elapsed=6s eta=52s
  [dscformer_srl_G1_seed2024] [epoch 48/100] batch 60/300 (20%) loss=0.1387 elapsed=11s eta=45s
  [dscformer_srl_G1_seed2024] [epoch 48/100] batch 90/300 (30%) loss=0.1416 elapsed=17s eta=39s
  [dscformer_srl_G1_seed2024] [epoch 48/100] batch 120/300 (40%) loss=0.1420 elapsed=22s eta=33s
  [dscformer_srl_G1_seed2024] [epoch 48/100] batch 150/300 (50%) loss=0.1406 elapsed=27s eta=27s
  [dscformer_srl_G1_seed2024] [epoch 48/100] batch 180/300 (60%) loss=0.1379 elapsed=33s eta=22s
  [dscformer_srl_G1_seed2024] [epoch 48/100] batch 210/300 (70%) loss=0.1378 elapsed=38s eta=16s
  [dscformer_srl_G1_seed2024] [epoch 48/100] batch 240/300 (80%) loss=0.1380 elapsed=43s eta=11s
  [dscformer_srl_G1_seed2024] [epoch 48/100] batch 270/300 (90%) loss=0.1390 elapsed=49s eta=5s
  [dscformer_srl_G1_seed2024] [epoch 48/100] batch 300/300 (100%) loss=0.1389 elapsed=54s eta=0s
[dscformer_srl_G1_seed2024] [sampler] sampled: {0: 400, 1: 400, 2: 400} total=1200 spalling_ratio=24.33%
[dscformer_srl_G1_seed2024] [sampler] unique: {0: 400, 1: 400, 2: 400} unique_total=1200 dup_ratio=1.00x
[dscformer_srl_G1_seed2024] [epoch 048/100] remain=52 epochs ep_eta=49.4min (avg 57s/ep)
[dscformer_srl_G1_seed2024] [epoch 048/100] lr=0.000034  dt=54.3s
  train loss=0.1389  ce=0.0876 dice=0.1902  tversky=0.0000 bd=0.0000  cldice=0.0000 snake=0.0000
  val   skipped (next val at epoch 50)
[dscformer_srl_G1_seed2024] [curriculum] epoch 49: stage=1 tiers=[0, 1] pool={0: 400, 1: 400, 2: 0}
  [dscformer_srl_G1_seed2024] [epoch 49/100] batch 30/300 (10%) loss=0.1526 elapsed=6s eta=50s
  [dscformer_srl_G1_seed2024] [epoch 49/100] batch 60/300 (20%) loss=0.1420 elapsed=11s eta=43s
  [dscformer_srl_G1_seed2024] [epoch 49/100] batch 90/300 (30%) loss=0.1423 elapsed=16s eta=38s
  [dscformer_srl_G1_seed2024] [epoch 49/100] batch 120/300 (40%) loss=0.1409 elapsed=22s eta=32s
  [dscformer_srl_G1_seed2024] [epoch 49/100] batch 150/300 (50%) loss=0.1418 elapsed=27s eta=27s
  [dscformer_srl_G1_seed2024] [epoch 49/100] batch 180/300 (60%) loss=0.1424 elapsed=33s eta=22s
  [dscformer_srl_G1_seed2024] [epoch 49/100] batch 210/300 (70%) loss=0.1419 elapsed=38s eta=16s
  [dscformer_srl_G1_seed2024] [epoch 49/100] batch 240/300 (80%) loss=0.1415 elapsed=43s eta=11s
  [dscformer_srl_G1_seed2024] [epoch 49/100] batch 270/300 (90%) loss=0.1394 elapsed=49s eta=5s
  [dscformer_srl_G1_seed2024] [epoch 49/100] batch 300/300 (100%) loss=0.1386 elapsed=54s eta=0s
[dscformer_srl_G1_seed2024] [sampler] sampled: {0: 400, 1: 400, 2: 400} total=1200 spalling_ratio=24.33%
[dscformer_srl_G1_seed2024] [sampler] unique: {0: 400, 1: 400, 2: 400} unique_total=1200 dup_ratio=1.00x
[dscformer_srl_G1_seed2024] [epoch 049/100] remain=51 epochs ep_eta=48.4min (avg 57s/ep)
[dscformer_srl_G1_seed2024] [epoch 049/100] lr=0.000033  dt=54.2s
  train loss=0.1386  ce=0.0870 dice=0.1902  tversky=0.0000 bd=0.0000  cldice=0.0000 snake=0.0000
  val   skipped (next val at epoch 50)
[dscformer_srl_G1_seed2024] [curriculum] epoch 50: stage=1 tiers=[0, 1] pool={0: 400, 1: 400, 2: 0}
  [dscformer_srl_G1_seed2024] [epoch 50/100] batch 30/300 (10%) loss=0.1395 elapsed=6s eta=51s
  [dscformer_srl_G1_seed2024] [epoch 50/100] batch 60/300 (20%) loss=0.1340 elapsed=11s eta=44s
  [dscformer_srl_G1_seed2024] [epoch 50/100] batch 90/300 (30%) loss=0.1350 elapsed=17s eta=39s
  [dscformer_srl_G1_seed2024] [epoch 50/100] batch 120/300 (40%) loss=0.1353 elapsed=22s eta=33s
  [dscformer_srl_G1_seed2024] [epoch 50/100] batch 150/300 (50%) loss=0.1340 elapsed=27s eta=27s
  [dscformer_srl_G1_seed2024] [epoch 50/100] batch 180/300 (60%) loss=0.1318 elapsed=33s eta=22s
  [dscformer_srl_G1_seed2024] [epoch 50/100] batch 210/300 (70%) loss=0.1323 elapsed=38s eta=16s
  [dscformer_srl_G1_seed2024] [epoch 50/100] batch 240/300 (80%) loss=0.1335 elapsed=43s eta=11s
  [dscformer_srl_G1_seed2024] [epoch 50/100] batch 270/300 (90%) loss=0.1346 elapsed=49s eta=5s
  [dscformer_srl_G1_seed2024] [epoch 50/100] batch 300/300 (100%) loss=0.1347 elapsed=54s eta=0s
[dscformer_srl_G1_seed2024] [sampler] sampled: {0: 400, 1: 400, 2: 400} total=1200 spalling_ratio=24.33%
[dscformer_srl_G1_seed2024] [sampler] unique: {0: 400, 1: 400, 2: 400} unique_total=1200 dup_ratio=1.00x
[dscformer_srl_G1_seed2024] [epoch 050/100] remain=50 epochs ep_eta=47.5min (avg 57s/ep)
[dscformer_srl_G1_seed2024] [epoch 050/100] lr=0.000032  dt=58.8s
  train loss=0.1347  ce=0.0846 dice=0.1848  tversky=0.0000 bd=0.0000  cldice=0.0000 snake=0.0000
  val   loss=0.2352
  IoU   bg=0.9750  crack=0.5670  spalling=0.7639  | mIoU_fg=0.6654  pix_acc=0.9756
  Dice  bg=0.9873  crack=0.7237  spalling=0.8661
  BF1   crack=0.7356  spalling=0.6540  | BF1_fg_mean=0.6948
[dscformer_srl_G1_seed2024] [curriculum] epoch 51: stage=1 tiers=[0, 1] pool={0: 400, 1: 400, 2: 0}
  [dscformer_srl_G1_seed2024] [epoch 51/100] batch 30/300 (10%) loss=0.1413 elapsed=6s eta=53s
  [dscformer_srl_G1_seed2024] [epoch 51/100] batch 60/300 (20%) loss=0.1425 elapsed=11s eta=45s
  [dscformer_srl_G1_seed2024] [epoch 51/100] batch 90/300 (30%) loss=0.1365 elapsed=17s eta=39s
  [dscformer_srl_G1_seed2024] [epoch 51/100] batch 120/300 (40%) loss=0.1356 elapsed=22s eta=33s
  [dscformer_srl_G1_seed2024] [epoch 51/100] batch 150/300 (50%) loss=0.1353 elapsed=27s eta=27s
  [dscformer_srl_G1_seed2024] [epoch 51/100] batch 180/300 (60%) loss=0.1349 elapsed=33s eta=22s
  [dscformer_srl_G1_seed2024] [epoch 51/100] batch 210/300 (70%) loss=0.1340 elapsed=38s eta=16s
  [dscformer_srl_G1_seed2024] [epoch 51/100] batch 240/300 (80%) loss=0.1319 elapsed=44s eta=11s
  [dscformer_srl_G1_seed2024] [epoch 51/100] batch 270/300 (90%) loss=0.1320 elapsed=49s eta=5s
  [dscformer_srl_G1_seed2024] [epoch 51/100] batch 300/300 (100%) loss=0.1320 elapsed=55s eta=0s
[dscformer_srl_G1_seed2024] [sampler] sampled: {0: 400, 1: 400, 2: 400} total=1200 spalling_ratio=24.33%
[dscformer_srl_G1_seed2024] [sampler] unique: {0: 400, 1: 400, 2: 400} unique_total=1200 dup_ratio=1.00x
[dscformer_srl_G1_seed2024] [epoch 051/100] remain=49 epochs ep_eta=46.5min (avg 57s/ep)
[dscformer_srl_G1_seed2024] [epoch 051/100] lr=0.000031  dt=54.7s
  train loss=0.1320  ce=0.0831 dice=0.1809  tversky=0.0000 bd=0.0000  cldice=0.0000 snake=0.0000
  val   skipped (next val at epoch 55)
[dscformer_srl_G1_seed2024] [curriculum] epoch 52: stage=1 tiers=[0, 1] pool={0: 400, 1: 400, 2: 0}
  [dscformer_srl_G1_seed2024] [epoch 52/100] batch 30/300 (10%) loss=0.1291 elapsed=6s eta=50s
  [dscformer_srl_G1_seed2024] [epoch 52/100] batch 60/300 (20%) loss=0.1353 elapsed=11s eta=43s
  [dscformer_srl_G1_seed2024] [epoch 52/100] batch 90/300 (30%) loss=0.1332 elapsed=16s eta=37s
  [dscformer_srl_G1_seed2024] [epoch 52/100] batch 120/300 (40%) loss=0.1307 elapsed=21s eta=32s
  [dscformer_srl_G1_seed2024] [epoch 52/100] batch 150/300 (50%) loss=0.1297 elapsed=26s eta=26s
  [dscformer_srl_G1_seed2024] [epoch 52/100] batch 180/300 (60%) loss=0.1285 elapsed=32s eta=21s
  [dscformer_srl_G1_seed2024] [epoch 52/100] batch 210/300 (70%) loss=0.1288 elapsed=37s eta=16s
  [dscformer_srl_G1_seed2024] [epoch 52/100] batch 240/300 (80%) loss=0.1299 elapsed=42s eta=11s
  [dscformer_srl_G1_seed2024] [epoch 52/100] batch 270/300 (90%) loss=0.1305 elapsed=47s eta=5s
  [dscformer_srl_G1_seed2024] [epoch 52/100] batch 300/300 (100%) loss=0.1306 elapsed=53s eta=0s
[dscformer_srl_G1_seed2024] [sampler] sampled: {0: 400, 1: 400, 2: 400} total=1200 spalling_ratio=24.33%
[dscformer_srl_G1_seed2024] [sampler] unique: {0: 400, 1: 400, 2: 400} unique_total=1200 dup_ratio=1.00x
[dscformer_srl_G1_seed2024] [epoch 052/100] remain=48 epochs ep_eta=45.5min (avg 57s/ep)
[dscformer_srl_G1_seed2024] [epoch 052/100] lr=0.000030  dt=52.7s
  train loss=0.1306  ce=0.0828 dice=0.1784  tversky=0.0000 bd=0.0000  cldice=0.0000 snake=0.0000
  val   skipped (next val at epoch 55)
[dscformer_srl_G1_seed2024] [curriculum] epoch 53: stage=1 tiers=[0, 1] pool={0: 400, 1: 400, 2: 0}
  [dscformer_srl_G1_seed2024] [epoch 53/100] batch 30/300 (10%) loss=0.1125 elapsed=6s eta=50s
  [dscformer_srl_G1_seed2024] [epoch 53/100] batch 60/300 (20%) loss=0.1206 elapsed=11s eta=43s
  [dscformer_srl_G1_seed2024] [epoch 53/100] batch 90/300 (30%) loss=0.1219 elapsed=16s eta=38s
  [dscformer_srl_G1_seed2024] [epoch 53/100] batch 120/300 (40%) loss=0.1233 elapsed=21s eta=32s
  [dscformer_srl_G1_seed2024] [epoch 53/100] batch 150/300 (50%) loss=0.1247 elapsed=27s eta=27s
  [dscformer_srl_G1_seed2024] [epoch 53/100] batch 180/300 (60%) loss=0.1278 elapsed=32s eta=21s
  [dscformer_srl_G1_seed2024] [epoch 53/100] batch 210/300 (70%) loss=0.1281 elapsed=37s eta=16s
  [dscformer_srl_G1_seed2024] [epoch 53/100] batch 240/300 (80%) loss=0.1267 elapsed=43s eta=11s
  [dscformer_srl_G1_seed2024] [epoch 53/100] batch 270/300 (90%) loss=0.1270 elapsed=48s eta=5s
  [dscformer_srl_G1_seed2024] [epoch 53/100] batch 300/300 (100%) loss=0.1281 elapsed=53s eta=0s
[dscformer_srl_G1_seed2024] [sampler] sampled: {0: 400, 1: 400, 2: 400} total=1200 spalling_ratio=24.33%
[dscformer_srl_G1_seed2024] [sampler] unique: {0: 400, 1: 400, 2: 400} unique_total=1200 dup_ratio=1.00x
[dscformer_srl_G1_seed2024] [epoch 053/100] remain=47 epochs ep_eta=44.5min (avg 57s/ep)
[dscformer_srl_G1_seed2024] [epoch 053/100] lr=0.000030  dt=53.5s
  train loss=0.1281  ce=0.0812 dice=0.1750  tversky=0.0000 bd=0.0000  cldice=0.0000 snake=0.0000
  val   skipped (next val at epoch 55)
[dscformer_srl_G1_seed2024] [curriculum] epoch 54: stage=1 tiers=[0, 1] pool={0: 400, 1: 400, 2: 0}
  [dscformer_srl_G1_seed2024] [epoch 54/100] batch 30/300 (10%) loss=0.1259 elapsed=6s eta=51s
  [dscformer_srl_G1_seed2024] [epoch 54/100] batch 60/300 (20%) loss=0.1350 elapsed=11s eta=44s
  [dscformer_srl_G1_seed2024] [epoch 54/100] batch 90/300 (30%) loss=0.1379 elapsed=16s eta=38s
  [dscformer_srl_G1_seed2024] [epoch 54/100] batch 120/300 (40%) loss=0.1365 elapsed=22s eta=33s
  [dscformer_srl_G1_seed2024] [epoch 54/100] batch 150/300 (50%) loss=0.1372 elapsed=27s eta=27s
  [dscformer_srl_G1_seed2024] [epoch 54/100] batch 180/300 (60%) loss=0.1361 elapsed=33s eta=22s
  [dscformer_srl_G1_seed2024] [epoch 54/100] batch 210/300 (70%) loss=0.1336 elapsed=38s eta=16s
  [dscformer_srl_G1_seed2024] [epoch 54/100] batch 240/300 (80%) loss=0.1311 elapsed=43s eta=11s
  [dscformer_srl_G1_seed2024] [epoch 54/100] batch 270/300 (90%) loss=0.1308 elapsed=49s eta=5s
  [dscformer_srl_G1_seed2024] [epoch 54/100] batch 300/300 (100%) loss=0.1301 elapsed=54s eta=0s
[dscformer_srl_G1_seed2024] [sampler] sampled: {0: 400, 1: 400, 2: 400} total=1200 spalling_ratio=24.33%
[dscformer_srl_G1_seed2024] [sampler] unique: {0: 400, 1: 400, 2: 400} unique_total=1200 dup_ratio=1.00x
[dscformer_srl_G1_seed2024] [epoch 054/100] remain=46 epochs ep_eta=43.5min (avg 57s/ep)
[dscformer_srl_G1_seed2024] [epoch 054/100] lr=0.000029  dt=54.2s
  train loss=0.1301  ce=0.0811 dice=0.1791  tversky=0.0000 bd=0.0000  cldice=0.0000 snake=0.0000
  val   skipped (next val at epoch 55)
[dscformer_srl_G1_seed2024] [curriculum] epoch 55: stage=1 tiers=[0, 1] pool={0: 400, 1: 400, 2: 0}
  [dscformer_srl_G1_seed2024] [epoch 55/100] batch 30/300 (10%) loss=0.1265 elapsed=6s eta=52s
  [dscformer_srl_G1_seed2024] [epoch 55/100] batch 60/300 (20%) loss=0.1264 elapsed=11s eta=45s
  [dscformer_srl_G1_seed2024] [epoch 55/100] batch 90/300 (30%) loss=0.1281 elapsed=16s eta=38s
  [dscformer_srl_G1_seed2024] [epoch 55/100] batch 120/300 (40%) loss=0.1264 elapsed=22s eta=33s
  [dscformer_srl_G1_seed2024] [epoch 55/100] batch 150/300 (50%) loss=0.1297 elapsed=27s eta=27s
  [dscformer_srl_G1_seed2024] [epoch 55/100] batch 180/300 (60%) loss=0.1294 elapsed=32s eta=22s
  [dscformer_srl_G1_seed2024] [epoch 55/100] batch 210/300 (70%) loss=0.1295 elapsed=38s eta=16s
  [dscformer_srl_G1_seed2024] [epoch 55/100] batch 240/300 (80%) loss=0.1306 elapsed=43s eta=11s
  [dscformer_srl_G1_seed2024] [epoch 55/100] batch 270/300 (90%) loss=0.1314 elapsed=48s eta=5s
  [dscformer_srl_G1_seed2024] [epoch 55/100] batch 300/300 (100%) loss=0.1308 elapsed=53s eta=0s
[dscformer_srl_G1_seed2024] [sampler] sampled: {0: 400, 1: 400, 2: 400} total=1200 spalling_ratio=24.33%
[dscformer_srl_G1_seed2024] [sampler] unique: {0: 400, 1: 400, 2: 400} unique_total=1200 dup_ratio=1.00x
[dscformer_srl_G1_seed2024] [epoch 055/100] remain=45 epochs ep_eta=42.6min (avg 57s/ep)
[dscformer_srl_G1_seed2024] [epoch 055/100] lr=0.000028  dt=58.1s
  train loss=0.1308  ce=0.0811 dice=0.1804  tversky=0.0000 bd=0.0000  cldice=0.0000 snake=0.0000
  val   loss=0.2877
  IoU   bg=0.9771  crack=0.5814  spalling=0.7711  | mIoU_fg=0.6762  pix_acc=0.9777
  Dice  bg=0.9884  crack=0.7353  spalling=0.8708
  BF1   crack=0.7565  spalling=0.7125  | BF1_fg_mean=0.7345
[dscformer_srl_G1_seed2024] [curriculum] epoch 56: stage=1 tiers=[0, 1] pool={0: 400, 1: 400, 2: 0}
  [dscformer_srl_G1_seed2024] [epoch 56/100] batch 30/300 (10%) loss=0.1292 elapsed=6s eta=51s
  [dscformer_srl_G1_seed2024] [epoch 56/100] batch 60/300 (20%) loss=0.1293 elapsed=11s eta=44s
  [dscformer_srl_G1_seed2024] [epoch 56/100] batch 90/300 (30%) loss=0.1360 elapsed=16s eta=38s
  [dscformer_srl_G1_seed2024] [epoch 56/100] batch 120/300 (40%) loss=0.1354 elapsed=22s eta=33s
  [dscformer_srl_G1_seed2024] [epoch 56/100] batch 150/300 (50%) loss=0.1307 elapsed=27s eta=27s
  [dscformer_srl_G1_seed2024] [epoch 56/100] batch 180/300 (60%) loss=0.1314 elapsed=33s eta=22s
  [dscformer_srl_G1_seed2024] [epoch 56/100] batch 210/300 (70%) loss=0.1315 elapsed=38s eta=16s
  [dscformer_srl_G1_seed2024] [epoch 56/100] batch 240/300 (80%) loss=0.1314 elapsed=43s eta=11s
  [dscformer_srl_G1_seed2024] [epoch 56/100] batch 270/300 (90%) loss=0.1320 elapsed=49s eta=5s
  [dscformer_srl_G1_seed2024] [epoch 56/100] batch 300/300 (100%) loss=0.1321 elapsed=54s eta=0s
[dscformer_srl_G1_seed2024] [sampler] sampled: {0: 400, 1: 400, 2: 400} total=1200 spalling_ratio=24.33%
[dscformer_srl_G1_seed2024] [sampler] unique: {0: 400, 1: 400, 2: 400} unique_total=1200 dup_ratio=1.00x
[dscformer_srl_G1_seed2024] [epoch 056/100] remain=44 epochs ep_eta=41.7min (avg 57s/ep)
[dscformer_srl_G1_seed2024] [epoch 056/100] lr=0.000027  dt=53.9s
  train loss=0.1321  ce=0.0820 dice=0.1822  tversky=0.0000 bd=0.0000  cldice=0.0000 snake=0.0000
  val   skipped (next val at epoch 60)
[dscformer_srl_G1_seed2024] [curriculum] epoch 57: stage=1 tiers=[0, 1] pool={0: 400, 1: 400, 2: 0}
  [dscformer_srl_G1_seed2024] [epoch 57/100] batch 30/300 (10%) loss=0.1247 elapsed=6s eta=51s
  [dscformer_srl_G1_seed2024] [epoch 57/100] batch 60/300 (20%) loss=0.1340 elapsed=11s eta=44s
  [dscformer_srl_G1_seed2024] [epoch 57/100] batch 90/300 (30%) loss=0.1295 elapsed=16s eta=38s
  [dscformer_srl_G1_seed2024] [epoch 57/100] batch 120/300 (40%) loss=0.1305 elapsed=22s eta=33s
  [dscformer_srl_G1_seed2024] [epoch 57/100] batch 150/300 (50%) loss=0.1292 elapsed=27s eta=27s
  [dscformer_srl_G1_seed2024] [epoch 57/100] batch 180/300 (60%) loss=0.1293 elapsed=33s eta=22s
  [dscformer_srl_G1_seed2024] [epoch 57/100] batch 210/300 (70%) loss=0.1301 elapsed=38s eta=16s
  [dscformer_srl_G1_seed2024] [epoch 57/100] batch 240/300 (80%) loss=0.1285 elapsed=43s eta=11s
  [dscformer_srl_G1_seed2024] [epoch 57/100] batch 270/300 (90%) loss=0.1281 elapsed=49s eta=5s
  [dscformer_srl_G1_seed2024] [epoch 57/100] batch 300/300 (100%) loss=0.1269 elapsed=54s eta=0s
[dscformer_srl_G1_seed2024] [sampler] sampled: {0: 400, 1: 400, 2: 400} total=1200 spalling_ratio=24.33%
[dscformer_srl_G1_seed2024] [sampler] unique: {0: 400, 1: 400, 2: 400} unique_total=1200 dup_ratio=1.00x
[dscformer_srl_G1_seed2024] [epoch 057/100] remain=43 epochs ep_eta=40.7min (avg 57s/ep)
[dscformer_srl_G1_seed2024] [epoch 057/100] lr=0.000026  dt=54.3s
  train loss=0.1269  ce=0.0798 dice=0.1741  tversky=0.0000 bd=0.0000  cldice=0.0000 snake=0.0000
  val   skipped (next val at epoch 60)
[dscformer_srl_G1_seed2024] [curriculum] epoch 58: stage=1 tiers=[0, 1] pool={0: 400, 1: 400, 2: 0}
  [dscformer_srl_G1_seed2024] [epoch 58/100] batch 30/300 (10%) loss=0.1251 elapsed=6s eta=51s
  [dscformer_srl_G1_seed2024] [epoch 58/100] batch 60/300 (20%) loss=0.1204 elapsed=11s eta=44s
  [dscformer_srl_G1_seed2024] [epoch 58/100] batch 90/300 (30%) loss=0.1238 elapsed=16s eta=38s
  [dscformer_srl_G1_seed2024] [epoch 58/100] batch 120/300 (40%) loss=0.1230 elapsed=21s eta=32s
  [dscformer_srl_G1_seed2024] [epoch 58/100] batch 150/300 (50%) loss=0.1247 elapsed=27s eta=27s
  [dscformer_srl_G1_seed2024] [epoch 58/100] batch 180/300 (60%) loss=0.1265 elapsed=32s eta=21s
  [dscformer_srl_G1_seed2024] [epoch 58/100] batch 210/300 (70%) loss=0.1268 elapsed=38s eta=16s
  [dscformer_srl_G1_seed2024] [epoch 58/100] batch 240/300 (80%) loss=0.1250 elapsed=43s eta=11s
  [dscformer_srl_G1_seed2024] [epoch 58/100] batch 270/300 (90%) loss=0.1251 elapsed=48s eta=5s
  [dscformer_srl_G1_seed2024] [epoch 58/100] batch 300/300 (100%) loss=0.1254 elapsed=54s eta=0s
[dscformer_srl_G1_seed2024] [sampler] sampled: {0: 400, 1: 400, 2: 400} total=1200 spalling_ratio=24.33%
[dscformer_srl_G1_seed2024] [sampler] unique: {0: 400, 1: 400, 2: 400} unique_total=1200 dup_ratio=1.00x
[dscformer_srl_G1_seed2024] [epoch 058/100] remain=42 epochs ep_eta=39.7min (avg 57s/ep)
[dscformer_srl_G1_seed2024] [epoch 058/100] lr=0.000025  dt=53.9s
  train loss=0.1254  ce=0.0784 dice=0.1724  tversky=0.0000 bd=0.0000  cldice=0.0000 snake=0.0000
  val   skipped (next val at epoch 60)
[dscformer_srl_G1_seed2024] [curriculum] epoch 59: stage=1 tiers=[0, 1] pool={0: 400, 1: 400, 2: 0}
  [dscformer_srl_G1_seed2024] [epoch 59/100] batch 30/300 (10%) loss=0.1250 elapsed=6s eta=51s
  [dscformer_srl_G1_seed2024] [epoch 59/100] batch 60/300 (20%) loss=0.1265 elapsed=11s eta=44s
  [dscformer_srl_G1_seed2024] [epoch 59/100] batch 90/300 (30%) loss=0.1283 elapsed=16s eta=38s
  [dscformer_srl_G1_seed2024] [epoch 59/100] batch 120/300 (40%) loss=0.1278 elapsed=22s eta=33s
  [dscformer_srl_G1_seed2024] [epoch 59/100] batch 150/300 (50%) loss=0.1274 elapsed=27s eta=27s
  [dscformer_srl_G1_seed2024] [epoch 59/100] batch 180/300 (60%) loss=0.1267 elapsed=32s eta=22s
  [dscformer_srl_G1_seed2024] [epoch 59/100] batch 210/300 (70%) loss=0.1265 elapsed=38s eta=16s
  [dscformer_srl_G1_seed2024] [epoch 59/100] batch 240/300 (80%) loss=0.1268 elapsed=43s eta=11s
  [dscformer_srl_G1_seed2024] [epoch 59/100] batch 270/300 (90%) loss=0.1259 elapsed=49s eta=5s
  [dscformer_srl_G1_seed2024] [epoch 59/100] batch 300/300 (100%) loss=0.1271 elapsed=54s eta=0s
[dscformer_srl_G1_seed2024] [sampler] sampled: {0: 400, 1: 400, 2: 400} total=1200 spalling_ratio=24.33%
[dscformer_srl_G1_seed2024] [sampler] unique: {0: 400, 1: 400, 2: 400} unique_total=1200 dup_ratio=1.00x
[dscformer_srl_G1_seed2024] [epoch 059/100] remain=41 epochs ep_eta=38.7min (avg 57s/ep)
[dscformer_srl_G1_seed2024] [epoch 059/100] lr=0.000024  dt=54.0s
  train loss=0.1271  ce=0.0787 dice=0.1756  tversky=0.0000 bd=0.0000  cldice=0.0000 snake=0.0000
  val   skipped (next val at epoch 60)
[dscformer_srl_G1_seed2024] [curriculum] epoch 60: stage=1 tiers=[0, 1] pool={0: 400, 1: 400, 2: 0}
  [dscformer_srl_G1_seed2024] [epoch 60/100] batch 30/300 (10%) loss=0.1174 elapsed=6s eta=52s
  [dscformer_srl_G1_seed2024] [epoch 60/100] batch 60/300 (20%) loss=0.1217 elapsed=11s eta=45s
  [dscformer_srl_G1_seed2024] [epoch 60/100] batch 90/300 (30%) loss=0.1243 elapsed=17s eta=39s
  [dscformer_srl_G1_seed2024] [epoch 60/100] batch 120/300 (40%) loss=0.1267 elapsed=22s eta=33s
  [dscformer_srl_G1_seed2024] [epoch 60/100] batch 150/300 (50%) loss=0.1281 elapsed=28s eta=28s
  [dscformer_srl_G1_seed2024] [epoch 60/100] batch 180/300 (60%) loss=0.1277 elapsed=33s eta=22s
  [dscformer_srl_G1_seed2024] [epoch 60/100] batch 210/300 (70%) loss=0.1289 elapsed=38s eta=16s
  [dscformer_srl_G1_seed2024] [epoch 60/100] batch 240/300 (80%) loss=0.1301 elapsed=44s eta=11s
  [dscformer_srl_G1_seed2024] [epoch 60/100] batch 270/300 (90%) loss=0.1296 elapsed=49s eta=5s
  [dscformer_srl_G1_seed2024] [epoch 60/100] batch 300/300 (100%) loss=0.1299 elapsed=55s eta=0s
[dscformer_srl_G1_seed2024] [sampler] sampled: {0: 400, 1: 400, 2: 400} total=1200 spalling_ratio=24.33%
[dscformer_srl_G1_seed2024] [sampler] unique: {0: 400, 1: 400, 2: 400} unique_total=1200 dup_ratio=1.00x
[dscformer_srl_G1_seed2024] [epoch 060/100] remain=40 epochs ep_eta=37.8min (avg 57s/ep)
[dscformer_srl_G1_seed2024] [epoch 060/100] lr=0.000023  dt=59.7s
  train loss=0.1299  ce=0.0778 dice=0.1742  tversky=0.0000 bd=0.0000  cldice=0.0782 snake=0.0000
  val   loss=0.2873
  IoU   bg=0.9764  crack=0.5698  spalling=0.7619  | mIoU_fg=0.6658  pix_acc=0.9769
  Dice  bg=0.9880  crack=0.7259  spalling=0.8648
  BF1   crack=0.7451  spalling=0.7122  | BF1_fg_mean=0.7287
[dscformer_srl_G1_seed2024] [curriculum] epoch 61: stage=1 tiers=[0, 1] pool={0: 400, 1: 400, 2: 0}
  [dscformer_srl_G1_seed2024] [epoch 61/100] batch 30/300 (10%) loss=0.1333 elapsed=6s eta=53s
  [dscformer_srl_G1_seed2024] [epoch 61/100] batch 60/300 (20%) loss=0.1304 elapsed=11s eta=45s
  [dscformer_srl_G1_seed2024] [epoch 61/100] batch 90/300 (30%) loss=0.1301 elapsed=17s eta=39s
  [dscformer_srl_G1_seed2024] [epoch 61/100] batch 120/300 (40%) loss=0.1281 elapsed=22s eta=33s
  [dscformer_srl_G1_seed2024] [epoch 61/100] batch 150/300 (50%) loss=0.1293 elapsed=27s eta=27s
  [dscformer_srl_G1_seed2024] [epoch 61/100] batch 180/300 (60%) loss=0.1283 elapsed=32s eta=22s
  [dscformer_srl_G1_seed2024] [epoch 61/100] batch 210/300 (70%) loss=0.1287 elapsed=38s eta=16s
  [dscformer_srl_G1_seed2024] [epoch 61/100] batch 240/300 (80%) loss=0.1301 elapsed=43s eta=11s
  [dscformer_srl_G1_seed2024] [epoch 61/100] batch 270/300 (90%) loss=0.1300 elapsed=49s eta=5s
  [dscformer_srl_G1_seed2024] [epoch 61/100] batch 300/300 (100%) loss=0.1298 elapsed=54s eta=0s
[dscformer_srl_G1_seed2024] [sampler] sampled: {0: 400, 1: 400, 2: 400} total=1200 spalling_ratio=24.33%
[dscformer_srl_G1_seed2024] [sampler] unique: {0: 400, 1: 400, 2: 400} unique_total=1200 dup_ratio=1.00x
[dscformer_srl_G1_seed2024] [epoch 061/100] remain=39 epochs ep_eta=36.9min (avg 57s/ep)
[dscformer_srl_G1_seed2024] [epoch 061/100] lr=0.000022  dt=54.0s
  train loss=0.1298  ce=0.0781 dice=0.1738  tversky=0.0000 bd=0.0000  cldice=0.0779 snake=0.0000
  val   skipped (next val at epoch 65)
[dscformer_srl_G1_seed2024] [curriculum] epoch 62: stage=1 tiers=[0, 1] pool={0: 400, 1: 400, 2: 0}
  [dscformer_srl_G1_seed2024] [epoch 62/100] batch 30/300 (10%) loss=0.1164 elapsed=6s eta=52s
  [dscformer_srl_G1_seed2024] [epoch 62/100] batch 60/300 (20%) loss=0.1205 elapsed=11s eta=45s
  [dscformer_srl_G1_seed2024] [epoch 62/100] batch 90/300 (30%) loss=0.1233 elapsed=16s eta=38s
  [dscformer_srl_G1_seed2024] [epoch 62/100] batch 120/300 (40%) loss=0.1247 elapsed=22s eta=33s
  [dscformer_srl_G1_seed2024] [epoch 62/100] batch 150/300 (50%) loss=0.1266 elapsed=27s eta=27s
  [dscformer_srl_G1_seed2024] [epoch 62/100] batch 180/300 (60%) loss=0.1258 elapsed=33s eta=22s
  [dscformer_srl_G1_seed2024] [epoch 62/100] batch 210/300 (70%) loss=0.1255 elapsed=38s eta=16s
  [dscformer_srl_G1_seed2024] [epoch 62/100] batch 240/300 (80%) loss=0.1258 elapsed=43s eta=11s
  [dscformer_srl_G1_seed2024] [epoch 62/100] batch 270/300 (90%) loss=0.1259 elapsed=49s eta=5s
  [dscformer_srl_G1_seed2024] [epoch 62/100] batch 300/300 (100%) loss=0.1265 elapsed=54s eta=0s
[dscformer_srl_G1_seed2024] [sampler] sampled: {0: 400, 1: 400, 2: 400} total=1200 spalling_ratio=24.33%
[dscformer_srl_G1_seed2024] [sampler] unique: {0: 400, 1: 400, 2: 400} unique_total=1200 dup_ratio=1.00x
[dscformer_srl_G1_seed2024] [epoch 062/100] remain=38 epochs ep_eta=35.9min (avg 57s/ep)
[dscformer_srl_G1_seed2024] [epoch 062/100] lr=0.000021  dt=54.1s
  train loss=0.1265  ce=0.0759 dice=0.1698  tversky=0.0000 bd=0.0000  cldice=0.0738 snake=0.0000
  val   skipped (next val at epoch 65)
[dscformer_srl_G1_seed2024] [curriculum] epoch 63: stage=1 tiers=[0, 1] pool={0: 400, 1: 400, 2: 0}
  [dscformer_srl_G1_seed2024] [epoch 63/100] batch 30/300 (10%) loss=0.1339 elapsed=6s eta=50s
  [dscformer_srl_G1_seed2024] [epoch 63/100] batch 60/300 (20%) loss=0.1276 elapsed=11s eta=43s
  [dscformer_srl_G1_seed2024] [epoch 63/100] batch 90/300 (30%) loss=0.1294 elapsed=16s eta=38s
  [dscformer_srl_G1_seed2024] [epoch 63/100] batch 120/300 (40%) loss=0.1283 elapsed=22s eta=32s
  [dscformer_srl_G1_seed2024] [epoch 63/100] batch 150/300 (50%) loss=0.1281 elapsed=27s eta=27s
  [dscformer_srl_G1_seed2024] [epoch 63/100] batch 180/300 (60%) loss=0.1289 elapsed=32s eta=22s
  [dscformer_srl_G1_seed2024] [epoch 63/100] batch 210/300 (70%) loss=0.1275 elapsed=38s eta=16s
  [dscformer_srl_G1_seed2024] [epoch 63/100] batch 240/300 (80%) loss=0.1279 elapsed=43s eta=11s
  [dscformer_srl_G1_seed2024] [epoch 63/100] batch 270/300 (90%) loss=0.1271 elapsed=48s eta=5s
  [dscformer_srl_G1_seed2024] [epoch 63/100] batch 300/300 (100%) loss=0.1253 elapsed=54s eta=0s
[dscformer_srl_G1_seed2024] [sampler] sampled: {0: 400, 1: 400, 2: 400} total=1200 spalling_ratio=24.33%
[dscformer_srl_G1_seed2024] [sampler] unique: {0: 400, 1: 400, 2: 400} unique_total=1200 dup_ratio=1.00x
[dscformer_srl_G1_seed2024] [epoch 063/100] remain=37 epochs ep_eta=34.9min (avg 57s/ep)
[dscformer_srl_G1_seed2024] [epoch 063/100] lr=0.000020  dt=54.0s
  train loss=0.1253  ce=0.0758 dice=0.1675  tversky=0.0000 bd=0.0000  cldice=0.0737 snake=0.0000
  val   skipped (next val at epoch 65)
[dscformer_srl_G1_seed2024] [curriculum] epoch 64: stage=1 tiers=[0, 1] pool={0: 400, 1: 400, 2: 0}
  [dscformer_srl_G1_seed2024] [epoch 64/100] batch 30/300 (10%) loss=0.1303 elapsed=6s eta=52s
  [dscformer_srl_G1_seed2024] [epoch 64/100] batch 60/300 (20%) loss=0.1288 elapsed=11s eta=45s
  [dscformer_srl_G1_seed2024] [epoch 64/100] batch 90/300 (30%) loss=0.1292 elapsed=16s eta=38s
  [dscformer_srl_G1_seed2024] [epoch 64/100] batch 120/300 (40%) loss=0.1256 elapsed=22s eta=33s
  [dscformer_srl_G1_seed2024] [epoch 64/100] batch 150/300 (50%) loss=0.1270 elapsed=27s eta=27s
  [dscformer_srl_G1_seed2024] [epoch 64/100] batch 180/300 (60%) loss=0.1247 elapsed=32s eta=22s
  [dscformer_srl_G1_seed2024] [epoch 64/100] batch 210/300 (70%) loss=0.1234 elapsed=38s eta=16s
  [dscformer_srl_G1_seed2024] [epoch 64/100] batch 240/300 (80%) loss=0.1235 elapsed=43s eta=11s
  [dscformer_srl_G1_seed2024] [epoch 64/100] batch 270/300 (90%) loss=0.1237 elapsed=49s eta=5s
  [dscformer_srl_G1_seed2024] [epoch 64/100] batch 300/300 (100%) loss=0.1237 elapsed=54s eta=0s
[dscformer_srl_G1_seed2024] [sampler] sampled: {0: 400, 1: 400, 2: 400} total=1200 spalling_ratio=24.33%
[dscformer_srl_G1_seed2024] [sampler] unique: {0: 400, 1: 400, 2: 400} unique_total=1200 dup_ratio=1.00x
[dscformer_srl_G1_seed2024] [epoch 064/100] remain=36 epochs ep_eta=34.0min (avg 57s/ep)
[dscformer_srl_G1_seed2024] [epoch 064/100] lr=0.000019  dt=54.2s
  train loss=0.1237  ce=0.0749 dice=0.1653  tversky=0.0000 bd=0.0000  cldice=0.0726 snake=0.0000
  val   skipped (next val at epoch 65)
[dscformer_srl_G1_seed2024] [curriculum] epoch 65: stage=1 tiers=[0, 1] pool={0: 400, 1: 400, 2: 0}
  [dscformer_srl_G1_seed2024] [epoch 65/100] batch 30/300 (10%) loss=0.1146 elapsed=6s eta=51s
  [dscformer_srl_G1_seed2024] [epoch 65/100] batch 60/300 (20%) loss=0.1193 elapsed=11s eta=44s
  [dscformer_srl_G1_seed2024] [epoch 65/100] batch 90/300 (30%) loss=0.1213 elapsed=16s eta=38s
  [dscformer_srl_G1_seed2024] [epoch 65/100] batch 120/300 (40%) loss=0.1257 elapsed=22s eta=32s
  [dscformer_srl_G1_seed2024] [epoch 65/100] batch 150/300 (50%) loss=0.1254 elapsed=27s eta=27s
  [dscformer_srl_G1_seed2024] [epoch 65/100] batch 180/300 (60%) loss=0.1233 elapsed=32s eta=22s
  [dscformer_srl_G1_seed2024] [epoch 65/100] batch 210/300 (70%) loss=0.1229 elapsed=38s eta=16s
  [dscformer_srl_G1_seed2024] [epoch 65/100] batch 240/300 (80%) loss=0.1232 elapsed=44s eta=11s
  [dscformer_srl_G1_seed2024] [epoch 65/100] batch 270/300 (90%) loss=0.1229 elapsed=49s eta=5s
  [dscformer_srl_G1_seed2024] [epoch 65/100] batch 300/300 (100%) loss=0.1243 elapsed=54s eta=0s
[dscformer_srl_G1_seed2024] [sampler] sampled: {0: 400, 1: 400, 2: 400} total=1200 spalling_ratio=24.33%
[dscformer_srl_G1_seed2024] [sampler] unique: {0: 400, 1: 400, 2: 400} unique_total=1200 dup_ratio=1.00x
[dscformer_srl_G1_seed2024] [epoch 065/100] remain=35 epochs ep_eta=33.1min (avg 57s/ep)
[dscformer_srl_G1_seed2024] [epoch 065/100] lr=0.000018  dt=59.5s
  train loss=0.1243  ce=0.0749 dice=0.1666  tversky=0.0000 bd=0.0000  cldice=0.0714 snake=0.0000
  val   loss=0.2602
  IoU   bg=0.9761  crack=0.5711  spalling=0.7752  | mIoU_fg=0.6731  pix_acc=0.9766
  Dice  bg=0.9879  crack=0.7270  spalling=0.8734
  BF1   crack=0.7469  spalling=0.6730  | BF1_fg_mean=0.7099
[dscformer_srl_G1_seed2024] [curriculum] epoch 66: stage=1 tiers=[0, 1] pool={0: 400, 1: 400, 2: 0}
  [dscformer_srl_G1_seed2024] [epoch 66/100] batch 30/300 (10%) loss=0.1227 elapsed=6s eta=52s
  [dscformer_srl_G1_seed2024] [epoch 66/100] batch 60/300 (20%) loss=0.1258 elapsed=11s eta=45s
  [dscformer_srl_G1_seed2024] [epoch 66/100] batch 90/300 (30%) loss=0.1227 elapsed=16s eta=38s
  [dscformer_srl_G1_seed2024] [epoch 66/100] batch 120/300 (40%) loss=0.1234 elapsed=22s eta=33s
  [dscformer_srl_G1_seed2024] [epoch 66/100] batch 150/300 (50%) loss=0.1253 elapsed=27s eta=27s
  [dscformer_srl_G1_seed2024] [epoch 66/100] batch 180/300 (60%) loss=0.1253 elapsed=32s eta=21s
  [dscformer_srl_G1_seed2024] [epoch 66/100] batch 210/300 (70%) loss=0.1233 elapsed=38s eta=16s
  [dscformer_srl_G1_seed2024] [epoch 66/100] batch 240/300 (80%) loss=0.1237 elapsed=43s eta=11s
  [dscformer_srl_G1_seed2024] [epoch 66/100] batch 270/300 (90%) loss=0.1236 elapsed=48s eta=5s
  [dscformer_srl_G1_seed2024] [epoch 66/100] batch 300/300 (100%) loss=0.1244 elapsed=54s eta=0s
[dscformer_srl_G1_seed2024] [sampler] sampled: {0: 400, 1: 400, 2: 400} total=1200 spalling_ratio=24.33%
[dscformer_srl_G1_seed2024] [sampler] unique: {0: 400, 1: 400, 2: 400} unique_total=1200 dup_ratio=1.00x
[dscformer_srl_G1_seed2024] [epoch 066/100] remain=34 epochs ep_eta=32.1min (avg 57s/ep)
[dscformer_srl_G1_seed2024] [epoch 066/100] lr=0.000017  dt=53.8s
  train loss=0.1244  ce=0.0746 dice=0.1672  tversky=0.0000 bd=0.0000  cldice=0.0704 snake=0.0000
  val   skipped (next val at epoch 70)
[dscformer_srl_G1_seed2024] [curriculum] epoch 67: stage=1 tiers=[0, 1] pool={0: 400, 1: 400, 2: 0}
  [dscformer_srl_G1_seed2024] [epoch 67/100] batch 30/300 (10%) loss=0.1306 elapsed=6s eta=52s
  [dscformer_srl_G1_seed2024] [epoch 67/100] batch 60/300 (20%) loss=0.1279 elapsed=11s eta=45s
  [dscformer_srl_G1_seed2024] [epoch 67/100] batch 90/300 (30%) loss=0.1269 elapsed=17s eta=39s
  [dscformer_srl_G1_seed2024] [epoch 67/100] batch 120/300 (40%) loss=0.1245 elapsed=22s eta=33s
  [dscformer_srl_G1_seed2024] [epoch 67/100] batch 150/300 (50%) loss=0.1226 elapsed=27s eta=27s
  [dscformer_srl_G1_seed2024] [epoch 67/100] batch 180/300 (60%) loss=0.1226 elapsed=33s eta=22s
  [dscformer_srl_G1_seed2024] [epoch 67/100] batch 210/300 (70%) loss=0.1214 elapsed=38s eta=16s
  [dscformer_srl_G1_seed2024] [epoch 67/100] batch 240/300 (80%) loss=0.1240 elapsed=44s eta=11s
  [dscformer_srl_G1_seed2024] [epoch 67/100] batch 270/300 (90%) loss=0.1237 elapsed=49s eta=5s
  [dscformer_srl_G1_seed2024] [epoch 67/100] batch 300/300 (100%) loss=0.1234 elapsed=54s eta=0s
[dscformer_srl_G1_seed2024] [sampler] sampled: {0: 400, 1: 400, 2: 400} total=1200 spalling_ratio=24.33%
[dscformer_srl_G1_seed2024] [sampler] unique: {0: 400, 1: 400, 2: 400} unique_total=1200 dup_ratio=1.00x
[dscformer_srl_G1_seed2024] [epoch 067/100] remain=33 epochs ep_eta=31.1min (avg 57s/ep)
[dscformer_srl_G1_seed2024] [epoch 067/100] lr=0.000016  dt=54.6s
  train loss=0.1234  ce=0.0745 dice=0.1652  tversky=0.0000 bd=0.0000  cldice=0.0709 snake=0.0000
  val   skipped (next val at epoch 70)
[dscformer_srl_G1_seed2024] [curriculum] epoch 68: stage=1 tiers=[0, 1] pool={0: 400, 1: 400, 2: 0}
  [dscformer_srl_G1_seed2024] [epoch 68/100] batch 30/300 (10%) loss=0.1218 elapsed=6s eta=52s
  [dscformer_srl_G1_seed2024] [epoch 68/100] batch 60/300 (20%) loss=0.1217 elapsed=11s eta=45s
  [dscformer_srl_G1_seed2024] [epoch 68/100] batch 90/300 (30%) loss=0.1213 elapsed=17s eta=39s
  [dscformer_srl_G1_seed2024] [epoch 68/100] batch 120/300 (40%) loss=0.1208 elapsed=22s eta=33s
  [dscformer_srl_G1_seed2024] [epoch 68/100] batch 150/300 (50%) loss=0.1193 elapsed=28s eta=28s
  [dscformer_srl_G1_seed2024] [epoch 68/100] batch 180/300 (60%) loss=0.1213 elapsed=33s eta=22s
  [dscformer_srl_G1_seed2024] [epoch 68/100] batch 210/300 (70%) loss=0.1217 elapsed=39s eta=17s
  [dscformer_srl_G1_seed2024] [epoch 68/100] batch 240/300 (80%) loss=0.1219 elapsed=44s eta=11s
  [dscformer_srl_G1_seed2024] [epoch 68/100] batch 270/300 (90%) loss=0.1222 elapsed=50s eta=6s
  [dscformer_srl_G1_seed2024] [epoch 68/100] batch 300/300 (100%) loss=0.1223 elapsed=55s eta=0s
[dscformer_srl_G1_seed2024] [sampler] sampled: {0: 400, 1: 400, 2: 400} total=1200 spalling_ratio=24.33%
[dscformer_srl_G1_seed2024] [sampler] unique: {0: 400, 1: 400, 2: 400} unique_total=1200 dup_ratio=1.00x
[dscformer_srl_G1_seed2024] [epoch 068/100] remain=32 epochs ep_eta=30.2min (avg 57s/ep)
[dscformer_srl_G1_seed2024] [epoch 068/100] lr=0.000015  dt=55.0s
  train loss=0.1223  ce=0.0738 dice=0.1639  tversky=0.0000 bd=0.0000  cldice=0.0688 snake=0.0000
  val   skipped (next val at epoch 70)
[dscformer_srl_G1_seed2024] [curriculum] epoch 69: stage=1 tiers=[0, 1] pool={0: 400, 1: 400, 2: 0}
  [dscformer_srl_G1_seed2024] [epoch 69/100] batch 30/300 (10%) loss=0.1170 elapsed=6s eta=53s
  [dscformer_srl_G1_seed2024] [epoch 69/100] batch 60/300 (20%) loss=0.1190 elapsed=11s eta=45s
  [dscformer_srl_G1_seed2024] [epoch 69/100] batch 90/300 (30%) loss=0.1191 elapsed=17s eta=39s
  [dscformer_srl_G1_seed2024] [epoch 69/100] batch 120/300 (40%) loss=0.1200 elapsed=22s eta=33s
  [dscformer_srl_G1_seed2024] [epoch 69/100] batch 150/300 (50%) loss=0.1210 elapsed=27s eta=27s
  [dscformer_srl_G1_seed2024] [epoch 69/100] batch 180/300 (60%) loss=0.1205 elapsed=33s eta=22s
  [dscformer_srl_G1_seed2024] [epoch 69/100] batch 210/300 (70%) loss=0.1197 elapsed=38s eta=16s
  [dscformer_srl_G1_seed2024] [epoch 69/100] batch 240/300 (80%) loss=0.1203 elapsed=44s eta=11s
  [dscformer_srl_G1_seed2024] [epoch 69/100] batch 270/300 (90%) loss=0.1198 elapsed=49s eta=5s
  [dscformer_srl_G1_seed2024] [epoch 69/100] batch 300/300 (100%) loss=0.1210 elapsed=55s eta=0s
[dscformer_srl_G1_seed2024] [sampler] sampled: {0: 400, 1: 400, 2: 400} total=1200 spalling_ratio=24.33%
[dscformer_srl_G1_seed2024] [sampler] unique: {0: 400, 1: 400, 2: 400} unique_total=1200 dup_ratio=1.00x
[dscformer_srl_G1_seed2024] [epoch 069/100] remain=31 epochs ep_eta=29.2min (avg 57s/ep)
[dscformer_srl_G1_seed2024] [epoch 069/100] lr=0.000014  dt=54.7s
  train loss=0.1210  ce=0.0729 dice=0.1622  tversky=0.0000 bd=0.0000  cldice=0.0696 snake=0.0000
  val   skipped (next val at epoch 70)
[dscformer_srl_G1_seed2024] [curriculum] epoch 70: stage=2 tiers=[0, 1, 2] pool={0: 400, 1: 400, 2: 400}
  [dscformer_srl_G1_seed2024] [epoch 70/100] batch 30/300 (10%) loss=0.1174 elapsed=6s eta=53s
  [dscformer_srl_G1_seed2024] [epoch 70/100] batch 60/300 (20%) loss=0.1241 elapsed=11s eta=46s
  [dscformer_srl_G1_seed2024] [epoch 70/100] batch 90/300 (30%) loss=0.1263 elapsed=17s eta=39s
  [dscformer_srl_G1_seed2024] [epoch 70/100] batch 120/300 (40%) loss=0.1254 elapsed=22s eta=33s
  [dscformer_srl_G1_seed2024] [epoch 70/100] batch 150/300 (50%) loss=0.1234 elapsed=28s eta=28s
  [dscformer_srl_G1_seed2024] [epoch 70/100] batch 180/300 (60%) loss=0.1248 elapsed=33s eta=22s
  [dscformer_srl_G1_seed2024] [epoch 70/100] batch 210/300 (70%) loss=0.1228 elapsed=38s eta=16s
  [dscformer_srl_G1_seed2024] [epoch 70/100] batch 240/300 (80%) loss=0.1224 elapsed=44s eta=11s
  [dscformer_srl_G1_seed2024] [epoch 70/100] batch 270/300 (90%) loss=0.1215 elapsed=49s eta=5s
  [dscformer_srl_G1_seed2024] [epoch 70/100] batch 300/300 (100%) loss=0.1214 elapsed=55s eta=0s
[dscformer_srl_G1_seed2024] [sampler] sampled: {0: 400, 1: 400, 2: 400} total=1200 spalling_ratio=24.33%
[dscformer_srl_G1_seed2024] [sampler] unique: {0: 400, 1: 400, 2: 400} unique_total=1200 dup_ratio=1.00x
[dscformer_srl_G1_seed2024] [epoch 070/100] remain=30 epochs ep_eta=28.3min (avg 57s/ep)
[dscformer_srl_G1_seed2024] [epoch 070/100] lr=0.000014  dt=59.8s
  train loss=0.1214  ce=0.0731 dice=0.1629  tversky=0.0000 bd=0.0000  cldice=0.0685 snake=0.0000
  val   loss=0.2587
  IoU   bg=0.9760  crack=0.5719  spalling=0.7822  | mIoU_fg=0.6771  pix_acc=0.9765
  Dice  bg=0.9879  crack=0.7277  spalling=0.8778
  BF1   crack=0.7452  spalling=0.6661  | BF1_fg_mean=0.7056
[dscformer_srl_G1_seed2024] [curriculum] epoch 71: stage=2 tiers=[0, 1, 2] pool={0: 400, 1: 400, 2: 400}
  [dscformer_srl_G1_seed2024] [epoch 71/100] batch 30/300 (10%) loss=0.1223 elapsed=6s eta=52s
  [dscformer_srl_G1_seed2024] [epoch 71/100] batch 60/300 (20%) loss=0.1244 elapsed=11s eta=45s
  [dscformer_srl_G1_seed2024] [epoch 71/100] batch 90/300 (30%) loss=0.1215 elapsed=16s eta=38s
  [dscformer_srl_G1_seed2024] [epoch 71/100] batch 120/300 (40%) loss=0.1216 elapsed=22s eta=33s
  [dscformer_srl_G1_seed2024] [epoch 71/100] batch 150/300 (50%) loss=0.1184 elapsed=27s eta=27s
  [dscformer_srl_G1_seed2024] [epoch 71/100] batch 180/300 (60%) loss=0.1202 elapsed=32s eta=22s
  [dscformer_srl_G1_seed2024] [epoch 71/100] batch 210/300 (70%) loss=0.1205 elapsed=38s eta=16s
  [dscformer_srl_G1_seed2024] [epoch 71/100] batch 240/300 (80%) loss=0.1198 elapsed=43s eta=11s
  [dscformer_srl_G1_seed2024] [epoch 71/100] batch 270/300 (90%) loss=0.1193 elapsed=49s eta=5s
  [dscformer_srl_G1_seed2024] [epoch 71/100] batch 300/300 (100%) loss=0.1192 elapsed=54s eta=0s
[dscformer_srl_G1_seed2024] [sampler] sampled: {0: 400, 1: 400, 2: 400} total=1200 spalling_ratio=24.33%
[dscformer_srl_G1_seed2024] [sampler] unique: {0: 400, 1: 400, 2: 400} unique_total=1200 dup_ratio=1.00x
[dscformer_srl_G1_seed2024] [epoch 071/100] remain=29 epochs ep_eta=27.4min (avg 57s/ep)
[dscformer_srl_G1_seed2024] [epoch 071/100] lr=0.000013  dt=54.0s
  train loss=0.1192  ce=0.0716 dice=0.1601  tversky=0.0000 bd=0.0000  cldice=0.0667 snake=0.0000
  val   skipped (next val at epoch 75)
[dscformer_srl_G1_seed2024] [curriculum] epoch 72: stage=2 tiers=[0, 1, 2] pool={0: 400, 1: 400, 2: 400}
  [dscformer_srl_G1_seed2024] [epoch 72/100] batch 30/300 (10%) loss=0.1212 elapsed=6s eta=52s
  [dscformer_srl_G1_seed2024] [epoch 72/100] batch 60/300 (20%) loss=0.1218 elapsed=11s eta=45s
  [dscformer_srl_G1_seed2024] [epoch 72/100] batch 90/300 (30%) loss=0.1230 elapsed=17s eta=39s
  [dscformer_srl_G1_seed2024] [epoch 72/100] batch 120/300 (40%) loss=0.1216 elapsed=22s eta=33s
  [dscformer_srl_G1_seed2024] [epoch 72/100] batch 150/300 (50%) loss=0.1208 elapsed=27s eta=27s
  [dscformer_srl_G1_seed2024] [epoch 72/100] batch 180/300 (60%) loss=0.1214 elapsed=32s eta=22s
  [dscformer_srl_G1_seed2024] [epoch 72/100] batch 210/300 (70%) loss=0.1199 elapsed=38s eta=16s
  [dscformer_srl_G1_seed2024] [epoch 72/100] batch 240/300 (80%) loss=0.1196 elapsed=43s eta=11s
  [dscformer_srl_G1_seed2024] [epoch 72/100] batch 270/300 (90%) loss=0.1205 elapsed=49s eta=5s
  [dscformer_srl_G1_seed2024] [epoch 72/100] batch 300/300 (100%) loss=0.1195 elapsed=54s eta=0s
[dscformer_srl_G1_seed2024] [sampler] sampled: {0: 400, 1: 400, 2: 400} total=1200 spalling_ratio=24.33%
[dscformer_srl_G1_seed2024] [sampler] unique: {0: 400, 1: 400, 2: 400} unique_total=1200 dup_ratio=1.00x
[dscformer_srl_G1_seed2024] [epoch 072/100] remain=28 epochs ep_eta=26.4min (avg 57s/ep)
[dscformer_srl_G1_seed2024] [epoch 072/100] lr=0.000012  dt=54.1s
  train loss=0.1195  ce=0.0720 dice=0.1604  tversky=0.0000 bd=0.0000  cldice=0.0664 snake=0.0000
  val   skipped (next val at epoch 75)
[dscformer_srl_G1_seed2024] [curriculum] epoch 73: stage=2 tiers=[0, 1, 2] pool={0: 400, 1: 400, 2: 400}
  [dscformer_srl_G1_seed2024] [epoch 73/100] batch 30/300 (10%) loss=0.1114 elapsed=6s eta=52s
  [dscformer_srl_G1_seed2024] [epoch 73/100] batch 60/300 (20%) loss=0.1113 elapsed=11s eta=45s
  [dscformer_srl_G1_seed2024] [epoch 73/100] batch 90/300 (30%) loss=0.1147 elapsed=16s eta=38s
  [dscformer_srl_G1_seed2024] [epoch 73/100] batch 120/300 (40%) loss=0.1155 elapsed=22s eta=33s
  [dscformer_srl_G1_seed2024] [epoch 73/100] batch 150/300 (50%) loss=0.1147 elapsed=27s eta=27s
  [dscformer_srl_G1_seed2024] [epoch 73/100] batch 180/300 (60%) loss=0.1189 elapsed=33s eta=22s
  [dscformer_srl_G1_seed2024] [epoch 73/100] batch 210/300 (70%) loss=0.1180 elapsed=38s eta=16s
  [dscformer_srl_G1_seed2024] [epoch 73/100] batch 240/300 (80%) loss=0.1181 elapsed=44s eta=11s
  [dscformer_srl_G1_seed2024] [epoch 73/100] batch 270/300 (90%) loss=0.1191 elapsed=49s eta=5s
  [dscformer_srl_G1_seed2024] [epoch 73/100] batch 300/300 (100%) loss=0.1190 elapsed=55s eta=0s
[dscformer_srl_G1_seed2024] [sampler] sampled: {0: 400, 1: 400, 2: 400} total=1200 spalling_ratio=24.33%
[dscformer_srl_G1_seed2024] [sampler] unique: {0: 400, 1: 400, 2: 400} unique_total=1200 dup_ratio=1.00x
[dscformer_srl_G1_seed2024] [epoch 073/100] remain=27 epochs ep_eta=25.5min (avg 57s/ep)
[dscformer_srl_G1_seed2024] [epoch 073/100] lr=0.000011  dt=54.6s
  train loss=0.1190  ce=0.0714 dice=0.1599  tversky=0.0000 bd=0.0000  cldice=0.0664 snake=0.0000
  val   skipped (next val at epoch 75)
[dscformer_srl_G1_seed2024] [curriculum] epoch 74: stage=2 tiers=[0, 1, 2] pool={0: 400, 1: 400, 2: 400}
  [dscformer_srl_G1_seed2024] [epoch 74/100] batch 30/300 (10%) loss=0.1125 elapsed=6s eta=53s
  [dscformer_srl_G1_seed2024] [epoch 74/100] batch 60/300 (20%) loss=0.1098 elapsed=11s eta=45s
  [dscformer_srl_G1_seed2024] [epoch 74/100] batch 90/300 (30%) loss=0.1143 elapsed=17s eta=39s
  [dscformer_srl_G1_seed2024] [epoch 74/100] batch 120/300 (40%) loss=0.1127 elapsed=22s eta=33s
  [dscformer_srl_G1_seed2024] [epoch 74/100] batch 150/300 (50%) loss=0.1144 elapsed=27s eta=27s
  [dscformer_srl_G1_seed2024] [epoch 74/100] batch 180/300 (60%) loss=0.1168 elapsed=33s eta=22s
  [dscformer_srl_G1_seed2024] [epoch 74/100] batch 210/300 (70%) loss=0.1194 elapsed=38s eta=16s
  [dscformer_srl_G1_seed2024] [epoch 74/100] batch 240/300 (80%) loss=0.1195 elapsed=44s eta=11s
  [dscformer_srl_G1_seed2024] [epoch 74/100] batch 270/300 (90%) loss=0.1203 elapsed=49s eta=5s
  [dscformer_srl_G1_seed2024] [epoch 74/100] batch 300/300 (100%) loss=0.1205 elapsed=54s eta=0s
[dscformer_srl_G1_seed2024] [sampler] sampled: {0: 400, 1: 400, 2: 400} total=1200 spalling_ratio=24.33%
[dscformer_srl_G1_seed2024] [sampler] unique: {0: 400, 1: 400, 2: 400} unique_total=1200 dup_ratio=1.00x
[dscformer_srl_G1_seed2024] [epoch 074/100] remain=26 epochs ep_eta=24.5min (avg 57s/ep)
[dscformer_srl_G1_seed2024] [epoch 074/100] lr=0.000010  dt=54.6s
  train loss=0.1205  ce=0.0713 dice=0.1630  tversky=0.0000 bd=0.0000  cldice=0.0659 snake=0.0000
  val   skipped (next val at epoch 75)
[dscformer_srl_G1_seed2024] [curriculum] epoch 75: stage=2 tiers=[0, 1, 2] pool={0: 400, 1: 400, 2: 400}
  [dscformer_srl_G1_seed2024] [epoch 75/100] batch 30/300 (10%) loss=0.1212 elapsed=6s eta=50s
  [dscformer_srl_G1_seed2024] [epoch 75/100] batch 60/300 (20%) loss=0.1194 elapsed=11s eta=44s
  [dscformer_srl_G1_seed2024] [epoch 75/100] batch 90/300 (30%) loss=0.1149 elapsed=16s eta=38s
  [dscformer_srl_G1_seed2024] [epoch 75/100] batch 120/300 (40%) loss=0.1173 elapsed=22s eta=33s
  [dscformer_srl_G1_seed2024] [epoch 75/100] batch 150/300 (50%) loss=0.1221 elapsed=27s eta=27s
  [dscformer_srl_G1_seed2024] [epoch 75/100] batch 180/300 (60%) loss=0.1208 elapsed=33s eta=22s
  [dscformer_srl_G1_seed2024] [epoch 75/100] batch 210/300 (70%) loss=0.1185 elapsed=38s eta=16s
  [dscformer_srl_G1_seed2024] [epoch 75/100] batch 240/300 (80%) loss=0.1192 elapsed=44s eta=11s
  [dscformer_srl_G1_seed2024] [epoch 75/100] batch 270/300 (90%) loss=0.1184 elapsed=49s eta=5s
  [dscformer_srl_G1_seed2024] [epoch 75/100] batch 300/300 (100%) loss=0.1190 elapsed=54s eta=0s
[dscformer_srl_G1_seed2024] [sampler] sampled: {0: 400, 1: 400, 2: 400} total=1200 spalling_ratio=24.33%
[dscformer_srl_G1_seed2024] [sampler] unique: {0: 400, 1: 400, 2: 400} unique_total=1200 dup_ratio=1.00x
[dscformer_srl_G1_seed2024] [epoch 075/100] remain=25 epochs ep_eta=23.6min (avg 57s/ep)
[dscformer_srl_G1_seed2024] [epoch 075/100] lr=0.000010  dt=59.3s
  train loss=0.1190  ce=0.0713 dice=0.1602  tversky=0.0000 bd=0.0000  cldice=0.0657 snake=0.0000
  val   loss=0.2839
  IoU   bg=0.9761  crack=0.5702  spalling=0.7620  | mIoU_fg=0.6661  pix_acc=0.9766
  Dice  bg=0.9879  crack=0.7263  spalling=0.8649
  BF1   crack=0.7487  spalling=0.6706  | BF1_fg_mean=0.7097
[dscformer_srl_G1_seed2024] [curriculum] epoch 76: stage=2 tiers=[0, 1, 2] pool={0: 400, 1: 400, 2: 400}
  [dscformer_srl_G1_seed2024] [epoch 76/100] batch 30/300 (10%) loss=0.1164 elapsed=6s eta=51s
  [dscformer_srl_G1_seed2024] [epoch 76/100] batch 60/300 (20%) loss=0.1202 elapsed=11s eta=44s
  [dscformer_srl_G1_seed2024] [epoch 76/100] batch 90/300 (30%) loss=0.1187 elapsed=16s eta=38s
  [dscformer_srl_G1_seed2024] [epoch 76/100] batch 120/300 (40%) loss=0.1193 elapsed=22s eta=33s
  [dscformer_srl_G1_seed2024] [epoch 76/100] batch 150/300 (50%) loss=0.1194 elapsed=27s eta=27s
  [dscformer_srl_G1_seed2024] [epoch 76/100] batch 180/300 (60%) loss=0.1191 elapsed=33s eta=22s
  [dscformer_srl_G1_seed2024] [epoch 76/100] batch 210/300 (70%) loss=0.1174 elapsed=38s eta=16s
  [dscformer_srl_G1_seed2024] [epoch 76/100] batch 240/300 (80%) loss=0.1167 elapsed=44s eta=11s
  [dscformer_srl_G1_seed2024] [epoch 76/100] batch 270/300 (90%) loss=0.1165 elapsed=49s eta=5s
  [dscformer_srl_G1_seed2024] [epoch 76/100] batch 300/300 (100%) loss=0.1164 elapsed=55s eta=0s
[dscformer_srl_G1_seed2024] [sampler] sampled: {0: 400, 1: 400, 2: 400} total=1200 spalling_ratio=24.33%
[dscformer_srl_G1_seed2024] [sampler] unique: {0: 400, 1: 400, 2: 400} unique_total=1200 dup_ratio=1.00x
[dscformer_srl_G1_seed2024] [epoch 076/100] remain=24 epochs ep_eta=22.6min (avg 57s/ep)
[dscformer_srl_G1_seed2024] [epoch 076/100] lr=0.000009  dt=54.6s
  train loss=0.1164  ce=0.0703 dice=0.1562  tversky=0.0000 bd=0.0000  cldice=0.0639 snake=0.0000
  val   skipped (next val at epoch 80)
[dscformer_srl_G1_seed2024] [curriculum] epoch 77: stage=2 tiers=[0, 1, 2] pool={0: 400, 1: 400, 2: 400}
  [dscformer_srl_G1_seed2024] [epoch 77/100] batch 30/300 (10%) loss=0.1202 elapsed=6s eta=52s
  [dscformer_srl_G1_seed2024] [epoch 77/100] batch 60/300 (20%) loss=0.1132 elapsed=11s eta=45s
  [dscformer_srl_G1_seed2024] [epoch 77/100] batch 90/300 (30%) loss=0.1137 elapsed=17s eta=39s
  [dscformer_srl_G1_seed2024] [epoch 77/100] batch 120/300 (40%) loss=0.1149 elapsed=22s eta=33s
  [dscformer_srl_G1_seed2024] [epoch 77/100] batch 150/300 (50%) loss=0.1159 elapsed=28s eta=28s
  [dscformer_srl_G1_seed2024] [epoch 77/100] batch 180/300 (60%) loss=0.1153 elapsed=33s eta=22s
  [dscformer_srl_G1_seed2024] [epoch 77/100] batch 210/300 (70%) loss=0.1157 elapsed=39s eta=17s
  [dscformer_srl_G1_seed2024] [epoch 77/100] batch 240/300 (80%) loss=0.1162 elapsed=44s eta=11s
  [dscformer_srl_G1_seed2024] [epoch 77/100] batch 270/300 (90%) loss=0.1166 elapsed=49s eta=5s
  [dscformer_srl_G1_seed2024] [epoch 77/100] batch 300/300 (100%) loss=0.1195 elapsed=55s eta=0s
[dscformer_srl_G1_seed2024] [sampler] sampled: {0: 400, 1: 400, 2: 400} total=1200 spalling_ratio=24.33%
[dscformer_srl_G1_seed2024] [sampler] unique: {0: 400, 1: 400, 2: 400} unique_total=1200 dup_ratio=1.00x
[dscformer_srl_G1_seed2024] [epoch 077/100] remain=23 epochs ep_eta=21.7min (avg 57s/ep)
[dscformer_srl_G1_seed2024] [epoch 077/100] lr=0.000008  dt=54.7s
  train loss=0.1195  ce=0.0711 dice=0.1614  tversky=0.0000 bd=0.0000  cldice=0.0643 snake=0.0000
  val   skipped (next val at epoch 80)
[dscformer_srl_G1_seed2024] [curriculum] epoch 78: stage=2 tiers=[0, 1, 2] pool={0: 400, 1: 400, 2: 400}
  [dscformer_srl_G1_seed2024] [epoch 78/100] batch 30/300 (10%) loss=0.1063 elapsed=6s eta=52s
  [dscformer_srl_G1_seed2024] [epoch 78/100] batch 60/300 (20%) loss=0.1166 elapsed=11s eta=45s
  [dscformer_srl_G1_seed2024] [epoch 78/100] batch 90/300 (30%) loss=0.1173 elapsed=17s eta=39s
  [dscformer_srl_G1_seed2024] [epoch 78/100] batch 120/300 (40%) loss=0.1171 elapsed=22s eta=33s
  [dscformer_srl_G1_seed2024] [epoch 78/100] batch 150/300 (50%) loss=0.1169 elapsed=27s eta=27s
  [dscformer_srl_G1_seed2024] [epoch 78/100] batch 180/300 (60%) loss=0.1157 elapsed=33s eta=22s
  [dscformer_srl_G1_seed2024] [epoch 78/100] batch 210/300 (70%) loss=0.1161 elapsed=38s eta=16s
  [dscformer_srl_G1_seed2024] [epoch 78/100] batch 240/300 (80%) loss=0.1159 elapsed=43s eta=11s
  [dscformer_srl_G1_seed2024] [epoch 78/100] batch 270/300 (90%) loss=0.1154 elapsed=49s eta=5s
  [dscformer_srl_G1_seed2024] [epoch 78/100] batch 300/300 (100%) loss=0.1168 elapsed=54s eta=0s
[dscformer_srl_G1_seed2024] [sampler] sampled: {0: 400, 1: 400, 2: 400} total=1200 spalling_ratio=24.33%
[dscformer_srl_G1_seed2024] [sampler] unique: {0: 400, 1: 400, 2: 400} unique_total=1200 dup_ratio=1.00x
[dscformer_srl_G1_seed2024] [epoch 078/100] remain=22 epochs ep_eta=20.7min (avg 57s/ep)
[dscformer_srl_G1_seed2024] [epoch 078/100] lr=0.000008  dt=54.5s
  train loss=0.1168  ce=0.0696 dice=0.1576  tversky=0.0000 bd=0.0000  cldice=0.0632 snake=0.0000
  val   skipped (next val at epoch 80)
[dscformer_srl_G1_seed2024] [curriculum] epoch 79: stage=2 tiers=[0, 1, 2] pool={0: 400, 1: 400, 2: 400}
  [dscformer_srl_G1_seed2024] [epoch 79/100] batch 30/300 (10%) loss=0.1223 elapsed=6s eta=51s
  [dscformer_srl_G1_seed2024] [epoch 79/100] batch 60/300 (20%) loss=0.1176 elapsed=11s eta=44s
  [dscformer_srl_G1_seed2024] [epoch 79/100] batch 90/300 (30%) loss=0.1164 elapsed=16s eta=38s
  [dscformer_srl_G1_seed2024] [epoch 79/100] batch 120/300 (40%) loss=0.1172 elapsed=22s eta=33s
  [dscformer_srl_G1_seed2024] [epoch 79/100] batch 150/300 (50%) loss=0.1183 elapsed=27s eta=27s
  [dscformer_srl_G1_seed2024] [epoch 79/100] batch 180/300 (60%) loss=0.1170 elapsed=33s eta=22s
  [dscformer_srl_G1_seed2024] [epoch 79/100] batch 210/300 (70%) loss=0.1167 elapsed=38s eta=16s
  [dscformer_srl_G1_seed2024] [epoch 79/100] batch 240/300 (80%) loss=0.1175 elapsed=43s eta=11s
  [dscformer_srl_G1_seed2024] [epoch 79/100] batch 270/300 (90%) loss=0.1171 elapsed=49s eta=5s
  [dscformer_srl_G1_seed2024] [epoch 79/100] batch 300/300 (100%) loss=0.1167 elapsed=54s eta=0s
[dscformer_srl_G1_seed2024] [sampler] sampled: {0: 400, 1: 400, 2: 400} total=1200 spalling_ratio=24.33%
[dscformer_srl_G1_seed2024] [sampler] unique: {0: 400, 1: 400, 2: 400} unique_total=1200 dup_ratio=1.00x
[dscformer_srl_G1_seed2024] [epoch 079/100] remain=21 epochs ep_eta=19.8min (avg 57s/ep)
[dscformer_srl_G1_seed2024] [epoch 079/100] lr=0.000007  dt=54.2s
  train loss=0.1167  ce=0.0696 dice=0.1573  tversky=0.0000 bd=0.0000  cldice=0.0639 snake=0.0000
  val   skipped (next val at epoch 80)
[dscformer_srl_G1_seed2024] [curriculum] epoch 80: stage=2 tiers=[0, 1, 2] pool={0: 400, 1: 400, 2: 400}
  [dscformer_srl_G1_seed2024] [epoch 80/100] batch 30/300 (10%) loss=0.1107 elapsed=6s eta=51s
  [dscformer_srl_G1_seed2024] [epoch 80/100] batch 60/300 (20%) loss=0.1066 elapsed=11s eta=44s
  [dscformer_srl_G1_seed2024] [epoch 80/100] batch 90/300 (30%) loss=0.1080 elapsed=16s eta=38s
  [dscformer_srl_G1_seed2024] [epoch 80/100] batch 120/300 (40%) loss=0.1102 elapsed=22s eta=33s
  [dscformer_srl_G1_seed2024] [epoch 80/100] batch 150/300 (50%) loss=0.1128 elapsed=27s eta=27s
  [dscformer_srl_G1_seed2024] [epoch 80/100] batch 180/300 (60%) loss=0.1139 elapsed=32s eta=22s
  [dscformer_srl_G1_seed2024] [epoch 80/100] batch 210/300 (70%) loss=0.1143 elapsed=38s eta=16s
  [dscformer_srl_G1_seed2024] [epoch 80/100] batch 240/300 (80%) loss=0.1138 elapsed=43s eta=11s
  [dscformer_srl_G1_seed2024] [epoch 80/100] batch 270/300 (90%) loss=0.1144 elapsed=49s eta=5s
  [dscformer_srl_G1_seed2024] [epoch 80/100] batch 300/300 (100%) loss=0.1146 elapsed=54s eta=0s
[dscformer_srl_G1_seed2024] [sampler] sampled: {0: 400, 1: 400, 2: 400} total=1200 spalling_ratio=24.33%
[dscformer_srl_G1_seed2024] [sampler] unique: {0: 400, 1: 400, 2: 400} unique_total=1200 dup_ratio=1.00x
[dscformer_srl_G1_seed2024] [epoch 080/100] remain=20 epochs ep_eta=18.9min (avg 57s/ep)
[dscformer_srl_G1_seed2024] [epoch 080/100] lr=0.000006  dt=59.3s
  train loss=0.1146  ce=0.0689 dice=0.1541  tversky=0.0000 bd=0.0000  cldice=0.0619 snake=0.0000
  val   loss=0.2634
  IoU   bg=0.9761  crack=0.5713  spalling=0.7844  | mIoU_fg=0.6779  pix_acc=0.9767
  Dice  bg=0.9879  crack=0.7272  spalling=0.8792
  BF1   crack=0.7448  spalling=0.6535  | BF1_fg_mean=0.6992
[dscformer_srl_G1_seed2024] [curriculum] epoch 81: stage=2 tiers=[0, 1, 2] pool={0: 400, 1: 400, 2: 400}
  [dscformer_srl_G1_seed2024] [epoch 81/100] batch 30/300 (10%) loss=0.1213 elapsed=6s eta=52s
  [dscformer_srl_G1_seed2024] [epoch 81/100] batch 60/300 (20%) loss=0.1150 elapsed=11s eta=45s
  [dscformer_srl_G1_seed2024] [epoch 81/100] batch 90/300 (30%) loss=0.1145 elapsed=16s eta=38s
  [dscformer_srl_G1_seed2024] [epoch 81/100] batch 120/300 (40%) loss=0.1138 elapsed=22s eta=33s
  [dscformer_srl_G1_seed2024] [epoch 81/100] batch 150/300 (50%) loss=0.1150 elapsed=27s eta=27s
  [dscformer_srl_G1_seed2024] [epoch 81/100] batch 180/300 (60%) loss=0.1166 elapsed=33s eta=22s
  [dscformer_srl_G1_seed2024] [epoch 81/100] batch 210/300 (70%) loss=0.1153 elapsed=38s eta=16s
  [dscformer_srl_G1_seed2024] [epoch 81/100] batch 240/300 (80%) loss=0.1151 elapsed=43s eta=11s
  [dscformer_srl_G1_seed2024] [epoch 81/100] batch 270/300 (90%) loss=0.1156 elapsed=49s eta=5s
  [dscformer_srl_G1_seed2024] [epoch 81/100] batch 300/300 (100%) loss=0.1152 elapsed=54s eta=0s
[dscformer_srl_G1_seed2024] [sampler] sampled: {0: 400, 1: 400, 2: 400} total=1200 spalling_ratio=24.33%
[dscformer_srl_G1_seed2024] [sampler] unique: {0: 400, 1: 400, 2: 400} unique_total=1200 dup_ratio=1.00x
[dscformer_srl_G1_seed2024] [epoch 081/100] remain=19 epochs ep_eta=17.9min (avg 57s/ep)
[dscformer_srl_G1_seed2024] [epoch 081/100] lr=0.000006  dt=54.2s
  train loss=0.1152  ce=0.0689 dice=0.1552  tversky=0.0000 bd=0.0000  cldice=0.0630 snake=0.0000
  val   skipped (next val at epoch 85)
[dscformer_srl_G1_seed2024] [curriculum] epoch 82: stage=2 tiers=[0, 1, 2] pool={0: 400, 1: 400, 2: 400}
  [dscformer_srl_G1_seed2024] [epoch 82/100] batch 30/300 (10%) loss=0.1327 elapsed=6s eta=51s
  [dscformer_srl_G1_seed2024] [epoch 82/100] batch 60/300 (20%) loss=0.1280 elapsed=11s eta=44s
  [dscformer_srl_G1_seed2024] [epoch 82/100] batch 90/300 (30%) loss=0.1243 elapsed=17s eta=39s
  [dscformer_srl_G1_seed2024] [epoch 82/100] batch 120/300 (40%) loss=0.1177 elapsed=22s eta=33s
  [dscformer_srl_G1_seed2024] [epoch 82/100] batch 150/300 (50%) loss=0.1170 elapsed=27s eta=27s
  [dscformer_srl_G1_seed2024] [epoch 82/100] batch 180/300 (60%) loss=0.1163 elapsed=33s eta=22s
  [dscformer_srl_G1_seed2024] [epoch 82/100] batch 210/300 (70%) loss=0.1164 elapsed=38s eta=16s
  [dscformer_srl_G1_seed2024] [epoch 82/100] batch 240/300 (80%) loss=0.1167 elapsed=44s eta=11s
  [dscformer_srl_G1_seed2024] [epoch 82/100] batch 270/300 (90%) loss=0.1166 elapsed=49s eta=5s
  [dscformer_srl_G1_seed2024] [epoch 82/100] batch 300/300 (100%) loss=0.1164 elapsed=54s eta=0s
[dscformer_srl_G1_seed2024] [sampler] sampled: {0: 400, 1: 400, 2: 400} total=1200 spalling_ratio=24.33%
[dscformer_srl_G1_seed2024] [sampler] unique: {0: 400, 1: 400, 2: 400} unique_total=1200 dup_ratio=1.00x
[dscformer_srl_G1_seed2024] [epoch 082/100] remain=18 epochs ep_eta=17.0min (avg 57s/ep)
[dscformer_srl_G1_seed2024] [epoch 082/100] lr=0.000005  dt=54.5s
  train loss=0.1164  ce=0.0700 dice=0.1564  tversky=0.0000 bd=0.0000  cldice=0.0638 snake=0.0000
  val   skipped (next val at epoch 85)
[dscformer_srl_G1_seed2024] [curriculum] epoch 83: stage=2 tiers=[0, 1, 2] pool={0: 400, 1: 400, 2: 400}
  [dscformer_srl_G1_seed2024] [epoch 83/100] batch 30/300 (10%) loss=0.1115 elapsed=6s eta=52s
  [dscformer_srl_G1_seed2024] [epoch 83/100] batch 60/300 (20%) loss=0.1145 elapsed=11s eta=45s
  [dscformer_srl_G1_seed2024] [epoch 83/100] batch 90/300 (30%) loss=0.1134 elapsed=16s eta=38s
  [dscformer_srl_G1_seed2024] [epoch 83/100] batch 120/300 (40%) loss=0.1128 elapsed=22s eta=33s
  [dscformer_srl_G1_seed2024] [epoch 83/100] batch 150/300 (50%) loss=0.1156 elapsed=27s eta=27s
  [dscformer_srl_G1_seed2024] [epoch 83/100] batch 180/300 (60%) loss=0.1149 elapsed=33s eta=22s
  [dscformer_srl_G1_seed2024] [epoch 83/100] batch 210/300 (70%) loss=0.1147 elapsed=38s eta=16s
  [dscformer_srl_G1_seed2024] [epoch 83/100] batch 240/300 (80%) loss=0.1145 elapsed=43s eta=11s
  [dscformer_srl_G1_seed2024] [epoch 83/100] batch 270/300 (90%) loss=0.1148 elapsed=49s eta=5s
  [dscformer_srl_G1_seed2024] [epoch 83/100] batch 300/300 (100%) loss=0.1156 elapsed=54s eta=0s
[dscformer_srl_G1_seed2024] [sampler] sampled: {0: 400, 1: 400, 2: 400} total=1200 spalling_ratio=24.33%
[dscformer_srl_G1_seed2024] [sampler] unique: {0: 400, 1: 400, 2: 400} unique_total=1200 dup_ratio=1.00x
[dscformer_srl_G1_seed2024] [epoch 083/100] remain=17 epochs ep_eta=16.0min (avg 57s/ep)
[dscformer_srl_G1_seed2024] [epoch 083/100] lr=0.000005  dt=54.0s
  train loss=0.1156  ce=0.0690 dice=0.1560  tversky=0.0000 bd=0.0000  cldice=0.0624 snake=0.0000
  val   skipped (next val at epoch 85)
[dscformer_srl_G1_seed2024] [curriculum] epoch 84: stage=2 tiers=[0, 1, 2] pool={0: 400, 1: 400, 2: 400}
  [dscformer_srl_G1_seed2024] [epoch 84/100] batch 30/300 (10%) loss=0.1043 elapsed=6s eta=50s
  [dscformer_srl_G1_seed2024] [epoch 84/100] batch 60/300 (20%) loss=0.1105 elapsed=11s eta=44s
  [dscformer_srl_G1_seed2024] [epoch 84/100] batch 90/300 (30%) loss=0.1111 elapsed=16s eta=38s
  [dscformer_srl_G1_seed2024] [epoch 84/100] batch 120/300 (40%) loss=0.1123 elapsed=21s eta=32s
  [dscformer_srl_G1_seed2024] [epoch 84/100] batch 150/300 (50%) loss=0.1113 elapsed=27s eta=27s
  [dscformer_srl_G1_seed2024] [epoch 84/100] batch 180/300 (60%) loss=0.1122 elapsed=32s eta=21s
  [dscformer_srl_G1_seed2024] [epoch 84/100] batch 210/300 (70%) loss=0.1126 elapsed=38s eta=16s
  [dscformer_srl_G1_seed2024] [epoch 84/100] batch 240/300 (80%) loss=0.1135 elapsed=43s eta=11s
  [dscformer_srl_G1_seed2024] [epoch 84/100] batch 270/300 (90%) loss=0.1150 elapsed=48s eta=5s
  [dscformer_srl_G1_seed2024] [epoch 84/100] batch 300/300 (100%) loss=0.1140 elapsed=53s eta=0s
[dscformer_srl_G1_seed2024] [sampler] sampled: {0: 400, 1: 400, 2: 400} total=1200 spalling_ratio=24.33%
[dscformer_srl_G1_seed2024] [sampler] unique: {0: 400, 1: 400, 2: 400} unique_total=1200 dup_ratio=1.00x
[dscformer_srl_G1_seed2024] [epoch 084/100] remain=16 epochs ep_eta=15.1min (avg 56s/ep)
[dscformer_srl_G1_seed2024] [epoch 084/100] lr=0.000004  dt=53.5s
  train loss=0.1140  ce=0.0686 dice=0.1532  tversky=0.0000 bd=0.0000  cldice=0.0617 snake=0.0000
  val   skipped (next val at epoch 85)
[dscformer_srl_G1_seed2024] [curriculum] epoch 85: stage=2 tiers=[0, 1, 2] pool={0: 400, 1: 400, 2: 400}
  [dscformer_srl_G1_seed2024] [epoch 85/100] batch 30/300 (10%) loss=0.1198 elapsed=6s eta=51s
  [dscformer_srl_G1_seed2024] [epoch 85/100] batch 60/300 (20%) loss=0.1128 elapsed=11s eta=44s
  [dscformer_srl_G1_seed2024] [epoch 85/100] batch 90/300 (30%) loss=0.1135 elapsed=16s eta=38s
  [dscformer_srl_G1_seed2024] [epoch 85/100] batch 120/300 (40%) loss=0.1124 elapsed=22s eta=33s
  [dscformer_srl_G1_seed2024] [epoch 85/100] batch 150/300 (50%) loss=0.1117 elapsed=27s eta=27s
  [dscformer_srl_G1_seed2024] [epoch 85/100] batch 180/300 (60%) loss=0.1127 elapsed=33s eta=22s
  [dscformer_srl_G1_seed2024] [epoch 85/100] batch 210/300 (70%) loss=0.1128 elapsed=38s eta=16s
  [dscformer_srl_G1_seed2024] [epoch 85/100] batch 240/300 (80%) loss=0.1131 elapsed=43s eta=11s
  [dscformer_srl_G1_seed2024] [epoch 85/100] batch 270/300 (90%) loss=0.1134 elapsed=49s eta=5s
  [dscformer_srl_G1_seed2024] [epoch 85/100] batch 300/300 (100%) loss=0.1149 elapsed=54s eta=0s
[dscformer_srl_G1_seed2024] [sampler] sampled: {0: 400, 1: 400, 2: 400} total=1200 spalling_ratio=24.33%
[dscformer_srl_G1_seed2024] [sampler] unique: {0: 400, 1: 400, 2: 400} unique_total=1200 dup_ratio=1.00x
[dscformer_srl_G1_seed2024] [epoch 085/100] remain=15 epochs ep_eta=14.1min (avg 57s/ep)
[dscformer_srl_G1_seed2024] [epoch 085/100] lr=0.000004  dt=59.0s
  train loss=0.1149  ce=0.0689 dice=0.1548  tversky=0.0000 bd=0.0000  cldice=0.0616 snake=0.0000
  val   loss=0.2714
  IoU   bg=0.9762  crack=0.5734  spalling=0.7820  | mIoU_fg=0.6777  pix_acc=0.9768
  Dice  bg=0.9879  crack=0.7289  spalling=0.8777
  BF1   crack=0.7509  spalling=0.6892  | BF1_fg_mean=0.7200
[dscformer_srl_G1_seed2024] [curriculum] epoch 86: stage=2 tiers=[0, 1, 2] pool={0: 400, 1: 400, 2: 400}
  [dscformer_srl_G1_seed2024] [epoch 86/100] batch 30/300 (10%) loss=0.1175 elapsed=6s eta=52s
  [dscformer_srl_G1_seed2024] [epoch 86/100] batch 60/300 (20%) loss=0.1126 elapsed=11s eta=45s
  [dscformer_srl_G1_seed2024] [epoch 86/100] batch 90/300 (30%) loss=0.1133 elapsed=17s eta=39s
  [dscformer_srl_G1_seed2024] [epoch 86/100] batch 120/300 (40%) loss=0.1118 elapsed=22s eta=33s
  [dscformer_srl_G1_seed2024] [epoch 86/100] batch 150/300 (50%) loss=0.1134 elapsed=28s eta=28s
  [dscformer_srl_G1_seed2024] [epoch 86/100] batch 180/300 (60%) loss=0.1153 elapsed=33s eta=22s
  [dscformer_srl_G1_seed2024] [epoch 86/100] batch 210/300 (70%) loss=0.1146 elapsed=39s eta=17s
  [dscformer_srl_G1_seed2024] [epoch 86/100] batch 240/300 (80%) loss=0.1142 elapsed=44s eta=11s
  [dscformer_srl_G1_seed2024] [epoch 86/100] batch 270/300 (90%) loss=0.1142 elapsed=50s eta=6s
  [dscformer_srl_G1_seed2024] [epoch 86/100] batch 300/300 (100%) loss=0.1142 elapsed=55s eta=0s
[dscformer_srl_G1_seed2024] [sampler] sampled: {0: 400, 1: 400, 2: 400} total=1200 spalling_ratio=24.33%
[dscformer_srl_G1_seed2024] [sampler] unique: {0: 400, 1: 400, 2: 400} unique_total=1200 dup_ratio=1.00x
[dscformer_srl_G1_seed2024] [epoch 086/100] remain=14 epochs ep_eta=13.2min (avg 57s/ep)
[dscformer_srl_G1_seed2024] [epoch 086/100] lr=0.000003  dt=55.2s
  train loss=0.1142  ce=0.0688 dice=0.1534  tversky=0.0000 bd=0.0000  cldice=0.0608 snake=0.0000
  val   skipped (next val at epoch 90)
[dscformer_srl_G1_seed2024] [curriculum] epoch 87: stage=2 tiers=[0, 1, 2] pool={0: 400, 1: 400, 2: 400}
  [dscformer_srl_G1_seed2024] [epoch 87/100] batch 30/300 (10%) loss=0.1144 elapsed=6s eta=52s
  [dscformer_srl_G1_seed2024] [epoch 87/100] batch 60/300 (20%) loss=0.1185 elapsed=11s eta=45s
  [dscformer_srl_G1_seed2024] [epoch 87/100] batch 90/300 (30%) loss=0.1140 elapsed=17s eta=39s
  [dscformer_srl_G1_seed2024] [epoch 87/100] batch 120/300 (40%) loss=0.1139 elapsed=22s eta=33s
  [dscformer_srl_G1_seed2024] [epoch 87/100] batch 150/300 (50%) loss=0.1137 elapsed=28s eta=28s
  [dscformer_srl_G1_seed2024] [epoch 87/100] batch 180/300 (60%) loss=0.1141 elapsed=33s eta=22s
  [dscformer_srl_G1_seed2024] [epoch 87/100] batch 210/300 (70%) loss=0.1130 elapsed=39s eta=17s
  [dscformer_srl_G1_seed2024] [epoch 87/100] batch 240/300 (80%) loss=0.1128 elapsed=44s eta=11s
  [dscformer_srl_G1_seed2024] [epoch 87/100] batch 270/300 (90%) loss=0.1128 elapsed=49s eta=5s
  [dscformer_srl_G1_seed2024] [epoch 87/100] batch 300/300 (100%) loss=0.1141 elapsed=55s eta=0s
[dscformer_srl_G1_seed2024] [sampler] sampled: {0: 400, 1: 400, 2: 400} total=1200 spalling_ratio=24.33%
[dscformer_srl_G1_seed2024] [sampler] unique: {0: 400, 1: 400, 2: 400} unique_total=1200 dup_ratio=1.00x
[dscformer_srl_G1_seed2024] [epoch 087/100] remain=13 epochs ep_eta=12.2min (avg 57s/ep)
[dscformer_srl_G1_seed2024] [epoch 087/100] lr=0.000003  dt=55.0s
  train loss=0.1141  ce=0.0685 dice=0.1536  tversky=0.0000 bd=0.0000  cldice=0.0603 snake=0.0000
  val   skipped (next val at epoch 90)
[dscformer_srl_G1_seed2024] [curriculum] epoch 88: stage=2 tiers=[0, 1, 2] pool={0: 400, 1: 400, 2: 400}
  [dscformer_srl_G1_seed2024] [epoch 88/100] batch 30/300 (10%) loss=0.1128 elapsed=6s eta=52s
  [dscformer_srl_G1_seed2024] [epoch 88/100] batch 60/300 (20%) loss=0.1206 elapsed=11s eta=45s
  [dscformer_srl_G1_seed2024] [epoch 88/100] batch 90/300 (30%) loss=0.1163 elapsed=17s eta=39s
  [dscformer_srl_G1_seed2024] [epoch 88/100] batch 120/300 (40%) loss=0.1166 elapsed=22s eta=33s
  [dscformer_srl_G1_seed2024] [epoch 88/100] batch 150/300 (50%) loss=0.1163 elapsed=27s eta=27s
  [dscformer_srl_G1_seed2024] [epoch 88/100] batch 180/300 (60%) loss=0.1142 elapsed=33s eta=22s
  [dscformer_srl_G1_seed2024] [epoch 88/100] batch 210/300 (70%) loss=0.1157 elapsed=38s eta=16s
  [dscformer_srl_G1_seed2024] [epoch 88/100] batch 240/300 (80%) loss=0.1147 elapsed=44s eta=11s
  [dscformer_srl_G1_seed2024] [epoch 88/100] batch 270/300 (90%) loss=0.1139 elapsed=49s eta=5s
  [dscformer_srl_G1_seed2024] [epoch 88/100] batch 300/300 (100%) loss=0.1142 elapsed=54s eta=0s
[dscformer_srl_G1_seed2024] [sampler] sampled: {0: 400, 1: 400, 2: 400} total=1200 spalling_ratio=24.33%
[dscformer_srl_G1_seed2024] [sampler] unique: {0: 400, 1: 400, 2: 400} unique_total=1200 dup_ratio=1.00x
[dscformer_srl_G1_seed2024] [epoch 088/100] remain=12 epochs ep_eta=11.3min (avg 57s/ep)
[dscformer_srl_G1_seed2024] [epoch 088/100] lr=0.000002  dt=54.5s
  train loss=0.1142  ce=0.0684 dice=0.1538  tversky=0.0000 bd=0.0000  cldice=0.0624 snake=0.0000
  val   skipped (next val at epoch 90)
[dscformer_srl_G1_seed2024] [curriculum] epoch 89: stage=2 tiers=[0, 1, 2] pool={0: 400, 1: 400, 2: 400}
  [dscformer_srl_G1_seed2024] [epoch 89/100] batch 30/300 (10%) loss=0.1184 elapsed=6s eta=52s
  [dscformer_srl_G1_seed2024] [epoch 89/100] batch 60/300 (20%) loss=0.1112 elapsed=11s eta=45s
  [dscformer_srl_G1_seed2024] [epoch 89/100] batch 90/300 (30%) loss=0.1134 elapsed=17s eta=39s
  [dscformer_srl_G1_seed2024] [epoch 89/100] batch 120/300 (40%) loss=0.1114 elapsed=22s eta=33s
  [dscformer_srl_G1_seed2024] [epoch 89/100] batch 150/300 (50%) loss=0.1133 elapsed=28s eta=28s
  [dscformer_srl_G1_seed2024] [epoch 89/100] batch 180/300 (60%) loss=0.1137 elapsed=33s eta=22s
  [dscformer_srl_G1_seed2024] [epoch 89/100] batch 210/300 (70%) loss=0.1143 elapsed=38s eta=16s
  [dscformer_srl_G1_seed2024] [epoch 89/100] batch 240/300 (80%) loss=0.1138 elapsed=44s eta=11s
  [dscformer_srl_G1_seed2024] [epoch 89/100] batch 270/300 (90%) loss=0.1138 elapsed=49s eta=5s
  [dscformer_srl_G1_seed2024] [epoch 89/100] batch 300/300 (100%) loss=0.1139 elapsed=54s eta=0s
[dscformer_srl_G1_seed2024] [sampler] sampled: {0: 400, 1: 400, 2: 400} total=1200 spalling_ratio=24.33%
[dscformer_srl_G1_seed2024] [sampler] unique: {0: 400, 1: 400, 2: 400} unique_total=1200 dup_ratio=1.00x
[dscformer_srl_G1_seed2024] [epoch 089/100] remain=11 epochs ep_eta=10.4min (avg 56s/ep)
[dscformer_srl_G1_seed2024] [epoch 089/100] lr=0.000002  dt=54.4s
  train loss=0.1139  ce=0.0678 dice=0.1538  tversky=0.0000 bd=0.0000  cldice=0.0614 snake=0.0000
  val   skipped (next val at epoch 90)
[dscformer_srl_G1_seed2024] [curriculum] epoch 90: stage=2 tiers=[0, 1, 2] pool={0: 400, 1: 400, 2: 400}
  [dscformer_srl_G1_seed2024] [epoch 90/100] batch 30/300 (10%) loss=0.1149 elapsed=6s eta=52s
  [dscformer_srl_G1_seed2024] [epoch 90/100] batch 60/300 (20%) loss=0.1151 elapsed=11s eta=45s
  [dscformer_srl_G1_seed2024] [epoch 90/100] batch 90/300 (30%) loss=0.1149 elapsed=16s eta=38s
  [dscformer_srl_G1_seed2024] [epoch 90/100] batch 120/300 (40%) loss=0.1141 elapsed=22s eta=33s
  [dscformer_srl_G1_seed2024] [epoch 90/100] batch 150/300 (50%) loss=0.1134 elapsed=27s eta=27s
  [dscformer_srl_G1_seed2024] [epoch 90/100] batch 180/300 (60%) loss=0.1149 elapsed=33s eta=22s
  [dscformer_srl_G1_seed2024] [epoch 90/100] batch 210/300 (70%) loss=0.1132 elapsed=38s eta=16s
  [dscformer_srl_G1_seed2024] [epoch 90/100] batch 240/300 (80%) loss=0.1145 elapsed=43s eta=11s
  [dscformer_srl_G1_seed2024] [epoch 90/100] batch 270/300 (90%) loss=0.1145 elapsed=49s eta=5s
  [dscformer_srl_G1_seed2024] [epoch 90/100] batch 300/300 (100%) loss=0.1138 elapsed=54s eta=0s
[dscformer_srl_G1_seed2024] [sampler] sampled: {0: 400, 1: 400, 2: 400} total=1200 spalling_ratio=24.33%
[dscformer_srl_G1_seed2024] [sampler] unique: {0: 400, 1: 400, 2: 400} unique_total=1200 dup_ratio=1.00x
[dscformer_srl_G1_seed2024] [epoch 090/100] remain=10 epochs ep_eta=9.4min (avg 57s/ep)
[dscformer_srl_G1_seed2024] [epoch 090/100] lr=0.000002  dt=59.4s
  train loss=0.1138  ce=0.0682 dice=0.1532  tversky=0.0000 bd=0.0000  cldice=0.0613 snake=0.0000
  val   loss=0.2663
  IoU   bg=0.9764  crack=0.5740  spalling=0.7841  | mIoU_fg=0.6790  pix_acc=0.9770
  Dice  bg=0.9881  crack=0.7293  spalling=0.8790
  BF1   crack=0.7515  spalling=0.6573  | BF1_fg_mean=0.7044
[dscformer_srl_G1_seed2024] [curriculum] epoch 91: stage=2 tiers=[0, 1, 2] pool={0: 400, 1: 400, 2: 400}
  [dscformer_srl_G1_seed2024] [epoch 91/100] batch 30/300 (10%) loss=0.1209 elapsed=6s eta=54s
  [dscformer_srl_G1_seed2024] [epoch 91/100] batch 60/300 (20%) loss=0.1163 elapsed=11s eta=46s
  [dscformer_srl_G1_seed2024] [epoch 91/100] batch 90/300 (30%) loss=0.1176 elapsed=17s eta=39s
  [dscformer_srl_G1_seed2024] [epoch 91/100] batch 120/300 (40%) loss=0.1142 elapsed=22s eta=33s
  [dscformer_srl_G1_seed2024] [epoch 91/100] batch 150/300 (50%) loss=0.1178 elapsed=28s eta=28s
  [dscformer_srl_G1_seed2024] [epoch 91/100] batch 180/300 (60%) loss=0.1174 elapsed=33s eta=22s
  [dscformer_srl_G1_seed2024] [epoch 91/100] batch 210/300 (70%) loss=0.1164 elapsed=39s eta=17s
  [dscformer_srl_G1_seed2024] [epoch 91/100] batch 240/300 (80%) loss=0.1157 elapsed=44s eta=11s
  [dscformer_srl_G1_seed2024] [epoch 91/100] batch 270/300 (90%) loss=0.1148 elapsed=50s eta=6s
  [dscformer_srl_G1_seed2024] [epoch 91/100] batch 300/300 (100%) loss=0.1142 elapsed=55s eta=0s
[dscformer_srl_G1_seed2024] [sampler] sampled: {0: 400, 1: 400, 2: 400} total=1200 spalling_ratio=24.33%
[dscformer_srl_G1_seed2024] [sampler] unique: {0: 400, 1: 400, 2: 400} unique_total=1200 dup_ratio=1.00x
[dscformer_srl_G1_seed2024] [epoch 091/100] remain=9 epochs ep_eta=8.5min (avg 57s/ep)
[dscformer_srl_G1_seed2024] [epoch 091/100] lr=0.000001  dt=60.2s
  train loss=0.1142  ce=0.0684 dice=0.1540  tversky=0.0000 bd=0.0000  cldice=0.0609 snake=0.0000
  val   loss=0.2630
  IoU   bg=0.9760  crack=0.5735  spalling=0.7835  | mIoU_fg=0.6785  pix_acc=0.9766
  Dice  bg=0.9879  crack=0.7290  spalling=0.8786
  BF1   crack=0.7498  spalling=0.6501  | BF1_fg_mean=0.6999
[dscformer_srl_G1_seed2024] [curriculum] epoch 92: stage=2 tiers=[0, 1, 2] pool={0: 400, 1: 400, 2: 400}
  [dscformer_srl_G1_seed2024] [epoch 92/100] batch 30/300 (10%) loss=0.1146 elapsed=6s eta=52s
  [dscformer_srl_G1_seed2024] [epoch 92/100] batch 60/300 (20%) loss=0.1118 elapsed=11s eta=45s
  [dscformer_srl_G1_seed2024] [epoch 92/100] batch 90/300 (30%) loss=0.1095 elapsed=17s eta=39s
  [dscformer_srl_G1_seed2024] [epoch 92/100] batch 120/300 (40%) loss=0.1099 elapsed=22s eta=33s
  [dscformer_srl_G1_seed2024] [epoch 92/100] batch 150/300 (50%) loss=0.1100 elapsed=27s eta=27s
  [dscformer_srl_G1_seed2024] [epoch 92/100] batch 180/300 (60%) loss=0.1088 elapsed=33s eta=22s
  [dscformer_srl_G1_seed2024] [epoch 92/100] batch 210/300 (70%) loss=0.1106 elapsed=38s eta=16s
  [dscformer_srl_G1_seed2024] [epoch 92/100] batch 240/300 (80%) loss=0.1114 elapsed=44s eta=11s
  [dscformer_srl_G1_seed2024] [epoch 92/100] batch 270/300 (90%) loss=0.1120 elapsed=49s eta=5s
  [dscformer_srl_G1_seed2024] [epoch 92/100] batch 300/300 (100%) loss=0.1115 elapsed=54s eta=0s
[dscformer_srl_G1_seed2024] [sampler] sampled: {0: 400, 1: 400, 2: 400} total=1200 spalling_ratio=24.33%
[dscformer_srl_G1_seed2024] [sampler] unique: {0: 400, 1: 400, 2: 400} unique_total=1200 dup_ratio=1.00x
[dscformer_srl_G1_seed2024] [epoch 092/100] remain=8 epochs ep_eta=7.5min (avg 57s/ep)
[dscformer_srl_G1_seed2024] [epoch 092/100] lr=0.000001  dt=59.4s
  train loss=0.1115  ce=0.0673 dice=0.1498  tversky=0.0000 bd=0.0000  cldice=0.0605 snake=0.0000
  val   loss=0.2659
  IoU   bg=0.9762  crack=0.5737  spalling=0.7827  | mIoU_fg=0.6782  pix_acc=0.9768
  Dice  bg=0.9880  crack=0.7291  spalling=0.8781
  BF1   crack=0.7512  spalling=0.6525  | BF1_fg_mean=0.7018
[dscformer_srl_G1_seed2024] [curriculum] epoch 93: stage=2 tiers=[0, 1, 2] pool={0: 400, 1: 400, 2: 400}
  [dscformer_srl_G1_seed2024] [epoch 93/100] batch 30/300 (10%) loss=0.1108 elapsed=6s eta=51s
  [dscformer_srl_G1_seed2024] [epoch 93/100] batch 60/300 (20%) loss=0.1114 elapsed=11s eta=45s
  [dscformer_srl_G1_seed2024] [epoch 93/100] batch 90/300 (30%) loss=0.1108 elapsed=17s eta=39s
  [dscformer_srl_G1_seed2024] [epoch 93/100] batch 120/300 (40%) loss=0.1121 elapsed=22s eta=33s
  [dscformer_srl_G1_seed2024] [epoch 93/100] batch 150/300 (50%) loss=0.1140 elapsed=28s eta=28s
  [dscformer_srl_G1_seed2024] [epoch 93/100] batch 180/300 (60%) loss=0.1143 elapsed=33s eta=22s
  [dscformer_srl_G1_seed2024] [epoch 93/100] batch 210/300 (70%) loss=0.1144 elapsed=38s eta=16s
  [dscformer_srl_G1_seed2024] [epoch 93/100] batch 240/300 (80%) loss=0.1134 elapsed=44s eta=11s
  [dscformer_srl_G1_seed2024] [epoch 93/100] batch 270/300 (90%) loss=0.1128 elapsed=49s eta=5s
  [dscformer_srl_G1_seed2024] [epoch 93/100] batch 300/300 (100%) loss=0.1137 elapsed=54s eta=0s
[dscformer_srl_G1_seed2024] [sampler] sampled: {0: 400, 1: 400, 2: 400} total=1200 spalling_ratio=24.33%
[dscformer_srl_G1_seed2024] [sampler] unique: {0: 400, 1: 400, 2: 400} unique_total=1200 dup_ratio=1.00x
[dscformer_srl_G1_seed2024] [epoch 093/100] remain=7 epochs ep_eta=6.6min (avg 57s/ep)
[dscformer_srl_G1_seed2024] [epoch 093/100] lr=0.000001  dt=59.3s
  train loss=0.1137  ce=0.0676 dice=0.1537  tversky=0.0000 bd=0.0000  cldice=0.0606 snake=0.0000
  val   loss=0.2680
  IoU   bg=0.9766  crack=0.5757  spalling=0.7830  | mIoU_fg=0.6794  pix_acc=0.9771
  Dice  bg=0.9882  crack=0.7307  spalling=0.8783
  BF1   crack=0.7539  spalling=0.6553  | BF1_fg_mean=0.7046
[dscformer_srl_G1_seed2024] [curriculum] epoch 94: stage=2 tiers=[0, 1, 2] pool={0: 400, 1: 400, 2: 400}
  [dscformer_srl_G1_seed2024] [epoch 94/100] batch 30/300 (10%) loss=0.1158 elapsed=6s eta=52s
  [dscformer_srl_G1_seed2024] [epoch 94/100] batch 60/300 (20%) loss=0.1160 elapsed=11s eta=44s
  [dscformer_srl_G1_seed2024] [epoch 94/100] batch 90/300 (30%) loss=0.1156 elapsed=17s eta=39s
  [dscformer_srl_G1_seed2024] [epoch 94/100] batch 120/300 (40%) loss=0.1127 elapsed=22s eta=33s
  [dscformer_srl_G1_seed2024] [epoch 94/100] batch 150/300 (50%) loss=0.1135 elapsed=27s eta=27s
  [dscformer_srl_G1_seed2024] [epoch 94/100] batch 180/300 (60%) loss=0.1139 elapsed=33s eta=22s
  [dscformer_srl_G1_seed2024] [epoch 94/100] batch 210/300 (70%) loss=0.1150 elapsed=38s eta=16s
  [dscformer_srl_G1_seed2024] [epoch 94/100] batch 240/300 (80%) loss=0.1136 elapsed=44s eta=11s
  [dscformer_srl_G1_seed2024] [epoch 94/100] batch 270/300 (90%) loss=0.1129 elapsed=49s eta=5s
  [dscformer_srl_G1_seed2024] [epoch 94/100] batch 300/300 (100%) loss=0.1135 elapsed=55s eta=0s
[dscformer_srl_G1_seed2024] [sampler] sampled: {0: 400, 1: 400, 2: 400} total=1200 spalling_ratio=24.33%
[dscformer_srl_G1_seed2024] [sampler] unique: {0: 400, 1: 400, 2: 400} unique_total=1200 dup_ratio=1.00x
[dscformer_srl_G1_seed2024] [epoch 094/100] remain=6 epochs ep_eta=5.7min (avg 57s/ep)
[dscformer_srl_G1_seed2024] [epoch 094/100] lr=0.000001  dt=59.5s
  train loss=0.1135  ce=0.0674 dice=0.1536  tversky=0.0000 bd=0.0000  cldice=0.0602 snake=0.0000
  val   loss=0.2668
  IoU   bg=0.9765  crack=0.5754  spalling=0.7830  | mIoU_fg=0.6792  pix_acc=0.9771
  Dice  bg=0.9881  crack=0.7304  spalling=0.8783
  BF1   crack=0.7539  spalling=0.6516  | BF1_fg_mean=0.7028
[dscformer_srl_G1_seed2024] [curriculum] epoch 95: stage=2 tiers=[0, 1, 2] pool={0: 400, 1: 400, 2: 400}
  [dscformer_srl_G1_seed2024] [epoch 95/100] batch 30/300 (10%) loss=0.1218 elapsed=6s eta=51s
  [dscformer_srl_G1_seed2024] [epoch 95/100] batch 60/300 (20%) loss=0.1155 elapsed=11s eta=44s
  [dscformer_srl_G1_seed2024] [epoch 95/100] batch 90/300 (30%) loss=0.1135 elapsed=16s eta=38s
  [dscformer_srl_G1_seed2024] [epoch 95/100] batch 120/300 (40%) loss=0.1119 elapsed=22s eta=33s
  [dscformer_srl_G1_seed2024] [epoch 95/100] batch 150/300 (50%) loss=0.1121 elapsed=27s eta=27s
  [dscformer_srl_G1_seed2024] [epoch 95/100] batch 180/300 (60%) loss=0.1120 elapsed=33s eta=22s
  [dscformer_srl_G1_seed2024] [epoch 95/100] batch 210/300 (70%) loss=0.1144 elapsed=38s eta=16s
  [dscformer_srl_G1_seed2024] [epoch 95/100] batch 240/300 (80%) loss=0.1142 elapsed=44s eta=11s
  [dscformer_srl_G1_seed2024] [epoch 95/100] batch 270/300 (90%) loss=0.1142 elapsed=49s eta=5s
  [dscformer_srl_G1_seed2024] [epoch 95/100] batch 300/300 (100%) loss=0.1135 elapsed=55s eta=0s
[dscformer_srl_G1_seed2024] [sampler] sampled: {0: 400, 1: 400, 2: 400} total=1200 spalling_ratio=24.33%
[dscformer_srl_G1_seed2024] [sampler] unique: {0: 400, 1: 400, 2: 400} unique_total=1200 dup_ratio=1.00x
[dscformer_srl_G1_seed2024] [epoch 095/100] remain=5 epochs ep_eta=4.7min (avg 57s/ep)
[dscformer_srl_G1_seed2024] [epoch 095/100] lr=0.000000  dt=59.6s
  train loss=0.1135  ce=0.0678 dice=0.1532  tversky=0.0000 bd=0.0000  cldice=0.0611 snake=0.0000
  val   loss=0.2680
  IoU   bg=0.9765  crack=0.5748  spalling=0.7829  | mIoU_fg=0.6789  pix_acc=0.9770
  Dice  bg=0.9881  crack=0.7300  spalling=0.8782
  BF1   crack=0.7525  spalling=0.6501  | BF1_fg_mean=0.7013
[dscformer_srl_G1_seed2024] [curriculum] epoch 96: stage=2 tiers=[0, 1, 2] pool={0: 400, 1: 400, 2: 400}
  [dscformer_srl_G1_seed2024] [epoch 96/100] batch 30/300 (10%) loss=0.1247 elapsed=6s eta=51s
  [dscformer_srl_G1_seed2024] [epoch 96/100] batch 60/300 (20%) loss=0.1184 elapsed=11s eta=45s
  [dscformer_srl_G1_seed2024] [epoch 96/100] batch 90/300 (30%) loss=0.1164 elapsed=17s eta=39s
  [dscformer_srl_G1_seed2024] [epoch 96/100] batch 120/300 (40%) loss=0.1140 elapsed=22s eta=33s
  [dscformer_srl_G1_seed2024] [epoch 96/100] batch 150/300 (50%) loss=0.1142 elapsed=28s eta=28s
  [dscformer_srl_G1_seed2024] [epoch 96/100] batch 180/300 (60%) loss=0.1146 elapsed=33s eta=22s
  [dscformer_srl_G1_seed2024] [epoch 96/100] batch 210/300 (70%) loss=0.1149 elapsed=39s eta=17s
  [dscformer_srl_G1_seed2024] [epoch 96/100] batch 240/300 (80%) loss=0.1133 elapsed=44s eta=11s
  [dscformer_srl_G1_seed2024] [epoch 96/100] batch 270/300 (90%) loss=0.1121 elapsed=50s eta=6s
  [dscformer_srl_G1_seed2024] [epoch 96/100] batch 300/300 (100%) loss=0.1126 elapsed=55s eta=0s
[dscformer_srl_G1_seed2024] [sampler] sampled: {0: 400, 1: 400, 2: 400} total=1200 spalling_ratio=24.33%
[dscformer_srl_G1_seed2024] [sampler] unique: {0: 400, 1: 400, 2: 400} unique_total=1200 dup_ratio=1.00x
[dscformer_srl_G1_seed2024] [epoch 096/100] remain=4 epochs ep_eta=3.8min (avg 57s/ep)
[dscformer_srl_G1_seed2024] [epoch 096/100] lr=0.000000  dt=60.1s
  train loss=0.1126  ce=0.0675 dice=0.1516  tversky=0.0000 bd=0.0000  cldice=0.0613 snake=0.0000
  val   loss=0.2653
  IoU   bg=0.9763  crack=0.5740  spalling=0.7839  | mIoU_fg=0.6790  pix_acc=0.9768
  Dice  bg=0.9880  crack=0.7293  spalling=0.8789
  BF1   crack=0.7507  spalling=0.6543  | BF1_fg_mean=0.7025
[dscformer_srl_G1_seed2024] [curriculum] epoch 97: stage=2 tiers=[0, 1, 2] pool={0: 400, 1: 400, 2: 400}
  [dscformer_srl_G1_seed2024] [epoch 97/100] batch 30/300 (10%) loss=0.1095 elapsed=6s eta=51s
  [dscformer_srl_G1_seed2024] [epoch 97/100] batch 60/300 (20%) loss=0.1123 elapsed=11s eta=44s
  [dscformer_srl_G1_seed2024] [epoch 97/100] batch 90/300 (30%) loss=0.1125 elapsed=17s eta=39s
  [dscformer_srl_G1_seed2024] [epoch 97/100] batch 120/300 (40%) loss=0.1121 elapsed=22s eta=33s
  [dscformer_srl_G1_seed2024] [epoch 97/100] batch 150/300 (50%) loss=0.1118 elapsed=28s eta=28s
  [dscformer_srl_G1_seed2024] [epoch 97/100] batch 180/300 (60%) loss=0.1123 elapsed=33s eta=22s
  [dscformer_srl_G1_seed2024] [epoch 97/100] batch 210/300 (70%) loss=0.1127 elapsed=39s eta=17s
  [dscformer_srl_G1_seed2024] [epoch 97/100] batch 240/300 (80%) loss=0.1120 elapsed=44s eta=11s
  [dscformer_srl_G1_seed2024] [epoch 97/100] batch 270/300 (90%) loss=0.1132 elapsed=50s eta=6s
  [dscformer_srl_G1_seed2024] [epoch 97/100] batch 300/300 (100%) loss=0.1126 elapsed=55s eta=0s
[dscformer_srl_G1_seed2024] [sampler] sampled: {0: 400, 1: 400, 2: 400} total=1200 spalling_ratio=24.33%
[dscformer_srl_G1_seed2024] [sampler] unique: {0: 400, 1: 400, 2: 400} unique_total=1200 dup_ratio=1.00x
[dscformer_srl_G1_seed2024] [epoch 097/100] remain=3 epochs ep_eta=2.8min (avg 57s/ep)
[dscformer_srl_G1_seed2024] [epoch 097/100] lr=0.000000  dt=60.4s
  train loss=0.1126  ce=0.0674 dice=0.1516  tversky=0.0000 bd=0.0000  cldice=0.0612 snake=0.0000
  val   loss=0.2671
  IoU   bg=0.9766  crack=0.5761  spalling=0.7840  | mIoU_fg=0.6800  pix_acc=0.9772
  Dice  bg=0.9882  crack=0.7310  spalling=0.8789
  BF1   crack=0.7551  spalling=0.6557  | BF1_fg_mean=0.7054
[dscformer_srl_G1_seed2024] [curriculum] epoch 98: stage=2 tiers=[0, 1, 2] pool={0: 400, 1: 400, 2: 400}
  [dscformer_srl_G1_seed2024] [epoch 98/100] batch 30/300 (10%) loss=0.1067 elapsed=6s eta=52s
  [dscformer_srl_G1_seed2024] [epoch 98/100] batch 60/300 (20%) loss=0.1119 elapsed=11s eta=45s
  [dscformer_srl_G1_seed2024] [epoch 98/100] batch 90/300 (30%) loss=0.1101 elapsed=17s eta=39s
  [dscformer_srl_G1_seed2024] [epoch 98/100] batch 120/300 (40%) loss=0.1133 elapsed=22s eta=33s
  [dscformer_srl_G1_seed2024] [epoch 98/100] batch 150/300 (50%) loss=0.1136 elapsed=28s eta=28s
  [dscformer_srl_G1_seed2024] [epoch 98/100] batch 180/300 (60%) loss=0.1135 elapsed=33s eta=22s
  [dscformer_srl_G1_seed2024] [epoch 98/100] batch 210/300 (70%) loss=0.1124 elapsed=39s eta=17s
  [dscformer_srl_G1_seed2024] [epoch 98/100] batch 240/300 (80%) loss=0.1112 elapsed=44s eta=11s
  [dscformer_srl_G1_seed2024] [epoch 98/100] batch 270/300 (90%) loss=0.1114 elapsed=49s eta=5s
  [dscformer_srl_G1_seed2024] [epoch 98/100] batch 300/300 (100%) loss=0.1128 elapsed=55s eta=0s
[dscformer_srl_G1_seed2024] [sampler] sampled: {0: 400, 1: 400, 2: 400} total=1200 spalling_ratio=24.33%
[dscformer_srl_G1_seed2024] [sampler] unique: {0: 400, 1: 400, 2: 400} unique_total=1200 dup_ratio=1.00x
[dscformer_srl_G1_seed2024] [epoch 098/100] remain=2 epochs ep_eta=1.9min (avg 57s/ep)
[dscformer_srl_G1_seed2024] [epoch 098/100] lr=0.000000  dt=59.6s
  train loss=0.1128  ce=0.0677 dice=0.1518  tversky=0.0000 bd=0.0000  cldice=0.0601 snake=0.0000
  val   loss=0.2659
  IoU   bg=0.9765  crack=0.5751  spalling=0.7839  | mIoU_fg=0.6795  pix_acc=0.9770
  Dice  bg=0.9881  crack=0.7303  spalling=0.8789
  BF1   crack=0.7534  spalling=0.6556  | BF1_fg_mean=0.7045
[dscformer_srl_G1_seed2024] [curriculum] epoch 99: stage=2 tiers=[0, 1, 2] pool={0: 400, 1: 400, 2: 400}
  [dscformer_srl_G1_seed2024] [epoch 99/100] batch 30/300 (10%) loss=0.1064 elapsed=6s eta=53s
  [dscformer_srl_G1_seed2024] [epoch 99/100] batch 60/300 (20%) loss=0.1115 elapsed=11s eta=46s
  [dscformer_srl_G1_seed2024] [epoch 99/100] batch 90/300 (30%) loss=0.1154 elapsed=17s eta=39s
  [dscformer_srl_G1_seed2024] [epoch 99/100] batch 120/300 (40%) loss=0.1158 elapsed=22s eta=33s
  [dscformer_srl_G1_seed2024] [epoch 99/100] batch 150/300 (50%) loss=0.1158 elapsed=28s eta=28s
  [dscformer_srl_G1_seed2024] [epoch 99/100] batch 180/300 (60%) loss=0.1161 elapsed=33s eta=22s
  [dscformer_srl_G1_seed2024] [epoch 99/100] batch 210/300 (70%) loss=0.1146 elapsed=38s eta=16s
  [dscformer_srl_G1_seed2024] [epoch 99/100] batch 240/300 (80%) loss=0.1137 elapsed=44s eta=11s
  [dscformer_srl_G1_seed2024] [epoch 99/100] batch 270/300 (90%) loss=0.1146 elapsed=49s eta=5s
  [dscformer_srl_G1_seed2024] [epoch 99/100] batch 300/300 (100%) loss=0.1142 elapsed=54s eta=0s
[dscformer_srl_G1_seed2024] [sampler] sampled: {0: 400, 1: 400, 2: 400} total=1200 spalling_ratio=24.33%
[dscformer_srl_G1_seed2024] [sampler] unique: {0: 400, 1: 400, 2: 400} unique_total=1200 dup_ratio=1.00x
[dscformer_srl_G1_seed2024] [epoch 099/100] remain=1 epochs ep_eta=0.9min (avg 57s/ep)
[dscformer_srl_G1_seed2024] [epoch 099/100] lr=0.000000  dt=59.5s
  train loss=0.1142  ce=0.0677 dice=0.1546  tversky=0.0000 bd=0.0000  cldice=0.0616 snake=0.0000
  val   loss=0.2651
  IoU   bg=0.9764  crack=0.5750  spalling=0.7836  | mIoU_fg=0.6793  pix_acc=0.9769
  Dice  bg=0.9880  crack=0.7301  spalling=0.8787
  BF1   crack=0.7525  spalling=0.6536  | BF1_fg_mean=0.7031
[dscformer_srl_G1_seed2024] [curriculum] epoch 100: stage=2 tiers=[0, 1, 2] pool={0: 400, 1: 400, 2: 400}
  [dscformer_srl_G1_seed2024] [epoch 100/100] batch 30/300 (10%) loss=0.1145 elapsed=6s eta=54s
  [dscformer_srl_G1_seed2024] [epoch 100/100] batch 60/300 (20%) loss=0.1085 elapsed=11s eta=46s
  [dscformer_srl_G1_seed2024] [epoch 100/100] batch 90/300 (30%) loss=0.1108 elapsed=17s eta=39s
  [dscformer_srl_G1_seed2024] [epoch 100/100] batch 120/300 (40%) loss=0.1106 elapsed=22s eta=34s
  [dscformer_srl_G1_seed2024] [epoch 100/100] batch 150/300 (50%) loss=0.1112 elapsed=28s eta=28s
  [dscformer_srl_G1_seed2024] [epoch 100/100] batch 180/300 (60%) loss=0.1116 elapsed=33s eta=22s
  [dscformer_srl_G1_seed2024] [epoch 100/100] batch 210/300 (70%) loss=0.1105 elapsed=39s eta=17s
  [dscformer_srl_G1_seed2024] [epoch 100/100] batch 240/300 (80%) loss=0.1121 elapsed=44s eta=11s
  [dscformer_srl_G1_seed2024] [epoch 100/100] batch 270/300 (90%) loss=0.1116 elapsed=50s eta=6s
  [dscformer_srl_G1_seed2024] [epoch 100/100] batch 300/300 (100%) loss=0.1116 elapsed=55s eta=0s
[dscformer_srl_G1_seed2024] [sampler] sampled: {0: 400, 1: 400, 2: 400} total=1200 spalling_ratio=24.33%
[dscformer_srl_G1_seed2024] [sampler] unique: {0: 400, 1: 400, 2: 400} unique_total=1200 dup_ratio=1.00x
[dscformer_srl_G1_seed2024] [epoch 100/100] remain=0 epochs ep_eta=0.0min (avg 57s/ep)
[dscformer_srl_G1_seed2024] [epoch 100/100] lr=0.000000  dt=60.0s
  train loss=0.1116  ce=0.0676 dice=0.1494  tversky=0.0000 bd=0.0000  cldice=0.0615 snake=0.0000
  val   loss=0.2643
  IoU   bg=0.9764  crack=0.5752  spalling=0.7838  | mIoU_fg=0.6795  pix_acc=0.9770
  Dice  bg=0.9881  crack=0.7303  spalling=0.8788
  BF1   crack=0.7531  spalling=0.6543  | BF1_fg_mean=0.7037

[train] final test eval using best checkpoint
IoU   bg=0.9750  crack=0.5660  spalling=0.8239  | mIoU_fg=0.6949  pix_acc=0.9757
Dice  bg=0.9873  crack=0.7228  spalling=0.9034
BF1   crack=0.7237  spalling=0.6061  | BF1_fg_mean=0.6649
clDice crack=0.8069
[train] wrote /workspace/dam-segmentation-baselines/full_method/runs/dscformer_srl_G1_seed2024/test_report.txt
[train] wrote /workspace/dam-segmentation-baselines/full_method/runs/dscformer_srl_G1_seed2024/curves.png
