Some weights of SegformerForSemanticSegmentation were not initialized from the model checkpoint at nvidia/segformer-b2-finetuned-ade-512-512 and are newly initialized because the shapes did not match:
- decode_head.classifier.weight: found shape torch.Size([150, 768, 1, 1]) in the checkpoint and torch.Size([3, 768, 1, 1]) in the model instantiated
- decode_head.classifier.bias: found shape torch.Size([150]) in the checkpoint and torch.Size([3]) in the model instantiated
You should probably TRAIN this model on a down-stream task to be able to use it for predictions and inference.
Some weights of SegformerForSemanticSegmentation were not initialized from the model checkpoint at nvidia/segformer-b2-finetuned-ade-512-512 and are newly initialized because the shapes did not match:
- decode_head.classifier.weight: found shape torch.Size([150, 768, 1, 1]) in the checkpoint and torch.Size([3, 768, 1, 1]) in the model instantiated
- decode_head.classifier.bias: found shape torch.Size([150]) in the checkpoint and torch.Size([3]) in the model instantiated
You should probably TRAIN this model on a down-stream task to be able to use it for predictions and inference.
[train] cuDNN warmup OK
[train] full_method (kd_t1only_fair)
[train] device=cuda  torch=2.6.0+cu124  transformers=4.44.2
[train] cfg: pretrained=nvidia/segformer-b2-finetuned-ade-512-512 img=512 bs=4 grad_accum=1 epochs=100 lr=6e-05 warmup=5
[train] difficulty: alpha=1.0 beta=0.5 gamma=0.3 delta=0.3 ema=0.9 tau=0.5
[train] bonuses: spalling=0.3 late_hard_crack=0.4
[train] ablation switches: dynamic_difficulty=False class_sampling_bonus=False class_loss_schedule=False boundary_loss=False tversky_loss=False
[train] new switches: soft_curriculum=False softmax_sampling=False dynamic_loss_reweight=False (lambda=0.5) soft_boundary=False (start=0.6 max=0.1)
[train] cldice: use=False weight=0.15 start_epoch=40 iters=7
[train] srl: use=False weight=0.15 start_epoch=40
[train] snake_aux: use=False weight=0.1
[train] model_type=dscformer snake_channels=64 snake_kernel=9
[train] no_curriculum=True
[train] competence: hard=False soft=False c0=0.333 duration=70 floors=[0.05,0.02,0.0]
[train] DGACL: use=False w_disagree=0.5 w_gap=0.3 w_loss=0.2 lambda=1.0 pixel_kd=True phase2_lr=1e-05 warmup=3
[train] MAC: use=False morph_diff=False adaptive_pacing=False class_loss=False diff_gamma=0.5 weights=[0.4,0.3,0.2,0.1]
[train] sizes: train=1200 val=150 test=150
[train] building records (scanning masks for has_spalling) ...
[train] records: {0: 400, 1: 400, 2: 400}  has_spalling=292/1200
[train] raw pixel frequency: {'background': 0.952165391031901, 'crack': 0.03423014119466146, 'spalling': 0.0136044677734375}
[train] clipped weights    : {'background': 0.25, 'crack': 1.080772481700143, 'spalling': 1.7143055384148256}
[train] running OOM probe ...
[train] OOM probe OK
[train] mixed precision (AMP) enabled
[train] viz samples (6):
    Hard/H (99).jpg
    Hard/H (365).jpg
    Medium/M (127).jpg
    Medium/M (422).jpg
    Hard/H (431).jpg
    Hard/H (476).jpg
[KD] loading teacher 1 from /workspace/dam-segmentation-baselines/full_method/runs/dscformer_srl_G1/best.pt
[KD] teacher 1 loaded (epoch=90, val_mIoU_fg=0.6853293144115854)
[KD] alpha=0.5 temperature=4.0
[KD] loading teacher 2 from /workspace/dam-segmentation-baselines/full_method/runs/sam_lora_srl_SAM2/best.pt
[TopoLoRA-SAM] loaded SAM ViT-B from sam_vit_b_01ec64.pth
[TopoLoRA-SAM] injected LoRA into 48 layers (rank=16)
[TopoLoRA-SAM] total params: 95.8M, trainable: 6.1M (6.4%)
[KD] teacher 2 loaded (epoch=40, val_mIoU_fg=0.6982195181523473)
[KD] dual-teacher mode: equal-weight (t1=1.0, t2=0.0)
[kd_t1only_fair] [curriculum] epoch 1: stage=0 tiers=[0] pool={0: 400, 1: 0, 2: 0}
  [kd_t1only_fair] [epoch 1/100] batch 30/300 (10%) loss=1709998.0792 elapsed=22s eta=196s
  [kd_t1only_fair] [epoch 1/100] batch 60/300 (20%) loss=1724785.0271 elapsed=42s eta=169s
  [kd_t1only_fair] [epoch 1/100] batch 90/300 (30%) loss=1728584.7750 elapsed=63s eta=146s
  [kd_t1only_fair] [epoch 1/100] batch 120/300 (40%) loss=1731012.0490 elapsed=83s eta=124s
  [kd_t1only_fair] [epoch 1/100] batch 150/300 (50%) loss=1731571.9767 elapsed=103s eta=103s
  [kd_t1only_fair] [epoch 1/100] batch 180/300 (60%) loss=1731110.1924 elapsed=123s eta=82s
  [kd_t1only_fair] [epoch 1/100] batch 210/300 (70%) loss=1729236.4845 elapsed=144s eta=62s
  [kd_t1only_fair] [epoch 1/100] batch 240/300 (80%) loss=1728052.8792 elapsed=164s eta=41s
  [kd_t1only_fair] [epoch 1/100] batch 270/300 (90%) loss=1726725.7560 elapsed=184s eta=20s
  [kd_t1only_fair] [epoch 1/100] batch 300/300 (100%) loss=1724039.8125 elapsed=204s eta=0s
[kd_t1only_fair] [sampler] sampled: {0: 400, 1: 400, 2: 400} total=1200 spalling_ratio=24.33%
[kd_t1only_fair] [sampler] unique: {0: 400, 1: 400, 2: 400} unique_total=1200 dup_ratio=1.00x
[kd_t1only_fair] [epoch 001/100] remain=99 epochs ep_eta=354.9min (avg 215s/ep)
[kd_t1only_fair] [epoch 001/100] lr=0.000012  dt=215.1s
  train loss=1724039.8125  ce=1.0924 dice=0.9442  tversky=0.0000 bd=0.0000  cldice=0.0000 snake=0.0000
  val   loss=1.0088
  IoU   bg=0.4516  crack=0.0515  spalling=0.0128  | mIoU_fg=0.0321  pix_acc=0.4611
  Dice  bg=0.6223  crack=0.0979  spalling=0.0252
  BF1   crack=0.1198  spalling=0.0143  | BF1_fg_mean=0.0671
  [kd_t1only_fair] [best] mIoU_fg=0.0321  saved -> best.pt
[kd_t1only_fair] [curriculum] epoch 2: stage=0 tiers=[0] pool={0: 400, 1: 0, 2: 0}
  [kd_t1only_fair] [epoch 2/100] batch 30/300 (10%) loss=1697808.3333 elapsed=21s eta=186s
  [kd_t1only_fair] [epoch 2/100] batch 60/300 (20%) loss=1661175.9271 elapsed=40s eta=161s
  [kd_t1only_fair] [epoch 2/100] batch 90/300 (30%) loss=1640222.2847 elapsed=60s eta=140s
  [kd_t1only_fair] [epoch 2/100] batch 120/300 (40%) loss=1614057.7542 elapsed=80s eta=119s
  [kd_t1only_fair] [epoch 2/100] batch 150/300 (50%) loss=1591703.5683 elapsed=99s eta=99s
  [kd_t1only_fair] [epoch 2/100] batch 180/300 (60%) loss=1566872.5569 elapsed=118s eta=79s
  [kd_t1only_fair] [epoch 2/100] batch 210/300 (70%) loss=1540165.6048 elapsed=137s eta=59s
  [kd_t1only_fair] [epoch 2/100] batch 240/300 (80%) loss=1514966.8703 elapsed=156s eta=39s
  [kd_t1only_fair] [epoch 2/100] batch 270/300 (90%) loss=1488384.5782 elapsed=176s eta=20s
  [kd_t1only_fair] [epoch 2/100] batch 300/300 (100%) loss=1462545.2263 elapsed=195s eta=0s
[kd_t1only_fair] [sampler] sampled: {0: 400, 1: 400, 2: 400} total=1200 spalling_ratio=24.33%
[kd_t1only_fair] [sampler] unique: {0: 400, 1: 400, 2: 400} unique_total=1200 dup_ratio=1.00x
[kd_t1only_fair] [epoch 002/100] remain=98 epochs ep_eta=338.7min (avg 207s/ep)
[kd_t1only_fair] [epoch 002/100] lr=0.000024  dt=195.2s
  train loss=1462545.2263  ce=0.7267 dice=0.9050  tversky=0.0000 bd=0.0000  cldice=0.0000 snake=0.0000
  val   skipped (next val at epoch 5)
[kd_t1only_fair] [curriculum] epoch 3: stage=0 tiers=[0] pool={0: 400, 1: 0, 2: 0}
  [kd_t1only_fair] [epoch 3/100] batch 30/300 (10%) loss=1169003.2854 elapsed=20s eta=178s
  [kd_t1only_fair] [epoch 3/100] batch 60/300 (20%) loss=1133268.6802 elapsed=39s eta=156s
  [kd_t1only_fair] [epoch 3/100] batch 90/300 (30%) loss=1095425.5778 elapsed=58s eta=135s
  [kd_t1only_fair] [epoch 3/100] batch 120/300 (40%) loss=1058588.4333 elapsed=77s eta=115s
  [kd_t1only_fair] [epoch 3/100] batch 150/300 (50%) loss=1024647.2996 elapsed=96s eta=96s
  [kd_t1only_fair] [epoch 3/100] batch 180/300 (60%) loss=991462.7142 elapsed=114s eta=76s
  [kd_t1only_fair] [epoch 3/100] batch 210/300 (70%) loss=964177.0330 elapsed=133s eta=57s
  [kd_t1only_fair] [epoch 3/100] batch 240/300 (80%) loss=938522.3417 elapsed=152s eta=38s
  [kd_t1only_fair] [epoch 3/100] batch 270/300 (90%) loss=913299.1405 elapsed=170s eta=19s
  [kd_t1only_fair] [epoch 3/100] batch 300/300 (100%) loss=890776.0821 elapsed=189s eta=0s
[kd_t1only_fair] [sampler] sampled: {0: 400, 1: 400, 2: 400} total=1200 spalling_ratio=24.33%
[kd_t1only_fair] [sampler] unique: {0: 400, 1: 400, 2: 400} unique_total=1200 dup_ratio=1.00x
[kd_t1only_fair] [epoch 003/100] remain=97 epochs ep_eta=326.0min (avg 202s/ep)
[kd_t1only_fair] [epoch 003/100] lr=0.000036  dt=188.8s
  train loss=890776.0821  ce=0.4492 dice=0.7903  tversky=0.0000 bd=0.0000  cldice=0.0000 snake=0.0000
  val   skipped (next val at epoch 5)
[kd_t1only_fair] [curriculum] epoch 4: stage=0 tiers=[0] pool={0: 400, 1: 0, 2: 0}
  [kd_t1only_fair] [epoch 4/100] batch 30/300 (10%) loss=645272.5312 elapsed=19s eta=167s
  [kd_t1only_fair] [epoch 4/100] batch 60/300 (20%) loss=633201.3917 elapsed=37s eta=147s
  [kd_t1only_fair] [epoch 4/100] batch 90/300 (30%) loss=615547.9160 elapsed=55s eta=129s
  [kd_t1only_fair] [epoch 4/100] batch 120/300 (40%) loss=595900.7531 elapsed=74s eta=110s
  [kd_t1only_fair] [epoch 4/100] batch 150/300 (50%) loss=580428.1017 elapsed=92s eta=92s
  [kd_t1only_fair] [epoch 4/100] batch 180/300 (60%) loss=567780.2649 elapsed=110s eta=74s
  [kd_t1only_fair] [epoch 4/100] batch 210/300 (70%) loss=552975.3760 elapsed=129s eta=55s
  [kd_t1only_fair] [epoch 4/100] batch 240/300 (80%) loss=539685.3897 elapsed=147s eta=37s
  [kd_t1only_fair] [epoch 4/100] batch 270/300 (90%) loss=526406.6634 elapsed=166s eta=18s
  [kd_t1only_fair] [epoch 4/100] batch 300/300 (100%) loss=514728.5041 elapsed=184s eta=0s
[kd_t1only_fair] [sampler] sampled: {0: 400, 1: 400, 2: 400} total=1200 spalling_ratio=24.33%
[kd_t1only_fair] [sampler] unique: {0: 400, 1: 400, 2: 400} unique_total=1200 dup_ratio=1.00x
[kd_t1only_fair] [epoch 004/100] remain=96 epochs ep_eta=316.2min (avg 198s/ep)
[kd_t1only_fair] [epoch 004/100] lr=0.000048  dt=184.5s
  train loss=514728.5041  ce=0.4533 dice=0.7048  tversky=0.0000 bd=0.0000  cldice=0.0000 snake=0.0000
  val   skipped (next val at epoch 5)
[kd_t1only_fair] [curriculum] epoch 5: stage=0 tiers=[0] pool={0: 400, 1: 0, 2: 0}
  [kd_t1only_fair] [epoch 5/100] batch 30/300 (10%) loss=385902.0865 elapsed=19s eta=172s
  [kd_t1only_fair] [epoch 5/100] batch 60/300 (20%) loss=372782.1401 elapsed=38s eta=150s
  [kd_t1only_fair] [epoch 5/100] batch 90/300 (30%) loss=361349.8937 elapsed=56s eta=131s
  [kd_t1only_fair] [epoch 5/100] batch 120/300 (40%) loss=349968.0703 elapsed=75s eta=112s
  [kd_t1only_fair] [epoch 5/100] batch 150/300 (50%) loss=341392.1182 elapsed=93s eta=93s
  [kd_t1only_fair] [epoch 5/100] batch 180/300 (60%) loss=332595.6997 elapsed=112s eta=74s
  [kd_t1only_fair] [epoch 5/100] batch 210/300 (70%) loss=322777.6071 elapsed=130s eta=56s
  [kd_t1only_fair] [epoch 5/100] batch 240/300 (80%) loss=314785.0312 elapsed=149s eta=37s
  [kd_t1only_fair] [epoch 5/100] batch 270/300 (90%) loss=307424.4347 elapsed=167s eta=19s
  [kd_t1only_fair] [epoch 5/100] batch 300/300 (100%) loss=300097.6736 elapsed=186s eta=0s
[kd_t1only_fair] [sampler] sampled: {0: 400, 1: 400, 2: 400} total=1200 spalling_ratio=24.33%
[kd_t1only_fair] [sampler] unique: {0: 400, 1: 400, 2: 400} unique_total=1200 dup_ratio=1.00x
/usr/local/lib/python3.11/dist-packages/torch/optim/lr_scheduler.py:243: UserWarning: The epoch parameter in `scheduler.step()` was not necessary and is being deprecated where possible. Please use `scheduler.step()` to step the scheduler. During the deprecation, if epoch is different from None, the closed form is used instead of the new chainable form, where available. Please open an issue if you are unable to replicate your use case: https://github.com/pytorch/pytorch/issues/new/choose.
  warnings.warn(EPOCH_DEPRECATION_WARNING, UserWarning)
[kd_t1only_fair] [epoch 005/100] remain=95 epochs ep_eta=312.8min (avg 198s/ep)
[kd_t1only_fair] [epoch 005/100] lr=0.000060  dt=195.2s
  train loss=300097.6736  ce=0.3890 dice=0.5773  tversky=0.0000 bd=0.0000  cldice=0.0000 snake=0.0000
  val   loss=0.4176
  IoU   bg=0.9688  crack=0.4121  spalling=0.5682  | mIoU_fg=0.4902  pix_acc=0.9693
  Dice  bg=0.9842  crack=0.5836  spalling=0.7247
  BF1   crack=0.5631  spalling=0.1313  | BF1_fg_mean=0.3472
  [kd_t1only_fair] [best] mIoU_fg=0.4902  saved -> best.pt
[kd_t1only_fair] [curriculum] epoch 6: stage=0 tiers=[0] pool={0: 400, 1: 0, 2: 0}
  [kd_t1only_fair] [epoch 6/100] batch 30/300 (10%) loss=226839.7672 elapsed=19s eta=170s
  [kd_t1only_fair] [epoch 6/100] batch 60/300 (20%) loss=219046.6732 elapsed=37s eta=150s
  [kd_t1only_fair] [epoch 6/100] batch 90/300 (30%) loss=210661.8705 elapsed=56s eta=130s
  [kd_t1only_fair] [epoch 6/100] batch 120/300 (40%) loss=205524.7646 elapsed=75s eta=112s
  [kd_t1only_fair] [epoch 6/100] batch 150/300 (50%) loss=200325.0143 elapsed=94s eta=94s
  [kd_t1only_fair] [epoch 6/100] batch 180/300 (60%) loss=195716.3544 elapsed=112s eta=75s
  [kd_t1only_fair] [epoch 6/100] batch 210/300 (70%) loss=189219.4526 elapsed=131s eta=56s
  [kd_t1only_fair] [epoch 6/100] batch 240/300 (80%) loss=184193.3176 elapsed=149s eta=37s
  [kd_t1only_fair] [epoch 6/100] batch 270/300 (90%) loss=179215.7767 elapsed=168s eta=19s
  [kd_t1only_fair] [epoch 6/100] batch 300/300 (100%) loss=175576.0307 elapsed=186s eta=0s
[kd_t1only_fair] [sampler] sampled: {0: 400, 1: 400, 2: 400} total=1200 spalling_ratio=24.33%
[kd_t1only_fair] [sampler] unique: {0: 400, 1: 400, 2: 400} unique_total=1200 dup_ratio=1.00x
[kd_t1only_fair] [epoch 006/100] remain=94 epochs ep_eta=307.9min (avg 197s/ep)
[kd_t1only_fair] [epoch 006/100] lr=0.000060  dt=186.7s
  train loss=175576.0307  ce=0.3191 dice=0.4867  tversky=0.0000 bd=0.0000  cldice=0.0000 snake=0.0000
  val   skipped (next val at epoch 10)
[kd_t1only_fair] [curriculum] epoch 7: stage=0 tiers=[0] pool={0: 400, 1: 0, 2: 0}
  [kd_t1only_fair] [epoch 7/100] batch 30/300 (10%) loss=132384.4779 elapsed=19s eta=173s
  [kd_t1only_fair] [epoch 7/100] batch 60/300 (20%) loss=126994.4892 elapsed=38s eta=151s
  [kd_t1only_fair] [epoch 7/100] batch 90/300 (30%) loss=124752.1422 elapsed=56s eta=131s
  [kd_t1only_fair] [epoch 7/100] batch 120/300 (40%) loss=122687.5443 elapsed=75s eta=113s
  [kd_t1only_fair] [epoch 7/100] batch 150/300 (50%) loss=119753.0558 elapsed=94s eta=94s
  [kd_t1only_fair] [epoch 7/100] batch 180/300 (60%) loss=116439.3849 elapsed=112s eta=75s
  [kd_t1only_fair] [epoch 7/100] batch 210/300 (70%) loss=114257.4086 elapsed=131s eta=56s
  [kd_t1only_fair] [epoch 7/100] batch 240/300 (80%) loss=112829.4644 elapsed=150s eta=37s
  [kd_t1only_fair] [epoch 7/100] batch 270/300 (90%) loss=110930.2631 elapsed=168s eta=19s
  [kd_t1only_fair] [epoch 7/100] batch 300/300 (100%) loss=112053.6512 elapsed=187s eta=0s
[kd_t1only_fair] [sampler] sampled: {0: 400, 1: 400, 2: 400} total=1200 spalling_ratio=24.33%
[kd_t1only_fair] [sampler] unique: {0: 400, 1: 400, 2: 400} unique_total=1200 dup_ratio=1.00x
[kd_t1only_fair] [epoch 007/100] remain=93 epochs ep_eta=302.9min (avg 195s/ep)
[kd_t1only_fair] [epoch 007/100] lr=0.000060  dt=187.5s
  train loss=112053.6512  ce=0.2768 dice=0.4260  tversky=0.0000 bd=0.0000  cldice=0.0000 snake=0.0000
  val   skipped (next val at epoch 10)
[kd_t1only_fair] [curriculum] epoch 8: stage=0 tiers=[0] pool={0: 400, 1: 0, 2: 0}
  [kd_t1only_fair] [epoch 8/100] batch 30/300 (10%) loss=126529.9948 elapsed=20s eta=176s
  [kd_t1only_fair] [epoch 8/100] batch 60/300 (20%) loss=112400.7017 elapsed=39s eta=154s
  [kd_t1only_fair] [epoch 8/100] batch 90/300 (30%) loss=102804.2322 elapsed=57s eta=134s
  [kd_t1only_fair] [epoch 8/100] batch 120/300 (40%) loss=99919.1334 elapsed=76s eta=114s
  [kd_t1only_fair] [epoch 8/100] batch 150/300 (50%) loss=97965.6395 elapsed=95s eta=95s
  [kd_t1only_fair] [epoch 8/100] batch 180/300 (60%) loss=94449.8302 elapsed=114s eta=76s
  [kd_t1only_fair] [epoch 8/100] batch 210/300 (70%) loss=91694.0286 elapsed=132s eta=57s
  [kd_t1only_fair] [epoch 8/100] batch 240/300 (80%) loss=91193.3264 elapsed=151s eta=38s
  [kd_t1only_fair] [epoch 8/100] batch 270/300 (90%) loss=90176.1273 elapsed=170s eta=19s
  [kd_t1only_fair] [epoch 8/100] batch 300/300 (100%) loss=87935.7398 elapsed=189s eta=0s
[kd_t1only_fair] [sampler] sampled: {0: 400, 1: 400, 2: 400} total=1200 spalling_ratio=24.33%
[kd_t1only_fair] [sampler] unique: {0: 400, 1: 400, 2: 400} unique_total=1200 dup_ratio=1.00x
[kd_t1only_fair] [epoch 008/100] remain=92 epochs ep_eta=298.7min (avg 195s/ep)
[kd_t1only_fair] [epoch 008/100] lr=0.000060  dt=188.9s
  train loss=87935.7398  ce=0.2673 dice=0.3999  tversky=0.0000 bd=0.0000  cldice=0.0000 snake=0.0000
  val   skipped (next val at epoch 10)
[kd_t1only_fair] [curriculum] epoch 9: stage=0 tiers=[0] pool={0: 400, 1: 0, 2: 0}
  [kd_t1only_fair] [epoch 9/100] batch 30/300 (10%) loss=65202.2293 elapsed=19s eta=175s
  [kd_t1only_fair] [epoch 9/100] batch 60/300 (20%) loss=66034.0777 elapsed=38s eta=153s
  [kd_t1only_fair] [epoch 9/100] batch 90/300 (30%) loss=66454.9791 elapsed=57s eta=133s
  [kd_t1only_fair] [epoch 9/100] batch 120/300 (40%) loss=68369.9555 elapsed=76s eta=114s
  [kd_t1only_fair] [epoch 9/100] batch 150/300 (50%) loss=67869.4492 elapsed=95s eta=95s
  [kd_t1only_fair] [epoch 9/100] batch 180/300 (60%) loss=68652.1366 elapsed=114s eta=76s
  [kd_t1only_fair] [epoch 9/100] batch 210/300 (70%) loss=69687.0100 elapsed=133s eta=57s
  [kd_t1only_fair] [epoch 9/100] batch 240/300 (80%) loss=68881.9413 elapsed=152s eta=38s
  [kd_t1only_fair] [epoch 9/100] batch 270/300 (90%) loss=68568.3180 elapsed=170s eta=19s
  [kd_t1only_fair] [epoch 9/100] batch 300/300 (100%) loss=67942.3319 elapsed=189s eta=0s
[kd_t1only_fair] [sampler] sampled: {0: 400, 1: 400, 2: 400} total=1200 spalling_ratio=24.33%
[kd_t1only_fair] [sampler] unique: {0: 400, 1: 400, 2: 400} unique_total=1200 dup_ratio=1.00x
[kd_t1only_fair] [epoch 009/100] remain=91 epochs ep_eta=294.7min (avg 194s/ep)
[kd_t1only_fair] [epoch 009/100] lr=0.000060  dt=189.4s
  train loss=67942.3319  ce=0.2321 dice=0.3457  tversky=0.0000 bd=0.0000  cldice=0.0000 snake=0.0000
  val   skipped (next val at epoch 10)
[kd_t1only_fair] [curriculum] epoch 10: stage=0 tiers=[0] pool={0: 400, 1: 0, 2: 0}
  [kd_t1only_fair] [epoch 10/100] batch 30/300 (10%) loss=67087.8843 elapsed=20s eta=176s
  [kd_t1only_fair] [epoch 10/100] batch 60/300 (20%) loss=59031.4777 elapsed=38s eta=154s
  [kd_t1only_fair] [epoch 10/100] batch 90/300 (30%) loss=57924.3374 elapsed=57s eta=134s
  [kd_t1only_fair] [epoch 10/100] batch 120/300 (40%) loss=61193.7908 elapsed=76s eta=115s
  [kd_t1only_fair] [epoch 10/100] batch 150/300 (50%) loss=60764.9934 elapsed=96s eta=96s
  [kd_t1only_fair] [epoch 10/100] batch 180/300 (60%) loss=60537.7053 elapsed=114s eta=76s
  [kd_t1only_fair] [epoch 10/100] batch 210/300 (70%) loss=59187.2652 elapsed=133s eta=57s
  [kd_t1only_fair] [epoch 10/100] batch 240/300 (80%) loss=58125.7264 elapsed=152s eta=38s
  [kd_t1only_fair] [epoch 10/100] batch 270/300 (90%) loss=57883.5973 elapsed=171s eta=19s
  [kd_t1only_fair] [epoch 10/100] batch 300/300 (100%) loss=56753.4746 elapsed=190s eta=0s
[kd_t1only_fair] [sampler] sampled: {0: 400, 1: 400, 2: 400} total=1200 spalling_ratio=24.33%
[kd_t1only_fair] [sampler] unique: {0: 400, 1: 400, 2: 400} unique_total=1200 dup_ratio=1.00x
[kd_t1only_fair] [epoch 010/100] remain=90 epochs ep_eta=292.4min (avg 195s/ep)
[kd_t1only_fair] [epoch 010/100] lr=0.000060  dt=199.0s
  train loss=56753.4746  ce=0.2165 dice=0.3155  tversky=0.0000 bd=0.0000  cldice=0.0000 snake=0.0000
  val   loss=0.2803
  IoU   bg=0.9741  crack=0.5380  spalling=0.7575  | mIoU_fg=0.6477  pix_acc=0.9747
  Dice  bg=0.9869  crack=0.6996  spalling=0.8620
  BF1   crack=0.6912  spalling=0.4863  | BF1_fg_mean=0.5887
  [kd_t1only_fair] [best] mIoU_fg=0.6477  saved -> best.pt
[kd_t1only_fair] [curriculum] epoch 11: stage=0 tiers=[0] pool={0: 400, 1: 0, 2: 0}
  [kd_t1only_fair] [epoch 11/100] batch 30/300 (10%) loss=43446.8063 elapsed=19s eta=174s
  [kd_t1only_fair] [epoch 11/100] batch 60/300 (20%) loss=47546.6271 elapsed=38s eta=152s
  [kd_t1only_fair] [epoch 11/100] batch 90/300 (30%) loss=48038.4049 elapsed=57s eta=132s
  [kd_t1only_fair] [epoch 11/100] batch 120/300 (40%) loss=48223.1585 elapsed=75s eta=113s
  [kd_t1only_fair] [epoch 11/100] batch 150/300 (50%) loss=48232.6035 elapsed=94s eta=94s
  [kd_t1only_fair] [epoch 11/100] batch 180/300 (60%) loss=48682.5189 elapsed=113s eta=75s
  [kd_t1only_fair] [epoch 11/100] batch 210/300 (70%) loss=48935.1382 elapsed=131s eta=56s
  [kd_t1only_fair] [epoch 11/100] batch 240/300 (80%) loss=48754.7575 elapsed=150s eta=37s
  [kd_t1only_fair] [epoch 11/100] batch 270/300 (90%) loss=48536.8297 elapsed=169s eta=19s
  [kd_t1only_fair] [epoch 11/100] batch 300/300 (100%) loss=48300.7624 elapsed=188s eta=0s
[kd_t1only_fair] [sampler] sampled: {0: 400, 1: 400, 2: 400} total=1200 spalling_ratio=24.33%
[kd_t1only_fair] [sampler] unique: {0: 400, 1: 400, 2: 400} unique_total=1200 dup_ratio=1.00x
[kd_t1only_fair] [epoch 011/100] remain=89 epochs ep_eta=288.8min (avg 195s/ep)
[kd_t1only_fair] [epoch 011/100] lr=0.000059  dt=187.8s
  train loss=48300.7624  ce=0.1934 dice=0.3014  tversky=0.0000 bd=0.0000  cldice=0.0000 snake=0.0000
  val   skipped (next val at epoch 15)
[kd_t1only_fair] [curriculum] epoch 12: stage=0 tiers=[0] pool={0: 400, 1: 0, 2: 0}
  [kd_t1only_fair] [epoch 12/100] batch 30/300 (10%) loss=47481.1301 elapsed=19s eta=175s
  [kd_t1only_fair] [epoch 12/100] batch 60/300 (20%) loss=44946.6265 elapsed=38s eta=153s
  [kd_t1only_fair] [epoch 12/100] batch 90/300 (30%) loss=45371.1274 elapsed=57s eta=133s
  [kd_t1only_fair] [epoch 12/100] batch 120/300 (40%) loss=45390.7557 elapsed=76s eta=114s
  [kd_t1only_fair] [epoch 12/100] batch 150/300 (50%) loss=44438.0888 elapsed=94s eta=94s
  [kd_t1only_fair] [epoch 12/100] batch 180/300 (60%) loss=43967.3647 elapsed=113s eta=75s
  [kd_t1only_fair] [epoch 12/100] batch 210/300 (70%) loss=44051.0421 elapsed=132s eta=56s
  [kd_t1only_fair] [epoch 12/100] batch 240/300 (80%) loss=43607.5219 elapsed=150s eta=38s
  [kd_t1only_fair] [epoch 12/100] batch 270/300 (90%) loss=43502.0454 elapsed=169s eta=19s
  [kd_t1only_fair] [epoch 12/100] batch 300/300 (100%) loss=43415.8105 elapsed=188s eta=0s
[kd_t1only_fair] [sampler] sampled: {0: 400, 1: 400, 2: 400} total=1200 spalling_ratio=24.33%
[kd_t1only_fair] [sampler] unique: {0: 400, 1: 400, 2: 400} unique_total=1200 dup_ratio=1.00x
[kd_t1only_fair] [epoch 012/100] remain=88 epochs ep_eta=284.9min (avg 194s/ep)
[kd_t1only_fair] [epoch 012/100] lr=0.000059  dt=187.8s
  train loss=43415.8105  ce=0.1855 dice=0.2806  tversky=0.0000 bd=0.0000  cldice=0.0000 snake=0.0000
  val   skipped (next val at epoch 15)
[kd_t1only_fair] [curriculum] epoch 13: stage=0 tiers=[0] pool={0: 400, 1: 0, 2: 0}
  [kd_t1only_fair] [epoch 13/100] batch 30/300 (10%) loss=37241.4467 elapsed=20s eta=178s
  [kd_t1only_fair] [epoch 13/100] batch 60/300 (20%) loss=37188.5471 elapsed=39s eta=154s
  [kd_t1only_fair] [epoch 13/100] batch 90/300 (30%) loss=37533.5925 elapsed=57s eta=133s
  [kd_t1only_fair] [epoch 13/100] batch 120/300 (40%) loss=37797.3848 elapsed=76s eta=114s
  [kd_t1only_fair] [epoch 13/100] batch 150/300 (50%) loss=37731.3521 elapsed=95s eta=95s
  [kd_t1only_fair] [epoch 13/100] batch 180/300 (60%) loss=37959.9339 elapsed=113s eta=76s
  [kd_t1only_fair] [epoch 13/100] batch 210/300 (70%) loss=37664.1304 elapsed=132s eta=57s
  [kd_t1only_fair] [epoch 13/100] batch 240/300 (80%) loss=37689.6737 elapsed=151s eta=38s
  [kd_t1only_fair] [epoch 13/100] batch 270/300 (90%) loss=38166.4512 elapsed=170s eta=19s
  [kd_t1only_fair] [epoch 13/100] batch 300/300 (100%) loss=37998.3116 elapsed=189s eta=0s
[kd_t1only_fair] [sampler] sampled: {0: 400, 1: 400, 2: 400} total=1200 spalling_ratio=24.33%
[kd_t1only_fair] [sampler] unique: {0: 400, 1: 400, 2: 400} unique_total=1200 dup_ratio=1.00x
[kd_t1only_fair] [epoch 013/100] remain=87 epochs ep_eta=281.2min (avg 194s/ep)
[kd_t1only_fair] [epoch 013/100] lr=0.000059  dt=188.8s
  train loss=37998.3116  ce=0.1731 dice=0.2641  tversky=0.0000 bd=0.0000  cldice=0.0000 snake=0.0000
  val   skipped (next val at epoch 15)
[kd_t1only_fair] [curriculum] epoch 14: stage=0 tiers=[0] pool={0: 400, 1: 0, 2: 0}
  [kd_t1only_fair] [epoch 14/100] batch 30/300 (10%) loss=32756.6643 elapsed=20s eta=176s
  [kd_t1only_fair] [epoch 14/100] batch 60/300 (20%) loss=35404.3355 elapsed=38s eta=154s
  [kd_t1only_fair] [epoch 14/100] batch 90/300 (30%) loss=34191.4662 elapsed=57s eta=133s
  [kd_t1only_fair] [epoch 14/100] batch 120/300 (40%) loss=34173.5929 elapsed=76s eta=114s
  [kd_t1only_fair] [epoch 14/100] batch 150/300 (50%) loss=34910.2870 elapsed=95s eta=95s
  [kd_t1only_fair] [epoch 14/100] batch 180/300 (60%) loss=34308.2017 elapsed=114s eta=76s
  [kd_t1only_fair] [epoch 14/100] batch 210/300 (70%) loss=34715.3983 elapsed=133s eta=57s
  [kd_t1only_fair] [epoch 14/100] batch 240/300 (80%) loss=34649.9467 elapsed=151s eta=38s
  [kd_t1only_fair] [epoch 14/100] batch 270/300 (90%) loss=34530.2728 elapsed=170s eta=19s
  [kd_t1only_fair] [epoch 14/100] batch 300/300 (100%) loss=34275.1551 elapsed=189s eta=0s
[kd_t1only_fair] [sampler] sampled: {0: 400, 1: 400, 2: 400} total=1200 spalling_ratio=24.33%
[kd_t1only_fair] [sampler] unique: {0: 400, 1: 400, 2: 400} unique_total=1200 dup_ratio=1.00x
[kd_t1only_fair] [epoch 014/100] remain=86 epochs ep_eta=277.7min (avg 194s/ep)
[kd_t1only_fair] [epoch 014/100] lr=0.000059  dt=189.5s
  train loss=34275.1551  ce=0.1666 dice=0.2579  tversky=0.0000 bd=0.0000  cldice=0.0000 snake=0.0000
  val   skipped (next val at epoch 15)
[kd_t1only_fair] [curriculum] epoch 15: stage=0 tiers=[0] pool={0: 400, 1: 0, 2: 0}
  [kd_t1only_fair] [epoch 15/100] batch 30/300 (10%) loss=34641.2955 elapsed=20s eta=179s
  [kd_t1only_fair] [epoch 15/100] batch 60/300 (20%) loss=33358.6320 elapsed=39s eta=155s
  [kd_t1only_fair] [epoch 15/100] batch 90/300 (30%) loss=33473.9595 elapsed=58s eta=135s
  [kd_t1only_fair] [epoch 15/100] batch 120/300 (40%) loss=33018.2333 elapsed=77s eta=115s
  [kd_t1only_fair] [epoch 15/100] batch 150/300 (50%) loss=32914.9256 elapsed=96s eta=96s
  [kd_t1only_fair] [epoch 15/100] batch 180/300 (60%) loss=31883.3663 elapsed=114s eta=76s
  [kd_t1only_fair] [epoch 15/100] batch 210/300 (70%) loss=32081.7660 elapsed=133s eta=57s
  [kd_t1only_fair] [epoch 15/100] batch 240/300 (80%) loss=32402.2346 elapsed=151s eta=38s
  [kd_t1only_fair] [epoch 15/100] batch 270/300 (90%) loss=33109.0065 elapsed=170s eta=19s
  [kd_t1only_fair] [epoch 15/100] batch 300/300 (100%) loss=32891.7792 elapsed=189s eta=0s
[kd_t1only_fair] [sampler] sampled: {0: 400, 1: 400, 2: 400} total=1200 spalling_ratio=24.33%
[kd_t1only_fair] [sampler] unique: {0: 400, 1: 400, 2: 400} unique_total=1200 dup_ratio=1.00x
[kd_t1only_fair] [epoch 015/100] remain=85 epochs ep_eta=275.0min (avg 194s/ep)
[kd_t1only_fair] [epoch 015/100] lr=0.000058  dt=198.6s
  train loss=32891.7792  ce=0.1674 dice=0.2576  tversky=0.0000 bd=0.0000  cldice=0.0000 snake=0.0000
  val   loss=0.2587
  IoU   bg=0.9767  crack=0.5530  spalling=0.7898  | mIoU_fg=0.6714  pix_acc=0.9771
  Dice  bg=0.9882  crack=0.7122  spalling=0.8825
  BF1   crack=0.7190  spalling=0.5799  | BF1_fg_mean=0.6495
  [kd_t1only_fair] [best] mIoU_fg=0.6714  saved -> best.pt
[kd_t1only_fair] [curriculum] epoch 16: stage=0 tiers=[0] pool={0: 400, 1: 0, 2: 0}
  [kd_t1only_fair] [epoch 16/100] batch 30/300 (10%) loss=27274.3012 elapsed=19s eta=175s
  [kd_t1only_fair] [epoch 16/100] batch 60/300 (20%) loss=27333.1908 elapsed=38s eta=153s
  [kd_t1only_fair] [epoch 16/100] batch 90/300 (30%) loss=29880.9219 elapsed=57s eta=133s
  [kd_t1only_fair] [epoch 16/100] batch 120/300 (40%) loss=29028.6890 elapsed=75s eta=113s
  [kd_t1only_fair] [epoch 16/100] batch 150/300 (50%) loss=28559.3414 elapsed=94s eta=94s
  [kd_t1only_fair] [epoch 16/100] batch 180/300 (60%) loss=28725.6567 elapsed=113s eta=75s
  [kd_t1only_fair] [epoch 16/100] batch 210/300 (70%) loss=28779.0424 elapsed=131s eta=56s
  [kd_t1only_fair] [epoch 16/100] batch 240/300 (80%) loss=29355.0237 elapsed=150s eta=37s
  [kd_t1only_fair] [epoch 16/100] batch 270/300 (90%) loss=29292.5143 elapsed=169s eta=19s
  [kd_t1only_fair] [epoch 16/100] batch 300/300 (100%) loss=29506.4530 elapsed=187s eta=0s
[kd_t1only_fair] [sampler] sampled: {0: 400, 1: 400, 2: 400} total=1200 spalling_ratio=24.33%
[kd_t1only_fair] [sampler] unique: {0: 400, 1: 400, 2: 400} unique_total=1200 dup_ratio=1.00x
[kd_t1only_fair] [epoch 016/100] remain=84 epochs ep_eta=271.6min (avg 194s/ep)
[kd_t1only_fair] [epoch 016/100] lr=0.000058  dt=187.4s
  train loss=29506.4530  ce=0.1549 dice=0.2473  tversky=0.0000 bd=0.0000  cldice=0.0000 snake=0.0000
  val   skipped (next val at epoch 20)
[kd_t1only_fair] [curriculum] epoch 17: stage=0 tiers=[0] pool={0: 400, 1: 0, 2: 0}
  [kd_t1only_fair] [epoch 17/100] batch 30/300 (10%) loss=27437.0542 elapsed=19s eta=173s
  [kd_t1only_fair] [epoch 17/100] batch 60/300 (20%) loss=27744.5202 elapsed=38s eta=152s
  [kd_t1only_fair] [epoch 17/100] batch 90/300 (30%) loss=27121.8711 elapsed=56s eta=132s
  [kd_t1only_fair] [epoch 17/100] batch 120/300 (40%) loss=27011.2688 elapsed=75s eta=113s
  [kd_t1only_fair] [epoch 17/100] batch 150/300 (50%) loss=26727.2746 elapsed=94s eta=94s
  [kd_t1only_fair] [epoch 17/100] batch 180/300 (60%) loss=26107.9169 elapsed=112s eta=75s
  [kd_t1only_fair] [epoch 17/100] batch 210/300 (70%) loss=26557.2588 elapsed=131s eta=56s
  [kd_t1only_fair] [epoch 17/100] batch 240/300 (80%) loss=26364.5140 elapsed=150s eta=37s
  [kd_t1only_fair] [epoch 17/100] batch 270/300 (90%) loss=26522.1332 elapsed=168s eta=19s
  [kd_t1only_fair] [epoch 17/100] batch 300/300 (100%) loss=26687.2551 elapsed=187s eta=0s
[kd_t1only_fair] [sampler] sampled: {0: 400, 1: 400, 2: 400} total=1200 spalling_ratio=24.33%
[kd_t1only_fair] [sampler] unique: {0: 400, 1: 400, 2: 400} unique_total=1200 dup_ratio=1.00x
[kd_t1only_fair] [epoch 017/100] remain=83 epochs ep_eta=267.9min (avg 194s/ep)
[kd_t1only_fair] [epoch 017/100] lr=0.000058  dt=186.9s
  train loss=26687.2551  ce=0.1490 dice=0.2367  tversky=0.0000 bd=0.0000  cldice=0.0000 snake=0.0000
  val   skipped (next val at epoch 20)
[kd_t1only_fair] [curriculum] epoch 18: stage=0 tiers=[0] pool={0: 400, 1: 0, 2: 0}
  [kd_t1only_fair] [epoch 18/100] batch 30/300 (10%) loss=22308.1206 elapsed=19s eta=171s
  [kd_t1only_fair] [epoch 18/100] batch 60/300 (20%) loss=24142.9585 elapsed=38s eta=150s
  [kd_t1only_fair] [epoch 18/100] batch 90/300 (30%) loss=25017.8782 elapsed=56s eta=132s
  [kd_t1only_fair] [epoch 18/100] batch 120/300 (40%) loss=24208.1521 elapsed=75s eta=112s
  [kd_t1only_fair] [epoch 18/100] batch 150/300 (50%) loss=25148.3523 elapsed=94s eta=94s
  [kd_t1only_fair] [epoch 18/100] batch 180/300 (60%) loss=25322.4450 elapsed=112s eta=75s
  [kd_t1only_fair] [epoch 18/100] batch 210/300 (70%) loss=25545.7786 elapsed=131s eta=56s
  [kd_t1only_fair] [epoch 18/100] batch 240/300 (80%) loss=25366.5727 elapsed=150s eta=37s
  [kd_t1only_fair] [epoch 18/100] batch 270/300 (90%) loss=27197.3436 elapsed=168s eta=19s
  [kd_t1only_fair] [epoch 18/100] batch 300/300 (100%) loss=28874.4603 elapsed=187s eta=0s
[kd_t1only_fair] [sampler] sampled: {0: 400, 1: 400, 2: 400} total=1200 spalling_ratio=24.33%
[kd_t1only_fair] [sampler] unique: {0: 400, 1: 400, 2: 400} unique_total=1200 dup_ratio=1.00x
[kd_t1only_fair] [epoch 018/100] remain=82 epochs ep_eta=264.3min (avg 193s/ep)
[kd_t1only_fair] [epoch 018/100] lr=0.000057  dt=187.2s
  train loss=28874.4603  ce=0.1661 dice=0.2561  tversky=0.0000 bd=0.0000  cldice=0.0000 snake=0.0000
  val   skipped (next val at epoch 20)
[kd_t1only_fair] [curriculum] epoch 19: stage=0 tiers=[0] pool={0: 400, 1: 0, 2: 0}
  [kd_t1only_fair] [epoch 19/100] batch 30/300 (10%) loss=32062.9265 elapsed=19s eta=175s
  [kd_t1only_fair] [epoch 19/100] batch 60/300 (20%) loss=31546.7013 elapsed=38s eta=152s
  [kd_t1only_fair] [epoch 19/100] batch 90/300 (30%) loss=30944.9197 elapsed=57s eta=132s
  [kd_t1only_fair] [epoch 19/100] batch 120/300 (40%) loss=35816.4974 elapsed=75s eta=113s
  [kd_t1only_fair] [epoch 19/100] batch 150/300 (50%) loss=35933.2470 elapsed=94s eta=94s
  [kd_t1only_fair] [epoch 19/100] batch 180/300 (60%) loss=34577.0684 elapsed=113s eta=75s
  [kd_t1only_fair] [epoch 19/100] batch 210/300 (70%) loss=33128.0804 elapsed=131s eta=56s
  [kd_t1only_fair] [epoch 19/100] batch 240/300 (80%) loss=32343.1346 elapsed=150s eta=37s
  [kd_t1only_fair] [epoch 19/100] batch 270/300 (90%) loss=31352.9532 elapsed=169s eta=19s
  [kd_t1only_fair] [epoch 19/100] batch 300/300 (100%) loss=30658.0311 elapsed=187s eta=0s
[kd_t1only_fair] [sampler] sampled: {0: 400, 1: 400, 2: 400} total=1200 spalling_ratio=24.33%
[kd_t1only_fair] [sampler] unique: {0: 400, 1: 400, 2: 400} unique_total=1200 dup_ratio=1.00x
[kd_t1only_fair] [epoch 019/100] remain=81 epochs ep_eta=260.8min (avg 193s/ep)
[kd_t1only_fair] [epoch 019/100] lr=0.000057  dt=187.5s
  train loss=30658.0311  ce=0.1641 dice=0.2409  tversky=0.0000 bd=0.0000  cldice=0.0000 snake=0.0000
  val   skipped (next val at epoch 20)
[kd_t1only_fair] [curriculum] epoch 20: stage=0 tiers=[0] pool={0: 400, 1: 0, 2: 0}
  [kd_t1only_fair] [epoch 20/100] batch 30/300 (10%) loss=26027.8198 elapsed=20s eta=176s
  [kd_t1only_fair] [epoch 20/100] batch 60/300 (20%) loss=23643.9153 elapsed=38s eta=154s
  [kd_t1only_fair] [epoch 20/100] batch 90/300 (30%) loss=23382.5535 elapsed=57s eta=133s
  [kd_t1only_fair] [epoch 20/100] batch 120/300 (40%) loss=23352.0594 elapsed=76s eta=113s
  [kd_t1only_fair] [epoch 20/100] batch 150/300 (50%) loss=23312.6082 elapsed=94s eta=94s
  [kd_t1only_fair] [epoch 20/100] batch 180/300 (60%) loss=23074.3427 elapsed=113s eta=75s
  [kd_t1only_fair] [epoch 20/100] batch 210/300 (70%) loss=22912.8836 elapsed=132s eta=56s
  [kd_t1only_fair] [epoch 20/100] batch 240/300 (80%) loss=23144.2283 elapsed=150s eta=38s
  [kd_t1only_fair] [epoch 20/100] batch 270/300 (90%) loss=22896.5690 elapsed=169s eta=19s
  [kd_t1only_fair] [epoch 20/100] batch 300/300 (100%) loss=22848.8493 elapsed=188s eta=0s
[kd_t1only_fair] [sampler] sampled: {0: 400, 1: 400, 2: 400} total=1200 spalling_ratio=24.33%
[kd_t1only_fair] [sampler] unique: {0: 400, 1: 400, 2: 400} unique_total=1200 dup_ratio=1.00x
[kd_t1only_fair] [epoch 020/100] remain=80 epochs ep_eta=257.9min (avg 193s/ep)
[kd_t1only_fair] [epoch 020/100] lr=0.000056  dt=197.1s
  train loss=22848.8493  ce=0.1375 dice=0.2323  tversky=0.0000 bd=0.0000  cldice=0.0000 snake=0.0000
  val   loss=0.2535
  IoU   bg=0.9760  crack=0.5581  spalling=0.8110  | mIoU_fg=0.6846  pix_acc=0.9765
  Dice  bg=0.9879  crack=0.7164  spalling=0.8957
  BF1   crack=0.7276  spalling=0.5763  | BF1_fg_mean=0.6519
  [kd_t1only_fair] [best] mIoU_fg=0.6846  saved -> best.pt
[kd_t1only_fair] [curriculum] epoch 21: stage=0 tiers=[0] pool={0: 400, 1: 0, 2: 0}
  [kd_t1only_fair] [epoch 21/100] batch 30/300 (10%) loss=21652.8267 elapsed=19s eta=175s
  [kd_t1only_fair] [epoch 21/100] batch 60/300 (20%) loss=20857.7583 elapsed=38s eta=152s
  [kd_t1only_fair] [epoch 21/100] batch 90/300 (30%) loss=21789.1562 elapsed=57s eta=133s
  [kd_t1only_fair] [epoch 21/100] batch 120/300 (40%) loss=21667.2456 elapsed=75s eta=113s
  [kd_t1only_fair] [epoch 21/100] batch 150/300 (50%) loss=21500.4177 elapsed=94s eta=94s
  [kd_t1only_fair] [epoch 21/100] batch 180/300 (60%) loss=21075.2645 elapsed=113s eta=75s
  [kd_t1only_fair] [epoch 21/100] batch 210/300 (70%) loss=21128.6143 elapsed=131s eta=56s
  [kd_t1only_fair] [epoch 21/100] batch 240/300 (80%) loss=21080.9833 elapsed=150s eta=37s
  [kd_t1only_fair] [epoch 21/100] batch 270/300 (90%) loss=21201.8397 elapsed=168s eta=19s
  [kd_t1only_fair] [epoch 21/100] batch 300/300 (100%) loss=21089.3478 elapsed=187s eta=0s
[kd_t1only_fair] [sampler] sampled: {0: 400, 1: 400, 2: 400} total=1200 spalling_ratio=24.33%
[kd_t1only_fair] [sampler] unique: {0: 400, 1: 400, 2: 400} unique_total=1200 dup_ratio=1.00x
[kd_t1only_fair] [epoch 021/100] remain=79 epochs ep_eta=254.6min (avg 193s/ep)
[kd_t1only_fair] [epoch 021/100] lr=0.000056  dt=187.3s
  train loss=21089.3478  ce=0.1322 dice=0.2180  tversky=0.0000 bd=0.0000  cldice=0.0000 snake=0.0000
  val   skipped (next val at epoch 25)
[kd_t1only_fair] [curriculum] epoch 22: stage=0 tiers=[0] pool={0: 400, 1: 0, 2: 0}
  [kd_t1only_fair] [epoch 22/100] batch 30/300 (10%) loss=19109.0598 elapsed=19s eta=173s
  [kd_t1only_fair] [epoch 22/100] batch 60/300 (20%) loss=19277.1228 elapsed=38s eta=151s
  [kd_t1only_fair] [epoch 22/100] batch 90/300 (30%) loss=19401.6864 elapsed=57s eta=132s
  [kd_t1only_fair] [epoch 22/100] batch 120/300 (40%) loss=19502.9798 elapsed=75s eta=113s
  [kd_t1only_fair] [epoch 22/100] batch 150/300 (50%) loss=19044.1463 elapsed=94s eta=94s
  [kd_t1only_fair] [epoch 22/100] batch 180/300 (60%) loss=18915.5588 elapsed=113s eta=76s
  [kd_t1only_fair] [epoch 22/100] batch 210/300 (70%) loss=18945.3684 elapsed=132s eta=57s
  [kd_t1only_fair] [epoch 22/100] batch 240/300 (80%) loss=19055.8009 elapsed=151s eta=38s
  [kd_t1only_fair] [epoch 22/100] batch 270/300 (90%) loss=19405.4742 elapsed=170s eta=19s
  [kd_t1only_fair] [epoch 22/100] batch 300/300 (100%) loss=19581.6710 elapsed=189s eta=0s
[kd_t1only_fair] [sampler] sampled: {0: 400, 1: 400, 2: 400} total=1200 spalling_ratio=24.33%
[kd_t1only_fair] [sampler] unique: {0: 400, 1: 400, 2: 400} unique_total=1200 dup_ratio=1.00x
[kd_t1only_fair] [epoch 022/100] remain=78 epochs ep_eta=251.2min (avg 193s/ep)
[kd_t1only_fair] [epoch 022/100] lr=0.000055  dt=189.4s
  train loss=19581.6710  ce=0.1293 dice=0.2139  tversky=0.0000 bd=0.0000  cldice=0.0000 snake=0.0000
  val   skipped (next val at epoch 25)
[kd_t1only_fair] [curriculum] epoch 23: stage=0 tiers=[0] pool={0: 400, 1: 0, 2: 0}
  [kd_t1only_fair] [epoch 23/100] batch 30/300 (10%) loss=18835.7118 elapsed=20s eta=176s
  [kd_t1only_fair] [epoch 23/100] batch 60/300 (20%) loss=18315.5068 elapsed=38s eta=153s
  [kd_t1only_fair] [epoch 23/100] batch 90/300 (30%) loss=19190.6990 elapsed=57s eta=133s
  [kd_t1only_fair] [epoch 23/100] batch 120/300 (40%) loss=20216.7603 elapsed=76s eta=113s
  [kd_t1only_fair] [epoch 23/100] batch 150/300 (50%) loss=19773.8776 elapsed=94s eta=94s
  [kd_t1only_fair] [epoch 23/100] batch 180/300 (60%) loss=19625.3525 elapsed=113s eta=75s
  [kd_t1only_fair] [epoch 23/100] batch 210/300 (70%) loss=19575.7807 elapsed=132s eta=56s
  [kd_t1only_fair] [epoch 23/100] batch 240/300 (80%) loss=19438.9886 elapsed=150s eta=38s
  [kd_t1only_fair] [epoch 23/100] batch 270/300 (90%) loss=19259.0235 elapsed=169s eta=19s
  [kd_t1only_fair] [epoch 23/100] batch 300/300 (100%) loss=19243.0348 elapsed=187s eta=0s
[kd_t1only_fair] [sampler] sampled: {0: 400, 1: 400, 2: 400} total=1200 spalling_ratio=24.33%
[kd_t1only_fair] [sampler] unique: {0: 400, 1: 400, 2: 400} unique_total=1200 dup_ratio=1.00x
[kd_t1only_fair] [epoch 023/100] remain=77 epochs ep_eta=247.8min (avg 193s/ep)
[kd_t1only_fair] [epoch 023/100] lr=0.000055  dt=187.6s
  train loss=19243.0348  ce=0.1268 dice=0.2174  tversky=0.0000 bd=0.0000  cldice=0.0000 snake=0.0000
  val   skipped (next val at epoch 25)
[kd_t1only_fair] [curriculum] epoch 24: stage=0 tiers=[0] pool={0: 400, 1: 0, 2: 0}
  [kd_t1only_fair] [epoch 24/100] batch 30/300 (10%) loss=18031.4739 elapsed=19s eta=171s
  [kd_t1only_fair] [epoch 24/100] batch 60/300 (20%) loss=16379.3966 elapsed=38s eta=150s
  [kd_t1only_fair] [epoch 24/100] batch 90/300 (30%) loss=16691.8054 elapsed=56s eta=132s
  [kd_t1only_fair] [epoch 24/100] batch 120/300 (40%) loss=16609.1305 elapsed=75s eta=113s
  [kd_t1only_fair] [epoch 24/100] batch 150/300 (50%) loss=17076.9425 elapsed=94s eta=94s
  [kd_t1only_fair] [epoch 24/100] batch 180/300 (60%) loss=17238.2161 elapsed=113s eta=75s
  [kd_t1only_fair] [epoch 24/100] batch 210/300 (70%) loss=17121.1900 elapsed=131s eta=56s
  [kd_t1only_fair] [epoch 24/100] batch 240/300 (80%) loss=17092.6423 elapsed=150s eta=37s
  [kd_t1only_fair] [epoch 24/100] batch 270/300 (90%) loss=17049.4445 elapsed=169s eta=19s
  [kd_t1only_fair] [epoch 24/100] batch 300/300 (100%) loss=16897.5402 elapsed=187s eta=0s
[kd_t1only_fair] [sampler] sampled: {0: 400, 1: 400, 2: 400} total=1200 spalling_ratio=24.33%
[kd_t1only_fair] [sampler] unique: {0: 400, 1: 400, 2: 400} unique_total=1200 dup_ratio=1.00x
[kd_t1only_fair] [epoch 024/100] remain=76 epochs ep_eta=244.3min (avg 193s/ep)
[kd_t1only_fair] [epoch 024/100] lr=0.000054  dt=187.7s
  train loss=16897.5402  ce=0.1189 dice=0.2050  tversky=0.0000 bd=0.0000  cldice=0.0000 snake=0.0000
  val   skipped (next val at epoch 25)
[kd_t1only_fair] [curriculum] epoch 25: stage=0 tiers=[0] pool={0: 400, 1: 0, 2: 0}
  [kd_t1only_fair] [epoch 25/100] batch 30/300 (10%) loss=16868.1032 elapsed=19s eta=174s
  [kd_t1only_fair] [epoch 25/100] batch 60/300 (20%) loss=17676.3202 elapsed=38s eta=153s
  [kd_t1only_fair] [epoch 25/100] batch 90/300 (30%) loss=17141.9868 elapsed=57s eta=133s
  [kd_t1only_fair] [epoch 25/100] batch 120/300 (40%) loss=17745.4193 elapsed=76s eta=114s
  [kd_t1only_fair] [epoch 25/100] batch 150/300 (50%) loss=17373.7962 elapsed=95s eta=95s
  [kd_t1only_fair] [epoch 25/100] batch 180/300 (60%) loss=17779.5297 elapsed=114s eta=76s
  [kd_t1only_fair] [epoch 25/100] batch 210/300 (70%) loss=17704.4446 elapsed=133s eta=57s
  [kd_t1only_fair] [epoch 25/100] batch 240/300 (80%) loss=17663.2886 elapsed=152s eta=38s
  [kd_t1only_fair] [epoch 25/100] batch 270/300 (90%) loss=17668.6248 elapsed=170s eta=19s
  [kd_t1only_fair] [epoch 25/100] batch 300/300 (100%) loss=17702.1338 elapsed=189s eta=0s
[kd_t1only_fair] [sampler] sampled: {0: 400, 1: 400, 2: 400} total=1200 spalling_ratio=24.33%
[kd_t1only_fair] [sampler] unique: {0: 400, 1: 400, 2: 400} unique_total=1200 dup_ratio=1.00x
[kd_t1only_fair] [epoch 025/100] remain=75 epochs ep_eta=241.5min (avg 193s/ep)
[kd_t1only_fair] [epoch 025/100] lr=0.000054  dt=198.6s
  train loss=17702.1338  ce=0.1233 dice=0.2147  tversky=0.0000 bd=0.0000  cldice=0.0000 snake=0.0000
  val   loss=0.2559
  IoU   bg=0.9764  crack=0.5609  spalling=0.8068  | mIoU_fg=0.6838  pix_acc=0.9770
  Dice  bg=0.9881  crack=0.7187  spalling=0.8931
  BF1   crack=0.7280  spalling=0.5802  | BF1_fg_mean=0.6541
[kd_t1only_fair] [curriculum] epoch 26: stage=0 tiers=[0] pool={0: 400, 1: 0, 2: 0}
  [kd_t1only_fair] [epoch 26/100] batch 30/300 (10%) loss=16740.5336 elapsed=19s eta=174s
  [kd_t1only_fair] [epoch 26/100] batch 60/300 (20%) loss=17934.9018 elapsed=38s eta=153s
  [kd_t1only_fair] [epoch 26/100] batch 90/300 (30%) loss=17815.4852 elapsed=57s eta=133s
  [kd_t1only_fair] [epoch 26/100] batch 120/300 (40%) loss=17587.0741 elapsed=76s eta=113s
  [kd_t1only_fair] [epoch 26/100] batch 150/300 (50%) loss=17250.3811 elapsed=94s eta=94s
  [kd_t1only_fair] [epoch 26/100] batch 180/300 (60%) loss=16987.8842 elapsed=113s eta=76s
  [kd_t1only_fair] [epoch 26/100] batch 210/300 (70%) loss=16859.2320 elapsed=132s eta=57s
  [kd_t1only_fair] [epoch 26/100] batch 240/300 (80%) loss=16659.5627 elapsed=151s eta=38s
  [kd_t1only_fair] [epoch 26/100] batch 270/300 (90%) loss=16670.1015 elapsed=169s eta=19s
  [kd_t1only_fair] [epoch 26/100] batch 300/300 (100%) loss=16611.7108 elapsed=188s eta=0s
[kd_t1only_fair] [sampler] sampled: {0: 400, 1: 400, 2: 400} total=1200 spalling_ratio=24.33%
[kd_t1only_fair] [sampler] unique: {0: 400, 1: 400, 2: 400} unique_total=1200 dup_ratio=1.00x
[kd_t1only_fair] [epoch 026/100] remain=74 epochs ep_eta=238.2min (avg 193s/ep)
[kd_t1only_fair] [epoch 026/100] lr=0.000053  dt=188.3s
  train loss=16611.7108  ce=0.1185 dice=0.2098  tversky=0.0000 bd=0.0000  cldice=0.0000 snake=0.0000
  val   skipped (next val at epoch 30)
[kd_t1only_fair] [curriculum] epoch 27: stage=0 tiers=[0] pool={0: 400, 1: 0, 2: 0}
  [kd_t1only_fair] [epoch 27/100] batch 30/300 (10%) loss=13824.6535 elapsed=19s eta=172s
  [kd_t1only_fair] [epoch 27/100] batch 60/300 (20%) loss=14471.9213 elapsed=38s eta=152s
  [kd_t1only_fair] [epoch 27/100] batch 90/300 (30%) loss=14331.0220 elapsed=57s eta=133s
  [kd_t1only_fair] [epoch 27/100] batch 120/300 (40%) loss=14939.4155 elapsed=75s eta=113s
  [kd_t1only_fair] [epoch 27/100] batch 150/300 (50%) loss=15111.2190 elapsed=94s eta=94s
  [kd_t1only_fair] [epoch 27/100] batch 180/300 (60%) loss=14976.7100 elapsed=113s eta=75s
  [kd_t1only_fair] [epoch 27/100] batch 210/300 (70%) loss=14891.1201 elapsed=132s eta=56s
  [kd_t1only_fair] [epoch 27/100] batch 240/300 (80%) loss=14809.5668 elapsed=150s eta=38s
  [kd_t1only_fair] [epoch 27/100] batch 270/300 (90%) loss=14784.7327 elapsed=169s eta=19s
  [kd_t1only_fair] [epoch 27/100] batch 300/300 (100%) loss=14912.4997 elapsed=188s eta=0s
[kd_t1only_fair] [sampler] sampled: {0: 400, 1: 400, 2: 400} total=1200 spalling_ratio=24.33%
[kd_t1only_fair] [sampler] unique: {0: 400, 1: 400, 2: 400} unique_total=1200 dup_ratio=1.00x
[kd_t1only_fair] [epoch 027/100] remain=73 epochs ep_eta=234.8min (avg 193s/ep)
[kd_t1only_fair] [epoch 027/100] lr=0.000052  dt=188.6s
  train loss=14912.4997  ce=0.1136 dice=0.2003  tversky=0.0000 bd=0.0000  cldice=0.0000 snake=0.0000
  val   skipped (next val at epoch 30)
[kd_t1only_fair] [curriculum] epoch 28: stage=0 tiers=[0] pool={0: 400, 1: 0, 2: 0}
  [kd_t1only_fair] [epoch 28/100] batch 30/300 (10%) loss=14799.7153 elapsed=19s eta=174s
  [kd_t1only_fair] [epoch 28/100] batch 60/300 (20%) loss=14341.2494 elapsed=38s eta=153s
  [kd_t1only_fair] [epoch 28/100] batch 90/300 (30%) loss=14353.7704 elapsed=57s eta=133s
  [kd_t1only_fair] [epoch 28/100] batch 120/300 (40%) loss=14381.0315 elapsed=76s eta=113s
  [kd_t1only_fair] [epoch 28/100] batch 150/300 (50%) loss=14267.5397 elapsed=94s eta=94s
  [kd_t1only_fair] [epoch 28/100] batch 180/300 (60%) loss=14254.4911 elapsed=113s eta=75s
  [kd_t1only_fair] [epoch 28/100] batch 210/300 (70%) loss=14088.2319 elapsed=132s eta=56s
  [kd_t1only_fair] [epoch 28/100] batch 240/300 (80%) loss=14328.2327 elapsed=150s eta=38s
  [kd_t1only_fair] [epoch 28/100] batch 270/300 (90%) loss=14459.8371 elapsed=169s eta=19s
  [kd_t1only_fair] [epoch 28/100] batch 300/300 (100%) loss=14472.7621 elapsed=188s eta=0s
[kd_t1only_fair] [sampler] sampled: {0: 400, 1: 400, 2: 400} total=1200 spalling_ratio=24.33%
[kd_t1only_fair] [sampler] unique: {0: 400, 1: 400, 2: 400} unique_total=1200 dup_ratio=1.00x
[kd_t1only_fair] [epoch 028/100] remain=72 epochs ep_eta=231.5min (avg 193s/ep)
[kd_t1only_fair] [epoch 028/100] lr=0.000052  dt=187.8s
  train loss=14472.7621  ce=0.1119 dice=0.1999  tversky=0.0000 bd=0.0000  cldice=0.0000 snake=0.0000
  val   skipped (next val at epoch 30)
[kd_t1only_fair] [curriculum] epoch 29: stage=0 tiers=[0] pool={0: 400, 1: 0, 2: 0}
  [kd_t1only_fair] [epoch 29/100] batch 30/300 (10%) loss=15812.5197 elapsed=20s eta=177s
  [kd_t1only_fair] [epoch 29/100] batch 60/300 (20%) loss=14881.7292 elapsed=38s eta=153s
  [kd_t1only_fair] [epoch 29/100] batch 90/300 (30%) loss=14582.8346 elapsed=57s eta=133s
  [kd_t1only_fair] [epoch 29/100] batch 120/300 (40%) loss=14634.7241 elapsed=76s eta=114s
  [kd_t1only_fair] [epoch 29/100] batch 150/300 (50%) loss=14697.1401 elapsed=95s eta=95s
  [kd_t1only_fair] [epoch 29/100] batch 180/300 (60%) loss=14492.3593 elapsed=113s eta=76s
  [kd_t1only_fair] [epoch 29/100] batch 210/300 (70%) loss=14334.8410 elapsed=132s eta=57s
  [kd_t1only_fair] [epoch 29/100] batch 240/300 (80%) loss=14388.7214 elapsed=151s eta=38s
  [kd_t1only_fair] [epoch 29/100] batch 270/300 (90%) loss=14321.2478 elapsed=169s eta=19s
  [kd_t1only_fair] [epoch 29/100] batch 300/300 (100%) loss=14343.6873 elapsed=188s eta=0s
[kd_t1only_fair] [sampler] sampled: {0: 400, 1: 400, 2: 400} total=1200 spalling_ratio=24.33%
[kd_t1only_fair] [sampler] unique: {0: 400, 1: 400, 2: 400} unique_total=1200 dup_ratio=1.00x
[kd_t1only_fair] [epoch 029/100] remain=71 epochs ep_eta=228.1min (avg 193s/ep)
[kd_t1only_fair] [epoch 029/100] lr=0.000051  dt=188.1s
  train loss=14343.6873  ce=0.1114 dice=0.2027  tversky=0.0000 bd=0.0000  cldice=0.0000 snake=0.0000
  val   skipped (next val at epoch 30)
[kd_t1only_fair] [curriculum] epoch 30: stage=1 tiers=[0, 1] pool={0: 400, 1: 400, 2: 0}
  [kd_t1only_fair] [epoch 30/100] batch 30/300 (10%) loss=13319.5312 elapsed=19s eta=174s
  [kd_t1only_fair] [epoch 30/100] batch 60/300 (20%) loss=13785.8301 elapsed=38s eta=152s
  [kd_t1only_fair] [epoch 30/100] batch 90/300 (30%) loss=14095.9075 elapsed=57s eta=132s
  [kd_t1only_fair] [epoch 30/100] batch 120/300 (40%) loss=13696.1252 elapsed=75s eta=113s
  [kd_t1only_fair] [epoch 30/100] batch 150/300 (50%) loss=13424.7475 elapsed=94s eta=94s
  [kd_t1only_fair] [epoch 30/100] batch 180/300 (60%) loss=13432.6949 elapsed=112s eta=75s
  [kd_t1only_fair] [epoch 30/100] batch 210/300 (70%) loss=13215.6517 elapsed=131s eta=56s
  [kd_t1only_fair] [epoch 30/100] batch 240/300 (80%) loss=13307.0815 elapsed=150s eta=37s
  [kd_t1only_fair] [epoch 30/100] batch 270/300 (90%) loss=13524.0186 elapsed=168s eta=19s
  [kd_t1only_fair] [epoch 30/100] batch 300/300 (100%) loss=13549.1314 elapsed=187s eta=0s
[kd_t1only_fair] [sampler] sampled: {0: 400, 1: 400, 2: 400} total=1200 spalling_ratio=24.33%
[kd_t1only_fair] [sampler] unique: {0: 400, 1: 400, 2: 400} unique_total=1200 dup_ratio=1.00x
[kd_t1only_fair] [epoch 030/100] remain=70 epochs ep_eta=225.1min (avg 193s/ep)
[kd_t1only_fair] [epoch 030/100] lr=0.000050  dt=196.2s
  train loss=13549.1314  ce=0.1089 dice=0.1962  tversky=0.0000 bd=0.0000  cldice=0.0000 snake=0.0000
  val   loss=0.2868
  IoU   bg=0.9758  crack=0.5727  spalling=0.7270  | mIoU_fg=0.6499  pix_acc=0.9764
  Dice  bg=0.9877  crack=0.7283  spalling=0.8420
  BF1   crack=0.7418  spalling=0.6028  | BF1_fg_mean=0.6723
[kd_t1only_fair] [curriculum] epoch 31: stage=1 tiers=[0, 1] pool={0: 400, 1: 400, 2: 0}
  [kd_t1only_fair] [epoch 31/100] batch 30/300 (10%) loss=12507.4197 elapsed=19s eta=173s
  [kd_t1only_fair] [epoch 31/100] batch 60/300 (20%) loss=12267.7326 elapsed=38s eta=153s
  [kd_t1only_fair] [epoch 31/100] batch 90/300 (30%) loss=12699.4946 elapsed=57s eta=133s
  [kd_t1only_fair] [epoch 31/100] batch 120/300 (40%) loss=12769.5182 elapsed=76s eta=114s
  [kd_t1only_fair] [epoch 31/100] batch 150/300 (50%) loss=13225.2095 elapsed=95s eta=95s
  [kd_t1only_fair] [epoch 31/100] batch 180/300 (60%) loss=13058.3809 elapsed=114s eta=76s
  [kd_t1only_fair] [epoch 31/100] batch 210/300 (70%) loss=13041.6042 elapsed=132s eta=57s
  [kd_t1only_fair] [epoch 31/100] batch 240/300 (80%) loss=12983.0358 elapsed=151s eta=38s
  [kd_t1only_fair] [epoch 31/100] batch 270/300 (90%) loss=12999.8842 elapsed=170s eta=19s
  [kd_t1only_fair] [epoch 31/100] batch 300/300 (100%) loss=12899.4130 elapsed=189s eta=0s
[kd_t1only_fair] [sampler] sampled: {0: 400, 1: 400, 2: 400} total=1200 spalling_ratio=24.33%
[kd_t1only_fair] [sampler] unique: {0: 400, 1: 400, 2: 400} unique_total=1200 dup_ratio=1.00x
[kd_t1only_fair] [epoch 031/100] remain=69 epochs ep_eta=221.9min (avg 193s/ep)
[kd_t1only_fair] [epoch 031/100] lr=0.000050  dt=189.5s
  train loss=12899.4130  ce=0.1061 dice=0.1960  tversky=0.0000 bd=0.0000  cldice=0.0000 snake=0.0000
  val   skipped (next val at epoch 35)
[kd_t1only_fair] [curriculum] epoch 32: stage=1 tiers=[0, 1] pool={0: 400, 1: 400, 2: 0}
  [kd_t1only_fair] [epoch 32/100] batch 30/300 (10%) loss=12873.1727 elapsed=20s eta=178s
  [kd_t1only_fair] [epoch 32/100] batch 60/300 (20%) loss=12537.0028 elapsed=39s eta=155s
  [kd_t1only_fair] [epoch 32/100] batch 90/300 (30%) loss=12225.7303 elapsed=57s eta=134s
  [kd_t1only_fair] [epoch 32/100] batch 120/300 (40%) loss=12307.9815 elapsed=76s eta=114s
  [kd_t1only_fair] [epoch 32/100] batch 150/300 (50%) loss=12357.6930 elapsed=95s eta=95s
  [kd_t1only_fair] [epoch 32/100] batch 180/300 (60%) loss=12385.4258 elapsed=113s eta=76s
  [kd_t1only_fair] [epoch 32/100] batch 210/300 (70%) loss=12189.0886 elapsed=132s eta=57s
  [kd_t1only_fair] [epoch 32/100] batch 240/300 (80%) loss=12248.9393 elapsed=151s eta=38s
  [kd_t1only_fair] [epoch 32/100] batch 270/300 (90%) loss=12495.4605 elapsed=169s eta=19s
  [kd_t1only_fair] [epoch 32/100] batch 300/300 (100%) loss=12512.2168 elapsed=188s eta=0s
[kd_t1only_fair] [sampler] sampled: {0: 400, 1: 400, 2: 400} total=1200 spalling_ratio=24.33%
[kd_t1only_fair] [sampler] unique: {0: 400, 1: 400, 2: 400} unique_total=1200 dup_ratio=1.00x
[kd_t1only_fair] [epoch 032/100] remain=68 epochs ep_eta=218.5min (avg 193s/ep)
[kd_t1only_fair] [epoch 032/100] lr=0.000049  dt=188.4s
  train loss=12512.2168  ce=0.1062 dice=0.1915  tversky=0.0000 bd=0.0000  cldice=0.0000 snake=0.0000
  val   skipped (next val at epoch 35)
[kd_t1only_fair] [curriculum] epoch 33: stage=1 tiers=[0, 1] pool={0: 400, 1: 400, 2: 0}
  [kd_t1only_fair] [epoch 33/100] batch 30/300 (10%) loss=12217.9656 elapsed=20s eta=176s
  [kd_t1only_fair] [epoch 33/100] batch 60/300 (20%) loss=12336.6598 elapsed=38s eta=153s
  [kd_t1only_fair] [epoch 33/100] batch 90/300 (30%) loss=12160.6256 elapsed=57s eta=133s
  [kd_t1only_fair] [epoch 33/100] batch 120/300 (40%) loss=12488.8735 elapsed=76s eta=113s
  [kd_t1only_fair] [epoch 33/100] batch 150/300 (50%) loss=13104.0120 elapsed=94s eta=94s
  [kd_t1only_fair] [epoch 33/100] batch 180/300 (60%) loss=13135.3842 elapsed=113s eta=75s
  [kd_t1only_fair] [epoch 33/100] batch 210/300 (70%) loss=12993.3228 elapsed=132s eta=56s
  [kd_t1only_fair] [epoch 33/100] batch 240/300 (80%) loss=12942.2047 elapsed=151s eta=38s
  [kd_t1only_fair] [epoch 33/100] batch 270/300 (90%) loss=12709.1078 elapsed=169s eta=19s
  [kd_t1only_fair] [epoch 33/100] batch 300/300 (100%) loss=12539.1040 elapsed=188s eta=0s
[kd_t1only_fair] [sampler] sampled: {0: 400, 1: 400, 2: 400} total=1200 spalling_ratio=24.33%
[kd_t1only_fair] [sampler] unique: {0: 400, 1: 400, 2: 400} unique_total=1200 dup_ratio=1.00x
[kd_t1only_fair] [epoch 033/100] remain=67 epochs ep_eta=215.2min (avg 193s/ep)
[kd_t1only_fair] [epoch 033/100] lr=0.000048  dt=187.9s
  train loss=12539.1040  ce=0.1064 dice=0.1983  tversky=0.0000 bd=0.0000  cldice=0.0000 snake=0.0000
  val   skipped (next val at epoch 35)
[kd_t1only_fair] [curriculum] epoch 34: stage=1 tiers=[0, 1] pool={0: 400, 1: 400, 2: 0}
  [kd_t1only_fair] [epoch 34/100] batch 30/300 (10%) loss=11428.6837 elapsed=19s eta=174s
  [kd_t1only_fair] [epoch 34/100] batch 60/300 (20%) loss=10793.8304 elapsed=38s eta=151s
  [kd_t1only_fair] [epoch 34/100] batch 90/300 (30%) loss=10926.6345 elapsed=56s eta=131s
  [kd_t1only_fair] [epoch 34/100] batch 120/300 (40%) loss=11360.7515 elapsed=75s eta=113s
  [kd_t1only_fair] [epoch 34/100] batch 150/300 (50%) loss=12123.9033 elapsed=94s eta=94s
  [kd_t1only_fair] [epoch 34/100] batch 180/300 (60%) loss=12708.1331 elapsed=112s eta=75s
  [kd_t1only_fair] [epoch 34/100] batch 210/300 (70%) loss=13262.8779 elapsed=131s eta=56s
  [kd_t1only_fair] [epoch 34/100] batch 240/300 (80%) loss=13491.7603 elapsed=150s eta=38s
  [kd_t1only_fair] [epoch 34/100] batch 270/300 (90%) loss=13602.2936 elapsed=169s eta=19s
  [kd_t1only_fair] [epoch 34/100] batch 300/300 (100%) loss=13680.0333 elapsed=188s eta=0s
[kd_t1only_fair] [sampler] sampled: {0: 400, 1: 400, 2: 400} total=1200 spalling_ratio=24.33%
[kd_t1only_fair] [sampler] unique: {0: 400, 1: 400, 2: 400} unique_total=1200 dup_ratio=1.00x
[kd_t1only_fair] [epoch 034/100] remain=66 epochs ep_eta=211.9min (avg 193s/ep)
[kd_t1only_fair] [epoch 034/100] lr=0.000047  dt=187.8s
  train loss=13680.0333  ce=0.1119 dice=0.1997  tversky=0.0000 bd=0.0000  cldice=0.0000 snake=0.0000
  val   skipped (next val at epoch 35)
[kd_t1only_fair] [curriculum] epoch 35: stage=1 tiers=[0, 1] pool={0: 400, 1: 400, 2: 0}
  [kd_t1only_fair] [epoch 35/100] batch 30/300 (10%) loss=13211.1426 elapsed=19s eta=173s
  [kd_t1only_fair] [epoch 35/100] batch 60/300 (20%) loss=12441.2356 elapsed=38s eta=151s
  [kd_t1only_fair] [epoch 35/100] batch 90/300 (30%) loss=12016.1394 elapsed=57s eta=132s
  [kd_t1only_fair] [epoch 35/100] batch 120/300 (40%) loss=11696.3472 elapsed=75s eta=113s
  [kd_t1only_fair] [epoch 35/100] batch 150/300 (50%) loss=11667.4426 elapsed=94s eta=94s
  [kd_t1only_fair] [epoch 35/100] batch 180/300 (60%) loss=11512.0357 elapsed=113s eta=75s
  [kd_t1only_fair] [epoch 35/100] batch 210/300 (70%) loss=11433.5099 elapsed=131s eta=56s
  [kd_t1only_fair] [epoch 35/100] batch 240/300 (80%) loss=11432.6097 elapsed=150s eta=38s
  [kd_t1only_fair] [epoch 35/100] batch 270/300 (90%) loss=11588.1425 elapsed=169s eta=19s
  [kd_t1only_fair] [epoch 35/100] batch 300/300 (100%) loss=11790.2666 elapsed=188s eta=0s
[kd_t1only_fair] [sampler] sampled: {0: 400, 1: 400, 2: 400} total=1200 spalling_ratio=24.33%
[kd_t1only_fair] [sampler] unique: {0: 400, 1: 400, 2: 400} unique_total=1200 dup_ratio=1.00x
[kd_t1only_fair] [epoch 035/100] remain=65 epochs ep_eta=208.8min (avg 193s/ep)
[kd_t1only_fair] [epoch 035/100] lr=0.000046  dt=197.1s
  train loss=11790.2666  ce=0.1034 dice=0.1864  tversky=0.0000 bd=0.0000  cldice=0.0000 snake=0.0000
  val   loss=0.3077
  IoU   bg=0.9743  crack=0.5720  spalling=0.6860  | mIoU_fg=0.6290  pix_acc=0.9750
  Dice  bg=0.9870  crack=0.7278  spalling=0.8137
  BF1   crack=0.7409  spalling=0.6869  | BF1_fg_mean=0.7139
[kd_t1only_fair] [curriculum] epoch 36: stage=1 tiers=[0, 1] pool={0: 400, 1: 400, 2: 0}
  [kd_t1only_fair] [epoch 36/100] batch 30/300 (10%) loss=12118.4881 elapsed=19s eta=174s
  [kd_t1only_fair] [epoch 36/100] batch 60/300 (20%) loss=13486.5734 elapsed=38s eta=152s
  [kd_t1only_fair] [epoch 36/100] batch 90/300 (30%) loss=14135.3082 elapsed=57s eta=132s
  [kd_t1only_fair] [epoch 36/100] batch 120/300 (40%) loss=14147.8202 elapsed=75s eta=113s
  [kd_t1only_fair] [epoch 36/100] batch 150/300 (50%) loss=13924.2176 elapsed=94s eta=94s
  [kd_t1only_fair] [epoch 36/100] batch 180/300 (60%) loss=13492.0387 elapsed=113s eta=75s
  [kd_t1only_fair] [epoch 36/100] batch 210/300 (70%) loss=13174.8061 elapsed=131s eta=56s
  [kd_t1only_fair] [epoch 36/100] batch 240/300 (80%) loss=12862.1343 elapsed=150s eta=38s
  [kd_t1only_fair] [epoch 36/100] batch 270/300 (90%) loss=12520.8291 elapsed=169s eta=19s
  [kd_t1only_fair] [epoch 36/100] batch 300/300 (100%) loss=12420.2088 elapsed=187s eta=0s
[kd_t1only_fair] [sampler] sampled: {0: 400, 1: 400, 2: 400} total=1200 spalling_ratio=24.33%
[kd_t1only_fair] [sampler] unique: {0: 400, 1: 400, 2: 400} unique_total=1200 dup_ratio=1.00x
[kd_t1only_fair] [epoch 036/100] remain=64 epochs ep_eta=205.6min (avg 193s/ep)
[kd_t1only_fair] [epoch 036/100] lr=0.000046  dt=187.4s
  train loss=12420.2088  ce=0.1046 dice=0.1910  tversky=0.0000 bd=0.0000  cldice=0.0000 snake=0.0000
  val   skipped (next val at epoch 40)
[kd_t1only_fair] [curriculum] epoch 37: stage=1 tiers=[0, 1] pool={0: 400, 1: 400, 2: 0}
  [kd_t1only_fair] [epoch 37/100] batch 30/300 (10%) loss=12032.9280 elapsed=20s eta=177s
  [kd_t1only_fair] [epoch 37/100] batch 60/300 (20%) loss=11471.8687 elapsed=38s eta=153s
  [kd_t1only_fair] [epoch 37/100] batch 90/300 (30%) loss=11488.1580 elapsed=57s eta=132s
  [kd_t1only_fair] [epoch 37/100] batch 120/300 (40%) loss=11588.6336 elapsed=75s eta=113s
  [kd_t1only_fair] [epoch 37/100] batch 150/300 (50%) loss=11628.0858 elapsed=94s eta=94s
  [kd_t1only_fair] [epoch 37/100] batch 180/300 (60%) loss=11298.7916 elapsed=113s eta=75s
  [kd_t1only_fair] [epoch 37/100] batch 210/300 (70%) loss=11049.9527 elapsed=131s eta=56s
  [kd_t1only_fair] [epoch 37/100] batch 240/300 (80%) loss=11129.9568 elapsed=150s eta=38s
  [kd_t1only_fair] [epoch 37/100] batch 270/300 (90%) loss=13867.5289 elapsed=169s eta=19s
  [kd_t1only_fair] [epoch 37/100] batch 300/300 (100%) loss=14151.6057 elapsed=187s eta=0s
[kd_t1only_fair] [sampler] sampled: {0: 400, 1: 400, 2: 400} total=1200 spalling_ratio=24.33%
[kd_t1only_fair] [sampler] unique: {0: 400, 1: 400, 2: 400} unique_total=1200 dup_ratio=1.00x
[kd_t1only_fair] [epoch 037/100] remain=63 epochs ep_eta=202.2min (avg 193s/ep)
[kd_t1only_fair] [epoch 037/100] lr=0.000045  dt=187.4s
  train loss=14151.6057  ce=0.1223 dice=0.1985  tversky=0.0000 bd=0.0000  cldice=0.0000 snake=0.0000
  val   skipped (next val at epoch 40)
[kd_t1only_fair] [curriculum] epoch 38: stage=1 tiers=[0, 1] pool={0: 400, 1: 400, 2: 0}
  [kd_t1only_fair] [epoch 38/100] batch 30/300 (10%) loss=12927.5765 elapsed=19s eta=174s
  [kd_t1only_fair] [epoch 38/100] batch 60/300 (20%) loss=18349.6850 elapsed=38s eta=153s
  [kd_t1only_fair] [epoch 38/100] batch 90/300 (30%) loss=15971.2138 elapsed=57s eta=133s
  [kd_t1only_fair] [epoch 38/100] batch 120/300 (40%) loss=14885.9110 elapsed=76s eta=114s
  [kd_t1only_fair] [epoch 38/100] batch 150/300 (50%) loss=13767.7918 elapsed=94s eta=94s
  [kd_t1only_fair] [epoch 38/100] batch 180/300 (60%) loss=13137.0828 elapsed=113s eta=75s
  [kd_t1only_fair] [epoch 38/100] batch 210/300 (70%) loss=12531.6507 elapsed=132s eta=56s
  [kd_t1only_fair] [epoch 38/100] batch 240/300 (80%) loss=12293.2298 elapsed=151s eta=38s
  [kd_t1only_fair] [epoch 38/100] batch 270/300 (90%) loss=12099.6884 elapsed=169s eta=19s
  [kd_t1only_fair] [epoch 38/100] batch 300/300 (100%) loss=11939.2025 elapsed=188s eta=0s
[kd_t1only_fair] [sampler] sampled: {0: 400, 1: 400, 2: 400} total=1200 spalling_ratio=24.33%
[kd_t1only_fair] [sampler] unique: {0: 400, 1: 400, 2: 400} unique_total=1200 dup_ratio=1.00x
[kd_t1only_fair] [epoch 038/100] remain=62 epochs ep_eta=199.0min (avg 193s/ep)
[kd_t1only_fair] [epoch 038/100] lr=0.000044  dt=188.4s
  train loss=11939.2025  ce=0.1098 dice=0.1897  tversky=0.0000 bd=0.0000  cldice=0.0000 snake=0.0000
  val   skipped (next val at epoch 40)
[kd_t1only_fair] [curriculum] epoch 39: stage=1 tiers=[0, 1] pool={0: 400, 1: 400, 2: 0}
  [kd_t1only_fair] [epoch 39/100] batch 30/300 (10%) loss=11400.1039 elapsed=19s eta=175s
  [kd_t1only_fair] [epoch 39/100] batch 60/300 (20%) loss=11078.6664 elapsed=38s eta=153s
  [kd_t1only_fair] [epoch 39/100] batch 90/300 (30%) loss=10786.7242 elapsed=57s eta=133s
  [kd_t1only_fair] [epoch 39/100] batch 120/300 (40%) loss=10291.4784 elapsed=76s eta=113s
  [kd_t1only_fair] [epoch 39/100] batch 150/300 (50%) loss=10150.6789 elapsed=94s eta=94s
  [kd_t1only_fair] [epoch 39/100] batch 180/300 (60%) loss=9905.5958 elapsed=113s eta=75s
  [kd_t1only_fair] [epoch 39/100] batch 210/300 (70%) loss=9957.2065 elapsed=132s eta=56s
  [kd_t1only_fair] [epoch 39/100] batch 240/300 (80%) loss=9958.2694 elapsed=151s eta=38s
  [kd_t1only_fair] [epoch 39/100] batch 270/300 (90%) loss=9923.5842 elapsed=169s eta=19s
  [kd_t1only_fair] [epoch 39/100] batch 300/300 (100%) loss=9963.8560 elapsed=188s eta=0s
[kd_t1only_fair] [sampler] sampled: {0: 400, 1: 400, 2: 400} total=1200 spalling_ratio=24.33%
[kd_t1only_fair] [sampler] unique: {0: 400, 1: 400, 2: 400} unique_total=1200 dup_ratio=1.00x
[kd_t1only_fair] [epoch 039/100] remain=61 epochs ep_eta=195.7min (avg 192s/ep)
[kd_t1only_fair] [epoch 039/100] lr=0.000043  dt=188.4s
  train loss=9963.8560  ce=0.0973 dice=0.1809  tversky=0.0000 bd=0.0000  cldice=0.0000 snake=0.0000
  val   skipped (next val at epoch 40)
[kd_t1only_fair] [curriculum] epoch 40: stage=1 tiers=[0, 1] pool={0: 400, 1: 400, 2: 0}
  [kd_t1only_fair] [epoch 40/100] batch 30/300 (10%) loss=10003.3340 elapsed=19s eta=174s
  [kd_t1only_fair] [epoch 40/100] batch 60/300 (20%) loss=9827.0715 elapsed=38s eta=153s
  [kd_t1only_fair] [epoch 40/100] batch 90/300 (30%) loss=10142.5201 elapsed=57s eta=133s
  [kd_t1only_fair] [epoch 40/100] batch 120/300 (40%) loss=9923.8642 elapsed=76s eta=113s
  [kd_t1only_fair] [epoch 40/100] batch 150/300 (50%) loss=9827.3245 elapsed=94s eta=94s
  [kd_t1only_fair] [epoch 40/100] batch 180/300 (60%) loss=9793.8893 elapsed=113s eta=75s
  [kd_t1only_fair] [epoch 40/100] batch 210/300 (70%) loss=9855.3412 elapsed=132s eta=57s
  [kd_t1only_fair] [epoch 40/100] batch 240/300 (80%) loss=9925.0805 elapsed=151s eta=38s
  [kd_t1only_fair] [epoch 40/100] batch 270/300 (90%) loss=9880.8721 elapsed=169s eta=19s
  [kd_t1only_fair] [epoch 40/100] batch 300/300 (100%) loss=9780.4190 elapsed=188s eta=0s
[kd_t1only_fair] [sampler] sampled: {0: 400, 1: 400, 2: 400} total=1200 spalling_ratio=24.33%
[kd_t1only_fair] [sampler] unique: {0: 400, 1: 400, 2: 400} unique_total=1200 dup_ratio=1.00x
[kd_t1only_fair] [epoch 040/100] remain=60 epochs ep_eta=192.6min (avg 193s/ep)
[kd_t1only_fair] [epoch 040/100] lr=0.000042  dt=197.6s
  train loss=9780.4190  ce=0.0966 dice=0.1843  tversky=0.0000 bd=0.0000  cldice=0.0000 snake=0.0000
  val   loss=0.2806
  IoU   bg=0.9765  crack=0.5729  spalling=0.7749  | mIoU_fg=0.6739  pix_acc=0.9770
  Dice  bg=0.9881  crack=0.7285  spalling=0.8732
  BF1   crack=0.7447  spalling=0.6319  | BF1_fg_mean=0.6883
[kd_t1only_fair] [curriculum] epoch 41: stage=1 tiers=[0, 1] pool={0: 400, 1: 400, 2: 0}
  [kd_t1only_fair] [epoch 41/100] batch 30/300 (10%) loss=7985.3998 elapsed=19s eta=175s
  [kd_t1only_fair] [epoch 41/100] batch 60/300 (20%) loss=8818.7415 elapsed=38s eta=152s
  [kd_t1only_fair] [epoch 41/100] batch 90/300 (30%) loss=8712.9166 elapsed=57s eta=132s
  [kd_t1only_fair] [epoch 41/100] batch 120/300 (40%) loss=8905.7388 elapsed=75s eta=113s
  [kd_t1only_fair] [epoch 41/100] batch 150/300 (50%) loss=8929.6130 elapsed=94s eta=94s
  [kd_t1only_fair] [epoch 41/100] batch 180/300 (60%) loss=8945.8886 elapsed=113s eta=75s
  [kd_t1only_fair] [epoch 41/100] batch 210/300 (70%) loss=8853.5000 elapsed=131s eta=56s
  [kd_t1only_fair] [epoch 41/100] batch 240/300 (80%) loss=8915.6024 elapsed=150s eta=38s
  [kd_t1only_fair] [epoch 41/100] batch 270/300 (90%) loss=8909.6764 elapsed=169s eta=19s
  [kd_t1only_fair] [epoch 41/100] batch 300/300 (100%) loss=8892.2517 elapsed=188s eta=0s
[kd_t1only_fair] [sampler] sampled: {0: 400, 1: 400, 2: 400} total=1200 spalling_ratio=24.33%
[kd_t1only_fair] [sampler] unique: {0: 400, 1: 400, 2: 400} unique_total=1200 dup_ratio=1.00x
[kd_t1only_fair] [epoch 041/100] remain=59 epochs ep_eta=189.4min (avg 193s/ep)
[kd_t1only_fair] [epoch 041/100] lr=0.000041  dt=187.8s
  train loss=8892.2517  ce=0.0923 dice=0.1764  tversky=0.0000 bd=0.0000  cldice=0.0000 snake=0.0000
  val   skipped (next val at epoch 45)
[kd_t1only_fair] [curriculum] epoch 42: stage=1 tiers=[0, 1] pool={0: 400, 1: 400, 2: 0}
  [kd_t1only_fair] [epoch 42/100] batch 30/300 (10%) loss=8184.9592 elapsed=20s eta=176s
  [kd_t1only_fair] [epoch 42/100] batch 60/300 (20%) loss=8497.7367 elapsed=38s eta=153s
  [kd_t1only_fair] [epoch 42/100] batch 90/300 (30%) loss=8583.3569 elapsed=57s eta=133s
  [kd_t1only_fair] [epoch 42/100] batch 120/300 (40%) loss=8994.1127 elapsed=76s eta=113s
  [kd_t1only_fair] [epoch 42/100] batch 150/300 (50%) loss=10528.7081 elapsed=94s eta=94s
  [kd_t1only_fair] [epoch 42/100] batch 180/300 (60%) loss=10884.2740 elapsed=113s eta=75s
  [kd_t1only_fair] [epoch 42/100] batch 210/300 (70%) loss=10834.3592 elapsed=132s eta=56s
  [kd_t1only_fair] [epoch 42/100] batch 240/300 (80%) loss=10760.9569 elapsed=150s eta=38s
  [kd_t1only_fair] [epoch 42/100] batch 270/300 (90%) loss=10743.4438 elapsed=169s eta=19s
  [kd_t1only_fair] [epoch 42/100] batch 300/300 (100%) loss=10581.6174 elapsed=188s eta=0s
[kd_t1only_fair] [sampler] sampled: {0: 400, 1: 400, 2: 400} total=1200 spalling_ratio=24.33%
[kd_t1only_fair] [sampler] unique: {0: 400, 1: 400, 2: 400} unique_total=1200 dup_ratio=1.00x
[kd_t1only_fair] [epoch 042/100] remain=58 epochs ep_eta=186.1min (avg 193s/ep)
[kd_t1only_fair] [epoch 042/100] lr=0.000040  dt=188.4s
  train loss=10581.6174  ce=0.0981 dice=0.1812  tversky=0.0000 bd=0.0000  cldice=0.0000 snake=0.0000
  val   skipped (next val at epoch 45)
[kd_t1only_fair] [curriculum] epoch 43: stage=1 tiers=[0, 1] pool={0: 400, 1: 400, 2: 0}
  [kd_t1only_fair] [epoch 43/100] batch 30/300 (10%) loss=8360.1153 elapsed=20s eta=176s
  [kd_t1only_fair] [epoch 43/100] batch 60/300 (20%) loss=9038.4718 elapsed=38s eta=153s
  [kd_t1only_fair] [epoch 43/100] batch 90/300 (30%) loss=9236.5869 elapsed=57s eta=133s
  [kd_t1only_fair] [epoch 43/100] batch 120/300 (40%) loss=9371.7080 elapsed=76s eta=114s
  [kd_t1only_fair] [epoch 43/100] batch 150/300 (50%) loss=9265.9828 elapsed=95s eta=95s
  [kd_t1only_fair] [epoch 43/100] batch 180/300 (60%) loss=9268.7067 elapsed=113s eta=76s
  [kd_t1only_fair] [epoch 43/100] batch 210/300 (70%) loss=9195.1406 elapsed=132s eta=57s
  [kd_t1only_fair] [epoch 43/100] batch 240/300 (80%) loss=9061.5579 elapsed=151s eta=38s
  [kd_t1only_fair] [epoch 43/100] batch 270/300 (90%) loss=9040.6931 elapsed=169s eta=19s
  [kd_t1only_fair] [epoch 43/100] batch 300/300 (100%) loss=8937.2796 elapsed=188s eta=0s
[kd_t1only_fair] [sampler] sampled: {0: 400, 1: 400, 2: 400} total=1200 spalling_ratio=24.33%
[kd_t1only_fair] [sampler] unique: {0: 400, 1: 400, 2: 400} unique_total=1200 dup_ratio=1.00x
[kd_t1only_fair] [epoch 043/100] remain=57 epochs ep_eta=182.8min (avg 192s/ep)
[kd_t1only_fair] [epoch 043/100] lr=0.000039  dt=188.1s
  train loss=8937.2796  ce=0.0930 dice=0.1778  tversky=0.0000 bd=0.0000  cldice=0.0000 snake=0.0000
  val   skipped (next val at epoch 45)
[kd_t1only_fair] [curriculum] epoch 44: stage=1 tiers=[0, 1] pool={0: 400, 1: 400, 2: 0}
  [kd_t1only_fair] [epoch 44/100] batch 30/300 (10%) loss=8255.9019 elapsed=19s eta=173s
  [kd_t1only_fair] [epoch 44/100] batch 60/300 (20%) loss=8785.0578 elapsed=38s eta=152s
  [kd_t1only_fair] [epoch 44/100] batch 90/300 (30%) loss=8684.1410 elapsed=57s eta=132s
  [kd_t1only_fair] [epoch 44/100] batch 120/300 (40%) loss=8498.2385 elapsed=75s eta=113s
  [kd_t1only_fair] [epoch 44/100] batch 150/300 (50%) loss=8431.4291 elapsed=94s eta=94s
  [kd_t1only_fair] [epoch 44/100] batch 180/300 (60%) loss=8526.9415 elapsed=113s eta=75s
  [kd_t1only_fair] [epoch 44/100] batch 210/300 (70%) loss=8531.0382 elapsed=131s eta=56s
  [kd_t1only_fair] [epoch 44/100] batch 240/300 (80%) loss=8587.3174 elapsed=150s eta=38s
  [kd_t1only_fair] [epoch 44/100] batch 270/300 (90%) loss=8817.3497 elapsed=169s eta=19s
  [kd_t1only_fair] [epoch 44/100] batch 300/300 (100%) loss=8835.8510 elapsed=188s eta=0s
[kd_t1only_fair] [sampler] sampled: {0: 400, 1: 400, 2: 400} total=1200 spalling_ratio=24.33%
[kd_t1only_fair] [sampler] unique: {0: 400, 1: 400, 2: 400} unique_total=1200 dup_ratio=1.00x
[kd_t1only_fair] [epoch 044/100] remain=56 epochs ep_eta=179.6min (avg 192s/ep)
[kd_t1only_fair] [epoch 044/100] lr=0.000038  dt=187.9s
  train loss=8835.8510  ce=0.0929 dice=0.1799  tversky=0.0000 bd=0.0000  cldice=0.0000 snake=0.0000
  val   skipped (next val at epoch 45)
[kd_t1only_fair] [curriculum] epoch 45: stage=1 tiers=[0, 1] pool={0: 400, 1: 400, 2: 0}
  [kd_t1only_fair] [epoch 45/100] batch 30/300 (10%) loss=8176.3444 elapsed=19s eta=175s
  [kd_t1only_fair] [epoch 45/100] batch 60/300 (20%) loss=9495.5355 elapsed=38s eta=153s
  [kd_t1only_fair] [epoch 45/100] batch 90/300 (30%) loss=9368.5922 elapsed=57s eta=133s
  [kd_t1only_fair] [epoch 45/100] batch 120/300 (40%) loss=9187.7547 elapsed=76s eta=114s
  [kd_t1only_fair] [epoch 45/100] batch 150/300 (50%) loss=9157.8436 elapsed=95s eta=95s
  [kd_t1only_fair] [epoch 45/100] batch 180/300 (60%) loss=9135.5434 elapsed=113s eta=76s
  [kd_t1only_fair] [epoch 45/100] batch 210/300 (70%) loss=8960.2571 elapsed=132s eta=57s
  [kd_t1only_fair] [epoch 45/100] batch 240/300 (80%) loss=8935.7467 elapsed=151s eta=38s
  [kd_t1only_fair] [epoch 45/100] batch 270/300 (90%) loss=8825.1107 elapsed=169s eta=19s
  [kd_t1only_fair] [epoch 45/100] batch 300/300 (100%) loss=8761.4026 elapsed=188s eta=0s
[kd_t1only_fair] [sampler] sampled: {0: 400, 1: 400, 2: 400} total=1200 spalling_ratio=24.33%
[kd_t1only_fair] [sampler] unique: {0: 400, 1: 400, 2: 400} unique_total=1200 dup_ratio=1.00x
[kd_t1only_fair] [epoch 045/100] remain=55 epochs ep_eta=176.5min (avg 193s/ep)
[kd_t1only_fair] [epoch 045/100] lr=0.000037  dt=197.7s
  train loss=8761.4026  ce=0.0926 dice=0.1756  tversky=0.0000 bd=0.0000  cldice=0.0000 snake=0.0000
  val   loss=0.2699
  IoU   bg=0.9760  crack=0.5691  spalling=0.7806  | mIoU_fg=0.6749  pix_acc=0.9766
  Dice  bg=0.9879  crack=0.7254  spalling=0.8768
  BF1   crack=0.7419  spalling=0.6385  | BF1_fg_mean=0.6902
[kd_t1only_fair] [curriculum] epoch 46: stage=1 tiers=[0, 1] pool={0: 400, 1: 400, 2: 0}
  [kd_t1only_fair] [epoch 46/100] batch 30/300 (10%) loss=8181.2524 elapsed=19s eta=172s
  [kd_t1only_fair] [epoch 46/100] batch 60/300 (20%) loss=8116.7670 elapsed=38s eta=151s
  [kd_t1only_fair] [epoch 46/100] batch 90/300 (30%) loss=7782.8979 elapsed=56s eta=131s
  [kd_t1only_fair] [epoch 46/100] batch 120/300 (40%) loss=8019.3495 elapsed=75s eta=112s
  [kd_t1only_fair] [epoch 46/100] batch 150/300 (50%) loss=8013.0519 elapsed=93s eta=93s
  [kd_t1only_fair] [epoch 46/100] batch 180/300 (60%) loss=8079.9167 elapsed=112s eta=75s
  [kd_t1only_fair] [epoch 46/100] batch 210/300 (70%) loss=8026.3037 elapsed=131s eta=56s
  [kd_t1only_fair] [epoch 46/100] batch 240/300 (80%) loss=8026.0352 elapsed=149s eta=37s
  [kd_t1only_fair] [epoch 46/100] batch 270/300 (90%) loss=8014.4587 elapsed=168s eta=19s
  [kd_t1only_fair] [epoch 46/100] batch 300/300 (100%) loss=8082.5039 elapsed=187s eta=0s
[kd_t1only_fair] [sampler] sampled: {0: 400, 1: 400, 2: 400} total=1200 spalling_ratio=24.33%
[kd_t1only_fair] [sampler] unique: {0: 400, 1: 400, 2: 400} unique_total=1200 dup_ratio=1.00x
[kd_t1only_fair] [epoch 046/100] remain=54 epochs ep_eta=173.2min (avg 192s/ep)
[kd_t1only_fair] [epoch 046/100] lr=0.000036  dt=186.9s
  train loss=8082.5039  ce=0.0891 dice=0.1743  tversky=0.0000 bd=0.0000  cldice=0.0000 snake=0.0000
  val   skipped (next val at epoch 50)
[kd_t1only_fair] [curriculum] epoch 47: stage=1 tiers=[0, 1] pool={0: 400, 1: 400, 2: 0}
  [kd_t1only_fair] [epoch 47/100] batch 30/300 (10%) loss=7144.4388 elapsed=19s eta=175s
  [kd_t1only_fair] [epoch 47/100] batch 60/300 (20%) loss=7909.5569 elapsed=38s eta=154s
  [kd_t1only_fair] [epoch 47/100] batch 90/300 (30%) loss=8160.6720 elapsed=57s eta=133s
  [kd_t1only_fair] [epoch 47/100] batch 120/300 (40%) loss=8187.6829 elapsed=76s eta=113s
  [kd_t1only_fair] [epoch 47/100] batch 150/300 (50%) loss=8087.5447 elapsed=94s eta=94s
  [kd_t1only_fair] [epoch 47/100] batch 180/300 (60%) loss=7986.9499 elapsed=113s eta=75s
  [kd_t1only_fair] [epoch 47/100] batch 210/300 (70%) loss=7909.6625 elapsed=131s eta=56s
  [kd_t1only_fair] [epoch 47/100] batch 240/300 (80%) loss=7867.2952 elapsed=150s eta=38s
  [kd_t1only_fair] [epoch 47/100] batch 270/300 (90%) loss=7787.4416 elapsed=169s eta=19s
  [kd_t1only_fair] [epoch 47/100] batch 300/300 (100%) loss=7847.6395 elapsed=187s eta=0s
[kd_t1only_fair] [sampler] sampled: {0: 400, 1: 400, 2: 400} total=1200 spalling_ratio=24.33%
[kd_t1only_fair] [sampler] unique: {0: 400, 1: 400, 2: 400} unique_total=1200 dup_ratio=1.00x
[kd_t1only_fair] [epoch 047/100] remain=53 epochs ep_eta=170.0min (avg 192s/ep)
[kd_t1only_fair] [epoch 047/100] lr=0.000035  dt=187.7s
  train loss=7847.6395  ce=0.0890 dice=0.1782  tversky=0.0000 bd=0.0000  cldice=0.0000 snake=0.0000
  val   skipped (next val at epoch 50)
[kd_t1only_fair] [curriculum] epoch 48: stage=1 tiers=[0, 1] pool={0: 400, 1: 400, 2: 0}
  [kd_t1only_fair] [epoch 48/100] batch 30/300 (10%) loss=7267.6388 elapsed=20s eta=176s
  [kd_t1only_fair] [epoch 48/100] batch 60/300 (20%) loss=7236.3731 elapsed=38s eta=153s
  [kd_t1only_fair] [epoch 48/100] batch 90/300 (30%) loss=7091.9541 elapsed=57s eta=133s
  [kd_t1only_fair] [epoch 48/100] batch 120/300 (40%) loss=7091.6511 elapsed=76s eta=113s
  [kd_t1only_fair] [epoch 48/100] batch 150/300 (50%) loss=7222.2330 elapsed=95s eta=95s
  [kd_t1only_fair] [epoch 48/100] batch 180/300 (60%) loss=7316.0368 elapsed=113s eta=75s
  [kd_t1only_fair] [epoch 48/100] batch 210/300 (70%) loss=7374.8250 elapsed=132s eta=57s
  [kd_t1only_fair] [epoch 48/100] batch 240/300 (80%) loss=7353.8716 elapsed=151s eta=38s
  [kd_t1only_fair] [epoch 48/100] batch 270/300 (90%) loss=7440.7308 elapsed=169s eta=19s
  [kd_t1only_fair] [epoch 48/100] batch 300/300 (100%) loss=7485.9091 elapsed=188s eta=0s
[kd_t1only_fair] [sampler] sampled: {0: 400, 1: 400, 2: 400} total=1200 spalling_ratio=24.33%
[kd_t1only_fair] [sampler] unique: {0: 400, 1: 400, 2: 400} unique_total=1200 dup_ratio=1.00x
[kd_t1only_fair] [epoch 048/100] remain=52 epochs ep_eta=166.7min (avg 192s/ep)
[kd_t1only_fair] [epoch 048/100] lr=0.000034  dt=187.9s
  train loss=7485.9091  ce=0.0886 dice=0.1797  tversky=0.0000 bd=0.0000  cldice=0.0000 snake=0.0000
  val   skipped (next val at epoch 50)
[kd_t1only_fair] [curriculum] epoch 49: stage=1 tiers=[0, 1] pool={0: 400, 1: 400, 2: 0}
  [kd_t1only_fair] [epoch 49/100] batch 30/300 (10%) loss=7369.3947 elapsed=19s eta=173s
  [kd_t1only_fair] [epoch 49/100] batch 60/300 (20%) loss=7811.7767 elapsed=38s eta=153s
  [kd_t1only_fair] [epoch 49/100] batch 90/300 (30%) loss=7562.0690 elapsed=57s eta=133s
  [kd_t1only_fair] [epoch 49/100] batch 120/300 (40%) loss=7611.1317 elapsed=76s eta=113s
  [kd_t1only_fair] [epoch 49/100] batch 150/300 (50%) loss=7508.5106 elapsed=94s eta=94s
  [kd_t1only_fair] [epoch 49/100] batch 180/300 (60%) loss=7380.7174 elapsed=113s eta=75s
  [kd_t1only_fair] [epoch 49/100] batch 210/300 (70%) loss=7393.7612 elapsed=132s eta=56s
  [kd_t1only_fair] [epoch 49/100] batch 240/300 (80%) loss=7447.5706 elapsed=150s eta=38s
  [kd_t1only_fair] [epoch 49/100] batch 270/300 (90%) loss=7418.2807 elapsed=169s eta=19s
  [kd_t1only_fair] [epoch 49/100] batch 300/300 (100%) loss=7498.3769 elapsed=188s eta=0s
[kd_t1only_fair] [sampler] sampled: {0: 400, 1: 400, 2: 400} total=1200 spalling_ratio=24.33%
[kd_t1only_fair] [sampler] unique: {0: 400, 1: 400, 2: 400} unique_total=1200 dup_ratio=1.00x
[kd_t1only_fair] [epoch 049/100] remain=51 epochs ep_eta=163.5min (avg 192s/ep)
[kd_t1only_fair] [epoch 049/100] lr=0.000033  dt=188.1s
  train loss=7498.3769  ce=0.0886 dice=0.1785  tversky=0.0000 bd=0.0000  cldice=0.0000 snake=0.0000
  val   skipped (next val at epoch 50)
[kd_t1only_fair] [curriculum] epoch 50: stage=1 tiers=[0, 1] pool={0: 400, 1: 400, 2: 0}
  [kd_t1only_fair] [epoch 50/100] batch 30/300 (10%) loss=6963.5297 elapsed=19s eta=175s
  [kd_t1only_fair] [epoch 50/100] batch 60/300 (20%) loss=7295.6583 elapsed=38s eta=153s
  [kd_t1only_fair] [epoch 50/100] batch 90/300 (30%) loss=7087.0123 elapsed=57s eta=133s
  [kd_t1only_fair] [epoch 50/100] batch 120/300 (40%) loss=7014.4702 elapsed=75s eta=113s
  [kd_t1only_fair] [epoch 50/100] batch 150/300 (50%) loss=6921.1917 elapsed=94s eta=94s
  [kd_t1only_fair] [epoch 50/100] batch 180/300 (60%) loss=7012.3733 elapsed=113s eta=75s
  [kd_t1only_fair] [epoch 50/100] batch 210/300 (70%) loss=6998.7059 elapsed=132s eta=56s
  [kd_t1only_fair] [epoch 50/100] batch 240/300 (80%) loss=7102.2223 elapsed=150s eta=38s
  [kd_t1only_fair] [epoch 50/100] batch 270/300 (90%) loss=7144.7405 elapsed=169s eta=19s
  [kd_t1only_fair] [epoch 50/100] batch 300/300 (100%) loss=7184.0654 elapsed=188s eta=0s
[kd_t1only_fair] [sampler] sampled: {0: 400, 1: 400, 2: 400} total=1200 spalling_ratio=24.33%
[kd_t1only_fair] [sampler] unique: {0: 400, 1: 400, 2: 400} unique_total=1200 dup_ratio=1.00x
[kd_t1only_fair] [epoch 050/100] remain=50 epochs ep_eta=160.4min (avg 192s/ep)
[kd_t1only_fair] [epoch 050/100] lr=0.000032  dt=197.4s
  train loss=7184.0654  ce=0.0869 dice=0.1726  tversky=0.0000 bd=0.0000  cldice=0.0000 snake=0.0000
  val   loss=0.2697
  IoU   bg=0.9761  crack=0.5747  spalling=0.7901  | mIoU_fg=0.6824  pix_acc=0.9768
  Dice  bg=0.9879  crack=0.7299  spalling=0.8827
  BF1   crack=0.7435  spalling=0.6174  | BF1_fg_mean=0.6804
[kd_t1only_fair] [curriculum] epoch 51: stage=1 tiers=[0, 1] pool={0: 400, 1: 400, 2: 0}
  [kd_t1only_fair] [epoch 51/100] batch 30/300 (10%) loss=7212.0979 elapsed=19s eta=174s
  [kd_t1only_fair] [epoch 51/100] batch 60/300 (20%) loss=6836.6425 elapsed=38s eta=152s
  [kd_t1only_fair] [epoch 51/100] batch 90/300 (30%) loss=6857.7065 elapsed=57s eta=132s
  [kd_t1only_fair] [epoch 51/100] batch 120/300 (40%) loss=6820.3631 elapsed=75s eta=113s
  [kd_t1only_fair] [epoch 51/100] batch 150/300 (50%) loss=6898.8886 elapsed=94s eta=94s
  [kd_t1only_fair] [epoch 51/100] batch 180/300 (60%) loss=6988.6018 elapsed=113s eta=75s
  [kd_t1only_fair] [epoch 51/100] batch 210/300 (70%) loss=6920.5783 elapsed=131s eta=56s
  [kd_t1only_fair] [epoch 51/100] batch 240/300 (80%) loss=6937.6370 elapsed=150s eta=37s
  [kd_t1only_fair] [epoch 51/100] batch 270/300 (90%) loss=7006.2356 elapsed=168s eta=19s
  [kd_t1only_fair] [epoch 51/100] batch 300/300 (100%) loss=6951.6404 elapsed=187s eta=0s
[kd_t1only_fair] [sampler] sampled: {0: 400, 1: 400, 2: 400} total=1200 spalling_ratio=24.33%
[kd_t1only_fair] [sampler] unique: {0: 400, 1: 400, 2: 400} unique_total=1200 dup_ratio=1.00x
[kd_t1only_fair] [epoch 051/100] remain=49 epochs ep_eta=157.1min (avg 192s/ep)
[kd_t1only_fair] [epoch 051/100] lr=0.000031  dt=187.2s
  train loss=6951.6404  ce=0.0864 dice=0.1706  tversky=0.0000 bd=0.0000  cldice=0.0000 snake=0.0000
  val   skipped (next val at epoch 55)
[kd_t1only_fair] [curriculum] epoch 52: stage=1 tiers=[0, 1] pool={0: 400, 1: 400, 2: 0}
  [kd_t1only_fair] [epoch 52/100] batch 30/300 (10%) loss=7531.6777 elapsed=19s eta=175s
  [kd_t1only_fair] [epoch 52/100] batch 60/300 (20%) loss=7353.2823 elapsed=38s eta=152s
  [kd_t1only_fair] [epoch 52/100] batch 90/300 (30%) loss=7114.9399 elapsed=57s eta=132s
  [kd_t1only_fair] [epoch 52/100] batch 120/300 (40%) loss=7084.5999 elapsed=75s eta=113s
  [kd_t1only_fair] [epoch 52/100] batch 150/300 (50%) loss=7066.1137 elapsed=94s eta=94s
  [kd_t1only_fair] [epoch 52/100] batch 180/300 (60%) loss=7092.2001 elapsed=113s eta=75s
  [kd_t1only_fair] [epoch 52/100] batch 210/300 (70%) loss=7133.0054 elapsed=131s eta=56s
  [kd_t1only_fair] [epoch 52/100] batch 240/300 (80%) loss=7103.8577 elapsed=150s eta=37s
  [kd_t1only_fair] [epoch 52/100] batch 270/300 (90%) loss=7112.5834 elapsed=169s eta=19s
  [kd_t1only_fair] [epoch 52/100] batch 300/300 (100%) loss=7111.1842 elapsed=187s eta=0s
[kd_t1only_fair] [sampler] sampled: {0: 400, 1: 400, 2: 400} total=1200 spalling_ratio=24.33%
[kd_t1only_fair] [sampler] unique: {0: 400, 1: 400, 2: 400} unique_total=1200 dup_ratio=1.00x
[kd_t1only_fair] [epoch 052/100] remain=48 epochs ep_eta=153.9min (avg 192s/ep)
[kd_t1only_fair] [epoch 052/100] lr=0.000030  dt=187.6s
  train loss=7111.1842  ce=0.0862 dice=0.1766  tversky=0.0000 bd=0.0000  cldice=0.0000 snake=0.0000
  val   skipped (next val at epoch 55)
[kd_t1only_fair] [curriculum] epoch 53: stage=1 tiers=[0, 1] pool={0: 400, 1: 400, 2: 0}
  [kd_t1only_fair] [epoch 53/100] batch 30/300 (10%) loss=7124.2251 elapsed=19s eta=174s
  [kd_t1only_fair] [epoch 53/100] batch 60/300 (20%) loss=7432.8023 elapsed=38s eta=152s
  [kd_t1only_fair] [epoch 53/100] batch 90/300 (30%) loss=7339.4045 elapsed=57s eta=132s
  [kd_t1only_fair] [epoch 53/100] batch 120/300 (40%) loss=7303.0188 elapsed=75s eta=113s
  [kd_t1only_fair] [epoch 53/100] batch 150/300 (50%) loss=7212.3570 elapsed=94s eta=94s
  [kd_t1only_fair] [epoch 53/100] batch 180/300 (60%) loss=7118.2068 elapsed=113s eta=75s
  [kd_t1only_fair] [epoch 53/100] batch 210/300 (70%) loss=7014.7738 elapsed=132s eta=56s
  [kd_t1only_fair] [epoch 53/100] batch 240/300 (80%) loss=7057.6915 elapsed=150s eta=38s
  [kd_t1only_fair] [epoch 53/100] batch 270/300 (90%) loss=7042.6730 elapsed=169s eta=19s
  [kd_t1only_fair] [epoch 53/100] batch 300/300 (100%) loss=7055.7142 elapsed=187s eta=0s
[kd_t1only_fair] [sampler] sampled: {0: 400, 1: 400, 2: 400} total=1200 spalling_ratio=24.33%
[kd_t1only_fair] [sampler] unique: {0: 400, 1: 400, 2: 400} unique_total=1200 dup_ratio=1.00x
[kd_t1only_fair] [epoch 053/100] remain=47 epochs ep_eta=150.6min (avg 192s/ep)
[kd_t1only_fair] [epoch 053/100] lr=0.000030  dt=187.6s
  train loss=7055.7142  ce=0.0867 dice=0.1767  tversky=0.0000 bd=0.0000  cldice=0.0000 snake=0.0000
  val   skipped (next val at epoch 55)
[kd_t1only_fair] [curriculum] epoch 54: stage=1 tiers=[0, 1] pool={0: 400, 1: 400, 2: 0}
  [kd_t1only_fair] [epoch 54/100] batch 30/300 (10%) loss=6729.6619 elapsed=19s eta=173s
  [kd_t1only_fair] [epoch 54/100] batch 60/300 (20%) loss=6542.1063 elapsed=38s eta=152s
  [kd_t1only_fair] [epoch 54/100] batch 90/300 (30%) loss=6682.0905 elapsed=57s eta=132s
  [kd_t1only_fair] [epoch 54/100] batch 120/300 (40%) loss=6683.2004 elapsed=75s eta=113s
  [kd_t1only_fair] [epoch 54/100] batch 150/300 (50%) loss=6579.5605 elapsed=94s eta=94s
  [kd_t1only_fair] [epoch 54/100] batch 180/300 (60%) loss=6467.6867 elapsed=112s eta=75s
  [kd_t1only_fair] [epoch 54/100] batch 210/300 (70%) loss=6490.8212 elapsed=131s eta=56s
  [kd_t1only_fair] [epoch 54/100] batch 240/300 (80%) loss=6555.9850 elapsed=150s eta=37s
  [kd_t1only_fair] [epoch 54/100] batch 270/300 (90%) loss=6597.1691 elapsed=169s eta=19s
  [kd_t1only_fair] [epoch 54/100] batch 300/300 (100%) loss=6754.8475 elapsed=187s eta=0s
[kd_t1only_fair] [sampler] sampled: {0: 400, 1: 400, 2: 400} total=1200 spalling_ratio=24.33%
[kd_t1only_fair] [sampler] unique: {0: 400, 1: 400, 2: 400} unique_total=1200 dup_ratio=1.00x
[kd_t1only_fair] [epoch 054/100] remain=46 epochs ep_eta=147.4min (avg 192s/ep)
[kd_t1only_fair] [epoch 054/100] lr=0.000029  dt=187.7s
  train loss=6754.8475  ce=0.0851 dice=0.1740  tversky=0.0000 bd=0.0000  cldice=0.0000 snake=0.0000
  val   skipped (next val at epoch 55)
[kd_t1only_fair] [curriculum] epoch 55: stage=1 tiers=[0, 1] pool={0: 400, 1: 400, 2: 0}
  [kd_t1only_fair] [epoch 55/100] batch 30/300 (10%) loss=8202.8652 elapsed=20s eta=176s
  [kd_t1only_fair] [epoch 55/100] batch 60/300 (20%) loss=7847.0633 elapsed=38s eta=153s
  [kd_t1only_fair] [epoch 55/100] batch 90/300 (30%) loss=7590.4058 elapsed=57s eta=133s
  [kd_t1only_fair] [epoch 55/100] batch 120/300 (40%) loss=7514.0069 elapsed=76s eta=114s
  [kd_t1only_fair] [epoch 55/100] batch 150/300 (50%) loss=7335.6257 elapsed=95s eta=95s
  [kd_t1only_fair] [epoch 55/100] batch 180/300 (60%) loss=7269.2602 elapsed=113s eta=75s
  [kd_t1only_fair] [epoch 55/100] batch 210/300 (70%) loss=7125.4344 elapsed=132s eta=56s
  [kd_t1only_fair] [epoch 55/100] batch 240/300 (80%) loss=7058.5281 elapsed=151s eta=38s
  [kd_t1only_fair] [epoch 55/100] batch 270/300 (90%) loss=6995.1144 elapsed=169s eta=19s
  [kd_t1only_fair] [epoch 55/100] batch 300/300 (100%) loss=6940.9674 elapsed=188s eta=0s
[kd_t1only_fair] [sampler] sampled: {0: 400, 1: 400, 2: 400} total=1200 spalling_ratio=24.33%
[kd_t1only_fair] [sampler] unique: {0: 400, 1: 400, 2: 400} unique_total=1200 dup_ratio=1.00x
[kd_t1only_fair] [epoch 055/100] remain=45 epochs ep_eta=144.2min (avg 192s/ep)
[kd_t1only_fair] [epoch 055/100] lr=0.000028  dt=197.6s
  train loss=6940.9674  ce=0.0866 dice=0.1719  tversky=0.0000 bd=0.0000  cldice=0.0000 snake=0.0000
  val   loss=0.2533
  IoU   bg=0.9765  crack=0.5722  spalling=0.8048  | mIoU_fg=0.6885  pix_acc=0.9771
  Dice  bg=0.9881  crack=0.7279  spalling=0.8919
  BF1   crack=0.7393  spalling=0.6440  | BF1_fg_mean=0.6917
  [kd_t1only_fair] [best] mIoU_fg=0.6885  saved -> best.pt
[kd_t1only_fair] [curriculum] epoch 56: stage=1 tiers=[0, 1] pool={0: 400, 1: 400, 2: 0}
  [kd_t1only_fair] [epoch 56/100] batch 30/300 (10%) loss=7077.8303 elapsed=19s eta=172s
  [kd_t1only_fair] [epoch 56/100] batch 60/300 (20%) loss=6694.7561 elapsed=38s eta=151s
  [kd_t1only_fair] [epoch 56/100] batch 90/300 (30%) loss=6924.7380 elapsed=56s eta=131s
  [kd_t1only_fair] [epoch 56/100] batch 120/300 (40%) loss=7044.5667 elapsed=75s eta=113s
  [kd_t1only_fair] [epoch 56/100] batch 150/300 (50%) loss=6977.3282 elapsed=94s eta=94s
  [kd_t1only_fair] [epoch 56/100] batch 180/300 (60%) loss=6821.2478 elapsed=113s eta=75s
  [kd_t1only_fair] [epoch 56/100] batch 210/300 (70%) loss=6759.4410 elapsed=131s eta=56s
  [kd_t1only_fair] [epoch 56/100] batch 240/300 (80%) loss=6917.3905 elapsed=150s eta=37s
  [kd_t1only_fair] [epoch 56/100] batch 270/300 (90%) loss=6900.2442 elapsed=168s eta=19s
  [kd_t1only_fair] [epoch 56/100] batch 300/300 (100%) loss=6887.0332 elapsed=187s eta=0s
[kd_t1only_fair] [sampler] sampled: {0: 400, 1: 400, 2: 400} total=1200 spalling_ratio=24.33%
[kd_t1only_fair] [sampler] unique: {0: 400, 1: 400, 2: 400} unique_total=1200 dup_ratio=1.00x
[kd_t1only_fair] [epoch 056/100] remain=44 epochs ep_eta=141.0min (avg 192s/ep)
[kd_t1only_fair] [epoch 056/100] lr=0.000027  dt=187.3s
  train loss=6887.0332  ce=0.0854 dice=0.1707  tversky=0.0000 bd=0.0000  cldice=0.0000 snake=0.0000
  val   skipped (next val at epoch 60)
[kd_t1only_fair] [curriculum] epoch 57: stage=1 tiers=[0, 1] pool={0: 400, 1: 400, 2: 0}
  [kd_t1only_fair] [epoch 57/100] batch 30/300 (10%) loss=6849.8655 elapsed=20s eta=178s
  [kd_t1only_fair] [epoch 57/100] batch 60/300 (20%) loss=6720.7634 elapsed=39s eta=154s
  [kd_t1only_fair] [epoch 57/100] batch 90/300 (30%) loss=6600.8817 elapsed=57s eta=133s
  [kd_t1only_fair] [epoch 57/100] batch 120/300 (40%) loss=6622.0372 elapsed=76s eta=114s
  [kd_t1only_fair] [epoch 57/100] batch 150/300 (50%) loss=6584.5455 elapsed=95s eta=95s
  [kd_t1only_fair] [epoch 57/100] batch 180/300 (60%) loss=6602.2546 elapsed=114s eta=76s
  [kd_t1only_fair] [epoch 57/100] batch 210/300 (70%) loss=6548.9097 elapsed=132s eta=57s
  [kd_t1only_fair] [epoch 57/100] batch 240/300 (80%) loss=6473.1134 elapsed=151s eta=38s
  [kd_t1only_fair] [epoch 57/100] batch 270/300 (90%) loss=6378.9047 elapsed=169s eta=19s
  [kd_t1only_fair] [epoch 57/100] batch 300/300 (100%) loss=6444.9662 elapsed=188s eta=0s
[kd_t1only_fair] [sampler] sampled: {0: 400, 1: 400, 2: 400} total=1200 spalling_ratio=24.33%
[kd_t1only_fair] [sampler] unique: {0: 400, 1: 400, 2: 400} unique_total=1200 dup_ratio=1.00x
[kd_t1only_fair] [epoch 057/100] remain=43 epochs ep_eta=137.8min (avg 192s/ep)
[kd_t1only_fair] [epoch 057/100] lr=0.000026  dt=188.6s
  train loss=6444.9662  ce=0.0851 dice=0.1683  tversky=0.0000 bd=0.0000  cldice=0.0000 snake=0.0000
  val   skipped (next val at epoch 60)
[kd_t1only_fair] [curriculum] epoch 58: stage=1 tiers=[0, 1] pool={0: 400, 1: 400, 2: 0}
  [kd_t1only_fair] [epoch 58/100] batch 30/300 (10%) loss=5841.2697 elapsed=19s eta=174s
  [kd_t1only_fair] [epoch 58/100] batch 60/300 (20%) loss=6298.3288 elapsed=38s eta=152s
  [kd_t1only_fair] [epoch 58/100] batch 90/300 (30%) loss=6266.1633 elapsed=57s eta=133s
  [kd_t1only_fair] [epoch 58/100] batch 120/300 (40%) loss=6298.1745 elapsed=76s eta=113s
  [kd_t1only_fair] [epoch 58/100] batch 150/300 (50%) loss=6309.1925 elapsed=94s eta=94s
  [kd_t1only_fair] [epoch 58/100] batch 180/300 (60%) loss=6346.8557 elapsed=113s eta=75s
  [kd_t1only_fair] [epoch 58/100] batch 210/300 (70%) loss=6286.5598 elapsed=132s eta=56s
  [kd_t1only_fair] [epoch 58/100] batch 240/300 (80%) loss=6303.1394 elapsed=150s eta=38s
  [kd_t1only_fair] [epoch 58/100] batch 270/300 (90%) loss=6268.2038 elapsed=169s eta=19s
  [kd_t1only_fair] [epoch 58/100] batch 300/300 (100%) loss=6245.3507 elapsed=188s eta=0s
[kd_t1only_fair] [sampler] sampled: {0: 400, 1: 400, 2: 400} total=1200 spalling_ratio=24.33%
[kd_t1only_fair] [sampler] unique: {0: 400, 1: 400, 2: 400} unique_total=1200 dup_ratio=1.00x
[kd_t1only_fair] [epoch 058/100] remain=42 epochs ep_eta=134.6min (avg 192s/ep)
[kd_t1only_fair] [epoch 058/100] lr=0.000025  dt=188.2s
  train loss=6245.3507  ce=0.0834 dice=0.1710  tversky=0.0000 bd=0.0000  cldice=0.0000 snake=0.0000
  val   skipped (next val at epoch 60)
[kd_t1only_fair] [curriculum] epoch 59: stage=1 tiers=[0, 1] pool={0: 400, 1: 400, 2: 0}
  [kd_t1only_fair] [epoch 59/100] batch 30/300 (10%) loss=6747.6280 elapsed=19s eta=172s
  [kd_t1only_fair] [epoch 59/100] batch 60/300 (20%) loss=6247.2971 elapsed=38s eta=152s
  [kd_t1only_fair] [epoch 59/100] batch 90/300 (30%) loss=6113.5139 elapsed=56s eta=132s
  [kd_t1only_fair] [epoch 59/100] batch 120/300 (40%) loss=6083.7872 elapsed=75s eta=113s
  [kd_t1only_fair] [epoch 59/100] batch 150/300 (50%) loss=5952.5778 elapsed=94s eta=94s
  [kd_t1only_fair] [epoch 59/100] batch 180/300 (60%) loss=5972.6967 elapsed=113s eta=75s
  [kd_t1only_fair] [epoch 59/100] batch 210/300 (70%) loss=6024.5773 elapsed=132s eta=56s
  [kd_t1only_fair] [epoch 59/100] batch 240/300 (80%) loss=6008.0204 elapsed=150s eta=38s
  [kd_t1only_fair] [epoch 59/100] batch 270/300 (90%) loss=5960.7494 elapsed=169s eta=19s
  [kd_t1only_fair] [epoch 59/100] batch 300/300 (100%) loss=5981.5658 elapsed=188s eta=0s
[kd_t1only_fair] [sampler] sampled: {0: 400, 1: 400, 2: 400} total=1200 spalling_ratio=24.33%
[kd_t1only_fair] [sampler] unique: {0: 400, 1: 400, 2: 400} unique_total=1200 dup_ratio=1.00x
[kd_t1only_fair] [epoch 059/100] remain=41 epochs ep_eta=131.3min (avg 192s/ep)
[kd_t1only_fair] [epoch 059/100] lr=0.000024  dt=188.0s
  train loss=5981.5658  ce=0.0826 dice=0.1666  tversky=0.0000 bd=0.0000  cldice=0.0000 snake=0.0000
  val   skipped (next val at epoch 60)
[kd_t1only_fair] [curriculum] epoch 60: stage=1 tiers=[0, 1] pool={0: 400, 1: 400, 2: 0}
  [kd_t1only_fair] [epoch 60/100] batch 30/300 (10%) loss=5447.4778 elapsed=19s eta=175s
  [kd_t1only_fair] [epoch 60/100] batch 60/300 (20%) loss=5625.8763 elapsed=38s eta=153s
  [kd_t1only_fair] [epoch 60/100] batch 90/300 (30%) loss=5710.0343 elapsed=57s eta=133s
  [kd_t1only_fair] [epoch 60/100] batch 120/300 (40%) loss=5798.7599 elapsed=76s eta=113s
  [kd_t1only_fair] [epoch 60/100] batch 150/300 (50%) loss=5898.1965 elapsed=94s eta=94s
  [kd_t1only_fair] [epoch 60/100] batch 180/300 (60%) loss=5816.8470 elapsed=113s eta=75s
  [kd_t1only_fair] [epoch 60/100] batch 210/300 (70%) loss=5893.0972 elapsed=132s eta=56s
  [kd_t1only_fair] [epoch 60/100] batch 240/300 (80%) loss=5925.8028 elapsed=150s eta=38s
  [kd_t1only_fair] [epoch 60/100] batch 270/300 (90%) loss=5927.4446 elapsed=169s eta=19s
  [kd_t1only_fair] [epoch 60/100] batch 300/300 (100%) loss=5891.1650 elapsed=188s eta=0s
[kd_t1only_fair] [sampler] sampled: {0: 400, 1: 400, 2: 400} total=1200 spalling_ratio=24.33%
[kd_t1only_fair] [sampler] unique: {0: 400, 1: 400, 2: 400} unique_total=1200 dup_ratio=1.00x
[kd_t1only_fair] [epoch 060/100] remain=40 epochs ep_eta=128.2min (avg 192s/ep)
[kd_t1only_fair] [epoch 060/100] lr=0.000023  dt=197.6s
  train loss=5891.1650  ce=0.0821 dice=0.1670  tversky=0.0000 bd=0.0000  cldice=0.0000 snake=0.0000
  val   loss=0.2720
  IoU   bg=0.9767  crack=0.5737  spalling=0.7861  | mIoU_fg=0.6799  pix_acc=0.9772
  Dice  bg=0.9882  crack=0.7291  spalling=0.8802
  BF1   crack=0.7503  spalling=0.6596  | BF1_fg_mean=0.7049
[kd_t1only_fair] [curriculum] epoch 61: stage=1 tiers=[0, 1] pool={0: 400, 1: 400, 2: 0}
  [kd_t1only_fair] [epoch 61/100] batch 30/300 (10%) loss=5477.5162 elapsed=20s eta=176s
  [kd_t1only_fair] [epoch 61/100] batch 60/300 (20%) loss=5781.8146 elapsed=38s eta=152s
  [kd_t1only_fair] [epoch 61/100] batch 90/300 (30%) loss=5813.2344 elapsed=57s eta=132s
  [kd_t1only_fair] [epoch 61/100] batch 120/300 (40%) loss=5801.7560 elapsed=75s eta=113s
  [kd_t1only_fair] [epoch 61/100] batch 150/300 (50%) loss=5742.5502 elapsed=94s eta=94s
  [kd_t1only_fair] [epoch 61/100] batch 180/300 (60%) loss=5681.4592 elapsed=112s eta=75s
  [kd_t1only_fair] [epoch 61/100] batch 210/300 (70%) loss=5720.5159 elapsed=131s eta=56s
  [kd_t1only_fair] [epoch 61/100] batch 240/300 (80%) loss=5656.0511 elapsed=149s eta=37s
  [kd_t1only_fair] [epoch 61/100] batch 270/300 (90%) loss=5691.7252 elapsed=168s eta=19s
  [kd_t1only_fair] [epoch 61/100] batch 300/300 (100%) loss=5761.9656 elapsed=187s eta=0s
[kd_t1only_fair] [sampler] sampled: {0: 400, 1: 400, 2: 400} total=1200 spalling_ratio=24.33%
[kd_t1only_fair] [sampler] unique: {0: 400, 1: 400, 2: 400} unique_total=1200 dup_ratio=1.00x
[kd_t1only_fair] [epoch 061/100] remain=39 epochs ep_eta=125.0min (avg 192s/ep)
[kd_t1only_fair] [epoch 061/100] lr=0.000022  dt=186.9s
  train loss=5761.9656  ce=0.0820 dice=0.1652  tversky=0.0000 bd=0.0000  cldice=0.0000 snake=0.0000
  val   skipped (next val at epoch 65)
[kd_t1only_fair] [curriculum] epoch 62: stage=1 tiers=[0, 1] pool={0: 400, 1: 400, 2: 0}
  [kd_t1only_fair] [epoch 62/100] batch 30/300 (10%) loss=6541.8799 elapsed=19s eta=174s
  [kd_t1only_fair] [epoch 62/100] batch 60/300 (20%) loss=6571.2920 elapsed=38s eta=151s
  [kd_t1only_fair] [epoch 62/100] batch 90/300 (30%) loss=6452.6305 elapsed=56s eta=132s
  [kd_t1only_fair] [epoch 62/100] batch 120/300 (40%) loss=6346.0761 elapsed=75s eta=113s
  [kd_t1only_fair] [epoch 62/100] batch 150/300 (50%) loss=6216.7082 elapsed=94s eta=94s
  [kd_t1only_fair] [epoch 62/100] batch 180/300 (60%) loss=6189.7914 elapsed=113s eta=75s
  [kd_t1only_fair] [epoch 62/100] batch 210/300 (70%) loss=6081.9041 elapsed=131s eta=56s
  [kd_t1only_fair] [epoch 62/100] batch 240/300 (80%) loss=6017.9758 elapsed=150s eta=37s
  [kd_t1only_fair] [epoch 62/100] batch 270/300 (90%) loss=6114.3812 elapsed=168s eta=19s
  [kd_t1only_fair] [epoch 62/100] batch 300/300 (100%) loss=6030.0564 elapsed=187s eta=0s
[kd_t1only_fair] [sampler] sampled: {0: 400, 1: 400, 2: 400} total=1200 spalling_ratio=24.33%
[kd_t1only_fair] [sampler] unique: {0: 400, 1: 400, 2: 400} unique_total=1200 dup_ratio=1.00x
[kd_t1only_fair] [epoch 062/100] remain=38 epochs ep_eta=121.7min (avg 192s/ep)
[kd_t1only_fair] [epoch 062/100] lr=0.000021  dt=187.4s
  train loss=6030.0564  ce=0.0828 dice=0.1658  tversky=0.0000 bd=0.0000  cldice=0.0000 snake=0.0000
  val   skipped (next val at epoch 65)
[kd_t1only_fair] [curriculum] epoch 63: stage=1 tiers=[0, 1] pool={0: 400, 1: 400, 2: 0}
  [kd_t1only_fair] [epoch 63/100] batch 30/300 (10%) loss=5924.8682 elapsed=19s eta=172s
  [kd_t1only_fair] [epoch 63/100] batch 60/300 (20%) loss=5583.7119 elapsed=38s eta=153s
  [kd_t1only_fair] [epoch 63/100] batch 90/300 (30%) loss=5434.8142 elapsed=57s eta=133s
  [kd_t1only_fair] [epoch 63/100] batch 120/300 (40%) loss=5515.6886 elapsed=75s eta=113s
  [kd_t1only_fair] [epoch 63/100] batch 150/300 (50%) loss=5447.4130 elapsed=94s eta=94s
  [kd_t1only_fair] [epoch 63/100] batch 180/300 (60%) loss=5415.4834 elapsed=113s eta=75s
  [kd_t1only_fair] [epoch 63/100] batch 210/300 (70%) loss=5449.8417 elapsed=131s eta=56s
  [kd_t1only_fair] [epoch 63/100] batch 240/300 (80%) loss=5458.0460 elapsed=150s eta=38s
  [kd_t1only_fair] [epoch 63/100] batch 270/300 (90%) loss=5512.8332 elapsed=169s eta=19s
  [kd_t1only_fair] [epoch 63/100] batch 300/300 (100%) loss=5487.9035 elapsed=188s eta=0s
[kd_t1only_fair] [sampler] sampled: {0: 400, 1: 400, 2: 400} total=1200 spalling_ratio=24.33%
[kd_t1only_fair] [sampler] unique: {0: 400, 1: 400, 2: 400} unique_total=1200 dup_ratio=1.00x
[kd_t1only_fair] [epoch 063/100] remain=37 epochs ep_eta=118.5min (avg 192s/ep)
[kd_t1only_fair] [epoch 063/100] lr=0.000020  dt=188.0s
  train loss=5487.9035  ce=0.0811 dice=0.1671  tversky=0.0000 bd=0.0000  cldice=0.0000 snake=0.0000
  val   skipped (next val at epoch 65)
[kd_t1only_fair] [curriculum] epoch 64: stage=1 tiers=[0, 1] pool={0: 400, 1: 400, 2: 0}
  [kd_t1only_fair] [epoch 64/100] batch 30/300 (10%) loss=5141.7044 elapsed=19s eta=175s
  [kd_t1only_fair] [epoch 64/100] batch 60/300 (20%) loss=5363.4254 elapsed=38s eta=152s
  [kd_t1only_fair] [epoch 64/100] batch 90/300 (30%) loss=5558.4690 elapsed=57s eta=133s
  [kd_t1only_fair] [epoch 64/100] batch 120/300 (40%) loss=5425.7809 elapsed=76s eta=113s
  [kd_t1only_fair] [epoch 64/100] batch 150/300 (50%) loss=5403.2187 elapsed=94s eta=94s
  [kd_t1only_fair] [epoch 64/100] batch 180/300 (60%) loss=5382.3930 elapsed=113s eta=75s
  [kd_t1only_fair] [epoch 64/100] batch 210/300 (70%) loss=5451.5316 elapsed=132s eta=56s
  [kd_t1only_fair] [epoch 64/100] batch 240/300 (80%) loss=5455.2126 elapsed=151s eta=38s
  [kd_t1only_fair] [epoch 64/100] batch 270/300 (90%) loss=5492.3769 elapsed=169s eta=19s
  [kd_t1only_fair] [epoch 64/100] batch 300/300 (100%) loss=5603.8312 elapsed=188s eta=0s
[kd_t1only_fair] [sampler] sampled: {0: 400, 1: 400, 2: 400} total=1200 spalling_ratio=24.33%
[kd_t1only_fair] [sampler] unique: {0: 400, 1: 400, 2: 400} unique_total=1200 dup_ratio=1.00x
[kd_t1only_fair] [epoch 064/100] remain=36 epochs ep_eta=115.3min (avg 192s/ep)
[kd_t1only_fair] [epoch 064/100] lr=0.000019  dt=188.3s
  train loss=5603.8312  ce=0.0817 dice=0.1689  tversky=0.0000 bd=0.0000  cldice=0.0000 snake=0.0000
  val   skipped (next val at epoch 65)
[kd_t1only_fair] [curriculum] epoch 65: stage=1 tiers=[0, 1] pool={0: 400, 1: 400, 2: 0}
  [kd_t1only_fair] [epoch 65/100] batch 30/300 (10%) loss=6020.8317 elapsed=20s eta=176s
  [kd_t1only_fair] [epoch 65/100] batch 60/300 (20%) loss=5651.0906 elapsed=38s eta=152s
  [kd_t1only_fair] [epoch 65/100] batch 90/300 (30%) loss=5387.9523 elapsed=57s eta=132s
  [kd_t1only_fair] [epoch 65/100] batch 120/300 (40%) loss=5360.7942 elapsed=75s eta=113s
  [kd_t1only_fair] [epoch 65/100] batch 150/300 (50%) loss=5396.9237 elapsed=94s eta=94s
  [kd_t1only_fair] [epoch 65/100] batch 180/300 (60%) loss=5428.7853 elapsed=113s eta=75s
  [kd_t1only_fair] [epoch 65/100] batch 210/300 (70%) loss=5414.3542 elapsed=132s eta=57s
  [kd_t1only_fair] [epoch 65/100] batch 240/300 (80%) loss=5432.1947 elapsed=151s eta=38s
  [kd_t1only_fair] [epoch 65/100] batch 270/300 (90%) loss=5407.9812 elapsed=169s eta=19s
  [kd_t1only_fair] [epoch 65/100] batch 300/300 (100%) loss=5473.3244 elapsed=188s eta=0s
[kd_t1only_fair] [sampler] sampled: {0: 400, 1: 400, 2: 400} total=1200 spalling_ratio=24.33%
[kd_t1only_fair] [sampler] unique: {0: 400, 1: 400, 2: 400} unique_total=1200 dup_ratio=1.00x
[kd_t1only_fair] [epoch 065/100] remain=35 epochs ep_eta=112.1min (avg 192s/ep)
[kd_t1only_fair] [epoch 065/100] lr=0.000018  dt=197.5s
  train loss=5473.3244  ce=0.0810 dice=0.1673  tversky=0.0000 bd=0.0000  cldice=0.0000 snake=0.0000
  val   loss=0.2715
  IoU   bg=0.9767  crack=0.5755  spalling=0.7877  | mIoU_fg=0.6816  pix_acc=0.9773
  Dice  bg=0.9882  crack=0.7306  spalling=0.8813
  BF1   crack=0.7511  spalling=0.6424  | BF1_fg_mean=0.6968
[kd_t1only_fair] [curriculum] epoch 66: stage=1 tiers=[0, 1] pool={0: 400, 1: 400, 2: 0}
  [kd_t1only_fair] [epoch 66/100] batch 30/300 (10%) loss=5916.2962 elapsed=19s eta=174s
  [kd_t1only_fair] [epoch 66/100] batch 60/300 (20%) loss=5893.9059 elapsed=38s eta=152s
  [kd_t1only_fair] [epoch 66/100] batch 90/300 (30%) loss=5901.1217 elapsed=57s eta=132s
  [kd_t1only_fair] [epoch 66/100] batch 120/300 (40%) loss=5885.9657 elapsed=75s eta=113s
  [kd_t1only_fair] [epoch 66/100] batch 150/300 (50%) loss=5837.9270 elapsed=94s eta=94s
  [kd_t1only_fair] [epoch 66/100] batch 180/300 (60%) loss=5728.5389 elapsed=112s eta=75s
  [kd_t1only_fair] [epoch 66/100] batch 210/300 (70%) loss=5642.0197 elapsed=131s eta=56s
  [kd_t1only_fair] [epoch 66/100] batch 240/300 (80%) loss=5570.1813 elapsed=150s eta=37s
  [kd_t1only_fair] [epoch 66/100] batch 270/300 (90%) loss=5563.2030 elapsed=168s eta=19s
  [kd_t1only_fair] [epoch 66/100] batch 300/300 (100%) loss=5533.8670 elapsed=187s eta=0s
[kd_t1only_fair] [sampler] sampled: {0: 400, 1: 400, 2: 400} total=1200 spalling_ratio=24.33%
[kd_t1only_fair] [sampler] unique: {0: 400, 1: 400, 2: 400} unique_total=1200 dup_ratio=1.00x
[kd_t1only_fair] [epoch 066/100] remain=34 epochs ep_eta=108.9min (avg 192s/ep)
[kd_t1only_fair] [epoch 066/100] lr=0.000017  dt=187.4s
  train loss=5533.8670  ce=0.0809 dice=0.1677  tversky=0.0000 bd=0.0000  cldice=0.0000 snake=0.0000
  val   skipped (next val at epoch 70)
[kd_t1only_fair] [curriculum] epoch 67: stage=1 tiers=[0, 1] pool={0: 400, 1: 400, 2: 0}
  [kd_t1only_fair] [epoch 67/100] batch 30/300 (10%) loss=5064.8851 elapsed=19s eta=173s
  [kd_t1only_fair] [epoch 67/100] batch 60/300 (20%) loss=4887.0238 elapsed=38s eta=153s
  [kd_t1only_fair] [epoch 67/100] batch 90/300 (30%) loss=5037.9254 elapsed=57s eta=132s
  [kd_t1only_fair] [epoch 67/100] batch 120/300 (40%) loss=4890.2325 elapsed=75s eta=113s
  [kd_t1only_fair] [epoch 67/100] batch 150/300 (50%) loss=4894.7631 elapsed=94s eta=94s
  [kd_t1only_fair] [epoch 67/100] batch 180/300 (60%) loss=5079.1296 elapsed=112s eta=75s
  [kd_t1only_fair] [epoch 67/100] batch 210/300 (70%) loss=5155.0502 elapsed=131s eta=56s
  [kd_t1only_fair] [epoch 67/100] batch 240/300 (80%) loss=5302.5412 elapsed=150s eta=37s
  [kd_t1only_fair] [epoch 67/100] batch 270/300 (90%) loss=5383.7334 elapsed=168s eta=19s
  [kd_t1only_fair] [epoch 67/100] batch 300/300 (100%) loss=5405.1780 elapsed=187s eta=0s
[kd_t1only_fair] [sampler] sampled: {0: 400, 1: 400, 2: 400} total=1200 spalling_ratio=24.33%
[kd_t1only_fair] [sampler] unique: {0: 400, 1: 400, 2: 400} unique_total=1200 dup_ratio=1.00x
[kd_t1only_fair] [epoch 067/100] remain=33 epochs ep_eta=105.7min (avg 192s/ep)
[kd_t1only_fair] [epoch 067/100] lr=0.000016  dt=187.2s
  train loss=5405.1780  ce=0.0807 dice=0.1663  tversky=0.0000 bd=0.0000  cldice=0.0000 snake=0.0000
  val   skipped (next val at epoch 70)
[kd_t1only_fair] [curriculum] epoch 68: stage=1 tiers=[0, 1] pool={0: 400, 1: 400, 2: 0}
  [kd_t1only_fair] [epoch 68/100] batch 30/300 (10%) loss=5317.1615 elapsed=20s eta=176s
  [kd_t1only_fair] [epoch 68/100] batch 60/300 (20%) loss=5428.8423 elapsed=38s eta=153s
  [kd_t1only_fair] [epoch 68/100] batch 90/300 (30%) loss=5496.5190 elapsed=57s eta=132s
  [kd_t1only_fair] [epoch 68/100] batch 120/300 (40%) loss=5438.0894 elapsed=76s eta=113s
  [kd_t1only_fair] [epoch 68/100] batch 150/300 (50%) loss=5358.4142 elapsed=94s eta=94s
  [kd_t1only_fair] [epoch 68/100] batch 180/300 (60%) loss=5367.4679 elapsed=113s eta=75s
  [kd_t1only_fair] [epoch 68/100] batch 210/300 (70%) loss=5345.9036 elapsed=131s eta=56s
  [kd_t1only_fair] [epoch 68/100] batch 240/300 (80%) loss=5326.2584 elapsed=150s eta=37s
  [kd_t1only_fair] [epoch 68/100] batch 270/300 (90%) loss=5336.6135 elapsed=168s eta=19s
  [kd_t1only_fair] [epoch 68/100] batch 300/300 (100%) loss=5302.4997 elapsed=187s eta=0s
[kd_t1only_fair] [sampler] sampled: {0: 400, 1: 400, 2: 400} total=1200 spalling_ratio=24.33%
[kd_t1only_fair] [sampler] unique: {0: 400, 1: 400, 2: 400} unique_total=1200 dup_ratio=1.00x
[kd_t1only_fair] [epoch 068/100] remain=32 epochs ep_eta=102.5min (avg 192s/ep)
[kd_t1only_fair] [epoch 068/100] lr=0.000015  dt=187.4s
  train loss=5302.4997  ce=0.0803 dice=0.1635  tversky=0.0000 bd=0.0000  cldice=0.0000 snake=0.0000
  val   skipped (next val at epoch 70)
[kd_t1only_fair] [curriculum] epoch 69: stage=1 tiers=[0, 1] pool={0: 400, 1: 400, 2: 0}
  [kd_t1only_fair] [epoch 69/100] batch 30/300 (10%) loss=4761.7438 elapsed=19s eta=175s
  [kd_t1only_fair] [epoch 69/100] batch 60/300 (20%) loss=4726.3613 elapsed=38s eta=151s
  [kd_t1only_fair] [epoch 69/100] batch 90/300 (30%) loss=4817.9528 elapsed=56s eta=132s
  [kd_t1only_fair] [epoch 69/100] batch 120/300 (40%) loss=5603.5162 elapsed=75s eta=112s
  [kd_t1only_fair] [epoch 69/100] batch 150/300 (50%) loss=5492.7409 elapsed=94s eta=94s
  [kd_t1only_fair] [epoch 69/100] batch 180/300 (60%) loss=5415.3218 elapsed=112s eta=75s
  [kd_t1only_fair] [epoch 69/100] batch 210/300 (70%) loss=5384.2349 elapsed=131s eta=56s
  [kd_t1only_fair] [epoch 69/100] batch 240/300 (80%) loss=5358.7089 elapsed=150s eta=37s
  [kd_t1only_fair] [epoch 69/100] batch 270/300 (90%) loss=5348.1103 elapsed=168s eta=19s
  [kd_t1only_fair] [epoch 69/100] batch 300/300 (100%) loss=5351.0971 elapsed=187s eta=0s
[kd_t1only_fair] [sampler] sampled: {0: 400, 1: 400, 2: 400} total=1200 spalling_ratio=24.33%
[kd_t1only_fair] [sampler] unique: {0: 400, 1: 400, 2: 400} unique_total=1200 dup_ratio=1.00x
[kd_t1only_fair] [epoch 069/100] remain=31 epochs ep_eta=99.2min (avg 192s/ep)
[kd_t1only_fair] [epoch 069/100] lr=0.000014  dt=187.2s
  train loss=5351.0971  ce=0.0820 dice=0.1648  tversky=0.0000 bd=0.0000  cldice=0.0000 snake=0.0000
  val   skipped (next val at epoch 70)
[kd_t1only_fair] [curriculum] epoch 70: stage=2 tiers=[0, 1, 2] pool={0: 400, 1: 400, 2: 400}
  [kd_t1only_fair] [epoch 70/100] batch 30/300 (10%) loss=4815.6528 elapsed=19s eta=172s
  [kd_t1only_fair] [epoch 70/100] batch 60/300 (20%) loss=4808.5939 elapsed=38s eta=152s
  [kd_t1only_fair] [epoch 70/100] batch 90/300 (30%) loss=4940.3797 elapsed=57s eta=133s
  [kd_t1only_fair] [epoch 70/100] batch 120/300 (40%) loss=5010.6447 elapsed=76s eta=114s
  [kd_t1only_fair] [epoch 70/100] batch 150/300 (50%) loss=5035.6711 elapsed=95s eta=95s
  [kd_t1only_fair] [epoch 70/100] batch 180/300 (60%) loss=4986.0738 elapsed=113s eta=75s
  [kd_t1only_fair] [epoch 70/100] batch 210/300 (70%) loss=4995.3499 elapsed=132s eta=57s
  [kd_t1only_fair] [epoch 70/100] batch 240/300 (80%) loss=5036.5570 elapsed=151s eta=38s
  [kd_t1only_fair] [epoch 70/100] batch 270/300 (90%) loss=5054.2782 elapsed=169s eta=19s
  [kd_t1only_fair] [epoch 70/100] batch 300/300 (100%) loss=5051.0357 elapsed=188s eta=0s
[kd_t1only_fair] [sampler] sampled: {0: 400, 1: 400, 2: 400} total=1200 spalling_ratio=24.33%
[kd_t1only_fair] [sampler] unique: {0: 400, 1: 400, 2: 400} unique_total=1200 dup_ratio=1.00x
[kd_t1only_fair] [epoch 070/100] remain=30 epochs ep_eta=96.1min (avg 192s/ep)
[kd_t1only_fair] [epoch 070/100] lr=0.000014  dt=197.5s
  train loss=5051.0357  ce=0.0792 dice=0.1656  tversky=0.0000 bd=0.0000  cldice=0.0000 snake=0.0000
  val   loss=0.2714
  IoU   bg=0.9765  crack=0.5729  spalling=0.7878  | mIoU_fg=0.6804  pix_acc=0.9770
  Dice  bg=0.9881  crack=0.7285  spalling=0.8813
  BF1   crack=0.7483  spalling=0.6574  | BF1_fg_mean=0.7029
[kd_t1only_fair] [curriculum] epoch 71: stage=2 tiers=[0, 1, 2] pool={0: 400, 1: 400, 2: 400}
  [kd_t1only_fair] [epoch 71/100] batch 30/300 (10%) loss=4623.7579 elapsed=19s eta=172s
  [kd_t1only_fair] [epoch 71/100] batch 60/300 (20%) loss=4757.5507 elapsed=38s eta=150s
  [kd_t1only_fair] [epoch 71/100] batch 90/300 (30%) loss=4851.4933 elapsed=56s eta=130s
  [kd_t1only_fair] [epoch 71/100] batch 120/300 (40%) loss=4943.7924 elapsed=74s eta=112s
  [kd_t1only_fair] [epoch 71/100] batch 150/300 (50%) loss=4992.6114 elapsed=93s eta=93s
  [kd_t1only_fair] [epoch 71/100] batch 180/300 (60%) loss=5114.1200 elapsed=112s eta=74s
  [kd_t1only_fair] [epoch 71/100] batch 210/300 (70%) loss=5154.3655 elapsed=130s eta=56s
  [kd_t1only_fair] [epoch 71/100] batch 240/300 (80%) loss=5096.6160 elapsed=149s eta=37s
  [kd_t1only_fair] [epoch 71/100] batch 270/300 (90%) loss=5064.6088 elapsed=168s eta=19s
  [kd_t1only_fair] [epoch 71/100] batch 300/300 (100%) loss=5020.7974 elapsed=186s eta=0s
[kd_t1only_fair] [sampler] sampled: {0: 400, 1: 400, 2: 400} total=1200 spalling_ratio=24.33%
[kd_t1only_fair] [sampler] unique: {0: 400, 1: 400, 2: 400} unique_total=1200 dup_ratio=1.00x
[kd_t1only_fair] [epoch 071/100] remain=29 epochs ep_eta=92.9min (avg 192s/ep)
[kd_t1only_fair] [epoch 071/100] lr=0.000013  dt=186.5s
  train loss=5020.7974  ce=0.0793 dice=0.1663  tversky=0.0000 bd=0.0000  cldice=0.0000 snake=0.0000
  val   skipped (next val at epoch 75)
[kd_t1only_fair] [curriculum] epoch 72: stage=2 tiers=[0, 1, 2] pool={0: 400, 1: 400, 2: 400}
  [kd_t1only_fair] [epoch 72/100] batch 30/300 (10%) loss=4834.9857 elapsed=19s eta=173s
  [kd_t1only_fair] [epoch 72/100] batch 60/300 (20%) loss=4625.1956 elapsed=38s eta=152s
  [kd_t1only_fair] [epoch 72/100] batch 90/300 (30%) loss=4659.0946 elapsed=57s eta=132s
  [kd_t1only_fair] [epoch 72/100] batch 120/300 (40%) loss=4698.4172 elapsed=75s eta=113s
  [kd_t1only_fair] [epoch 72/100] batch 150/300 (50%) loss=4914.4913 elapsed=94s eta=94s
  [kd_t1only_fair] [epoch 72/100] batch 180/300 (60%) loss=4902.3614 elapsed=113s eta=75s
  [kd_t1only_fair] [epoch 72/100] batch 210/300 (70%) loss=4964.6111 elapsed=131s eta=56s
  [kd_t1only_fair] [epoch 72/100] batch 240/300 (80%) loss=4928.2540 elapsed=150s eta=38s
  [kd_t1only_fair] [epoch 72/100] batch 270/300 (90%) loss=4927.3225 elapsed=170s eta=19s
  [kd_t1only_fair] [epoch 72/100] batch 300/300 (100%) loss=4873.9263 elapsed=189s eta=0s
[kd_t1only_fair] [sampler] sampled: {0: 400, 1: 400, 2: 400} total=1200 spalling_ratio=24.33%
[kd_t1only_fair] [sampler] unique: {0: 400, 1: 400, 2: 400} unique_total=1200 dup_ratio=1.00x
[kd_t1only_fair] [epoch 072/100] remain=28 epochs ep_eta=89.6min (avg 192s/ep)
[kd_t1only_fair] [epoch 072/100] lr=0.000012  dt=189.2s
  train loss=4873.9263  ce=0.0789 dice=0.1659  tversky=0.0000 bd=0.0000  cldice=0.0000 snake=0.0000
  val   skipped (next val at epoch 75)
[kd_t1only_fair] [curriculum] epoch 73: stage=2 tiers=[0, 1, 2] pool={0: 400, 1: 400, 2: 400}
  [kd_t1only_fair] [epoch 73/100] batch 30/300 (10%) loss=4340.8696 elapsed=19s eta=175s
  [kd_t1only_fair] [epoch 73/100] batch 60/300 (20%) loss=4431.9579 elapsed=38s eta=153s
  [kd_t1only_fair] [epoch 73/100] batch 90/300 (30%) loss=4385.8210 elapsed=57s eta=133s
  [kd_t1only_fair] [epoch 73/100] batch 120/300 (40%) loss=4540.4084 elapsed=76s eta=114s
  [kd_t1only_fair] [epoch 73/100] batch 150/300 (50%) loss=4746.2309 elapsed=95s eta=95s
  [kd_t1only_fair] [epoch 73/100] batch 180/300 (60%) loss=4880.4817 elapsed=114s eta=76s
  [kd_t1only_fair] [epoch 73/100] batch 210/300 (70%) loss=4917.7601 elapsed=133s eta=57s
  [kd_t1only_fair] [epoch 73/100] batch 240/300 (80%) loss=4986.4725 elapsed=152s eta=38s
  [kd_t1only_fair] [epoch 73/100] batch 270/300 (90%) loss=5002.5744 elapsed=171s eta=19s
  [kd_t1only_fair] [epoch 73/100] batch 300/300 (100%) loss=4967.4949 elapsed=190s eta=0s
[kd_t1only_fair] [sampler] sampled: {0: 400, 1: 400, 2: 400} total=1200 spalling_ratio=24.33%
[kd_t1only_fair] [sampler] unique: {0: 400, 1: 400, 2: 400} unique_total=1200 dup_ratio=1.00x
[kd_t1only_fair] [epoch 073/100] remain=27 epochs ep_eta=86.4min (avg 192s/ep)
[kd_t1only_fair] [epoch 073/100] lr=0.000011  dt=190.6s
  train loss=4967.4949  ce=0.0793 dice=0.1664  tversky=0.0000 bd=0.0000  cldice=0.0000 snake=0.0000
  val   skipped (next val at epoch 75)
[kd_t1only_fair] [curriculum] epoch 74: stage=2 tiers=[0, 1, 2] pool={0: 400, 1: 400, 2: 400}
  [kd_t1only_fair] [epoch 74/100] batch 30/300 (10%) loss=4912.4867 elapsed=19s eta=175s
  [kd_t1only_fair] [epoch 74/100] batch 60/300 (20%) loss=5048.0416 elapsed=38s eta=153s
  [kd_t1only_fair] [epoch 74/100] batch 90/300 (30%) loss=4853.2019 elapsed=58s eta=134s
  [kd_t1only_fair] [epoch 74/100] batch 120/300 (40%) loss=5023.0540 elapsed=77s eta=115s
  [kd_t1only_fair] [epoch 74/100] batch 150/300 (50%) loss=4965.2839 elapsed=95s eta=95s
  [kd_t1only_fair] [epoch 74/100] batch 180/300 (60%) loss=4906.6160 elapsed=114s eta=76s
  [kd_t1only_fair] [epoch 74/100] batch 210/300 (70%) loss=4863.7857 elapsed=133s eta=57s
  [kd_t1only_fair] [epoch 74/100] batch 240/300 (80%) loss=4881.8863 elapsed=152s eta=38s
  [kd_t1only_fair] [epoch 74/100] batch 270/300 (90%) loss=4900.8890 elapsed=171s eta=19s
  [kd_t1only_fair] [epoch 74/100] batch 300/300 (100%) loss=4868.4038 elapsed=190s eta=0s
[kd_t1only_fair] [sampler] sampled: {0: 400, 1: 400, 2: 400} total=1200 spalling_ratio=24.33%
[kd_t1only_fair] [sampler] unique: {0: 400, 1: 400, 2: 400} unique_total=1200 dup_ratio=1.00x
[kd_t1only_fair] [epoch 074/100] remain=26 epochs ep_eta=83.2min (avg 192s/ep)
[kd_t1only_fair] [epoch 074/100] lr=0.000010  dt=190.5s
  train loss=4868.4038  ce=0.0787 dice=0.1635  tversky=0.0000 bd=0.0000  cldice=0.0000 snake=0.0000
  val   skipped (next val at epoch 75)
[kd_t1only_fair] [curriculum] epoch 75: stage=2 tiers=[0, 1, 2] pool={0: 400, 1: 400, 2: 400}
  [kd_t1only_fair] [epoch 75/100] batch 30/300 (10%) loss=4729.1807 elapsed=20s eta=177s
  [kd_t1only_fair] [epoch 75/100] batch 60/300 (20%) loss=4781.2846 elapsed=39s eta=155s
  [kd_t1only_fair] [epoch 75/100] batch 90/300 (30%) loss=4766.9425 elapsed=58s eta=135s
  [kd_t1only_fair] [epoch 75/100] batch 120/300 (40%) loss=4636.7801 elapsed=76s eta=115s
  [kd_t1only_fair] [epoch 75/100] batch 150/300 (50%) loss=4833.1590 elapsed=95s eta=95s
  [kd_t1only_fair] [epoch 75/100] batch 180/300 (60%) loss=4825.6927 elapsed=114s eta=76s
  [kd_t1only_fair] [epoch 75/100] batch 210/300 (70%) loss=4867.4794 elapsed=133s eta=57s
  [kd_t1only_fair] [epoch 75/100] batch 240/300 (80%) loss=4853.2746 elapsed=152s eta=38s
  [kd_t1only_fair] [epoch 75/100] batch 270/300 (90%) loss=4851.3957 elapsed=171s eta=19s
  [kd_t1only_fair] [epoch 75/100] batch 300/300 (100%) loss=4797.0874 elapsed=190s eta=0s
[kd_t1only_fair] [sampler] sampled: {0: 400, 1: 400, 2: 400} total=1200 spalling_ratio=24.33%
[kd_t1only_fair] [sampler] unique: {0: 400, 1: 400, 2: 400} unique_total=1200 dup_ratio=1.00x
[kd_t1only_fair] [epoch 075/100] remain=25 epochs ep_eta=80.1min (avg 192s/ep)
[kd_t1only_fair] [epoch 075/100] lr=0.000010  dt=199.7s
  train loss=4797.0874  ce=0.0784 dice=0.1649  tversky=0.0000 bd=0.0000  cldice=0.0000 snake=0.0000
  val   loss=0.2654
  IoU   bg=0.9768  crack=0.5759  spalling=0.7934  | mIoU_fg=0.6847  pix_acc=0.9774
  Dice  bg=0.9883  crack=0.7309  spalling=0.8848
  BF1   crack=0.7527  spalling=0.6886  | BF1_fg_mean=0.7206
[kd_t1only_fair] [curriculum] epoch 76: stage=2 tiers=[0, 1, 2] pool={0: 400, 1: 400, 2: 400}
  [kd_t1only_fair] [epoch 76/100] batch 30/300 (10%) loss=4165.1443 elapsed=19s eta=174s
  [kd_t1only_fair] [epoch 76/100] batch 60/300 (20%) loss=4324.7110 elapsed=38s eta=152s
  [kd_t1only_fair] [epoch 76/100] batch 90/300 (30%) loss=4392.3790 elapsed=57s eta=133s
  [kd_t1only_fair] [epoch 76/100] batch 120/300 (40%) loss=4620.5146 elapsed=76s eta=113s
  [kd_t1only_fair] [epoch 76/100] batch 150/300 (50%) loss=4617.6982 elapsed=95s eta=95s
  [kd_t1only_fair] [epoch 76/100] batch 180/300 (60%) loss=4560.7828 elapsed=114s eta=76s
  [kd_t1only_fair] [epoch 76/100] batch 210/300 (70%) loss=4621.4349 elapsed=133s eta=57s
  [kd_t1only_fair] [epoch 76/100] batch 240/300 (80%) loss=4573.4259 elapsed=151s eta=38s
  [kd_t1only_fair] [epoch 76/100] batch 270/300 (90%) loss=4575.6780 elapsed=170s eta=19s
  [kd_t1only_fair] [epoch 76/100] batch 300/300 (100%) loss=4563.1572 elapsed=189s eta=0s
[kd_t1only_fair] [sampler] sampled: {0: 400, 1: 400, 2: 400} total=1200 spalling_ratio=24.33%
[kd_t1only_fair] [sampler] unique: {0: 400, 1: 400, 2: 400} unique_total=1200 dup_ratio=1.00x
[kd_t1only_fair] [epoch 076/100] remain=24 epochs ep_eta=76.9min (avg 192s/ep)
[kd_t1only_fair] [epoch 076/100] lr=0.000009  dt=189.2s
  train loss=4563.1572  ce=0.0777 dice=0.1633  tversky=0.0000 bd=0.0000  cldice=0.0000 snake=0.0000
  val   skipped (next val at epoch 80)
[kd_t1only_fair] [curriculum] epoch 77: stage=2 tiers=[0, 1, 2] pool={0: 400, 1: 400, 2: 400}
  [kd_t1only_fair] [epoch 77/100] batch 30/300 (10%) loss=5079.0618 elapsed=19s eta=175s
  [kd_t1only_fair] [epoch 77/100] batch 60/300 (20%) loss=4754.7728 elapsed=39s eta=154s
  [kd_t1only_fair] [epoch 77/100] batch 90/300 (30%) loss=4652.4106 elapsed=57s eta=134s
  [kd_t1only_fair] [epoch 77/100] batch 120/300 (40%) loss=4529.7373 elapsed=76s eta=114s
  [kd_t1only_fair] [epoch 77/100] batch 150/300 (50%) loss=4574.2396 elapsed=95s eta=95s
  [kd_t1only_fair] [epoch 77/100] batch 180/300 (60%) loss=4508.7102 elapsed=113s eta=76s
  [kd_t1only_fair] [epoch 77/100] batch 210/300 (70%) loss=4516.2272 elapsed=132s eta=57s
  [kd_t1only_fair] [epoch 77/100] batch 240/300 (80%) loss=4537.2139 elapsed=151s eta=38s
  [kd_t1only_fair] [epoch 77/100] batch 270/300 (90%) loss=4548.4326 elapsed=170s eta=19s
  [kd_t1only_fair] [epoch 77/100] batch 300/300 (100%) loss=4552.4825 elapsed=189s eta=0s
[kd_t1only_fair] [sampler] sampled: {0: 400, 1: 400, 2: 400} total=1200 spalling_ratio=24.33%
[kd_t1only_fair] [sampler] unique: {0: 400, 1: 400, 2: 400} unique_total=1200 dup_ratio=1.00x
[kd_t1only_fair] [epoch 077/100] remain=23 epochs ep_eta=73.7min (avg 192s/ep)
[kd_t1only_fair] [epoch 077/100] lr=0.000008  dt=189.2s
  train loss=4552.4825  ce=0.0777 dice=0.1624  tversky=0.0000 bd=0.0000  cldice=0.0000 snake=0.0000
  val   skipped (next val at epoch 80)
[kd_t1only_fair] [curriculum] epoch 78: stage=2 tiers=[0, 1, 2] pool={0: 400, 1: 400, 2: 400}
  [kd_t1only_fair] [epoch 78/100] batch 30/300 (10%) loss=4697.8332 elapsed=19s eta=175s
  [kd_t1only_fair] [epoch 78/100] batch 60/300 (20%) loss=4693.3073 elapsed=38s eta=154s
  [kd_t1only_fair] [epoch 78/100] batch 90/300 (30%) loss=4583.2514 elapsed=57s eta=134s
  [kd_t1only_fair] [epoch 78/100] batch 120/300 (40%) loss=4590.8590 elapsed=76s eta=114s
  [kd_t1only_fair] [epoch 78/100] batch 150/300 (50%) loss=4524.9874 elapsed=95s eta=95s
  [kd_t1only_fair] [epoch 78/100] batch 180/300 (60%) loss=4533.5291 elapsed=114s eta=76s
  [kd_t1only_fair] [epoch 78/100] batch 210/300 (70%) loss=4545.4620 elapsed=133s eta=57s
  [kd_t1only_fair] [epoch 78/100] batch 240/300 (80%) loss=4517.0902 elapsed=152s eta=38s
  [kd_t1only_fair] [epoch 78/100] batch 270/300 (90%) loss=4534.7068 elapsed=170s eta=19s
  [kd_t1only_fair] [epoch 78/100] batch 300/300 (100%) loss=4548.5486 elapsed=189s eta=0s
[kd_t1only_fair] [sampler] sampled: {0: 400, 1: 400, 2: 400} total=1200 spalling_ratio=24.33%
[kd_t1only_fair] [sampler] unique: {0: 400, 1: 400, 2: 400} unique_total=1200 dup_ratio=1.00x
[kd_t1only_fair] [epoch 078/100] remain=22 epochs ep_eta=70.5min (avg 192s/ep)
[kd_t1only_fair] [epoch 078/100] lr=0.000008  dt=189.4s
  train loss=4548.5486  ce=0.0778 dice=0.1623  tversky=0.0000 bd=0.0000  cldice=0.0000 snake=0.0000
  val   skipped (next val at epoch 80)
[kd_t1only_fair] [curriculum] epoch 79: stage=2 tiers=[0, 1, 2] pool={0: 400, 1: 400, 2: 400}
  [kd_t1only_fair] [epoch 79/100] batch 30/300 (10%) loss=5150.8651 elapsed=19s eta=174s
  [kd_t1only_fair] [epoch 79/100] batch 60/300 (20%) loss=4866.0334 elapsed=38s eta=153s
  [kd_t1only_fair] [epoch 79/100] batch 90/300 (30%) loss=4828.3184 elapsed=57s eta=133s
  [kd_t1only_fair] [epoch 79/100] batch 120/300 (40%) loss=4769.3038 elapsed=76s eta=114s
  [kd_t1only_fair] [epoch 79/100] batch 150/300 (50%) loss=4729.4831 elapsed=95s eta=95s
  [kd_t1only_fair] [epoch 79/100] batch 180/300 (60%) loss=4714.7929 elapsed=114s eta=76s
  [kd_t1only_fair] [epoch 79/100] batch 210/300 (70%) loss=4632.7121 elapsed=133s eta=57s
  [kd_t1only_fair] [epoch 79/100] batch 240/300 (80%) loss=4583.6180 elapsed=152s eta=38s
  [kd_t1only_fair] [epoch 79/100] batch 270/300 (90%) loss=4529.7872 elapsed=171s eta=19s
  [kd_t1only_fair] [epoch 79/100] batch 300/300 (100%) loss=4524.4164 elapsed=189s eta=0s
[kd_t1only_fair] [sampler] sampled: {0: 400, 1: 400, 2: 400} total=1200 spalling_ratio=24.33%
[kd_t1only_fair] [sampler] unique: {0: 400, 1: 400, 2: 400} unique_total=1200 dup_ratio=1.00x
[kd_t1only_fair] [epoch 079/100] remain=21 epochs ep_eta=67.3min (avg 192s/ep)
[kd_t1only_fair] [epoch 079/100] lr=0.000007  dt=189.6s
  train loss=4524.4164  ce=0.0777 dice=0.1654  tversky=0.0000 bd=0.0000  cldice=0.0000 snake=0.0000
  val   skipped (next val at epoch 80)
[kd_t1only_fair] [curriculum] epoch 80: stage=2 tiers=[0, 1, 2] pool={0: 400, 1: 400, 2: 400}
  [kd_t1only_fair] [epoch 80/100] batch 30/300 (10%) loss=4329.5233 elapsed=19s eta=175s
  [kd_t1only_fair] [epoch 80/100] batch 60/300 (20%) loss=4658.9997 elapsed=38s eta=153s
  [kd_t1only_fair] [epoch 80/100] batch 90/300 (30%) loss=4646.9804 elapsed=57s eta=134s
  [kd_t1only_fair] [epoch 80/100] batch 120/300 (40%) loss=4627.1642 elapsed=76s eta=114s
  [kd_t1only_fair] [epoch 80/100] batch 150/300 (50%) loss=4580.9820 elapsed=95s eta=95s
  [kd_t1only_fair] [epoch 80/100] batch 180/300 (60%) loss=4531.4002 elapsed=114s eta=76s
  [kd_t1only_fair] [epoch 80/100] batch 210/300 (70%) loss=4599.3281 elapsed=133s eta=57s
  [kd_t1only_fair] [epoch 80/100] batch 240/300 (80%) loss=4625.3599 elapsed=152s eta=38s
  [kd_t1only_fair] [epoch 80/100] batch 270/300 (90%) loss=4602.3793 elapsed=171s eta=19s
  [kd_t1only_fair] [epoch 80/100] batch 300/300 (100%) loss=4593.0986 elapsed=190s eta=0s
[kd_t1only_fair] [sampler] sampled: {0: 400, 1: 400, 2: 400} total=1200 spalling_ratio=24.33%
[kd_t1only_fair] [sampler] unique: {0: 400, 1: 400, 2: 400} unique_total=1200 dup_ratio=1.00x
[kd_t1only_fair] [epoch 080/100] remain=20 epochs ep_eta=64.1min (avg 192s/ep)
[kd_t1only_fair] [epoch 080/100] lr=0.000006  dt=199.4s
  train loss=4593.0986  ce=0.0773 dice=0.1656  tversky=0.0000 bd=0.0000  cldice=0.0000 snake=0.0000
  val   loss=0.2700
  IoU   bg=0.9769  crack=0.5757  spalling=0.7917  | mIoU_fg=0.6837  pix_acc=0.9774
  Dice  bg=0.9883  crack=0.7308  spalling=0.8837
  BF1   crack=0.7552  spalling=0.6489  | BF1_fg_mean=0.7021
[kd_t1only_fair] [curriculum] epoch 81: stage=2 tiers=[0, 1, 2] pool={0: 400, 1: 400, 2: 400}
  [kd_t1only_fair] [epoch 81/100] batch 30/300 (10%) loss=4363.7407 elapsed=20s eta=177s
  [kd_t1only_fair] [epoch 81/100] batch 60/300 (20%) loss=4723.8812 elapsed=39s eta=154s
  [kd_t1only_fair] [epoch 81/100] batch 90/300 (30%) loss=4681.3542 elapsed=58s eta=134s
  [kd_t1only_fair] [epoch 81/100] batch 120/300 (40%) loss=4615.7117 elapsed=76s eta=115s
  [kd_t1only_fair] [epoch 81/100] batch 150/300 (50%) loss=4527.6532 elapsed=95s eta=95s
  [kd_t1only_fair] [epoch 81/100] batch 180/300 (60%) loss=4590.2237 elapsed=114s eta=76s
  [kd_t1only_fair] [epoch 81/100] batch 210/300 (70%) loss=4580.4682 elapsed=133s eta=57s
  [kd_t1only_fair] [epoch 81/100] batch 240/300 (80%) loss=4631.8668 elapsed=152s eta=38s
  [kd_t1only_fair] [epoch 81/100] batch 270/300 (90%) loss=4605.6018 elapsed=171s eta=19s
  [kd_t1only_fair] [epoch 81/100] batch 300/300 (100%) loss=4610.7008 elapsed=190s eta=0s
[kd_t1only_fair] [sampler] sampled: {0: 400, 1: 400, 2: 400} total=1200 spalling_ratio=24.33%
[kd_t1only_fair] [sampler] unique: {0: 400, 1: 400, 2: 400} unique_total=1200 dup_ratio=1.00x
[kd_t1only_fair] [epoch 081/100] remain=19 epochs ep_eta=60.9min (avg 192s/ep)
[kd_t1only_fair] [epoch 081/100] lr=0.000006  dt=190.3s
  train loss=4610.7008  ce=0.0778 dice=0.1607  tversky=0.0000 bd=0.0000  cldice=0.0000 snake=0.0000
  val   skipped (next val at epoch 85)
[kd_t1only_fair] [curriculum] epoch 82: stage=2 tiers=[0, 1, 2] pool={0: 400, 1: 400, 2: 400}
  [kd_t1only_fair] [epoch 82/100] batch 30/300 (10%) loss=4296.1309 elapsed=20s eta=176s
  [kd_t1only_fair] [epoch 82/100] batch 60/300 (20%) loss=4251.4566 elapsed=39s eta=155s
  [kd_t1only_fair] [epoch 82/100] batch 90/300 (30%) loss=4296.0218 elapsed=58s eta=135s
  [kd_t1only_fair] [epoch 82/100] batch 120/300 (40%) loss=4335.2220 elapsed=77s eta=115s
  [kd_t1only_fair] [epoch 82/100] batch 150/300 (50%) loss=4326.8466 elapsed=96s eta=96s
  [kd_t1only_fair] [epoch 82/100] batch 180/300 (60%) loss=4387.6843 elapsed=115s eta=76s
  [kd_t1only_fair] [epoch 82/100] batch 210/300 (70%) loss=4466.0842 elapsed=134s eta=57s
  [kd_t1only_fair] [epoch 82/100] batch 240/300 (80%) loss=4437.2503 elapsed=153s eta=38s
  [kd_t1only_fair] [epoch 82/100] batch 270/300 (90%) loss=4473.6325 elapsed=172s eta=19s
  [kd_t1only_fair] [epoch 82/100] batch 300/300 (100%) loss=4466.3030 elapsed=190s eta=0s
[kd_t1only_fair] [sampler] sampled: {0: 400, 1: 400, 2: 400} total=1200 spalling_ratio=24.33%
[kd_t1only_fair] [sampler] unique: {0: 400, 1: 400, 2: 400} unique_total=1200 dup_ratio=1.00x
[kd_t1only_fair] [epoch 082/100] remain=18 epochs ep_eta=57.7min (avg 192s/ep)
[kd_t1only_fair] [epoch 082/100] lr=0.000005  dt=190.6s
  train loss=4466.3030  ce=0.0775 dice=0.1659  tversky=0.0000 bd=0.0000  cldice=0.0000 snake=0.0000
  val   skipped (next val at epoch 85)
[kd_t1only_fair] [curriculum] epoch 83: stage=2 tiers=[0, 1, 2] pool={0: 400, 1: 400, 2: 400}
  [kd_t1only_fair] [epoch 83/100] batch 30/300 (10%) loss=4460.6475 elapsed=20s eta=176s
  [kd_t1only_fair] [epoch 83/100] batch 60/300 (20%) loss=4402.1739 elapsed=38s eta=154s
  [kd_t1only_fair] [epoch 83/100] batch 90/300 (30%) loss=4348.6057 elapsed=58s eta=134s
  [kd_t1only_fair] [epoch 83/100] batch 120/300 (40%) loss=4329.6771 elapsed=77s eta=115s
  [kd_t1only_fair] [epoch 83/100] batch 150/300 (50%) loss=4342.4759 elapsed=95s eta=95s
  [kd_t1only_fair] [epoch 83/100] batch 180/300 (60%) loss=4442.1149 elapsed=114s eta=76s
  [kd_t1only_fair] [epoch 83/100] batch 210/300 (70%) loss=4480.9715 elapsed=133s eta=57s
  [kd_t1only_fair] [epoch 83/100] batch 240/300 (80%) loss=4446.0940 elapsed=152s eta=38s
  [kd_t1only_fair] [epoch 83/100] batch 270/300 (90%) loss=4386.9796 elapsed=171s eta=19s
  [kd_t1only_fair] [epoch 83/100] batch 300/300 (100%) loss=4369.4758 elapsed=190s eta=0s
[kd_t1only_fair] [sampler] sampled: {0: 400, 1: 400, 2: 400} total=1200 spalling_ratio=24.33%
[kd_t1only_fair] [sampler] unique: {0: 400, 1: 400, 2: 400} unique_total=1200 dup_ratio=1.00x
[kd_t1only_fair] [epoch 083/100] remain=17 epochs ep_eta=54.5min (avg 192s/ep)
[kd_t1only_fair] [epoch 083/100] lr=0.000005  dt=189.8s
  train loss=4369.4758  ce=0.0768 dice=0.1645  tversky=0.0000 bd=0.0000  cldice=0.0000 snake=0.0000
  val   skipped (next val at epoch 85)
[kd_t1only_fair] [curriculum] epoch 84: stage=2 tiers=[0, 1, 2] pool={0: 400, 1: 400, 2: 400}
  [kd_t1only_fair] [epoch 84/100] batch 30/300 (10%) loss=4277.6862 elapsed=20s eta=176s
  [kd_t1only_fair] [epoch 84/100] batch 60/300 (20%) loss=4209.6635 elapsed=38s eta=154s
  [kd_t1only_fair] [epoch 84/100] batch 90/300 (30%) loss=4168.8978 elapsed=57s eta=133s
  [kd_t1only_fair] [epoch 84/100] batch 120/300 (40%) loss=4253.0254 elapsed=76s eta=114s
  [kd_t1only_fair] [epoch 84/100] batch 150/300 (50%) loss=4431.7199 elapsed=95s eta=95s
  [kd_t1only_fair] [epoch 84/100] batch 180/300 (60%) loss=4458.8055 elapsed=114s eta=76s
  [kd_t1only_fair] [epoch 84/100] batch 210/300 (70%) loss=4398.8753 elapsed=133s eta=57s
  [kd_t1only_fair] [epoch 84/100] batch 240/300 (80%) loss=4435.3630 elapsed=152s eta=38s
  [kd_t1only_fair] [epoch 84/100] batch 270/300 (90%) loss=4467.4195 elapsed=171s eta=19s
  [kd_t1only_fair] [epoch 84/100] batch 300/300 (100%) loss=4425.9932 elapsed=190s eta=0s
[kd_t1only_fair] [sampler] sampled: {0: 400, 1: 400, 2: 400} total=1200 spalling_ratio=24.33%
[kd_t1only_fair] [sampler] unique: {0: 400, 1: 400, 2: 400} unique_total=1200 dup_ratio=1.00x
[kd_t1only_fair] [epoch 084/100] remain=16 epochs ep_eta=51.3min (avg 192s/ep)
[kd_t1only_fair] [epoch 084/100] lr=0.000004  dt=189.9s
  train loss=4425.9932  ce=0.0773 dice=0.1643  tversky=0.0000 bd=0.0000  cldice=0.0000 snake=0.0000
  val   skipped (next val at epoch 85)
[kd_t1only_fair] [curriculum] epoch 85: stage=2 tiers=[0, 1, 2] pool={0: 400, 1: 400, 2: 400}
  [kd_t1only_fair] [epoch 85/100] batch 30/300 (10%) loss=4393.6575 elapsed=20s eta=177s
  [kd_t1only_fair] [epoch 85/100] batch 60/300 (20%) loss=4321.8176 elapsed=39s eta=154s
  [kd_t1only_fair] [epoch 85/100] batch 90/300 (30%) loss=4209.5789 elapsed=57s eta=134s
  [kd_t1only_fair] [epoch 85/100] batch 120/300 (40%) loss=4284.3625 elapsed=76s eta=114s
  [kd_t1only_fair] [epoch 85/100] batch 150/300 (50%) loss=4386.4793 elapsed=95s eta=95s
  [kd_t1only_fair] [epoch 85/100] batch 180/300 (60%) loss=4414.1391 elapsed=114s eta=76s
  [kd_t1only_fair] [epoch 85/100] batch 210/300 (70%) loss=4440.9922 elapsed=133s eta=57s
  [kd_t1only_fair] [epoch 85/100] batch 240/300 (80%) loss=4398.7883 elapsed=152s eta=38s
  [kd_t1only_fair] [epoch 85/100] batch 270/300 (90%) loss=4341.0198 elapsed=171s eta=19s
  [kd_t1only_fair] [epoch 85/100] batch 300/300 (100%) loss=4323.6538 elapsed=190s eta=0s
[kd_t1only_fair] [sampler] sampled: {0: 400, 1: 400, 2: 400} total=1200 spalling_ratio=24.33%
[kd_t1only_fair] [sampler] unique: {0: 400, 1: 400, 2: 400} unique_total=1200 dup_ratio=1.00x
[kd_t1only_fair] [epoch 085/100] remain=15 epochs ep_eta=48.1min (avg 192s/ep)
[kd_t1only_fair] [epoch 085/100] lr=0.000004  dt=199.4s
  train loss=4323.6538  ce=0.0766 dice=0.1620  tversky=0.0000 bd=0.0000  cldice=0.0000 snake=0.0000
  val   loss=0.2654
  IoU   bg=0.9769  crack=0.5772  spalling=0.7928  | mIoU_fg=0.6850  pix_acc=0.9774
  Dice  bg=0.9883  crack=0.7319  spalling=0.8844
  BF1   crack=0.7563  spalling=0.6562  | BF1_fg_mean=0.7062
[kd_t1only_fair] [curriculum] epoch 86: stage=2 tiers=[0, 1, 2] pool={0: 400, 1: 400, 2: 400}
  [kd_t1only_fair] [epoch 86/100] batch 30/300 (10%) loss=3923.0545 elapsed=19s eta=174s
  [kd_t1only_fair] [epoch 86/100] batch 60/300 (20%) loss=4025.0870 elapsed=38s eta=153s
  [kd_t1only_fair] [epoch 86/100] batch 90/300 (30%) loss=4001.3580 elapsed=57s eta=133s
  [kd_t1only_fair] [epoch 86/100] batch 120/300 (40%) loss=4179.0828 elapsed=76s eta=114s
  [kd_t1only_fair] [epoch 86/100] batch 150/300 (50%) loss=4120.1662 elapsed=95s eta=95s
  [kd_t1only_fair] [epoch 86/100] batch 180/300 (60%) loss=4122.5843 elapsed=114s eta=76s
  [kd_t1only_fair] [epoch 86/100] batch 210/300 (70%) loss=4333.5086 elapsed=133s eta=57s
  [kd_t1only_fair] [epoch 86/100] batch 240/300 (80%) loss=4309.2162 elapsed=151s eta=38s
  [kd_t1only_fair] [epoch 86/100] batch 270/300 (90%) loss=4272.1187 elapsed=170s eta=19s
  [kd_t1only_fair] [epoch 86/100] batch 300/300 (100%) loss=4329.9278 elapsed=189s eta=0s
[kd_t1only_fair] [sampler] sampled: {0: 400, 1: 400, 2: 400} total=1200 spalling_ratio=24.33%
[kd_t1only_fair] [sampler] unique: {0: 400, 1: 400, 2: 400} unique_total=1200 dup_ratio=1.00x
[kd_t1only_fair] [epoch 086/100] remain=14 epochs ep_eta=44.9min (avg 192s/ep)
[kd_t1only_fair] [epoch 086/100] lr=0.000003  dt=189.5s
  train loss=4329.9278  ce=0.0769 dice=0.1620  tversky=0.0000 bd=0.0000  cldice=0.0000 snake=0.0000
  val   skipped (next val at epoch 90)
[kd_t1only_fair] [curriculum] epoch 87: stage=2 tiers=[0, 1, 2] pool={0: 400, 1: 400, 2: 400}
  [kd_t1only_fair] [epoch 87/100] batch 30/300 (10%) loss=4427.8406 elapsed=20s eta=176s
  [kd_t1only_fair] [epoch 87/100] batch 60/300 (20%) loss=4443.7400 elapsed=38s eta=154s
  [kd_t1only_fair] [epoch 87/100] batch 90/300 (30%) loss=4386.1235 elapsed=57s eta=134s
  [kd_t1only_fair] [epoch 87/100] batch 120/300 (40%) loss=4304.3430 elapsed=76s eta=114s
  [kd_t1only_fair] [epoch 87/100] batch 150/300 (50%) loss=4226.8791 elapsed=95s eta=95s
  [kd_t1only_fair] [epoch 87/100] batch 180/300 (60%) loss=4250.0137 elapsed=114s eta=76s
  [kd_t1only_fair] [epoch 87/100] batch 210/300 (70%) loss=4278.1066 elapsed=133s eta=57s
  [kd_t1only_fair] [epoch 87/100] batch 240/300 (80%) loss=4295.5761 elapsed=152s eta=38s
  [kd_t1only_fair] [epoch 87/100] batch 270/300 (90%) loss=4257.8744 elapsed=171s eta=19s
  [kd_t1only_fair] [epoch 87/100] batch 300/300 (100%) loss=4266.0049 elapsed=189s eta=0s
[kd_t1only_fair] [sampler] sampled: {0: 400, 1: 400, 2: 400} total=1200 spalling_ratio=24.33%
[kd_t1only_fair] [sampler] unique: {0: 400, 1: 400, 2: 400} unique_total=1200 dup_ratio=1.00x
[kd_t1only_fair] [epoch 087/100] remain=13 epochs ep_eta=41.7min (avg 192s/ep)
[kd_t1only_fair] [epoch 087/100] lr=0.000003  dt=189.7s
  train loss=4266.0049  ce=0.0763 dice=0.1580  tversky=0.0000 bd=0.0000  cldice=0.0000 snake=0.0000
  val   skipped (next val at epoch 90)
[kd_t1only_fair] [curriculum] epoch 88: stage=2 tiers=[0, 1, 2] pool={0: 400, 1: 400, 2: 400}
  [kd_t1only_fair] [epoch 88/100] batch 30/300 (10%) loss=4428.0451 elapsed=20s eta=176s
  [kd_t1only_fair] [epoch 88/100] batch 60/300 (20%) loss=4302.8421 elapsed=39s eta=154s
  [kd_t1only_fair] [epoch 88/100] batch 90/300 (30%) loss=4250.3573 elapsed=57s eta=134s
  [kd_t1only_fair] [epoch 88/100] batch 120/300 (40%) loss=4239.7629 elapsed=76s eta=114s
  [kd_t1only_fair] [epoch 88/100] batch 150/300 (50%) loss=4315.4169 elapsed=95s eta=95s
  [kd_t1only_fair] [epoch 88/100] batch 180/300 (60%) loss=4360.2106 elapsed=114s eta=76s
  [kd_t1only_fair] [epoch 88/100] batch 210/300 (70%) loss=4405.4069 elapsed=133s eta=57s
  [kd_t1only_fair] [epoch 88/100] batch 240/300 (80%) loss=4423.4991 elapsed=152s eta=38s
  [kd_t1only_fair] [epoch 88/100] batch 270/300 (90%) loss=4374.2440 elapsed=171s eta=19s
  [kd_t1only_fair] [epoch 88/100] batch 300/300 (100%) loss=4343.4038 elapsed=190s eta=0s
[kd_t1only_fair] [sampler] sampled: {0: 400, 1: 400, 2: 400} total=1200 spalling_ratio=24.33%
[kd_t1only_fair] [sampler] unique: {0: 400, 1: 400, 2: 400} unique_total=1200 dup_ratio=1.00x
[kd_t1only_fair] [epoch 088/100] remain=12 epochs ep_eta=38.5min (avg 192s/ep)
[kd_t1only_fair] [epoch 088/100] lr=0.000002  dt=190.3s
  train loss=4343.4038  ce=0.0771 dice=0.1624  tversky=0.0000 bd=0.0000  cldice=0.0000 snake=0.0000
  val   skipped (next val at epoch 90)
[kd_t1only_fair] [curriculum] epoch 89: stage=2 tiers=[0, 1, 2] pool={0: 400, 1: 400, 2: 400}
  [kd_t1only_fair] [epoch 89/100] batch 30/300 (10%) loss=4444.3923 elapsed=20s eta=178s
  [kd_t1only_fair] [epoch 89/100] batch 60/300 (20%) loss=4446.6263 elapsed=39s eta=155s
  [kd_t1only_fair] [epoch 89/100] batch 90/300 (30%) loss=4318.9656 elapsed=57s eta=134s
  [kd_t1only_fair] [epoch 89/100] batch 120/300 (40%) loss=4297.6003 elapsed=76s eta=115s
  [kd_t1only_fair] [epoch 89/100] batch 150/300 (50%) loss=4251.1589 elapsed=95s eta=95s
  [kd_t1only_fair] [epoch 89/100] batch 180/300 (60%) loss=4275.0538 elapsed=114s eta=76s
  [kd_t1only_fair] [epoch 89/100] batch 210/300 (70%) loss=4316.1969 elapsed=133s eta=57s
  [kd_t1only_fair] [epoch 89/100] batch 240/300 (80%) loss=4339.4365 elapsed=153s eta=38s
  [kd_t1only_fair] [epoch 89/100] batch 270/300 (90%) loss=4335.3045 elapsed=171s eta=19s
  [kd_t1only_fair] [epoch 89/100] batch 300/300 (100%) loss=4310.8470 elapsed=190s eta=0s
[kd_t1only_fair] [sampler] sampled: {0: 400, 1: 400, 2: 400} total=1200 spalling_ratio=24.33%
[kd_t1only_fair] [sampler] unique: {0: 400, 1: 400, 2: 400} unique_total=1200 dup_ratio=1.00x
[kd_t1only_fair] [epoch 089/100] remain=11 epochs ep_eta=35.3min (avg 192s/ep)
[kd_t1only_fair] [epoch 089/100] lr=0.000002  dt=190.1s
  train loss=4310.8470  ce=0.0765 dice=0.1616  tversky=0.0000 bd=0.0000  cldice=0.0000 snake=0.0000
  val   skipped (next val at epoch 90)
[kd_t1only_fair] [curriculum] epoch 90: stage=2 tiers=[0, 1, 2] pool={0: 400, 1: 400, 2: 400}
  [kd_t1only_fair] [epoch 90/100] batch 30/300 (10%) loss=4410.9118 elapsed=19s eta=175s
  [kd_t1only_fair] [epoch 90/100] batch 60/300 (20%) loss=4243.5779 elapsed=38s eta=153s
  [kd_t1only_fair] [epoch 90/100] batch 90/300 (30%) loss=4156.4147 elapsed=57s eta=134s
  [kd_t1only_fair] [epoch 90/100] batch 120/300 (40%) loss=4150.2876 elapsed=76s eta=114s
  [kd_t1only_fair] [epoch 90/100] batch 150/300 (50%) loss=4092.3880 elapsed=95s eta=95s
  [kd_t1only_fair] [epoch 90/100] batch 180/300 (60%) loss=4184.4300 elapsed=114s eta=76s
  [kd_t1only_fair] [epoch 90/100] batch 210/300 (70%) loss=4165.8765 elapsed=133s eta=57s
  [kd_t1only_fair] [epoch 90/100] batch 240/300 (80%) loss=4206.1314 elapsed=152s eta=38s
  [kd_t1only_fair] [epoch 90/100] batch 270/300 (90%) loss=4200.2798 elapsed=171s eta=19s
  [kd_t1only_fair] [epoch 90/100] batch 300/300 (100%) loss=4206.5522 elapsed=190s eta=0s
[kd_t1only_fair] [sampler] sampled: {0: 400, 1: 400, 2: 400} total=1200 spalling_ratio=24.33%
[kd_t1only_fair] [sampler] unique: {0: 400, 1: 400, 2: 400} unique_total=1200 dup_ratio=1.00x
[kd_t1only_fair] [epoch 090/100] remain=10 epochs ep_eta=32.1min (avg 192s/ep)
[kd_t1only_fair] [epoch 090/100] lr=0.000002  dt=199.7s
  train loss=4206.5522  ce=0.0766 dice=0.1630  tversky=0.0000 bd=0.0000  cldice=0.0000 snake=0.0000
  val   loss=0.2675
  IoU   bg=0.9769  crack=0.5784  spalling=0.7937  | mIoU_fg=0.6861  pix_acc=0.9774
  Dice  bg=0.9883  crack=0.7329  spalling=0.8850
  BF1   crack=0.7569  spalling=0.6589  | BF1_fg_mean=0.7079
[kd_t1only_fair] [curriculum] epoch 91: stage=2 tiers=[0, 1, 2] pool={0: 400, 1: 400, 2: 400}
  [kd_t1only_fair] [epoch 91/100] batch 30/300 (10%) loss=4346.1148 elapsed=19s eta=174s
  [kd_t1only_fair] [epoch 91/100] batch 60/300 (20%) loss=4017.2072 elapsed=38s eta=154s
  [kd_t1only_fair] [epoch 91/100] batch 90/300 (30%) loss=3970.3837 elapsed=57s eta=134s
  [kd_t1only_fair] [epoch 91/100] batch 120/300 (40%) loss=4118.2534 elapsed=76s eta=115s
  [kd_t1only_fair] [epoch 91/100] batch 150/300 (50%) loss=4122.1316 elapsed=95s eta=95s
  [kd_t1only_fair] [epoch 91/100] batch 180/300 (60%) loss=4194.5406 elapsed=114s eta=76s
  [kd_t1only_fair] [epoch 91/100] batch 210/300 (70%) loss=4193.5349 elapsed=133s eta=57s
  [kd_t1only_fair] [epoch 91/100] batch 240/300 (80%) loss=4211.8594 elapsed=152s eta=38s
  [kd_t1only_fair] [epoch 91/100] batch 270/300 (90%) loss=4239.0587 elapsed=171s eta=19s
  [kd_t1only_fair] [epoch 91/100] batch 300/300 (100%) loss=4212.8054 elapsed=190s eta=0s
[kd_t1only_fair] [sampler] sampled: {0: 400, 1: 400, 2: 400} total=1200 spalling_ratio=24.33%
[kd_t1only_fair] [sampler] unique: {0: 400, 1: 400, 2: 400} unique_total=1200 dup_ratio=1.00x
[kd_t1only_fair] [epoch 091/100] remain=9 epochs ep_eta=28.9min (avg 193s/ep)
[kd_t1only_fair] [epoch 091/100] lr=0.000001  dt=199.9s
  train loss=4212.8054  ce=0.0766 dice=0.1641  tversky=0.0000 bd=0.0000  cldice=0.0000 snake=0.0000
  val   loss=0.2650
  IoU   bg=0.9767  crack=0.5778  spalling=0.7940  | mIoU_fg=0.6859  pix_acc=0.9773
  Dice  bg=0.9882  crack=0.7324  spalling=0.8852
  BF1   crack=0.7566  spalling=0.6550  | BF1_fg_mean=0.7058
[kd_t1only_fair] [curriculum] epoch 92: stage=2 tiers=[0, 1, 2] pool={0: 400, 1: 400, 2: 400}
  [kd_t1only_fair] [epoch 92/100] batch 30/300 (10%) loss=4031.8396 elapsed=20s eta=177s
  [kd_t1only_fair] [epoch 92/100] batch 60/300 (20%) loss=3970.4449 elapsed=39s eta=154s
  [kd_t1only_fair] [epoch 92/100] batch 90/300 (30%) loss=4035.3654 elapsed=57s eta=134s
  [kd_t1only_fair] [epoch 92/100] batch 120/300 (40%) loss=4394.8297 elapsed=76s eta=114s
  [kd_t1only_fair] [epoch 92/100] batch 150/300 (50%) loss=4295.4877 elapsed=95s eta=95s
  [kd_t1only_fair] [epoch 92/100] batch 180/300 (60%) loss=4278.7276 elapsed=115s eta=76s
  [kd_t1only_fair] [epoch 92/100] batch 210/300 (70%) loss=4233.2046 elapsed=133s eta=57s
  [kd_t1only_fair] [epoch 92/100] batch 240/300 (80%) loss=4241.3088 elapsed=152s eta=38s
  [kd_t1only_fair] [epoch 92/100] batch 270/300 (90%) loss=4217.1637 elapsed=171s eta=19s
  [kd_t1only_fair] [epoch 92/100] batch 300/300 (100%) loss=4206.7679 elapsed=190s eta=0s
[kd_t1only_fair] [sampler] sampled: {0: 400, 1: 400, 2: 400} total=1200 spalling_ratio=24.33%
[kd_t1only_fair] [sampler] unique: {0: 400, 1: 400, 2: 400} unique_total=1200 dup_ratio=1.00x
[kd_t1only_fair] [epoch 092/100] remain=8 epochs ep_eta=25.7min (avg 193s/ep)
[kd_t1only_fair] [epoch 092/100] lr=0.000001  dt=199.7s
  train loss=4206.7679  ce=0.0762 dice=0.1591  tversky=0.0000 bd=0.0000  cldice=0.0000 snake=0.0000
  val   loss=0.2681
  IoU   bg=0.9767  crack=0.5784  spalling=0.7923  | mIoU_fg=0.6853  pix_acc=0.9772
  Dice  bg=0.9882  crack=0.7329  spalling=0.8841
  BF1   crack=0.7564  spalling=0.6544  | BF1_fg_mean=0.7054
[kd_t1only_fair] [curriculum] epoch 93: stage=2 tiers=[0, 1, 2] pool={0: 400, 1: 400, 2: 400}
  [kd_t1only_fair] [epoch 93/100] batch 30/300 (10%) loss=4284.1219 elapsed=20s eta=177s
  [kd_t1only_fair] [epoch 93/100] batch 60/300 (20%) loss=4331.7782 elapsed=39s eta=155s
  [kd_t1only_fair] [epoch 93/100] batch 90/300 (30%) loss=4285.4990 elapsed=58s eta=134s
  [kd_t1only_fair] [epoch 93/100] batch 120/300 (40%) loss=4312.1581 elapsed=77s eta=115s
  [kd_t1only_fair] [epoch 93/100] batch 150/300 (50%) loss=4272.2793 elapsed=96s eta=96s
  [kd_t1only_fair] [epoch 93/100] batch 180/300 (60%) loss=4206.1316 elapsed=114s eta=76s
  [kd_t1only_fair] [epoch 93/100] batch 210/300 (70%) loss=4224.4195 elapsed=133s eta=57s
  [kd_t1only_fair] [epoch 93/100] batch 240/300 (80%) loss=4213.3054 elapsed=152s eta=38s
  [kd_t1only_fair] [epoch 93/100] batch 270/300 (90%) loss=4171.0757 elapsed=171s eta=19s
  [kd_t1only_fair] [epoch 93/100] batch 300/300 (100%) loss=4188.8750 elapsed=190s eta=0s
[kd_t1only_fair] [sampler] sampled: {0: 400, 1: 400, 2: 400} total=1200 spalling_ratio=24.33%
[kd_t1only_fair] [sampler] unique: {0: 400, 1: 400, 2: 400} unique_total=1200 dup_ratio=1.00x
[kd_t1only_fair] [epoch 093/100] remain=7 epochs ep_eta=22.5min (avg 193s/ep)
[kd_t1only_fair] [epoch 093/100] lr=0.000001  dt=199.9s
  train loss=4188.8750  ce=0.0768 dice=0.1608  tversky=0.0000 bd=0.0000  cldice=0.0000 snake=0.0000
  val   loss=0.2652
  IoU   bg=0.9767  crack=0.5778  spalling=0.7942  | mIoU_fg=0.6860  pix_acc=0.9772
  Dice  bg=0.9882  crack=0.7324  spalling=0.8853
  BF1   crack=0.7558  spalling=0.6614  | BF1_fg_mean=0.7086
[kd_t1only_fair] [curriculum] epoch 94: stage=2 tiers=[0, 1, 2] pool={0: 400, 1: 400, 2: 400}
  [kd_t1only_fair] [epoch 94/100] batch 30/300 (10%) loss=3939.4586 elapsed=20s eta=176s
  [kd_t1only_fair] [epoch 94/100] batch 60/300 (20%) loss=4241.6212 elapsed=38s eta=153s
  [kd_t1only_fair] [epoch 94/100] batch 90/300 (30%) loss=4217.0925 elapsed=57s eta=133s
  [kd_t1only_fair] [epoch 94/100] batch 120/300 (40%) loss=4370.4656 elapsed=76s eta=115s
  [kd_t1only_fair] [epoch 94/100] batch 150/300 (50%) loss=4296.7004 elapsed=95s eta=95s
  [kd_t1only_fair] [epoch 94/100] batch 180/300 (60%) loss=4266.8606 elapsed=114s eta=76s
  [kd_t1only_fair] [epoch 94/100] batch 210/300 (70%) loss=4562.2305 elapsed=133s eta=57s
  [kd_t1only_fair] [epoch 94/100] batch 240/300 (80%) loss=4553.8596 elapsed=152s eta=38s
  [kd_t1only_fair] [epoch 94/100] batch 270/300 (90%) loss=4508.1241 elapsed=171s eta=19s
  [kd_t1only_fair] [epoch 94/100] batch 300/300 (100%) loss=4525.8894 elapsed=190s eta=0s
[kd_t1only_fair] [sampler] sampled: {0: 400, 1: 400, 2: 400} total=1200 spalling_ratio=24.33%
[kd_t1only_fair] [sampler] unique: {0: 400, 1: 400, 2: 400} unique_total=1200 dup_ratio=1.00x
[kd_t1only_fair] [epoch 094/100] remain=6 epochs ep_eta=19.3min (avg 193s/ep)
[kd_t1only_fair] [epoch 094/100] lr=0.000001  dt=199.3s
  train loss=4525.8894  ce=0.0790 dice=0.1643  tversky=0.0000 bd=0.0000  cldice=0.0000 snake=0.0000
  val   loss=0.2652
  IoU   bg=0.9769  crack=0.5792  spalling=0.7946  | mIoU_fg=0.6869  pix_acc=0.9774
  Dice  bg=0.9883  crack=0.7335  spalling=0.8855
  BF1   crack=0.7571  spalling=0.6709  | BF1_fg_mean=0.7140
[kd_t1only_fair] [curriculum] epoch 95: stage=2 tiers=[0, 1, 2] pool={0: 400, 1: 400, 2: 400}
  [kd_t1only_fair] [epoch 95/100] batch 30/300 (10%) loss=4036.6301 elapsed=20s eta=177s
  [kd_t1only_fair] [epoch 95/100] batch 60/300 (20%) loss=4302.4871 elapsed=39s eta=155s
  [kd_t1only_fair] [epoch 95/100] batch 90/300 (30%) loss=4316.7676 elapsed=58s eta=135s
  [kd_t1only_fair] [epoch 95/100] batch 120/300 (40%) loss=4236.3894 elapsed=77s eta=115s
  [kd_t1only_fair] [epoch 95/100] batch 150/300 (50%) loss=4218.6038 elapsed=96s eta=96s
  [kd_t1only_fair] [epoch 95/100] batch 180/300 (60%) loss=4243.6549 elapsed=115s eta=76s
  [kd_t1only_fair] [epoch 95/100] batch 210/300 (70%) loss=4249.0007 elapsed=134s eta=57s
  [kd_t1only_fair] [epoch 95/100] batch 240/300 (80%) loss=4261.0193 elapsed=153s eta=38s
  [kd_t1only_fair] [epoch 95/100] batch 270/300 (90%) loss=4296.6414 elapsed=172s eta=19s
  [kd_t1only_fair] [epoch 95/100] batch 300/300 (100%) loss=4325.5270 elapsed=191s eta=0s
[kd_t1only_fair] [sampler] sampled: {0: 400, 1: 400, 2: 400} total=1200 spalling_ratio=24.33%
[kd_t1only_fair] [sampler] unique: {0: 400, 1: 400, 2: 400} unique_total=1200 dup_ratio=1.00x
[kd_t1only_fair] [epoch 095/100] remain=5 epochs ep_eta=16.1min (avg 193s/ep)
[kd_t1only_fair] [epoch 095/100] lr=0.000000  dt=200.4s
  train loss=4325.5270  ce=0.0770 dice=0.1625  tversky=0.0000 bd=0.0000  cldice=0.0000 snake=0.0000
  val   loss=0.2641
  IoU   bg=0.9767  crack=0.5781  spalling=0.7946  | mIoU_fg=0.6864  pix_acc=0.9773
  Dice  bg=0.9882  crack=0.7327  spalling=0.8856
  BF1   crack=0.7569  spalling=0.6738  | BF1_fg_mean=0.7154
[kd_t1only_fair] [curriculum] epoch 96: stage=2 tiers=[0, 1, 2] pool={0: 400, 1: 400, 2: 400}
  [kd_t1only_fair] [epoch 96/100] batch 30/300 (10%) loss=4142.5200 elapsed=19s eta=174s
  [kd_t1only_fair] [epoch 96/100] batch 60/300 (20%) loss=3984.9037 elapsed=38s eta=153s
  [kd_t1only_fair] [epoch 96/100] batch 90/300 (30%) loss=4045.2458 elapsed=57s eta=133s
  [kd_t1only_fair] [epoch 96/100] batch 120/300 (40%) loss=4093.4307 elapsed=76s eta=114s
  [kd_t1only_fair] [epoch 96/100] batch 150/300 (50%) loss=4030.4037 elapsed=95s eta=95s
  [kd_t1only_fair] [epoch 96/100] batch 180/300 (60%) loss=4106.5276 elapsed=114s eta=76s
  [kd_t1only_fair] [epoch 96/100] batch 210/300 (70%) loss=4099.7560 elapsed=132s eta=57s
  [kd_t1only_fair] [epoch 96/100] batch 240/300 (80%) loss=4132.7272 elapsed=151s eta=38s
  [kd_t1only_fair] [epoch 96/100] batch 270/300 (90%) loss=4109.8130 elapsed=170s eta=19s
  [kd_t1only_fair] [epoch 96/100] batch 300/300 (100%) loss=4159.5278 elapsed=189s eta=0s
[kd_t1only_fair] [sampler] sampled: {0: 400, 1: 400, 2: 400} total=1200 spalling_ratio=24.33%
[kd_t1only_fair] [sampler] unique: {0: 400, 1: 400, 2: 400} unique_total=1200 dup_ratio=1.00x
[kd_t1only_fair] [epoch 096/100] remain=4 epochs ep_eta=12.9min (avg 193s/ep)
[kd_t1only_fair] [epoch 096/100] lr=0.000000  dt=198.2s
  train loss=4159.5278  ce=0.0763 dice=0.1658  tversky=0.0000 bd=0.0000  cldice=0.0000 snake=0.0000
  val   loss=0.2646
  IoU   bg=0.9767  crack=0.5781  spalling=0.7943  | mIoU_fg=0.6862  pix_acc=0.9773
  Dice  bg=0.9882  crack=0.7327  spalling=0.8853
  BF1   crack=0.7565  spalling=0.6708  | BF1_fg_mean=0.7137
[kd_t1only_fair] [curriculum] epoch 97: stage=2 tiers=[0, 1, 2] pool={0: 400, 1: 400, 2: 400}
  [kd_t1only_fair] [epoch 97/100] batch 30/300 (10%) loss=4219.3491 elapsed=19s eta=175s
  [kd_t1only_fair] [epoch 97/100] batch 60/300 (20%) loss=4413.1738 elapsed=39s eta=154s
  [kd_t1only_fair] [epoch 97/100] batch 90/300 (30%) loss=4457.2334 elapsed=58s eta=134s
  [kd_t1only_fair] [epoch 97/100] batch 120/300 (40%) loss=4362.6366 elapsed=76s eta=115s
  [kd_t1only_fair] [epoch 97/100] batch 150/300 (50%) loss=4362.3151 elapsed=95s eta=95s
  [kd_t1only_fair] [epoch 97/100] batch 180/300 (60%) loss=4406.6378 elapsed=114s eta=76s
  [kd_t1only_fair] [epoch 97/100] batch 210/300 (70%) loss=4491.9189 elapsed=133s eta=57s
  [kd_t1only_fair] [epoch 97/100] batch 240/300 (80%) loss=4394.8298 elapsed=152s eta=38s
  [kd_t1only_fair] [epoch 97/100] batch 270/300 (90%) loss=4352.1205 elapsed=171s eta=19s
  [kd_t1only_fair] [epoch 97/100] batch 300/300 (100%) loss=4301.9965 elapsed=190s eta=0s
[kd_t1only_fair] [sampler] sampled: {0: 400, 1: 400, 2: 400} total=1200 spalling_ratio=24.33%
[kd_t1only_fair] [sampler] unique: {0: 400, 1: 400, 2: 400} unique_total=1200 dup_ratio=1.00x
[kd_t1only_fair] [epoch 097/100] remain=3 epochs ep_eta=9.7min (avg 193s/ep)
[kd_t1only_fair] [epoch 097/100] lr=0.000000  dt=199.2s
  train loss=4301.9965  ce=0.0768 dice=0.1636  tversky=0.0000 bd=0.0000  cldice=0.0000 snake=0.0000
  val   loss=0.2655
  IoU   bg=0.9769  crack=0.5788  spalling=0.7940  | mIoU_fg=0.6864  pix_acc=0.9774
  Dice  bg=0.9883  crack=0.7333  spalling=0.8852
  BF1   crack=0.7577  spalling=0.6715  | BF1_fg_mean=0.7146
[kd_t1only_fair] [curriculum] epoch 98: stage=2 tiers=[0, 1, 2] pool={0: 400, 1: 400, 2: 400}
  [kd_t1only_fair] [epoch 98/100] batch 30/300 (10%) loss=4702.1113 elapsed=20s eta=177s
  [kd_t1only_fair] [epoch 98/100] batch 60/300 (20%) loss=4290.6609 elapsed=39s eta=154s
  [kd_t1only_fair] [epoch 98/100] batch 90/300 (30%) loss=4110.0627 elapsed=57s eta=134s
  [kd_t1only_fair] [epoch 98/100] batch 120/300 (40%) loss=4070.8778 elapsed=76s eta=114s
  [kd_t1only_fair] [epoch 98/100] batch 150/300 (50%) loss=4077.9653 elapsed=95s eta=95s
  [kd_t1only_fair] [epoch 98/100] batch 180/300 (60%) loss=4014.1364 elapsed=114s eta=76s
  [kd_t1only_fair] [epoch 98/100] batch 210/300 (70%) loss=4061.2595 elapsed=133s eta=57s
  [kd_t1only_fair] [epoch 98/100] batch 240/300 (80%) loss=4071.7914 elapsed=152s eta=38s
  [kd_t1only_fair] [epoch 98/100] batch 270/300 (90%) loss=4049.7747 elapsed=170s eta=19s
  [kd_t1only_fair] [epoch 98/100] batch 300/300 (100%) loss=4025.5867 elapsed=189s eta=0s
[kd_t1only_fair] [sampler] sampled: {0: 400, 1: 400, 2: 400} total=1200 spalling_ratio=24.33%
[kd_t1only_fair] [sampler] unique: {0: 400, 1: 400, 2: 400} unique_total=1200 dup_ratio=1.00x
[kd_t1only_fair] [epoch 098/100] remain=2 epochs ep_eta=6.4min (avg 193s/ep)
[kd_t1only_fair] [epoch 098/100] lr=0.000000  dt=198.9s
  train loss=4025.5867  ce=0.0762 dice=0.1614  tversky=0.0000 bd=0.0000  cldice=0.0000 snake=0.0000
  val   loss=0.2658
  IoU   bg=0.9768  crack=0.5782  spalling=0.7942  | mIoU_fg=0.6862  pix_acc=0.9773
  Dice  bg=0.9882  crack=0.7327  spalling=0.8853
  BF1   crack=0.7567  spalling=0.6676  | BF1_fg_mean=0.7122
[kd_t1only_fair] [curriculum] epoch 99: stage=2 tiers=[0, 1, 2] pool={0: 400, 1: 400, 2: 400}
  [kd_t1only_fair] [epoch 99/100] batch 30/300 (10%) loss=4594.3290 elapsed=19s eta=175s
  [kd_t1only_fair] [epoch 99/100] batch 60/300 (20%) loss=4127.3290 elapsed=38s eta=153s
  [kd_t1only_fair] [epoch 99/100] batch 90/300 (30%) loss=4092.1301 elapsed=57s eta=134s
  [kd_t1only_fair] [epoch 99/100] batch 120/300 (40%) loss=4155.2089 elapsed=76s eta=114s
  [kd_t1only_fair] [epoch 99/100] batch 150/300 (50%) loss=4238.8931 elapsed=95s eta=95s
  [kd_t1only_fair] [epoch 99/100] batch 180/300 (60%) loss=4219.5886 elapsed=114s eta=76s
  [kd_t1only_fair] [epoch 99/100] batch 210/300 (70%) loss=4240.2908 elapsed=133s eta=57s
  [kd_t1only_fair] [epoch 99/100] batch 240/300 (80%) loss=4167.5361 elapsed=152s eta=38s
  [kd_t1only_fair] [epoch 99/100] batch 270/300 (90%) loss=4186.3188 elapsed=171s eta=19s
  [kd_t1only_fair] [epoch 99/100] batch 300/300 (100%) loss=4180.1621 elapsed=190s eta=0s
[kd_t1only_fair] [sampler] sampled: {0: 400, 1: 400, 2: 400} total=1200 spalling_ratio=24.33%
[kd_t1only_fair] [sampler] unique: {0: 400, 1: 400, 2: 400} unique_total=1200 dup_ratio=1.00x
[kd_t1only_fair] [epoch 099/100] remain=1 epochs ep_eta=3.2min (avg 193s/ep)
[kd_t1only_fair] [epoch 099/100] lr=0.000000  dt=199.3s
  train loss=4180.1621  ce=0.0765 dice=0.1641  tversky=0.0000 bd=0.0000  cldice=0.0000 snake=0.0000
  val   loss=0.2655
  IoU   bg=0.9768  crack=0.5783  spalling=0.7943  | mIoU_fg=0.6863  pix_acc=0.9773
  Dice  bg=0.9882  crack=0.7328  spalling=0.8854
  BF1   crack=0.7563  spalling=0.6679  | BF1_fg_mean=0.7121
[kd_t1only_fair] [curriculum] epoch 100: stage=2 tiers=[0, 1, 2] pool={0: 400, 1: 400, 2: 400}
  [kd_t1only_fair] [epoch 100/100] batch 30/300 (10%) loss=4414.8227 elapsed=20s eta=177s
  [kd_t1only_fair] [epoch 100/100] batch 60/300 (20%) loss=4130.1849 elapsed=38s eta=154s
  [kd_t1only_fair] [epoch 100/100] batch 90/300 (30%) loss=4134.3820 elapsed=57s eta=134s
  [kd_t1only_fair] [epoch 100/100] batch 120/300 (40%) loss=4118.5505 elapsed=76s eta=115s
  [kd_t1only_fair] [epoch 100/100] batch 150/300 (50%) loss=4202.7858 elapsed=95s eta=95s
  [kd_t1only_fair] [epoch 100/100] batch 180/300 (60%) loss=4201.3271 elapsed=114s eta=76s
  [kd_t1only_fair] [epoch 100/100] batch 210/300 (70%) loss=4149.6700 elapsed=133s eta=57s
  [kd_t1only_fair] [epoch 100/100] batch 240/300 (80%) loss=4224.9943 elapsed=152s eta=38s
  [kd_t1only_fair] [epoch 100/100] batch 270/300 (90%) loss=4195.4904 elapsed=171s eta=19s
  [kd_t1only_fair] [epoch 100/100] batch 300/300 (100%) loss=4183.7047 elapsed=190s eta=0s
[kd_t1only_fair] [sampler] sampled: {0: 400, 1: 400, 2: 400} total=1200 spalling_ratio=24.33%
[kd_t1only_fair] [sampler] unique: {0: 400, 1: 400, 2: 400} unique_total=1200 dup_ratio=1.00x
[kd_t1only_fair] [epoch 100/100] remain=0 epochs ep_eta=0.0min (avg 193s/ep)
[kd_t1only_fair] [epoch 100/100] lr=0.000000  dt=199.1s
  train loss=4183.7047  ce=0.0762 dice=0.1605  tversky=0.0000 bd=0.0000  cldice=0.0000 snake=0.0000
  val   loss=0.2653
  IoU   bg=0.9767  crack=0.5782  spalling=0.7946  | mIoU_fg=0.6864  pix_acc=0.9773
  Dice  bg=0.9882  crack=0.7327  spalling=0.8855
  BF1   crack=0.7564  spalling=0.6683  | BF1_fg_mean=0.7123

[train] final test eval using best checkpoint
IoU   bg=0.9753  crack=0.5645  spalling=0.8153  | mIoU_fg=0.6899  pix_acc=0.9759
Dice  bg=0.9875  crack=0.7216  spalling=0.8982
BF1   crack=0.7288  spalling=0.6385  | BF1_fg_mean=0.6837
clDice crack=0.8180
[train] wrote /workspace/dam-segmentation-baselines/full_method/runs/kd_t1only_fair/test_report.txt
[train] wrote /workspace/dam-segmentation-baselines/full_method/runs/kd_t1only_fair/curves.png
